record_id,company_name,address,city,state,postal_code,phone,email,website
A00000,Northstar Logistics Group,100 Main Street,New York,New York,10001,+1-200-000-0000,contact@northstarlogisticsgroup.com,https://www.northstarlogisticsgroup.com
A00001,Blue Horizon Logistics Group,137 Market Street,Los Angeles,California,90018,+1-200-000-7919,contact@bluehorizonlogisticsgroup.com,https://www.bluehorizonlogisticsgroup.com
A00002,Evergreen Logistics Group,174 Oak Avenue,Chicago,Illinois,60635,+1-200-001-5838,contact@evergreenlogisticsgroup.com,https://www.evergreenlogisticsgroup.com
A00003,Summit Logistics Group,211 Maple Road,Houston,Texas,77052,+1-200-002-3757,contact@summitlogisticsgroup.com,https://www.summitlogisticsgroup.com
A00004,Pioneer Logistics Group,248 Washington Street,Phoenix,Arizona,85069,+1-200-003-1676,contact@pioneerlogisticsgroup.com,https://www.pioneerlogisticsgroup.com
A00005,Crestview Logistics Group,285 Lake Avenue,Philadelphia,Pennsylvania,19104,+1-200-003-9595,contact@crestviewlogisticsgroup.com,https://www.crestviewlogisticsgroup.com
A00006,Silverline Logistics Group,322 Industrial Boulevard,San Antonio,Texas,78303,+1-200-004-7514,contact@silverlinelogisticsgroup.com,https://www.silverlinelogisticsgroup.com
A00007,Clearwater Logistics Group,359 Park Road,San Diego,California,92220,+1-200-005-5433,contact@clearwaterlogisticsgroup.com,https://www.clearwaterlogisticsgroup.com
A00008,Redwood Logistics Group,396 Center Street,Dallas,Texas,75337,+1-200-006-3352,contact@redwoodlogisticsgroup.com,https://www.redwoodlogisticsgroup.com
A00009,Brightway Logistics Group,433 Commerce Drive,San Jose,California,95254,+1-200-007-1271,contact@brightwaylogisticsgroup.com,https://www.brightwaylogisticsgroup.com
A00010,Oakridge Logistics Group,470 Main Street,Austin,Texas,73471,+1-200-007-9190,contact@oakridgelogisticsgroup.com,https://www.oakridgelogisticsgroup.com
A00011,Westfield Logistics Group,507 Market Street,Jacksonville,Florida,32286,+1-200-008-7109,contact@westfieldlogisticsgroup.com,https://www.westfieldlogisticsgroup.com
A00012,Lakeside Logistics Group,544 Oak Avenue,Seattle,Washington,98305,+1-200-009-5028,contact@lakesidelogisticsgroup.com,https://www.lakesidelogisticsgroup.com
A00013,Grandview Logistics Group,581 Maple Road,Denver,Colorado,80422,+1-200-010-2947,contact@grandviewlogisticsgroup.com,https://www.grandviewlogisticsgroup.com
A00014,Riverside Logistics Group,618 Washington Street,Boston,Massachusetts,02346,+1-200-011-0866,contact@riversidelogisticsgroup.com,https://www.riversidelogisticsgroup.com
A00015,Stonebridge Logistics Group,655 Lake Avenue,Atlanta,Georgia,30556,+1-200-011-8785,contact@stonebridgelogisticsgroup.com,https://www.stonebridgelogisticsgroup.com
A00016,Highland Logistics Group,692 Industrial Boulevard,Miami,Florida,33373,+1-200-012-6704,contact@highlandlogisticsgroup.com,https://www.highlandlogisticsgroup.com
A00017,Golden Logistics Group,729 Park Road,Portland,Oregon,97490,+1-200-013-4623,contact@goldenlogisticsgroup.com,https://www.goldenlogisticsgroup.com
A00018,Maple Logistics Group,766 Center Street,Detroit,Michigan,48507,+1-200-014-2542,contact@maplelogisticsgroup.com,https://www.maplelogisticsgroup.com
A00019,Cedar Logistics Group,803 Commerce Drive,Minneapolis,Minnesota,55724,+1-200-015-0461,contact@cedarlogisticsgroup.com,https://www.cedarlogisticsgroup.com
A00020,Ironwood Logistics Group,840 Main Street,New York,New York,10341,+1-200-015-8380,contact@ironwoodlogisticsgroup.com,https://www.ironwoodlogisticsgroup.com
A00021,Greenfield Logistics Group,877 Market Street,Los Angeles,California,90358,+1-200-016-6299,contact@greenfieldlogisticsgroup.com,https://www.greenfieldlogisticsgroup.com
A00022,Brookside Logistics Group,914 Oak Avenue,Chicago,Illinois,60975,+1-200-017-4218,contact@brooksidelogisticsgroup.com,https://www.brooksidelogisticsgroup.com
A00023,Sunrise Logistics Group,951 Maple Road,Houston,Texas,77392,+1-200-018-2137,contact@sunriselogisticsgroup.com,https://www.sunriselogisticsgroup.com
A00024,Horizon Logistics Group,988 Washington Street,Phoenix,Arizona,85409,+1-200-019-0056,contact@horizonlogisticsgroup.com,https://www.horizonlogisticsgroup.com
A00025,Liberty Logistics Group,1025 Lake Avenue,Philadelphia,Pennsylvania,19444,+1-200-019-7975,contact@libertylogisticsgroup.com,https://www.libertylogisticsgroup.com
A00026,Prime Logistics Group,1062 Industrial Boulevard,San Antonio,Texas,78643,+1-200-020-5894,contact@primelogisticsgroup.com,https://www.primelogisticsgroup.com
A00027,United Logistics Group,1099 Park Road,San Diego,California,92560,+1-200-021-3813,contact@unitedlogisticsgroup.com,https://www.unitedlogisticsgroup.com
A00028,Metro Logistics Group,1136 Center Street,Dallas,Texas,75677,+1-200-022-1732,contact@metrologisticsgroup.com,https://www.metrologisticsgroup.com
A00029,Vertex Logistics Group,1173 Commerce Drive,San Jose,California,95594,+1-200-022-9651,contact@vertexlogisticsgroup.com,https://www.vertexlogisticsgroup.com
A00030,Apex Logistics Group,1210 Main Street,Austin,Texas,73811,+1-200-023-7570,contact@apexlogisticsgroup.com,https://www.apexlogisticsgroup.com
A00031,Atlas Logistics Group,1247 Market Street,Jacksonville,Florida,32626,+1-200-024-5489,contact@atlaslogisticsgroup.com,https://www.atlaslogisticsgroup.com
A00032,Nova Logistics Group,1284 Oak Avenue,Seattle,Washington,98645,+1-200-025-3408,contact@novalogisticsgroup.com,https://www.novalogisticsgroup.com
A00033,Quantum Logistics Group,1321 Maple Road,Denver,Colorado,80762,+1-200-026-1327,contact@quantumlogisticsgroup.com,https://www.quantumlogisticsgroup.com
A00034,Sterling Logistics Group,1358 Washington Street,Boston,Massachusetts,02686,+1-200-026-9246,contact@sterlinglogisticsgroup.com,https://www.sterlinglogisticsgroup.com
A00035,Pacific Logistics Group,1395 Lake Avenue,Atlanta,Georgia,30896,+1-200-027-7165,contact@pacificlogisticsgroup.com,https://www.pacificlogisticsgroup.com
A00036,Atlantic Logistics Group,1432 Industrial Boulevard,Miami,Florida,33713,+1-200-028-5084,contact@atlanticlogisticsgroup.com,https://www.atlanticlogisticsgroup.com
A00037,Central Logistics Group,1469 Park Road,Portland,Oregon,97830,+1-200-029-3003,contact@centrallogisticsgroup.com,https://www.centrallogisticsgroup.com
A00038,National Logistics Group,1506 Center Street,Detroit,Michigan,48847,+1-200-030-0922,contact@nationallogisticsgroup.com,https://www.nationallogisticsgroup.com
A00039,Urban Logistics Group,1543 Commerce Drive,Minneapolis,Minnesota,56064,+1-200-030-8841,contact@urbanlogisticsgroup.com,https://www.urbanlogisticsgroup.com
A00040,Northstar Foods Group,1580 Main Street,New York,New York,10681,+1-200-031-6760,contact@northstarfoodsgroup.com,https://www.northstarfoodsgroup.com
A00041,Blue Horizon Foods Group,1617 Market Street,Los Angeles,California,90698,+1-200-032-4679,contact@bluehorizonfoodsgroup.com,https://www.bluehorizonfoodsgroup.com
A00042,Evergreen Foods Group,1654 Oak Avenue,Chicago,Illinois,61315,+1-200-033-2598,contact@evergreenfoodsgroup.com,https://www.evergreenfoodsgroup.com
A00043,Summit Foods Group,1691 Maple Road,Houston,Texas,77732,+1-200-034-0517,contact@summitfoodsgroup.com,https://www.summitfoodsgroup.com
A00044,Pioneer Foods Group,1728 Washington Street,Phoenix,Arizona,85749,+1-200-034-8436,contact@pioneerfoodsgroup.com,https://www.pioneerfoodsgroup.com
A00045,Crestview Foods Group,1765 Lake Avenue,Philadelphia,Pennsylvania,19784,+1-200-035-6355,contact@crestviewfoodsgroup.com,https://www.crestviewfoodsgroup.com
A00046,Silverline Foods Group,1802 Industrial Boulevard,San Antonio,Texas,78983,+1-200-036-4274,contact@silverlinefoodsgroup.com,https://www.silverlinefoodsgroup.com
A00047,Clearwater Foods Group,1839 Park Road,San Diego,California,92900,+1-200-037-2193,contact@clearwaterfoodsgroup.com,https://www.clearwaterfoodsgroup.com
A00048,Redwood Foods Group,1876 Center Street,Dallas,Texas,76017,+1-200-038-0112,contact@redwoodfoodsgroup.com,https://www.redwoodfoodsgroup.com
A00049,Brightway Foods Group,1913 Commerce Drive,San Jose,California,95934,+1-200-038-8031,contact@brightwayfoodsgroup.com,https://www.brightwayfoodsgroup.com
A00050,Oakridge Foods Group,1950 Main Street,Austin,Texas,74151,+1-200-039-5950,contact@oakridgefoodsgroup.com,https://www.oakridgefoodsgroup.com
A00051,Westfield Foods Group,1987 Market Street,Jacksonville,Florida,32966,+1-200-040-3869,contact@westfieldfoodsgroup.com,https://www.westfieldfoodsgroup.com
A00052,Lakeside Foods Group,2024 Oak Avenue,Seattle,Washington,98985,+1-200-041-1788,contact@lakesidefoodsgroup.com,https://www.lakesidefoodsgroup.com
A00053,Grandview Foods Group,2061 Maple Road,Denver,Colorado,80202,+1-200-041-9707,contact@grandviewfoodsgroup.com,https://www.grandviewfoodsgroup.com
A00054,Riverside Foods Group,2098 Washington Street,Boston,Massachusetts,02126,+1-200-042-7626,contact@riversidefoodsgroup.com,https://www.riversidefoodsgroup.com
A00055,Stonebridge Foods Group,2135 Lake Avenue,Atlanta,Georgia,30336,+1-200-043-5545,contact@stonebridgefoodsgroup.com,https://www.stonebridgefoodsgroup.com
A00056,Highland Foods Group,2172 Industrial Boulevard,Miami,Florida,33153,+1-200-044-3464,contact@highlandfoodsgroup.com,https://www.highlandfoodsgroup.com
A00057,Golden Foods Group,2209 Park Road,Portland,Oregon,97270,+1-200-045-1383,contact@goldenfoodsgroup.com,https://www.goldenfoodsgroup.com
A00058,Maple Foods Group,2246 Center Street,Detroit,Michigan,48287,+1-200-045-9302,contact@maplefoodsgroup.com,https://www.maplefoodsgroup.com
A00059,Cedar Foods Group,2283 Commerce Drive,Minneapolis,Minnesota,55504,+1-200-046-7221,contact@cedarfoodsgroup.com,https://www.cedarfoodsgroup.com
A00060,Ironwood Foods Group,2320 Main Street,New York,New York,10121,+1-200-047-5140,contact@ironwoodfoodsgroup.com,https://www.ironwoodfoodsgroup.com
A00061,Greenfield Foods Group,2357 Market Street,Los Angeles,California,90138,+1-200-048-3059,contact@greenfieldfoodsgroup.com,https://www.greenfieldfoodsgroup.com
A00062,Brookside Foods Group,2394 Oak Avenue,Chicago,Illinois,60755,+1-200-049-0978,contact@brooksidefoodsgroup.com,https://www.brooksidefoodsgroup.com
A00063,Sunrise Foods Group,2431 Maple Road,Houston,Texas,77172,+1-200-049-8897,contact@sunrisefoodsgroup.com,https://www.sunrisefoodsgroup.com
A00064,Horizon Foods Group,2468 Washington Street,Phoenix,Arizona,85189,+1-200-050-6816,contact@horizonfoodsgroup.com,https://www.horizonfoodsgroup.com
A00065,Liberty Foods Group,2505 Lake Avenue,Philadelphia,Pennsylvania,19224,+1-200-051-4735,contact@libertyfoodsgroup.com,https://www.libertyfoodsgroup.com
A00066,Prime Foods Group,2542 Industrial Boulevard,San Antonio,Texas,78423,+1-200-052-2654,contact@primefoodsgroup.com,https://www.primefoodsgroup.com
A00067,United Foods Group,2579 Park Road,San Diego,California,92340,+1-200-053-0573,contact@unitedfoodsgroup.com,https://www.unitedfoodsgroup.com
A00068,Metro Foods Group,2616 Center Street,Dallas,Texas,75457,+1-200-053-8492,contact@metrofoodsgroup.com,https://www.metrofoodsgroup.com
A00069,Vertex Foods Group,2653 Commerce Drive,San Jose,California,95374,+1-200-054-6411,contact@vertexfoodsgroup.com,https://www.vertexfoodsgroup.com
A00070,Apex Foods Group,2690 Main Street,Austin,Texas,73591,+1-200-055-4330,contact@apexfoodsgroup.com,https://www.apexfoodsgroup.com
A00071,Atlas Foods Group,2727 Market Street,Jacksonville,Florida,32406,+1-200-056-2249,contact@atlasfoodsgroup.com,https://www.atlasfoodsgroup.com
A00072,Nova Foods Group,2764 Oak Avenue,Seattle,Washington,98425,+1-200-057-0168,contact@novafoodsgroup.com,https://www.novafoodsgroup.com
A00073,Quantum Foods Group,2801 Maple Road,Denver,Colorado,80542,+1-200-057-8087,contact@quantumfoodsgroup.com,https://www.quantumfoodsgroup.com
A00074,Sterling Foods Group,2838 Washington Street,Boston,Massachusetts,02466,+1-200-058-6006,contact@sterlingfoodsgroup.com,https://www.sterlingfoodsgroup.com
A00075,Pacific Foods Group,2875 Lake Avenue,Atlanta,Georgia,30676,+1-200-059-3925,contact@pacificfoodsgroup.com,https://www.pacificfoodsgroup.com
A00076,Atlantic Foods Group,2912 Industrial Boulevard,Miami,Florida,33493,+1-200-060-1844,contact@atlanticfoodsgroup.com,https://www.atlanticfoodsgroup.com
A00077,Central Foods Group,2949 Park Road,Portland,Oregon,97610,+1-200-060-9763,contact@centralfoodsgroup.com,https://www.centralfoodsgroup.com
A00078,National Foods Group,2986 Center Street,Detroit,Michigan,48627,+1-200-061-7682,contact@nationalfoodsgroup.com,https://www.nationalfoodsgroup.com
A00079,Urban Foods Group,3023 Commerce Drive,Minneapolis,Minnesota,55844,+1-200-062-5601,contact@urbanfoodsgroup.com,https://www.urbanfoodsgroup.com
A00080,Northstar Healthcare Group,3060 Main Street,New York,New York,10461,+1-200-063-3520,contact@northstarhealthcaregroup.com,https://www.northstarhealthcaregroup.com
A00081,Blue Horizon Healthcare Group,3097 Market Street,Los Angeles,California,90478,+1-200-064-1439,contact@bluehorizonhealthcaregroup.com,https://www.bluehorizonhealthcaregroup.com
A00082,Evergreen Healthcare Group,3134 Oak Avenue,Chicago,Illinois,61095,+1-200-064-9358,contact@evergreenhealthcaregroup.com,https://www.evergreenhealthcaregroup.com
A00083,Summit Healthcare Group,3171 Maple Road,Houston,Texas,77512,+1-200-065-7277,contact@summithealthcaregroup.com,https://www.summithealthcaregroup.com
A00084,Pioneer Healthcare Group,3208 Washington Street,Phoenix,Arizona,85529,+1-200-066-5196,contact@pioneerhealthcaregroup.com,https://www.pioneerhealthcaregroup.com
A00085,Crestview Healthcare Group,3245 Lake Avenue,Philadelphia,Pennsylvania,19564,+1-200-067-3115,contact@crestviewhealthcaregroup.com,https://www.crestviewhealthcaregroup.com
A00086,Silverline Healthcare Group,3282 Industrial Boulevard,San Antonio,Texas,78763,+1-200-068-1034,contact@silverlinehealthcaregroup.com,https://www.silverlinehealthcaregroup.com
A00087,Clearwater Healthcare Group,3319 Park Road,San Diego,California,92680,+1-200-068-8953,contact@clearwaterhealthcaregroup.com,https://www.clearwaterhealthcaregroup.com
A00088,Redwood Healthcare Group,3356 Center Street,Dallas,Texas,75797,+1-200-069-6872,contact@redwoodhealthcaregroup.com,https://www.redwoodhealthcaregroup.com
A00089,Brightway Healthcare Group,3393 Commerce Drive,San Jose,California,95714,+1-200-070-4791,contact@brightwayhealthcaregroup.com,https://www.brightwayhealthcaregroup.com
A00090,Oakridge Healthcare Group,3430 Main Street,Austin,Texas,73931,+1-200-071-2710,contact@oakridgehealthcaregroup.com,https://www.oakridgehealthcaregroup.com
A00091,Westfield Healthcare Group,3467 Market Street,Jacksonville,Florida,32746,+1-200-072-0629,contact@westfieldhealthcaregroup.com,https://www.westfieldhealthcaregroup.com
A00092,Lakeside Healthcare Group,3504 Oak Avenue,Seattle,Washington,98765,+1-200-072-8548,contact@lakesidehealthcaregroup.com,https://www.lakesidehealthcaregroup.com
A00093,Grandview Healthcare Group,3541 Maple Road,Denver,Colorado,80882,+1-200-073-6467,contact@grandviewhealthcaregroup.com,https://www.grandviewhealthcaregroup.com
A00094,Riverside Healthcare Group,3578 Washington Street,Boston,Massachusetts,02806,+1-200-074-4386,contact@riversidehealthcaregroup.com,https://www.riversidehealthcaregroup.com
A00095,Stonebridge Healthcare Group,3615 Lake Avenue,Atlanta,Georgia,31016,+1-200-075-2305,contact@stonebridgehealthcaregroup.com,https://www.stonebridgehealthcaregroup.com
A00096,Highland Healthcare Group,3652 Industrial Boulevard,Miami,Florida,33833,+1-200-076-0224,contact@highlandhealthcaregroup.com,https://www.highlandhealthcaregroup.com
A00097,Golden Healthcare Group,3689 Park Road,Portland,Oregon,97950,+1-200-076-8143,contact@goldenhealthcaregroup.com,https://www.goldenhealthcaregroup.com
A00098,Maple Healthcare Group,3726 Center Street,Detroit,Michigan,48967,+1-200-077-6062,contact@maplehealthcaregroup.com,https://www.maplehealthcaregroup.com
A00099,Cedar Healthcare Group,3763 Commerce Drive,Minneapolis,Minnesota,56184,+1-200-078-3981,contact@cedarhealthcaregroup.com,https://www.cedarhealthcaregroup.com
A00100,Ironwood Healthcare Group,3800 Main Street,New York,New York,10801,+1-200-079-1900,contact@ironwoodhealthcaregroup.com,https://www.ironwoodhealthcaregroup.com
A00101,Greenfield Healthcare Group,3837 Market Street,Los Angeles,California,90818,+1-200-079-9819,contact@greenfieldhealthcaregroup.com,https://www.greenfieldhealthcaregroup.com
A00102,Brookside Healthcare Group,3874 Oak Avenue,Chicago,Illinois,61435,+1-200-080-7738,contact@brooksidehealthcaregroup.com,https://www.brooksidehealthcaregroup.com
A00103,Sunrise Healthcare Group,3911 Maple Road,Houston,Texas,77852,+1-200-081-5657,contact@sunrisehealthcaregroup.com,https://www.sunrisehealthcaregroup.com
A00104,Horizon Healthcare Group,3948 Washington Street,Phoenix,Arizona,85869,+1-200-082-3576,contact@horizonhealthcaregroup.com,https://www.horizonhealthcaregroup.com
A00105,Liberty Healthcare Group,3985 Lake Avenue,Philadelphia,Pennsylvania,19904,+1-200-083-1495,contact@libertyhealthcaregroup.com,https://www.libertyhealthcaregroup.com
A00106,Prime Healthcare Group,4022 Industrial Boulevard,San Antonio,Texas,78203,+1-200-083-9414,contact@primehealthcaregroup.com,https://www.primehealthcaregroup.com
A00107,United Healthcare Group,4059 Park Road,San Diego,California,92120,+1-200-084-7333,contact@unitedhealthcaregroup.com,https://www.unitedhealthcaregroup.com
A00108,Metro Healthcare Group,4096 Center Street,Dallas,Texas,75237,+1-200-085-5252,contact@metrohealthcaregroup.com,https://www.metrohealthcaregroup.com
A00109,Vertex Healthcare Group,4133 Commerce Drive,San Jose,California,95154,+1-200-086-3171,contact@vertexhealthcaregroup.com,https://www.vertexhealthcaregroup.com
A00110,Apex Healthcare Group,4170 Main Street,Austin,Texas,73371,+1-200-087-1090,contact@apexhealthcaregroup.com,https://www.apexhealthcaregroup.com
A00111,Atlas Healthcare Group,4207 Market Street,Jacksonville,Florida,32186,+1-200-087-9009,contact@atlashealthcaregroup.com,https://www.atlashealthcaregroup.com
A00112,Nova Healthcare Group,4244 Oak Avenue,Seattle,Washington,98205,+1-200-088-6928,contact@novahealthcaregroup.com,https://www.novahealthcaregroup.com
A00113,Quantum Healthcare Group,4281 Maple Road,Denver,Colorado,80322,+1-200-089-4847,contact@quantumhealthcaregroup.com,https://www.quantumhealthcaregroup.com
A00114,Sterling Healthcare Group,4318 Washington Street,Boston,Massachusetts,02246,+1-200-090-2766,contact@sterlinghealthcaregroup.com,https://www.sterlinghealthcaregroup.com
A00115,Pacific Healthcare Group,4355 Lake Avenue,Atlanta,Georgia,30456,+1-200-091-0685,contact@pacifichealthcaregroup.com,https://www.pacifichealthcaregroup.com
A00116,Atlantic Healthcare Group,4392 Industrial Boulevard,Miami,Florida,33273,+1-200-091-8604,contact@atlantichealthcaregroup.com,https://www.atlantichealthcaregroup.com
A00117,Central Healthcare Group,4429 Park Road,Portland,Oregon,97390,+1-200-092-6523,contact@centralhealthcaregroup.com,https://www.centralhealthcaregroup.com
A00118,National Healthcare Group,4466 Center Street,Detroit,Michigan,48407,+1-200-093-4442,contact@nationalhealthcaregroup.com,https://www.nationalhealthcaregroup.com
A00119,Urban Healthcare Group,4503 Commerce Drive,Minneapolis,Minnesota,55624,+1-200-094-2361,contact@urbanhealthcaregroup.com,https://www.urbanhealthcaregroup.com
A00120,Northstar Medical Group,4540 Main Street,New York,New York,10241,+1-200-095-0280,contact@northstarmedicalgroup.com,https://www.northstarmedicalgroup.com
A00121,Blue Horizon Medical Group,4577 Market Street,Los Angeles,California,90258,+1-200-095-8199,contact@bluehorizonmedicalgroup.com,https://www.bluehorizonmedicalgroup.com
A00122,Evergreen Medical Group,4614 Oak Avenue,Chicago,Illinois,60875,+1-200-096-6118,contact@evergreenmedicalgroup.com,https://www.evergreenmedicalgroup.com
A00123,Summit Medical Group,4651 Maple Road,Houston,Texas,77292,+1-200-097-4037,contact@summitmedicalgroup.com,https://www.summitmedicalgroup.com
A00124,Pioneer Medical Group,4688 Washington Street,Phoenix,Arizona,85309,+1-200-098-1956,contact@pioneermedicalgroup.com,https://www.pioneermedicalgroup.com
A00125,Crestview Medical Group,4725 Lake Avenue,Philadelphia,Pennsylvania,19344,+1-200-098-9875,contact@crestviewmedicalgroup.com,https://www.crestviewmedicalgroup.com
A00126,Silverline Medical Group,4762 Industrial Boulevard,San Antonio,Texas,78543,+1-200-099-7794,contact@silverlinemedicalgroup.com,https://www.silverlinemedicalgroup.com
A00127,Clearwater Medical Group,4799 Park Road,San Diego,California,92460,+1-200-100-5713,contact@clearwatermedicalgroup.com,https://www.clearwatermedicalgroup.com
A00128,Redwood Medical Group,4836 Center Street,Dallas,Texas,75577,+1-200-101-3632,contact@redwoodmedicalgroup.com,https://www.redwoodmedicalgroup.com
A00129,Brightway Medical Group,4873 Commerce Drive,San Jose,California,95494,+1-200-102-1551,contact@brightwaymedicalgroup.com,https://www.brightwaymedicalgroup.com
A00130,Oakridge Medical Group,4910 Main Street,Austin,Texas,73711,+1-200-102-9470,contact@oakridgemedicalgroup.com,https://www.oakridgemedicalgroup.com
A00131,Westfield Medical Group,4947 Market Street,Jacksonville,Florida,32526,+1-200-103-7389,contact@westfieldmedicalgroup.com,https://www.westfieldmedicalgroup.com
A00132,Lakeside Medical Group,4984 Oak Avenue,Seattle,Washington,98545,+1-200-104-5308,contact@lakesidemedicalgroup.com,https://www.lakesidemedicalgroup.com
A00133,Grandview Medical Group,5021 Maple Road,Denver,Colorado,80662,+1-200-105-3227,contact@grandviewmedicalgroup.com,https://www.grandviewmedicalgroup.com
A00134,Riverside Medical Group,5058 Washington Street,Boston,Massachusetts,02586,+1-200-106-1146,contact@riversidemedicalgroup.com,https://www.riversidemedicalgroup.com
A00135,Stonebridge Medical Group,5095 Lake Avenue,Atlanta,Georgia,30796,+1-200-106-9065,contact@stonebridgemedicalgroup.com,https://www.stonebridgemedicalgroup.com
A00136,Highland Medical Group,5132 Industrial Boulevard,Miami,Florida,33613,+1-200-107-6984,contact@highlandmedicalgroup.com,https://www.highlandmedicalgroup.com
A00137,Golden Medical Group,5169 Park Road,Portland,Oregon,97730,+1-200-108-4903,contact@goldenmedicalgroup.com,https://www.goldenmedicalgroup.com
A00138,Maple Medical Group,5206 Center Street,Detroit,Michigan,48747,+1-200-109-2822,contact@maplemedicalgroup.com,https://www.maplemedicalgroup.com
A00139,Cedar Medical Group,5243 Commerce Drive,Minneapolis,Minnesota,55964,+1-200-110-0741,contact@cedarmedicalgroup.com,https://www.cedarmedicalgroup.com
A00140,Ironwood Medical Group,5280 Main Street,New York,New York,10581,+1-200-110-8660,contact@ironwoodmedicalgroup.com,https://www.ironwoodmedicalgroup.com
A00141,Greenfield Medical Group,5317 Market Street,Los Angeles,California,90598,+1-200-111-6579,contact@greenfieldmedicalgroup.com,https://www.greenfieldmedicalgroup.com
A00142,Brookside Medical Group,5354 Oak Avenue,Chicago,Illinois,61215,+1-200-112-4498,contact@brooksidemedicalgroup.com,https://www.brooksidemedicalgroup.com
A00143,Sunrise Medical Group,5391 Maple Road,Houston,Texas,77632,+1-200-113-2417,contact@sunrisemedicalgroup.com,https://www.sunrisemedicalgroup.com
A00144,Horizon Medical Group,5428 Washington Street,Phoenix,Arizona,85649,+1-200-114-0336,contact@horizonmedicalgroup.com,https://www.horizonmedicalgroup.com
A00145,Liberty Medical Group,5465 Lake Avenue,Philadelphia,Pennsylvania,19684,+1-200-114-8255,contact@libertymedicalgroup.com,https://www.libertymedicalgroup.com
A00146,Prime Medical Group,5502 Industrial Boulevard,San Antonio,Texas,78883,+1-200-115-6174,contact@primemedicalgroup.com,https://www.primemedicalgroup.com
A00147,United Medical Group,5539 Park Road,San Diego,California,92800,+1-200-116-4093,contact@unitedmedicalgroup.com,https://www.unitedmedicalgroup.com
A00148,Metro Medical Group,5576 Center Street,Dallas,Texas,75917,+1-200-117-2012,contact@metromedicalgroup.com,https://www.metromedicalgroup.com
A00149,Vertex Medical Group,5613 Commerce Drive,San Jose,California,95834,+1-200-117-9931,contact@vertexmedicalgroup.com,https://www.vertexmedicalgroup.com
A00150,Apex Medical Group,5650 Main Street,Austin,Texas,74051,+1-200-118-7850,contact@apexmedicalgroup.com,https://www.apexmedicalgroup.com
A00151,Atlas Medical Group,5687 Market Street,Jacksonville,Florida,32866,+1-200-119-5769,contact@atlasmedicalgroup.com,https://www.atlasmedicalgroup.com
A00152,Nova Medical Group,5724 Oak Avenue,Seattle,Washington,98885,+1-200-120-3688,contact@novamedicalgroup.com,https://www.novamedicalgroup.com
A00153,Quantum Medical Group,5761 Maple Road,Denver,Colorado,81002,+1-200-121-1607,contact@quantummedicalgroup.com,https://www.quantummedicalgroup.com
A00154,Sterling Medical Group,5798 Washington Street,Boston,Massachusetts,02926,+1-200-121-9526,contact@sterlingmedicalgroup.com,https://www.sterlingmedicalgroup.com
A00155,Pacific Medical Group,5835 Lake Avenue,Atlanta,Georgia,31136,+1-200-122-7445,contact@pacificmedicalgroup.com,https://www.pacificmedicalgroup.com
A00156,Atlantic Medical Group,5872 Industrial Boulevard,Miami,Florida,33953,+1-200-123-5364,contact@atlanticmedicalgroup.com,https://www.atlanticmedicalgroup.com
A00157,Central Medical Group,5909 Park Road,Portland,Oregon,98070,+1-200-124-3283,contact@centralmedicalgroup.com,https://www.centralmedicalgroup.com
A00158,National Medical Group,5946 Center Street,Detroit,Michigan,49087,+1-200-125-1202,contact@nationalmedicalgroup.com,https://www.nationalmedicalgroup.com
A00159,Urban Medical Group,5983 Commerce Drive,Minneapolis,Minnesota,55404,+1-200-125-9121,contact@urbanmedicalgroup.com,https://www.urbanmedicalgroup.com
A00160,Northstar Technology Group,6020 Main Street,New York,New York,10021,+1-200-126-7040,contact@northstartechnologygroup.com,https://www.northstartechnologygroup.com
A00161,Blue Horizon Technology Group,6057 Market Street,Los Angeles,California,90038,+1-200-127-4959,contact@bluehorizontechnologygroup.com,https://www.bluehorizontechnologygroup.com
A00162,Evergreen Technology Group,6094 Oak Avenue,Chicago,Illinois,60655,+1-200-128-2878,contact@evergreentechnologygroup.com,https://www.evergreentechnologygroup.com
A00163,Summit Technology Group,6131 Maple Road,Houston,Texas,77072,+1-200-129-0797,contact@summittechnologygroup.com,https://www.summittechnologygroup.com
A00164,Pioneer Technology Group,6168 Washington Street,Phoenix,Arizona,85089,+1-200-129-8716,contact@pioneertechnologygroup.com,https://www.pioneertechnologygroup.com
A00165,Crestview Technology Group,6205 Lake Avenue,Philadelphia,Pennsylvania,19124,+1-200-130-6635,contact@crestviewtechnologygroup.com,https://www.crestviewtechnologygroup.com
A00166,Silverline Technology Group,6242 Industrial Boulevard,San Antonio,Texas,78323,+1-200-131-4554,contact@silverlinetechnologygroup.com,https://www.silverlinetechnologygroup.com
A00167,Clearwater Technology Group,6279 Park Road,San Diego,California,92240,+1-200-132-2473,contact@clearwatertechnologygroup.com,https://www.clearwatertechnologygroup.com
A00168,Redwood Technology Group,6316 Center Street,Dallas,Texas,75357,+1-200-133-0392,contact@redwoodtechnologygroup.com,https://www.redwoodtechnologygroup.com
A00169,Brightway Technology Group,6353 Commerce Drive,San Jose,California,95274,+1-200-133-8311,contact@brightwaytechnologygroup.com,https://www.brightwaytechnologygroup.com
A00170,Oakridge Technology Group,6390 Main Street,Austin,Texas,73491,+1-200-134-6230,contact@oakridgetechnologygroup.com,https://www.oakridgetechnologygroup.com
A00171,Westfield Technology Group,6427 Market Street,Jacksonville,Florida,32306,+1-200-135-4149,contact@westfieldtechnologygroup.com,https://www.westfieldtechnologygroup.com
A00172,Lakeside Technology Group,6464 Oak Avenue,Seattle,Washington,98325,+1-200-136-2068,contact@lakesidetechnologygroup.com,https://www.lakesidetechnologygroup.com
A00173,Grandview Technology Group,6501 Maple Road,Denver,Colorado,80442,+1-200-136-9987,contact@grandviewtechnologygroup.com,https://www.grandviewtechnologygroup.com
A00174,Riverside Technology Group,6538 Washington Street,Boston,Massachusetts,02366,+1-200-137-7906,contact@riversidetechnologygroup.com,https://www.riversidetechnologygroup.com
A00175,Stonebridge Technology Group,6575 Lake Avenue,Atlanta,Georgia,30576,+1-200-138-5825,contact@stonebridgetechnologygroup.com,https://www.stonebridgetechnologygroup.com
A00176,Highland Technology Group,6612 Industrial Boulevard,Miami,Florida,33393,+1-200-139-3744,contact@highlandtechnologygroup.com,https://www.highlandtechnologygroup.com
A00177,Golden Technology Group,6649 Park Road,Portland,Oregon,97510,+1-200-140-1663,contact@goldentechnologygroup.com,https://www.goldentechnologygroup.com
A00178,Maple Technology Group,6686 Center Street,Detroit,Michigan,48527,+1-200-140-9582,contact@mapletechnologygroup.com,https://www.mapletechnologygroup.com
A00179,Cedar Technology Group,6723 Commerce Drive,Minneapolis,Minnesota,55744,+1-200-141-7501,contact@cedartechnologygroup.com,https://www.cedartechnologygroup.com
A00180,Ironwood Technology Group,6760 Main Street,New York,New York,10361,+1-200-142-5420,contact@ironwoodtechnologygroup.com,https://www.ironwoodtechnologygroup.com
A00181,Greenfield Technology Group,6797 Market Street,Los Angeles,California,90378,+1-200-143-3339,contact@greenfieldtechnologygroup.com,https://www.greenfieldtechnologygroup.com
A00182,Brookside Technology Group,6834 Oak Avenue,Chicago,Illinois,60995,+1-200-144-1258,contact@brooksidetechnologygroup.com,https://www.brooksidetechnologygroup.com
A00183,Sunrise Technology Group,6871 Maple Road,Houston,Texas,77412,+1-200-144-9177,contact@sunrisetechnologygroup.com,https://www.sunrisetechnologygroup.com
A00184,Horizon Technology Group,6908 Washington Street,Phoenix,Arizona,85429,+1-200-145-7096,contact@horizontechnologygroup.com,https://www.horizontechnologygroup.com
A00185,Liberty Technology Group,6945 Lake Avenue,Philadelphia,Pennsylvania,19464,+1-200-146-5015,contact@libertytechnologygroup.com,https://www.libertytechnologygroup.com
A00186,Prime Technology Group,6982 Industrial Boulevard,San Antonio,Texas,78663,+1-200-147-2934,contact@primetechnologygroup.com,https://www.primetechnologygroup.com
A00187,United Technology Group,7019 Park Road,San Diego,California,92580,+1-200-148-0853,contact@unitedtechnologygroup.com,https://www.unitedtechnologygroup.com
A00188,Metro Technology Group,7056 Center Street,Dallas,Texas,75697,+1-200-148-8772,contact@metrotechnologygroup.com,https://www.metrotechnologygroup.com
A00189,Vertex Technology Group,7093 Commerce Drive,San Jose,California,95614,+1-200-149-6691,contact@vertextechnologygroup.com,https://www.vertextechnologygroup.com
A00190,Apex Technology Group,7130 Main Street,Austin,Texas,73831,+1-200-150-4610,contact@apextechnologygroup.com,https://www.apextechnologygroup.com
A00191,Atlas Technology Group,7167 Market Street,Jacksonville,Florida,32646,+1-200-151-2529,contact@atlastechnologygroup.com,https://www.atlastechnologygroup.com
A00192,Nova Technology Group,7204 Oak Avenue,Seattle,Washington,98665,+1-200-152-0448,contact@novatechnologygroup.com,https://www.novatechnologygroup.com
A00193,Quantum Technology Group,7241 Maple Road,Denver,Colorado,80782,+1-200-152-8367,contact@quantumtechnologygroup.com,https://www.quantumtechnologygroup.com
A00194,Sterling Technology Group,7278 Washington Street,Boston,Massachusetts,02706,+1-200-153-6286,contact@sterlingtechnologygroup.com,https://www.sterlingtechnologygroup.com
A00195,Pacific Technology Group,7315 Lake Avenue,Atlanta,Georgia,30916,+1-200-154-4205,contact@pacifictechnologygroup.com,https://www.pacifictechnologygroup.com
A00196,Atlantic Technology Group,7352 Industrial Boulevard,Miami,Florida,33733,+1-200-155-2124,contact@atlantictechnologygroup.com,https://www.atlantictechnologygroup.com
A00197,Central Technology Group,7389 Park Road,Portland,Oregon,97850,+1-200-156-0043,contact@centraltechnologygroup.com,https://www.centraltechnologygroup.com
A00198,National Technology Group,7426 Center Street,Detroit,Michigan,48867,+1-200-156-7962,contact@nationaltechnologygroup.com,https://www.nationaltechnologygroup.com
A00199,Urban Technology Group,7463 Commerce Drive,Minneapolis,Minnesota,56084,+1-200-157-5881,contact@urbantechnologygroup.com,https://www.urbantechnologygroup.com
A00200,Northstar Software Group,7500 Main Street,New York,New York,10701,+1-200-158-3800,contact@northstarsoftwaregroup.com,https://www.northstarsoftwaregroup.com
A00201,Blue Horizon Software Group,7537 Market Street,Los Angeles,California,90718,+1-200-159-1719,contact@bluehorizonsoftwaregroup.com,https://www.bluehorizonsoftwaregroup.com
A00202,Evergreen Software Group,7574 Oak Avenue,Chicago,Illinois,61335,+1-200-159-9638,contact@evergreensoftwaregroup.com,https://www.evergreensoftwaregroup.com
A00203,Summit Software Group,7611 Maple Road,Houston,Texas,77752,+1-200-160-7557,contact@summitsoftwaregroup.com,https://www.summitsoftwaregroup.com
A00204,Pioneer Software Group,7648 Washington Street,Phoenix,Arizona,85769,+1-200-161-5476,contact@pioneersoftwaregroup.com,https://www.pioneersoftwaregroup.com
A00205,Crestview Software Group,7685 Lake Avenue,Philadelphia,Pennsylvania,19804,+1-200-162-3395,contact@crestviewsoftwaregroup.com,https://www.crestviewsoftwaregroup.com
A00206,Silverline Software Group,7722 Industrial Boulevard,San Antonio,Texas,79003,+1-200-163-1314,contact@silverlinesoftwaregroup.com,https://www.silverlinesoftwaregroup.com
A00207,Clearwater Software Group,7759 Park Road,San Diego,California,92920,+1-200-163-9233,contact@clearwatersoftwaregroup.com,https://www.clearwatersoftwaregroup.com
A00208,Redwood Software Group,7796 Center Street,Dallas,Texas,76037,+1-200-164-7152,contact@redwoodsoftwaregroup.com,https://www.redwoodsoftwaregroup.com
A00209,Brightway Software Group,7833 Commerce Drive,San Jose,California,95954,+1-200-165-5071,contact@brightwaysoftwaregroup.com,https://www.brightwaysoftwaregroup.com
A00210,Oakridge Software Group,7870 Main Street,Austin,Texas,74171,+1-200-166-2990,contact@oakridgesoftwaregroup.com,https://www.oakridgesoftwaregroup.com
A00211,Westfield Software Group,7907 Market Street,Jacksonville,Florida,32986,+1-200-167-0909,contact@westfieldsoftwaregroup.com,https://www.westfieldsoftwaregroup.com
A00212,Lakeside Software Group,7944 Oak Avenue,Seattle,Washington,98105,+1-200-167-8828,contact@lakesidesoftwaregroup.com,https://www.lakesidesoftwaregroup.com
A00213,Grandview Software Group,7981 Maple Road,Denver,Colorado,80222,+1-200-168-6747,contact@grandviewsoftwaregroup.com,https://www.grandviewsoftwaregroup.com
A00214,Riverside Software Group,8018 Washington Street,Boston,Massachusetts,02146,+1-200-169-4666,contact@riversidesoftwaregroup.com,https://www.riversidesoftwaregroup.com
A00215,Stonebridge Software Group,8055 Lake Avenue,Atlanta,Georgia,30356,+1-200-170-2585,contact@stonebridgesoftwaregroup.com,https://www.stonebridgesoftwaregroup.com
A00216,Highland Software Group,8092 Industrial Boulevard,Miami,Florida,33173,+1-200-171-0504,contact@highlandsoftwaregroup.com,https://www.highlandsoftwaregroup.com
A00217,Golden Software Group,8129 Park Road,Portland,Oregon,97290,+1-200-171-8423,contact@goldensoftwaregroup.com,https://www.goldensoftwaregroup.com
A00218,Maple Software Group,8166 Center Street,Detroit,Michigan,48307,+1-200-172-6342,contact@maplesoftwaregroup.com,https://www.maplesoftwaregroup.com
A00219,Cedar Software Group,8203 Commerce Drive,Minneapolis,Minnesota,55524,+1-200-173-4261,contact@cedarsoftwaregroup.com,https://www.cedarsoftwaregroup.com
A00220,Ironwood Software Group,8240 Main Street,New York,New York,10141,+1-200-174-2180,contact@ironwoodsoftwaregroup.com,https://www.ironwoodsoftwaregroup.com
A00221,Greenfield Software Group,8277 Market Street,Los Angeles,California,90158,+1-200-175-0099,contact@greenfieldsoftwaregroup.com,https://www.greenfieldsoftwaregroup.com
A00222,Brookside Software Group,8314 Oak Avenue,Chicago,Illinois,60775,+1-200-175-8018,contact@brooksidesoftwaregroup.com,https://www.brooksidesoftwaregroup.com
A00223,Sunrise Software Group,8351 Maple Road,Houston,Texas,77192,+1-200-176-5937,contact@sunrisesoftwaregroup.com,https://www.sunrisesoftwaregroup.com
A00224,Horizon Software Group,8388 Washington Street,Phoenix,Arizona,85209,+1-200-177-3856,contact@horizonsoftwaregroup.com,https://www.horizonsoftwaregroup.com
A00225,Liberty Software Group,8425 Lake Avenue,Philadelphia,Pennsylvania,19244,+1-200-178-1775,contact@libertysoftwaregroup.com,https://www.libertysoftwaregroup.com
A00226,Prime Software Group,8462 Industrial Boulevard,San Antonio,Texas,78443,+1-200-178-9694,contact@primesoftwaregroup.com,https://www.primesoftwaregroup.com
A00227,United Software Group,8499 Park Road,San Diego,California,92360,+1-200-179-7613,contact@unitedsoftwaregroup.com,https://www.unitedsoftwaregroup.com
A00228,Metro Software Group,8536 Center Street,Dallas,Texas,75477,+1-200-180-5532,contact@metrosoftwaregroup.com,https://www.metrosoftwaregroup.com
A00229,Vertex Software Group,8573 Commerce Drive,San Jose,California,95394,+1-200-181-3451,contact@vertexsoftwaregroup.com,https://www.vertexsoftwaregroup.com
A00230,Apex Software Group,8610 Main Street,Austin,Texas,73611,+1-200-182-1370,contact@apexsoftwaregroup.com,https://www.apexsoftwaregroup.com
A00231,Atlas Software Group,8647 Market Street,Jacksonville,Florida,32426,+1-200-182-9289,contact@atlassoftwaregroup.com,https://www.atlassoftwaregroup.com
A00232,Nova Software Group,8684 Oak Avenue,Seattle,Washington,98445,+1-200-183-7208,contact@novasoftwaregroup.com,https://www.novasoftwaregroup.com
A00233,Quantum Software Group,8721 Maple Road,Denver,Colorado,80562,+1-200-184-5127,contact@quantumsoftwaregroup.com,https://www.quantumsoftwaregroup.com
A00234,Sterling Software Group,8758 Washington Street,Boston,Massachusetts,02486,+1-200-185-3046,contact@sterlingsoftwaregroup.com,https://www.sterlingsoftwaregroup.com
A00235,Pacific Software Group,8795 Lake Avenue,Atlanta,Georgia,30696,+1-200-186-0965,contact@pacificsoftwaregroup.com,https://www.pacificsoftwaregroup.com
A00236,Atlantic Software Group,8832 Industrial Boulevard,Miami,Florida,33513,+1-200-186-8884,contact@atlanticsoftwaregroup.com,https://www.atlanticsoftwaregroup.com
A00237,Central Software Group,8869 Park Road,Portland,Oregon,97630,+1-200-187-6803,contact@centralsoftwaregroup.com,https://www.centralsoftwaregroup.com
A00238,National Software Group,8906 Center Street,Detroit,Michigan,48647,+1-200-188-4722,contact@nationalsoftwaregroup.com,https://www.nationalsoftwaregroup.com
A00239,Urban Software Group,8943 Commerce Drive,Minneapolis,Minnesota,55864,+1-200-189-2641,contact@urbansoftwaregroup.com,https://www.urbansoftwaregroup.com
A00240,Northstar Consulting Group,8980 Main Street,New York,New York,10481,+1-200-190-0560,contact@northstarconsultinggroup.com,https://www.northstarconsultinggroup.com
A00241,Blue Horizon Consulting Group,9017 Market Street,Los Angeles,California,90498,+1-200-190-8479,contact@bluehorizonconsultinggroup.com,https://www.bluehorizonconsultinggroup.com
A00242,Evergreen Consulting Group,9054 Oak Avenue,Chicago,Illinois,61115,+1-200-191-6398,contact@evergreenconsultinggroup.com,https://www.evergreenconsultinggroup.com
A00243,Summit Consulting Group,9091 Maple Road,Houston,Texas,77532,+1-200-192-4317,contact@summitconsultinggroup.com,https://www.summitconsultinggroup.com
A00244,Pioneer Consulting Group,9128 Washington Street,Phoenix,Arizona,85549,+1-200-193-2236,contact@pioneerconsultinggroup.com,https://www.pioneerconsultinggroup.com
A00245,Crestview Consulting Group,9165 Lake Avenue,Philadelphia,Pennsylvania,19584,+1-200-194-0155,contact@crestviewconsultinggroup.com,https://www.crestviewconsultinggroup.com
A00246,Silverline Consulting Group,9202 Industrial Boulevard,San Antonio,Texas,78783,+1-200-194-8074,contact@silverlineconsultinggroup.com,https://www.silverlineconsultinggroup.com
A00247,Clearwater Consulting Group,9239 Park Road,San Diego,California,92700,+1-200-195-5993,contact@clearwaterconsultinggroup.com,https://www.clearwaterconsultinggroup.com
A00248,Redwood Consulting Group,9276 Center Street,Dallas,Texas,75817,+1-200-196-3912,contact@redwoodconsultinggroup.com,https://www.redwoodconsultinggroup.com
A00249,Brightway Consulting Group,9313 Commerce Drive,San Jose,California,95734,+1-200-197-1831,contact@brightwayconsultinggroup.com,https://www.brightwayconsultinggroup.com
A00250,Oakridge Consulting Group,9350 Main Street,Austin,Texas,73951,+1-200-197-9750,contact@oakridgeconsultinggroup.com,https://www.oakridgeconsultinggroup.com
A00251,Westfield Consulting Group,9387 Market Street,Jacksonville,Florida,32766,+1-200-198-7669,contact@westfieldconsultinggroup.com,https://www.westfieldconsultinggroup.com
A00252,Lakeside Consulting Group,9424 Oak Avenue,Seattle,Washington,98785,+1-200-199-5588,contact@lakesideconsultinggroup.com,https://www.lakesideconsultinggroup.com
A00253,Grandview Consulting Group,9461 Maple Road,Denver,Colorado,80902,+1-200-200-3507,contact@grandviewconsultinggroup.com,https://www.grandviewconsultinggroup.com
A00254,Riverside Consulting Group,9498 Washington Street,Boston,Massachusetts,02826,+1-200-201-1426,contact@riversideconsultinggroup.com,https://www.riversideconsultinggroup.com
A00255,Stonebridge Consulting Group,9535 Lake Avenue,Atlanta,Georgia,31036,+1-200-201-9345,contact@stonebridgeconsultinggroup.com,https://www.stonebridgeconsultinggroup.com
A00256,Highland Consulting Group,9572 Industrial Boulevard,Miami,Florida,33853,+1-200-202-7264,contact@highlandconsultinggroup.com,https://www.highlandconsultinggroup.com
A00257,Golden Consulting Group,9609 Park Road,Portland,Oregon,97970,+1-200-203-5183,contact@goldenconsultinggroup.com,https://www.goldenconsultinggroup.com
A00258,Maple Consulting Group,9646 Center Street,Detroit,Michigan,48987,+1-200-204-3102,contact@mapleconsultinggroup.com,https://www.mapleconsultinggroup.com
A00259,Cedar Consulting Group,9683 Commerce Drive,Minneapolis,Minnesota,56204,+1-200-205-1021,contact@cedarconsultinggroup.com,https://www.cedarconsultinggroup.com
A00260,Ironwood Consulting Group,9720 Main Street,New York,New York,10821,+1-200-205-8940,contact@ironwoodconsultinggroup.com,https://www.ironwoodconsultinggroup.com
A00261,Greenfield Consulting Group,9757 Market Street,Los Angeles,California,90838,+1-200-206-6859,contact@greenfieldconsultinggroup.com,https://www.greenfieldconsultinggroup.com
A00262,Brookside Consulting Group,9794 Oak Avenue,Chicago,Illinois,61455,+1-200-207-4778,contact@brooksideconsultinggroup.com,https://www.brooksideconsultinggroup.com
A00263,Sunrise Consulting Group,9831 Maple Road,Houston,Texas,77872,+1-200-208-2697,contact@sunriseconsultinggroup.com,https://www.sunriseconsultinggroup.com
A00264,Horizon Consulting Group,9868 Washington Street,Phoenix,Arizona,85889,+1-200-209-0616,contact@horizonconsultinggroup.com,https://www.horizonconsultinggroup.com
A00265,Liberty Consulting Group,9905 Lake Avenue,Philadelphia,Pennsylvania,19024,+1-200-209-8535,contact@libertyconsultinggroup.com,https://www.libertyconsultinggroup.com
A00266,Prime Consulting Group,9942 Industrial Boulevard,San Antonio,Texas,78223,+1-200-210-6454,contact@primeconsultinggroup.com,https://www.primeconsultinggroup.com
A00267,United Consulting Group,9979 Park Road,San Diego,California,92140,+1-200-211-4373,contact@unitedconsultinggroup.com,https://www.unitedconsultinggroup.com
A00268,Metro Consulting Group,116 Center Street,Dallas,Texas,75257,+1-200-212-2292,contact@metroconsultinggroup.com,https://www.metroconsultinggroup.com
A00269,Vertex Consulting Group,153 Commerce Drive,San Jose,California,95174,+1-200-213-0211,contact@vertexconsultinggroup.com,https://www.vertexconsultinggroup.com
A00270,Apex Consulting Group,190 Main Street,Austin,Texas,73391,+1-200-213-8130,contact@apexconsultinggroup.com,https://www.apexconsultinggroup.com
A00271,Atlas Consulting Group,227 Market Street,Jacksonville,Florida,32206,+1-200-214-6049,contact@atlasconsultinggroup.com,https://www.atlasconsultinggroup.com
A00272,Nova Consulting Group,264 Oak Avenue,Seattle,Washington,98225,+1-200-215-3968,contact@novaconsultinggroup.com,https://www.novaconsultinggroup.com
A00273,Quantum Consulting Group,301 Maple Road,Denver,Colorado,80342,+1-200-216-1887,contact@quantumconsultinggroup.com,https://www.quantumconsultinggroup.com
A00274,Sterling Consulting Group,338 Washington Street,Boston,Massachusetts,02266,+1-200-216-9806,contact@sterlingconsultinggroup.com,https://www.sterlingconsultinggroup.com
A00275,Pacific Consulting Group,375 Lake Avenue,Atlanta,Georgia,30476,+1-200-217-7725,contact@pacificconsultinggroup.com,https://www.pacificconsultinggroup.com
A00276,Atlantic Consulting Group,412 Industrial Boulevard,Miami,Florida,33293,+1-200-218-5644,contact@atlanticconsultinggroup.com,https://www.atlanticconsultinggroup.com
A00277,Central Consulting Group,449 Park Road,Portland,Oregon,97410,+1-200-219-3563,contact@centralconsultinggroup.com,https://www.centralconsultinggroup.com
A00278,National Consulting Group,486 Center Street,Detroit,Michigan,48427,+1-200-220-1482,contact@nationalconsultinggroup.com,https://www.nationalconsultinggroup.com
A00279,Urban Consulting Group,523 Commerce Drive,Minneapolis,Minnesota,55644,+1-200-220-9401,contact@urbanconsultinggroup.com,https://www.urbanconsultinggroup.com
A00280,Northstar Financial Group,560 Main Street,New York,New York,10261,+1-200-221-7320,contact@northstarfinancialgroup.com,https://www.northstarfinancialgroup.com
A00281,Blue Horizon Financial Group,597 Market Street,Los Angeles,California,90278,+1-200-222-5239,contact@bluehorizonfinancialgroup.com,https://www.bluehorizonfinancialgroup.com
A00282,Evergreen Financial Group,634 Oak Avenue,Chicago,Illinois,60895,+1-200-223-3158,contact@evergreenfinancialgroup.com,https://www.evergreenfinancialgroup.com
A00283,Summit Financial Group,671 Maple Road,Houston,Texas,77312,+1-200-224-1077,contact@summitfinancialgroup.com,https://www.summitfinancialgroup.com
A00284,Pioneer Financial Group,708 Washington Street,Phoenix,Arizona,85329,+1-200-224-8996,contact@pioneerfinancialgroup.com,https://www.pioneerfinancialgroup.com
A00285,Crestview Financial Group,745 Lake Avenue,Philadelphia,Pennsylvania,19364,+1-200-225-6915,contact@crestviewfinancialgroup.com,https://www.crestviewfinancialgroup.com
A00286,Silverline Financial Group,782 Industrial Boulevard,San Antonio,Texas,78563,+1-200-226-4834,contact@silverlinefinancialgroup.com,https://www.silverlinefinancialgroup.com
A00287,Clearwater Financial Group,819 Park Road,San Diego,California,92480,+1-200-227-2753,contact@clearwaterfinancialgroup.com,https://www.clearwaterfinancialgroup.com
A00288,Redwood Financial Group,856 Center Street,Dallas,Texas,75597,+1-200-228-0672,contact@redwoodfinancialgroup.com,https://www.redwoodfinancialgroup.com
A00289,Brightway Financial Group,893 Commerce Drive,San Jose,California,95514,+1-200-228-8591,contact@brightwayfinancialgroup.com,https://www.brightwayfinancialgroup.com
A00290,Oakridge Financial Group,930 Main Street,Austin,Texas,73731,+1-200-229-6510,contact@oakridgefinancialgroup.com,https://www.oakridgefinancialgroup.com
A00291,Westfield Financial Group,967 Market Street,Jacksonville,Florida,32546,+1-200-230-4429,contact@westfieldfinancialgroup.com,https://www.westfieldfinancialgroup.com
A00292,Lakeside Financial Group,1004 Oak Avenue,Seattle,Washington,98565,+1-200-231-2348,contact@lakesidefinancialgroup.com,https://www.lakesidefinancialgroup.com
A00293,Grandview Financial Group,1041 Maple Road,Denver,Colorado,80682,+1-200-232-0267,contact@grandviewfinancialgroup.com,https://www.grandviewfinancialgroup.com
A00294,Riverside Financial Group,1078 Washington Street,Boston,Massachusetts,02606,+1-200-232-8186,contact@riversidefinancialgroup.com,https://www.riversidefinancialgroup.com
A00295,Stonebridge Financial Group,1115 Lake Avenue,Atlanta,Georgia,30816,+1-200-233-6105,contact@stonebridgefinancialgroup.com,https://www.stonebridgefinancialgroup.com
A00296,Highland Financial Group,1152 Industrial Boulevard,Miami,Florida,33633,+1-200-234-4024,contact@highlandfinancialgroup.com,https://www.highlandfinancialgroup.com
A00297,Golden Financial Group,1189 Park Road,Portland,Oregon,97750,+1-200-235-1943,contact@goldenfinancialgroup.com,https://www.goldenfinancialgroup.com
A00298,Maple Financial Group,1226 Center Street,Detroit,Michigan,48767,+1-200-235-9862,contact@maplefinancialgroup.com,https://www.maplefinancialgroup.com
A00299,Cedar Financial Group,1263 Commerce Drive,Minneapolis,Minnesota,55984,+1-200-236-7781,contact@cedarfinancialgroup.com,https://www.cedarfinancialgroup.com
A00300,Ironwood Financial Group,1300 Main Street,New York,New York,10601,+1-200-237-5700,contact@ironwoodfinancialgroup.com,https://www.ironwoodfinancialgroup.com
A00301,Greenfield Financial Group,1337 Market Street,Los Angeles,California,90618,+1-200-238-3619,contact@greenfieldfinancialgroup.com,https://www.greenfieldfinancialgroup.com
A00302,Brookside Financial Group,1374 Oak Avenue,Chicago,Illinois,61235,+1-200-239-1538,contact@brooksidefinancialgroup.com,https://www.brooksidefinancialgroup.com
A00303,Sunrise Financial Group,1411 Maple Road,Houston,Texas,77652,+1-200-239-9457,contact@sunrisefinancialgroup.com,https://www.sunrisefinancialgroup.com
A00304,Horizon Financial Group,1448 Washington Street,Phoenix,Arizona,85669,+1-200-240-7376,contact@horizonfinancialgroup.com,https://www.horizonfinancialgroup.com
A00305,Liberty Financial Group,1485 Lake Avenue,Philadelphia,Pennsylvania,19704,+1-200-241-5295,contact@libertyfinancialgroup.com,https://www.libertyfinancialgroup.com
A00306,Prime Financial Group,1522 Industrial Boulevard,San Antonio,Texas,78903,+1-200-242-3214,contact@primefinancialgroup.com,https://www.primefinancialgroup.com
A00307,United Financial Group,1559 Park Road,San Diego,California,92820,+1-200-243-1133,contact@unitedfinancialgroup.com,https://www.unitedfinancialgroup.com
A00308,Metro Financial Group,1596 Center Street,Dallas,Texas,75937,+1-200-243-9052,contact@metrofinancialgroup.com,https://www.metrofinancialgroup.com
A00309,Vertex Financial Group,1633 Commerce Drive,San Jose,California,95854,+1-200-244-6971,contact@vertexfinancialgroup.com,https://www.vertexfinancialgroup.com
A00310,Apex Financial Group,1670 Main Street,Austin,Texas,74071,+1-200-245-4890,contact@apexfinancialgroup.com,https://www.apexfinancialgroup.com
A00311,Atlas Financial Group,1707 Market Street,Jacksonville,Florida,32886,+1-200-246-2809,contact@atlasfinancialgroup.com,https://www.atlasfinancialgroup.com
A00312,Nova Financial Group,1744 Oak Avenue,Seattle,Washington,98905,+1-200-247-0728,contact@novafinancialgroup.com,https://www.novafinancialgroup.com
A00313,Quantum Financial Group,1781 Maple Road,Denver,Colorado,81022,+1-200-247-8647,contact@quantumfinancialgroup.com,https://www.quantumfinancialgroup.com
A00314,Sterling Financial Group,1818 Washington Street,Boston,Massachusetts,02946,+1-200-248-6566,contact@sterlingfinancialgroup.com,https://www.sterlingfinancialgroup.com
A00315,Pacific Financial Group,1855 Lake Avenue,Atlanta,Georgia,31156,+1-200-249-4485,contact@pacificfinancialgroup.com,https://www.pacificfinancialgroup.com
A00316,Atlantic Financial Group,1892 Industrial Boulevard,Miami,Florida,33973,+1-200-250-2404,contact@atlanticfinancialgroup.com,https://www.atlanticfinancialgroup.com
A00317,Central Financial Group,1929 Park Road,Portland,Oregon,98090,+1-200-251-0323,contact@centralfinancialgroup.com,https://www.centralfinancialgroup.com
A00318,National Financial Group,1966 Center Street,Detroit,Michigan,48207,+1-200-251-8242,contact@nationalfinancialgroup.com,https://www.nationalfinancialgroup.com
A00319,Urban Financial Group,2003 Commerce Drive,Minneapolis,Minnesota,55424,+1-200-252-6161,contact@urbanfinancialgroup.com,https://www.urbanfinancialgroup.com
A00320,Northstar Automotive Group,2040 Main Street,New York,New York,10041,+1-200-253-4080,contact@northstarautomotivegroup.com,https://www.northstarautomotivegroup.com
A00321,Blue Horizon Automotive Group,2077 Market Street,Los Angeles,California,90058,+1-200-254-1999,contact@bluehorizonautomotivegroup.com,https://www.bluehorizonautomotivegroup.com
A00322,Evergreen Automotive Group,2114 Oak Avenue,Chicago,Illinois,60675,+1-200-254-9918,contact@evergreenautomotivegroup.com,https://www.evergreenautomotivegroup.com
A00323,Summit Automotive Group,2151 Maple Road,Houston,Texas,77092,+1-200-255-7837,contact@summitautomotivegroup.com,https://www.summitautomotivegroup.com
A00324,Pioneer Automotive Group,2188 Washington Street,Phoenix,Arizona,85109,+1-200-256-5756,contact@pioneerautomotivegroup.com,https://www.pioneerautomotivegroup.com
A00325,Crestview Automotive Group,2225 Lake Avenue,Philadelphia,Pennsylvania,19144,+1-200-257-3675,contact@crestviewautomotivegroup.com,https://www.crestviewautomotivegroup.com
A00326,Silverline Automotive Group,2262 Industrial Boulevard,San Antonio,Texas,78343,+1-200-258-1594,contact@silverlineautomotivegroup.com,https://www.silverlineautomotivegroup.com
A00327,Clearwater Automotive Group,2299 Park Road,San Diego,California,92260,+1-200-258-9513,contact@clearwaterautomotivegroup.com,https://www.clearwaterautomotivegroup.com
A00328,Redwood Automotive Group,2336 Center Street,Dallas,Texas,75377,+1-200-259-7432,contact@redwoodautomotivegroup.com,https://www.redwoodautomotivegroup.com
A00329,Brightway Automotive Group,2373 Commerce Drive,San Jose,California,95294,+1-200-260-5351,contact@brightwayautomotivegroup.com,https://www.brightwayautomotivegroup.com
A00330,Oakridge Automotive Group,2410 Main Street,Austin,Texas,73511,+1-200-261-3270,contact@oakridgeautomotivegroup.com,https://www.oakridgeautomotivegroup.com
A00331,Westfield Automotive Group,2447 Market Street,Jacksonville,Florida,32326,+1-200-262-1189,contact@westfieldautomotivegroup.com,https://www.westfieldautomotivegroup.com
A00332,Lakeside Automotive Group,2484 Oak Avenue,Seattle,Washington,98345,+1-200-262-9108,contact@lakesideautomotivegroup.com,https://www.lakesideautomotivegroup.com
A00333,Grandview Automotive Group,2521 Maple Road,Denver,Colorado,80462,+1-200-263-7027,contact@grandviewautomotivegroup.com,https://www.grandviewautomotivegroup.com
A00334,Riverside Automotive Group,2558 Washington Street,Boston,Massachusetts,02386,+1-200-264-4946,contact@riversideautomotivegroup.com,https://www.riversideautomotivegroup.com
A00335,Stonebridge Automotive Group,2595 Lake Avenue,Atlanta,Georgia,30596,+1-200-265-2865,contact@stonebridgeautomotivegroup.com,https://www.stonebridgeautomotivegroup.com
A00336,Highland Automotive Group,2632 Industrial Boulevard,Miami,Florida,33413,+1-200-266-0784,contact@highlandautomotivegroup.com,https://www.highlandautomotivegroup.com
A00337,Golden Automotive Group,2669 Park Road,Portland,Oregon,97530,+1-200-266-8703,contact@goldenautomotivegroup.com,https://www.goldenautomotivegroup.com
A00338,Maple Automotive Group,2706 Center Street,Detroit,Michigan,48547,+1-200-267-6622,contact@mapleautomotivegroup.com,https://www.mapleautomotivegroup.com
A00339,Cedar Automotive Group,2743 Commerce Drive,Minneapolis,Minnesota,55764,+1-200-268-4541,contact@cedarautomotivegroup.com,https://www.cedarautomotivegroup.com
A00340,Ironwood Automotive Group,2780 Main Street,New York,New York,10381,+1-200-269-2460,contact@ironwoodautomotivegroup.com,https://www.ironwoodautomotivegroup.com
A00341,Greenfield Automotive Group,2817 Market Street,Los Angeles,California,90398,+1-200-270-0379,contact@greenfieldautomotivegroup.com,https://www.greenfieldautomotivegroup.com
A00342,Brookside Automotive Group,2854 Oak Avenue,Chicago,Illinois,61015,+1-200-270-8298,contact@brooksideautomotivegroup.com,https://www.brooksideautomotivegroup.com
A00343,Sunrise Automotive Group,2891 Maple Road,Houston,Texas,77432,+1-200-271-6217,contact@sunriseautomotivegroup.com,https://www.sunriseautomotivegroup.com
A00344,Horizon Automotive Group,2928 Washington Street,Phoenix,Arizona,85449,+1-200-272-4136,contact@horizonautomotivegroup.com,https://www.horizonautomotivegroup.com
A00345,Liberty Automotive Group,2965 Lake Avenue,Philadelphia,Pennsylvania,19484,+1-200-273-2055,contact@libertyautomotivegroup.com,https://www.libertyautomotivegroup.com
A00346,Prime Automotive Group,3002 Industrial Boulevard,San Antonio,Texas,78683,+1-200-273-9974,contact@primeautomotivegroup.com,https://www.primeautomotivegroup.com
A00347,United Automotive Group,3039 Park Road,San Diego,California,92600,+1-200-274-7893,contact@unitedautomotivegroup.com,https://www.unitedautomotivegroup.com
A00348,Metro Automotive Group,3076 Center Street,Dallas,Texas,75717,+1-200-275-5812,contact@metroautomotivegroup.com,https://www.metroautomotivegroup.com
A00349,Vertex Automotive Group,3113 Commerce Drive,San Jose,California,95634,+1-200-276-3731,contact@vertexautomotivegroup.com,https://www.vertexautomotivegroup.com
A00350,Apex Automotive Group,3150 Main Street,Austin,Texas,73851,+1-200-277-1650,contact@apexautomotivegroup.com,https://www.apexautomotivegroup.com
A00351,Atlas Automotive Group,3187 Market Street,Jacksonville,Florida,32666,+1-200-277-9569,contact@atlasautomotivegroup.com,https://www.atlasautomotivegroup.com
A00352,Nova Automotive Group,3224 Oak Avenue,Seattle,Washington,98685,+1-200-278-7488,contact@novaautomotivegroup.com,https://www.novaautomotivegroup.com
A00353,Quantum Automotive Group,3261 Maple Road,Denver,Colorado,80802,+1-200-279-5407,contact@quantumautomotivegroup.com,https://www.quantumautomotivegroup.com
A00354,Sterling Automotive Group,3298 Washington Street,Boston,Massachusetts,02726,+1-200-280-3326,contact@sterlingautomotivegroup.com,https://www.sterlingautomotivegroup.com
A00355,Pacific Automotive Group,3335 Lake Avenue,Atlanta,Georgia,30936,+1-200-281-1245,contact@pacificautomotivegroup.com,https://www.pacificautomotivegroup.com
A00356,Atlantic Automotive Group,3372 Industrial Boulevard,Miami,Florida,33753,+1-200-281-9164,contact@atlanticautomotivegroup.com,https://www.atlanticautomotivegroup.com
A00357,Central Automotive Group,3409 Park Road,Portland,Oregon,97870,+1-200-282-7083,contact@centralautomotivegroup.com,https://www.centralautomotivegroup.com
A00358,National Automotive Group,3446 Center Street,Detroit,Michigan,48887,+1-200-283-5002,contact@nationalautomotivegroup.com,https://www.nationalautomotivegroup.com
A00359,Urban Automotive Group,3483 Commerce Drive,Minneapolis,Minnesota,56104,+1-200-284-2921,contact@urbanautomotivegroup.com,https://www.urbanautomotivegroup.com
A00360,Northstar Manufacturing Group,3520 Main Street,New York,New York,10721,+1-200-285-0840,contact@northstarmanufacturinggroup.com,https://www.northstarmanufacturinggroup.com
A00361,Blue Horizon Manufacturing Group,3557 Market Street,Los Angeles,California,90738,+1-200-285-8759,contact@bluehorizonmanufacturinggroup.com,https://www.bluehorizonmanufacturinggroup.com
A00362,Evergreen Manufacturing Group,3594 Oak Avenue,Chicago,Illinois,61355,+1-200-286-6678,contact@evergreenmanufacturinggroup.com,https://www.evergreenmanufacturinggroup.com
A00363,Summit Manufacturing Group,3631 Maple Road,Houston,Texas,77772,+1-200-287-4597,contact@summitmanufacturinggroup.com,https://www.summitmanufacturinggroup.com
A00364,Pioneer Manufacturing Group,3668 Washington Street,Phoenix,Arizona,85789,+1-200-288-2516,contact@pioneermanufacturinggroup.com,https://www.pioneermanufacturinggroup.com
A00365,Crestview Manufacturing Group,3705 Lake Avenue,Philadelphia,Pennsylvania,19824,+1-200-289-0435,contact@crestviewmanufacturinggroup.com,https://www.crestviewmanufacturinggroup.com
A00366,Silverline Manufacturing Group,3742 Industrial Boulevard,San Antonio,Texas,79023,+1-200-289-8354,contact@silverlinemanufacturinggroup.com,https://www.silverlinemanufacturinggroup.com
A00367,Clearwater Manufacturing Group,3779 Park Road,San Diego,California,92940,+1-200-290-6273,contact@clearwatermanufacturinggroup.com,https://www.clearwatermanufacturinggroup.com
A00368,Redwood Manufacturing Group,3816 Center Street,Dallas,Texas,76057,+1-200-291-4192,contact@redwoodmanufacturinggroup.com,https://www.redwoodmanufacturinggroup.com
A00369,Brightway Manufacturing Group,3853 Commerce Drive,San Jose,California,95974,+1-200-292-2111,contact@brightwaymanufacturinggroup.com,https://www.brightwaymanufacturinggroup.com
A00370,Oakridge Manufacturing Group,3890 Main Street,Austin,Texas,74191,+1-200-293-0030,contact@oakridgemanufacturinggroup.com,https://www.oakridgemanufacturinggroup.com
A00371,Westfield Manufacturing Group,3927 Market Street,Jacksonville,Florida,32106,+1-200-293-7949,contact@westfieldmanufacturinggroup.com,https://www.westfieldmanufacturinggroup.com
A00372,Lakeside Manufacturing Group,3964 Oak Avenue,Seattle,Washington,98125,+1-200-294-5868,contact@lakesidemanufacturinggroup.com,https://www.lakesidemanufacturinggroup.com
A00373,Grandview Manufacturing Group,4001 Maple Road,Denver,Colorado,80242,+1-200-295-3787,contact@grandviewmanufacturinggroup.com,https://www.grandviewmanufacturinggroup.com
A00374,Riverside Manufacturing Group,4038 Washington Street,Boston,Massachusetts,02166,+1-200-296-1706,contact@riversidemanufacturinggroup.com,https://www.riversidemanufacturinggroup.com
A00375,Stonebridge Manufacturing Group,4075 Lake Avenue,Atlanta,Georgia,30376,+1-200-296-9625,contact@stonebridgemanufacturinggroup.com,https://www.stonebridgemanufacturinggroup.com
A00376,Highland Manufacturing Group,4112 Industrial Boulevard,Miami,Florida,33193,+1-200-297-7544,contact@highlandmanufacturinggroup.com,https://www.highlandmanufacturinggroup.com
A00377,Golden Manufacturing Group,4149 Park Road,Portland,Oregon,97310,+1-200-298-5463,contact@goldenmanufacturinggroup.com,https://www.goldenmanufacturinggroup.com
A00378,Maple Manufacturing Group,4186 Center Street,Detroit,Michigan,48327,+1-200-299-3382,contact@maplemanufacturinggroup.com,https://www.maplemanufacturinggroup.com
A00379,Cedar Manufacturing Group,4223 Commerce Drive,Minneapolis,Minnesota,55544,+1-200-300-1301,contact@cedarmanufacturinggroup.com,https://www.cedarmanufacturinggroup.com
A00380,Ironwood Manufacturing Group,4260 Main Street,New York,New York,10161,+1-200-300-9220,contact@ironwoodmanufacturinggroup.com,https://www.ironwoodmanufacturinggroup.com
A00381,Greenfield Manufacturing Group,4297 Market Street,Los Angeles,California,90178,+1-200-301-7139,contact@greenfieldmanufacturinggroup.com,https://www.greenfieldmanufacturinggroup.com
A00382,Brookside Manufacturing Group,4334 Oak Avenue,Chicago,Illinois,60795,+1-200-302-5058,contact@brooksidemanufacturinggroup.com,https://www.brooksidemanufacturinggroup.com
A00383,Sunrise Manufacturing Group,4371 Maple Road,Houston,Texas,77212,+1-200-303-2977,contact@sunrisemanufacturinggroup.com,https://www.sunrisemanufacturinggroup.com
A00384,Horizon Manufacturing Group,4408 Washington Street,Phoenix,Arizona,85229,+1-200-304-0896,contact@horizonmanufacturinggroup.com,https://www.horizonmanufacturinggroup.com
A00385,Liberty Manufacturing Group,4445 Lake Avenue,Philadelphia,Pennsylvania,19264,+1-200-304-8815,contact@libertymanufacturinggroup.com,https://www.libertymanufacturinggroup.com
A00386,Prime Manufacturing Group,4482 Industrial Boulevard,San Antonio,Texas,78463,+1-200-305-6734,contact@primemanufacturinggroup.com,https://www.primemanufacturinggroup.com
A00387,United Manufacturing Group,4519 Park Road,San Diego,California,92380,+1-200-306-4653,contact@unitedmanufacturinggroup.com,https://www.unitedmanufacturinggroup.com
A00388,Metro Manufacturing Group,4556 Center Street,Dallas,Texas,75497,+1-200-307-2572,contact@metromanufacturinggroup.com,https://www.metromanufacturinggroup.com
A00389,Vertex Manufacturing Group,4593 Commerce Drive,San Jose,California,95414,+1-200-308-0491,contact@vertexmanufacturinggroup.com,https://www.vertexmanufacturinggroup.com
A00390,Apex Manufacturing Group,4630 Main Street,Austin,Texas,73631,+1-200-308-8410,contact@apexmanufacturinggroup.com,https://www.apexmanufacturinggroup.com
A00391,Atlas Manufacturing Group,4667 Market Street,Jacksonville,Florida,32446,+1-200-309-6329,contact@atlasmanufacturinggroup.com,https://www.atlasmanufacturinggroup.com
A00392,Nova Manufacturing Group,4704 Oak Avenue,Seattle,Washington,98465,+1-200-310-4248,contact@novamanufacturinggroup.com,https://www.novamanufacturinggroup.com
A00393,Quantum Manufacturing Group,4741 Maple Road,Denver,Colorado,80582,+1-200-311-2167,contact@quantummanufacturinggroup.com,https://www.quantummanufacturinggroup.com
A00394,Sterling Manufacturing Group,4778 Washington Street,Boston,Massachusetts,02506,+1-200-312-0086,contact@sterlingmanufacturinggroup.com,https://www.sterlingmanufacturinggroup.com
A00395,Pacific Manufacturing Group,4815 Lake Avenue,Atlanta,Georgia,30716,+1-200-312-8005,contact@pacificmanufacturinggroup.com,https://www.pacificmanufacturinggroup.com
A00396,Atlantic Manufacturing Group,4852 Industrial Boulevard,Miami,Florida,33533,+1-200-313-5924,contact@atlanticmanufacturinggroup.com,https://www.atlanticmanufacturinggroup.com
A00397,Central Manufacturing Group,4889 Park Road,Portland,Oregon,97650,+1-200-314-3843,contact@centralmanufacturinggroup.com,https://www.centralmanufacturinggroup.com
A00398,National Manufacturing Group,4926 Center Street,Detroit,Michigan,48667,+1-200-315-1762,contact@nationalmanufacturinggroup.com,https://www.nationalmanufacturinggroup.com
A00399,Urban Manufacturing Group,4963 Commerce Drive,Minneapolis,Minnesota,55884,+1-200-315-9681,contact@urbanmanufacturinggroup.com,https://www.urbanmanufacturinggroup.com
A00400,Northstar Retail Group,5000 Main Street,New York,New York,10501,+1-200-316-7600,contact@northstarretailgroup.com,https://www.northstarretailgroup.com
A00401,Blue Horizon Retail Group,5037 Market Street,Los Angeles,California,90518,+1-200-317-5519,contact@bluehorizonretailgroup.com,https://www.bluehorizonretailgroup.com
A00402,Evergreen Retail Group,5074 Oak Avenue,Chicago,Illinois,61135,+1-200-318-3438,contact@evergreenretailgroup.com,https://www.evergreenretailgroup.com
A00403,Summit Retail Group,5111 Maple Road,Houston,Texas,77552,+1-200-319-1357,contact@summitretailgroup.com,https://www.summitretailgroup.com
A00404,Pioneer Retail Group,5148 Washington Street,Phoenix,Arizona,85569,+1-200-319-9276,contact@pioneerretailgroup.com,https://www.pioneerretailgroup.com
A00405,Crestview Retail Group,5185 Lake Avenue,Philadelphia,Pennsylvania,19604,+1-200-320-7195,contact@crestviewretailgroup.com,https://www.crestviewretailgroup.com
A00406,Silverline Retail Group,5222 Industrial Boulevard,San Antonio,Texas,78803,+1-200-321-5114,contact@silverlineretailgroup.com,https://www.silverlineretailgroup.com
A00407,Clearwater Retail Group,5259 Park Road,San Diego,California,92720,+1-200-322-3033,contact@clearwaterretailgroup.com,https://www.clearwaterretailgroup.com
A00408,Redwood Retail Group,5296 Center Street,Dallas,Texas,75837,+1-200-323-0952,contact@redwoodretailgroup.com,https://www.redwoodretailgroup.com
A00409,Brightway Retail Group,5333 Commerce Drive,San Jose,California,95754,+1-200-323-8871,contact@brightwayretailgroup.com,https://www.brightwayretailgroup.com
A00410,Oakridge Retail Group,5370 Main Street,Austin,Texas,73971,+1-200-324-6790,contact@oakridgeretailgroup.com,https://www.oakridgeretailgroup.com
A00411,Westfield Retail Group,5407 Market Street,Jacksonville,Florida,32786,+1-200-325-4709,contact@westfieldretailgroup.com,https://www.westfieldretailgroup.com
A00412,Lakeside Retail Group,5444 Oak Avenue,Seattle,Washington,98805,+1-200-326-2628,contact@lakesideretailgroup.com,https://www.lakesideretailgroup.com
A00413,Grandview Retail Group,5481 Maple Road,Denver,Colorado,80922,+1-200-327-0547,contact@grandviewretailgroup.com,https://www.grandviewretailgroup.com
A00414,Riverside Retail Group,5518 Washington Street,Boston,Massachusetts,02846,+1-200-327-8466,contact@riversideretailgroup.com,https://www.riversideretailgroup.com
A00415,Stonebridge Retail Group,5555 Lake Avenue,Atlanta,Georgia,31056,+1-200-328-6385,contact@stonebridgeretailgroup.com,https://www.stonebridgeretailgroup.com
A00416,Highland Retail Group,5592 Industrial Boulevard,Miami,Florida,33873,+1-200-329-4304,contact@highlandretailgroup.com,https://www.highlandretailgroup.com
A00417,Golden Retail Group,5629 Park Road,Portland,Oregon,97990,+1-200-330-2223,contact@goldenretailgroup.com,https://www.goldenretailgroup.com
A00418,Maple Retail Group,5666 Center Street,Detroit,Michigan,49007,+1-200-331-0142,contact@mapleretailgroup.com,https://www.mapleretailgroup.com
A00419,Cedar Retail Group,5703 Commerce Drive,Minneapolis,Minnesota,56224,+1-200-331-8061,contact@cedarretailgroup.com,https://www.cedarretailgroup.com
A00420,Ironwood Retail Group,5740 Main Street,New York,New York,10841,+1-200-332-5980,contact@ironwoodretailgroup.com,https://www.ironwoodretailgroup.com
A00421,Greenfield Retail Group,5777 Market Street,Los Angeles,California,90858,+1-200-333-3899,contact@greenfieldretailgroup.com,https://www.greenfieldretailgroup.com
A00422,Brookside Retail Group,5814 Oak Avenue,Chicago,Illinois,61475,+1-200-334-1818,contact@brooksideretailgroup.com,https://www.brooksideretailgroup.com
A00423,Sunrise Retail Group,5851 Maple Road,Houston,Texas,77892,+1-200-334-9737,contact@sunriseretailgroup.com,https://www.sunriseretailgroup.com
A00424,Horizon Retail Group,5888 Washington Street,Phoenix,Arizona,85009,+1-200-335-7656,contact@horizonretailgroup.com,https://www.horizonretailgroup.com
A00425,Liberty Retail Group,5925 Lake Avenue,Philadelphia,Pennsylvania,19044,+1-200-336-5575,contact@libertyretailgroup.com,https://www.libertyretailgroup.com
A00426,Prime Retail Group,5962 Industrial Boulevard,San Antonio,Texas,78243,+1-200-337-3494,contact@primeretailgroup.com,https://www.primeretailgroup.com
A00427,United Retail Group,5999 Park Road,San Diego,California,92160,+1-200-338-1413,contact@unitedretailgroup.com,https://www.unitedretailgroup.com
A00428,Metro Retail Group,6036 Center Street,Dallas,Texas,75277,+1-200-338-9332,contact@metroretailgroup.com,https://www.metroretailgroup.com
A00429,Vertex Retail Group,6073 Commerce Drive,San Jose,California,95194,+1-200-339-7251,contact@vertexretailgroup.com,https://www.vertexretailgroup.com
A00430,Apex Retail Group,6110 Main Street,Austin,Texas,73411,+1-200-340-5170,contact@apexretailgroup.com,https://www.apexretailgroup.com
A00431,Atlas Retail Group,6147 Market Street,Jacksonville,Florida,32226,+1-200-341-3089,contact@atlasretailgroup.com,https://www.atlasretailgroup.com
A00432,Nova Retail Group,6184 Oak Avenue,Seattle,Washington,98245,+1-200-342-1008,contact@novaretailgroup.com,https://www.novaretailgroup.com
A00433,Quantum Retail Group,6221 Maple Road,Denver,Colorado,80362,+1-200-342-8927,contact@quantumretailgroup.com,https://www.quantumretailgroup.com
A00434,Sterling Retail Group,6258 Washington Street,Boston,Massachusetts,02286,+1-200-343-6846,contact@sterlingretailgroup.com,https://www.sterlingretailgroup.com
A00435,Pacific Retail Group,6295 Lake Avenue,Atlanta,Georgia,30496,+1-200-344-4765,contact@pacificretailgroup.com,https://www.pacificretailgroup.com
A00436,Atlantic Retail Group,6332 Industrial Boulevard,Miami,Florida,33313,+1-200-345-2684,contact@atlanticretailgroup.com,https://www.atlanticretailgroup.com
A00437,Central Retail Group,6369 Park Road,Portland,Oregon,97430,+1-200-346-0603,contact@centralretailgroup.com,https://www.centralretailgroup.com
A00438,National Retail Group,6406 Center Street,Detroit,Michigan,48447,+1-200-346-8522,contact@nationalretailgroup.com,https://www.nationalretailgroup.com
A00439,Urban Retail Group,6443 Commerce Drive,Minneapolis,Minnesota,55664,+1-200-347-6441,contact@urbanretailgroup.com,https://www.urbanretailgroup.com
A00440,Northstar Pharmaceuticals Group,6480 Main Street,New York,New York,10281,+1-200-348-4360,contact@northstarpharmaceuticalsgroup.com,https://www.northstarpharmaceuticalsgroup.com
A00441,Blue Horizon Pharmaceuticals Group,6517 Market Street,Los Angeles,California,90298,+1-200-349-2279,contact@bluehorizonpharmaceuticalsgroup.com,https://www.bluehorizonpharmaceuticalsgroup.com
A00442,Evergreen Pharmaceuticals Group,6554 Oak Avenue,Chicago,Illinois,60915,+1-200-350-0198,contact@evergreenpharmaceuticalsgroup.com,https://www.evergreenpharmaceuticalsgroup.com
A00443,Summit Pharmaceuticals Group,6591 Maple Road,Houston,Texas,77332,+1-200-350-8117,contact@summitpharmaceuticalsgroup.com,https://www.summitpharmaceuticalsgroup.com
A00444,Pioneer Pharmaceuticals Group,6628 Washington Street,Phoenix,Arizona,85349,+1-200-351-6036,contact@pioneerpharmaceuticalsgroup.com,https://www.pioneerpharmaceuticalsgroup.com
A00445,Crestview Pharmaceuticals Group,6665 Lake Avenue,Philadelphia,Pennsylvania,19384,+1-200-352-3955,contact@crestviewpharmaceuticalsgroup.com,https://www.crestviewpharmaceuticalsgroup.com
A00446,Silverline Pharmaceuticals Group,6702 Industrial Boulevard,San Antonio,Texas,78583,+1-200-353-1874,contact@silverlinepharmaceuticalsgroup.com,https://www.silverlinepharmaceuticalsgroup.com
A00447,Clearwater Pharmaceuticals Group,6739 Park Road,San Diego,California,92500,+1-200-353-9793,contact@clearwaterpharmaceuticalsgroup.com,https://www.clearwaterpharmaceuticalsgroup.com
A00448,Redwood Pharmaceuticals Group,6776 Center Street,Dallas,Texas,75617,+1-200-354-7712,contact@redwoodpharmaceuticalsgroup.com,https://www.redwoodpharmaceuticalsgroup.com
A00449,Brightway Pharmaceuticals Group,6813 Commerce Drive,San Jose,California,95534,+1-200-355-5631,contact@brightwaypharmaceuticalsgroup.com,https://www.brightwaypharmaceuticalsgroup.com
A00450,Oakridge Pharmaceuticals Group,6850 Main Street,Austin,Texas,73751,+1-200-356-3550,contact@oakridgepharmaceuticalsgroup.com,https://www.oakridgepharmaceuticalsgroup.com
A00451,Westfield Pharmaceuticals Group,6887 Market Street,Jacksonville,Florida,32566,+1-200-357-1469,contact@westfieldpharmaceuticalsgroup.com,https://www.westfieldpharmaceuticalsgroup.com
A00452,Lakeside Pharmaceuticals Group,6924 Oak Avenue,Seattle,Washington,98585,+1-200-357-9388,contact@lakesidepharmaceuticalsgroup.com,https://www.lakesidepharmaceuticalsgroup.com
A00453,Grandview Pharmaceuticals Group,6961 Maple Road,Denver,Colorado,80702,+1-200-358-7307,contact@grandviewpharmaceuticalsgroup.com,https://www.grandviewpharmaceuticalsgroup.com
A00454,Riverside Pharmaceuticals Group,6998 Washington Street,Boston,Massachusetts,02626,+1-200-359-5226,contact@riversidepharmaceuticalsgroup.com,https://www.riversidepharmaceuticalsgroup.com
A00455,Stonebridge Pharmaceuticals Group,7035 Lake Avenue,Atlanta,Georgia,30836,+1-200-360-3145,contact@stonebridgepharmaceuticalsgroup.com,https://www.stonebridgepharmaceuticalsgroup.com
A00456,Highland Pharmaceuticals Group,7072 Industrial Boulevard,Miami,Florida,33653,+1-200-361-1064,contact@highlandpharmaceuticalsgroup.com,https://www.highlandpharmaceuticalsgroup.com
A00457,Golden Pharmaceuticals Group,7109 Park Road,Portland,Oregon,97770,+1-200-361-8983,contact@goldenpharmaceuticalsgroup.com,https://www.goldenpharmaceuticalsgroup.com
A00458,Maple Pharmaceuticals Group,7146 Center Street,Detroit,Michigan,48787,+1-200-362-6902,contact@maplepharmaceuticalsgroup.com,https://www.maplepharmaceuticalsgroup.com
A00459,Cedar Pharmaceuticals Group,7183 Commerce Drive,Minneapolis,Minnesota,56004,+1-200-363-4821,contact@cedarpharmaceuticalsgroup.com,https://www.cedarpharmaceuticalsgroup.com
A00460,Ironwood Pharmaceuticals Group,7220 Main Street,New York,New York,10621,+1-200-364-2740,contact@ironwoodpharmaceuticalsgroup.com,https://www.ironwoodpharmaceuticalsgroup.com
A00461,Greenfield Pharmaceuticals Group,7257 Market Street,Los Angeles,California,90638,+1-200-365-0659,contact@greenfieldpharmaceuticalsgroup.com,https://www.greenfieldpharmaceuticalsgroup.com
A00462,Brookside Pharmaceuticals Group,7294 Oak Avenue,Chicago,Illinois,61255,+1-200-365-8578,contact@brooksidepharmaceuticalsgroup.com,https://www.brooksidepharmaceuticalsgroup.com
A00463,Sunrise Pharmaceuticals Group,7331 Maple Road,Houston,Texas,77672,+1-200-366-6497,contact@sunrisepharmaceuticalsgroup.com,https://www.sunrisepharmaceuticalsgroup.com
A00464,Horizon Pharmaceuticals Group,7368 Washington Street,Phoenix,Arizona,85689,+1-200-367-4416,contact@horizonpharmaceuticalsgroup.com,https://www.horizonpharmaceuticalsgroup.com
A00465,Liberty Pharmaceuticals Group,7405 Lake Avenue,Philadelphia,Pennsylvania,19724,+1-200-368-2335,contact@libertypharmaceuticalsgroup.com,https://www.libertypharmaceuticalsgroup.com
A00466,Prime Pharmaceuticals Group,7442 Industrial Boulevard,San Antonio,Texas,78923,+1-200-369-0254,contact@primepharmaceuticalsgroup.com,https://www.primepharmaceuticalsgroup.com
A00467,United Pharmaceuticals Group,7479 Park Road,San Diego,California,92840,+1-200-369-8173,contact@unitedpharmaceuticalsgroup.com,https://www.unitedpharmaceuticalsgroup.com
A00468,Metro Pharmaceuticals Group,7516 Center Street,Dallas,Texas,75957,+1-200-370-6092,contact@metropharmaceuticalsgroup.com,https://www.metropharmaceuticalsgroup.com
A00469,Vertex Pharmaceuticals Group,7553 Commerce Drive,San Jose,California,95874,+1-200-371-4011,contact@vertexpharmaceuticalsgroup.com,https://www.vertexpharmaceuticalsgroup.com
A00470,Apex Pharmaceuticals Group,7590 Main Street,Austin,Texas,74091,+1-200-372-1930,contact@apexpharmaceuticalsgroup.com,https://www.apexpharmaceuticalsgroup.com
A00471,Atlas Pharmaceuticals Group,7627 Market Street,Jacksonville,Florida,32906,+1-200-372-9849,contact@atlaspharmaceuticalsgroup.com,https://www.atlaspharmaceuticalsgroup.com
A00472,Nova Pharmaceuticals Group,7664 Oak Avenue,Seattle,Washington,98925,+1-200-373-7768,contact@novapharmaceuticalsgroup.com,https://www.novapharmaceuticalsgroup.com
A00473,Quantum Pharmaceuticals Group,7701 Maple Road,Denver,Colorado,81042,+1-200-374-5687,contact@quantumpharmaceuticalsgroup.com,https://www.quantumpharmaceuticalsgroup.com
A00474,Sterling Pharmaceuticals Group,7738 Washington Street,Boston,Massachusetts,02966,+1-200-375-3606,contact@sterlingpharmaceuticalsgroup.com,https://www.sterlingpharmaceuticalsgroup.com
A00475,Pacific Pharmaceuticals Group,7775 Lake Avenue,Atlanta,Georgia,31176,+1-200-376-1525,contact@pacificpharmaceuticalsgroup.com,https://www.pacificpharmaceuticalsgroup.com
A00476,Atlantic Pharmaceuticals Group,7812 Industrial Boulevard,Miami,Florida,33993,+1-200-376-9444,contact@atlanticpharmaceuticalsgroup.com,https://www.atlanticpharmaceuticalsgroup.com
A00477,Central Pharmaceuticals Group,7849 Park Road,Portland,Oregon,97210,+1-200-377-7363,contact@centralpharmaceuticalsgroup.com,https://www.centralpharmaceuticalsgroup.com
A00478,National Pharmaceuticals Group,7886 Center Street,Detroit,Michigan,48227,+1-200-378-5282,contact@nationalpharmaceuticalsgroup.com,https://www.nationalpharmaceuticalsgroup.com
A00479,Urban Pharmaceuticals Group,7923 Commerce Drive,Minneapolis,Minnesota,55444,+1-200-379-3201,contact@urbanpharmaceuticalsgroup.com,https://www.urbanpharmaceuticalsgroup.com
A00480,Northstar Energy Group,7960 Main Street,New York,New York,10061,+1-200-380-1120,contact@northstarenergygroup.com,https://www.northstarenergygroup.com
A00481,Blue Horizon Energy Group,7997 Market Street,Los Angeles,California,90078,+1-200-380-9039,contact@bluehorizonenergygroup.com,https://www.bluehorizonenergygroup.com
A00482,Evergreen Energy Group,8034 Oak Avenue,Chicago,Illinois,60695,+1-200-381-6958,contact@evergreenenergygroup.com,https://www.evergreenenergygroup.com
A00483,Summit Energy Group,8071 Maple Road,Houston,Texas,77112,+1-200-382-4877,contact@summitenergygroup.com,https://www.summitenergygroup.com
A00484,Pioneer Energy Group,8108 Washington Street,Phoenix,Arizona,85129,+1-200-383-2796,contact@pioneerenergygroup.com,https://www.pioneerenergygroup.com
A00485,Crestview Energy Group,8145 Lake Avenue,Philadelphia,Pennsylvania,19164,+1-200-384-0715,contact@crestviewenergygroup.com,https://www.crestviewenergygroup.com
A00486,Silverline Energy Group,8182 Industrial Boulevard,San Antonio,Texas,78363,+1-200-384-8634,contact@silverlineenergygroup.com,https://www.silverlineenergygroup.com
A00487,Clearwater Energy Group,8219 Park Road,San Diego,California,92280,+1-200-385-6553,contact@clearwaterenergygroup.com,https://www.clearwaterenergygroup.com
A00488,Redwood Energy Group,8256 Center Street,Dallas,Texas,75397,+1-200-386-4472,contact@redwoodenergygroup.com,https://www.redwoodenergygroup.com
A00489,Brightway Energy Group,8293 Commerce Drive,San Jose,California,95314,+1-200-387-2391,contact@brightwayenergygroup.com,https://www.brightwayenergygroup.com
A00490,Oakridge Energy Group,8330 Main Street,Austin,Texas,73531,+1-200-388-0310,contact@oakridgeenergygroup.com,https://www.oakridgeenergygroup.com
A00491,Westfield Energy Group,8367 Market Street,Jacksonville,Florida,32346,+1-200-388-8229,contact@westfieldenergygroup.com,https://www.westfieldenergygroup.com
A00492,Lakeside Energy Group,8404 Oak Avenue,Seattle,Washington,98365,+1-200-389-6148,contact@lakesideenergygroup.com,https://www.lakesideenergygroup.com
A00493,Grandview Energy Group,8441 Maple Road,Denver,Colorado,80482,+1-200-390-4067,contact@grandviewenergygroup.com,https://www.grandviewenergygroup.com
A00494,Riverside Energy Group,8478 Washington Street,Boston,Massachusetts,02406,+1-200-391-1986,contact@riversideenergygroup.com,https://www.riversideenergygroup.com
A00495,Stonebridge Energy Group,8515 Lake Avenue,Atlanta,Georgia,30616,+1-200-391-9905,contact@stonebridgeenergygroup.com,https://www.stonebridgeenergygroup.com
A00496,Highland Energy Group,8552 Industrial Boulevard,Miami,Florida,33433,+1-200-392-7824,contact@highlandenergygroup.com,https://www.highlandenergygroup.com
A00497,Golden Energy Group,8589 Park Road,Portland,Oregon,97550,+1-200-393-5743,contact@goldenenergygroup.com,https://www.goldenenergygroup.com
A00498,Maple Energy Group,8626 Center Street,Detroit,Michigan,48567,+1-200-394-3662,contact@mapleenergygroup.com,https://www.mapleenergygroup.com
A00499,Cedar Energy Group,8663 Commerce Drive,Minneapolis,Minnesota,55784,+1-200-395-1581,contact@cedarenergygroup.com,https://www.cedarenergygroup.com
A00500,Ironwood Energy Group,8700 Main Street,New York,New York,10401,+1-200-395-9500,contact@ironwoodenergygroup.com,https://www.ironwoodenergygroup.com
A00501,Greenfield Energy Group,8737 Market Street,Los Angeles,California,90418,+1-200-396-7419,contact@greenfieldenergygroup.com,https://www.greenfieldenergygroup.com
A00502,Brookside Energy Group,8774 Oak Avenue,Chicago,Illinois,61035,+1-200-397-5338,contact@brooksideenergygroup.com,https://www.brooksideenergygroup.com
A00503,Sunrise Energy Group,8811 Maple Road,Houston,Texas,77452,+1-200-398-3257,contact@sunriseenergygroup.com,https://www.sunriseenergygroup.com
A00504,Horizon Energy Group,8848 Washington Street,Phoenix,Arizona,85469,+1-200-399-1176,contact@horizonenergygroup.com,https://www.horizonenergygroup.com
A00505,Liberty Energy Group,8885 Lake Avenue,Philadelphia,Pennsylvania,19504,+1-200-399-9095,contact@libertyenergygroup.com,https://www.libertyenergygroup.com
A00506,Prime Energy Group,8922 Industrial Boulevard,San Antonio,Texas,78703,+1-200-400-7014,contact@primeenergygroup.com,https://www.primeenergygroup.com
A00507,United Energy Group,8959 Park Road,San Diego,California,92620,+1-200-401-4933,contact@unitedenergygroup.com,https://www.unitedenergygroup.com
A00508,Metro Energy Group,8996 Center Street,Dallas,Texas,75737,+1-200-402-2852,contact@metroenergygroup.com,https://www.metroenergygroup.com
A00509,Vertex Energy Group,9033 Commerce Drive,San Jose,California,95654,+1-200-403-0771,contact@vertexenergygroup.com,https://www.vertexenergygroup.com
A00510,Apex Energy Group,9070 Main Street,Austin,Texas,73871,+1-200-403-8690,contact@apexenergygroup.com,https://www.apexenergygroup.com
A00511,Atlas Energy Group,9107 Market Street,Jacksonville,Florida,32686,+1-200-404-6609,contact@atlasenergygroup.com,https://www.atlasenergygroup.com
A00512,Nova Energy Group,9144 Oak Avenue,Seattle,Washington,98705,+1-200-405-4528,contact@novaenergygroup.com,https://www.novaenergygroup.com
A00513,Quantum Energy Group,9181 Maple Road,Denver,Colorado,80822,+1-200-406-2447,contact@quantumenergygroup.com,https://www.quantumenergygroup.com
A00514,Sterling Energy Group,9218 Washington Street,Boston,Massachusetts,02746,+1-200-407-0366,contact@sterlingenergygroup.com,https://www.sterlingenergygroup.com
A00515,Pacific Energy Group,9255 Lake Avenue,Atlanta,Georgia,30956,+1-200-407-8285,contact@pacificenergygroup.com,https://www.pacificenergygroup.com
A00516,Atlantic Energy Group,9292 Industrial Boulevard,Miami,Florida,33773,+1-200-408-6204,contact@atlanticenergygroup.com,https://www.atlanticenergygroup.com
A00517,Central Energy Group,9329 Park Road,Portland,Oregon,97890,+1-200-409-4123,contact@centralenergygroup.com,https://www.centralenergygroup.com
A00518,National Energy Group,9366 Center Street,Detroit,Michigan,48907,+1-200-410-2042,contact@nationalenergygroup.com,https://www.nationalenergygroup.com
A00519,Urban Energy Group,9403 Commerce Drive,Minneapolis,Minnesota,56124,+1-200-410-9961,contact@urbanenergygroup.com,https://www.urbanenergygroup.com
A00520,Northstar Construction Group,9440 Main Street,New York,New York,10741,+1-200-411-7880,contact@northstarconstructiongroup.com,https://www.northstarconstructiongroup.com
A00521,Blue Horizon Construction Group,9477 Market Street,Los Angeles,California,90758,+1-200-412-5799,contact@bluehorizonconstructiongroup.com,https://www.bluehorizonconstructiongroup.com
A00522,Evergreen Construction Group,9514 Oak Avenue,Chicago,Illinois,61375,+1-200-413-3718,contact@evergreenconstructiongroup.com,https://www.evergreenconstructiongroup.com
A00523,Summit Construction Group,9551 Maple Road,Houston,Texas,77792,+1-200-414-1637,contact@summitconstructiongroup.com,https://www.summitconstructiongroup.com
A00524,Pioneer Construction Group,9588 Washington Street,Phoenix,Arizona,85809,+1-200-414-9556,contact@pioneerconstructiongroup.com,https://www.pioneerconstructiongroup.com
A00525,Crestview Construction Group,9625 Lake Avenue,Philadelphia,Pennsylvania,19844,+1-200-415-7475,contact@crestviewconstructiongroup.com,https://www.crestviewconstructiongroup.com
A00526,Silverline Construction Group,9662 Industrial Boulevard,San Antonio,Texas,79043,+1-200-416-5394,contact@silverlineconstructiongroup.com,https://www.silverlineconstructiongroup.com
A00527,Clearwater Construction Group,9699 Park Road,San Diego,California,92960,+1-200-417-3313,contact@clearwaterconstructiongroup.com,https://www.clearwaterconstructiongroup.com
A00528,Redwood Construction Group,9736 Center Street,Dallas,Texas,76077,+1-200-418-1232,contact@redwoodconstructiongroup.com,https://www.redwoodconstructiongroup.com
A00529,Brightway Construction Group,9773 Commerce Drive,San Jose,California,95994,+1-200-418-9151,contact@brightwayconstructiongroup.com,https://www.brightwayconstructiongroup.com
A00530,Oakridge Construction Group,9810 Main Street,Austin,Texas,73311,+1-200-419-7070,contact@oakridgeconstructiongroup.com,https://www.oakridgeconstructiongroup.com
A00531,Westfield Construction Group,9847 Market Street,Jacksonville,Florida,32126,+1-200-420-4989,contact@westfieldconstructiongroup.com,https://www.westfieldconstructiongroup.com
A00532,Lakeside Construction Group,9884 Oak Avenue,Seattle,Washington,98145,+1-200-421-2908,contact@lakesideconstructiongroup.com,https://www.lakesideconstructiongroup.com
A00533,Grandview Construction Group,9921 Maple Road,Denver,Colorado,80262,+1-200-422-0827,contact@grandviewconstructiongroup.com,https://www.grandviewconstructiongroup.com
A00534,Riverside Construction Group,9958 Washington Street,Boston,Massachusetts,02186,+1-200-422-8746,contact@riversideconstructiongroup.com,https://www.riversideconstructiongroup.com
A00535,Stonebridge Construction Group,9995 Lake Avenue,Atlanta,Georgia,30396,+1-200-423-6665,contact@stonebridgeconstructiongroup.com,https://www.stonebridgeconstructiongroup.com
A00536,Highland Construction Group,132 Industrial Boulevard,Miami,Florida,33213,+1-200-424-4584,contact@highlandconstructiongroup.com,https://www.highlandconstructiongroup.com
A00537,Golden Construction Group,169 Park Road,Portland,Oregon,97330,+1-200-425-2503,contact@goldenconstructiongroup.com,https://www.goldenconstructiongroup.com
A00538,Maple Construction Group,206 Center Street,Detroit,Michigan,48347,+1-200-426-0422,contact@mapleconstructiongroup.com,https://www.mapleconstructiongroup.com
A00539,Cedar Construction Group,243 Commerce Drive,Minneapolis,Minnesota,55564,+1-200-426-8341,contact@cedarconstructiongroup.com,https://www.cedarconstructiongroup.com
A00540,Ironwood Construction Group,280 Main Street,New York,New York,10181,+1-200-427-6260,contact@ironwoodconstructiongroup.com,https://www.ironwoodconstructiongroup.com
A00541,Greenfield Construction Group,317 Market Street,Los Angeles,California,90198,+1-200-428-4179,contact@greenfieldconstructiongroup.com,https://www.greenfieldconstructiongroup.com
A00542,Brookside Construction Group,354 Oak Avenue,Chicago,Illinois,60815,+1-200-429-2098,contact@brooksideconstructiongroup.com,https://www.brooksideconstructiongroup.com
A00543,Sunrise Construction Group,391 Maple Road,Houston,Texas,77232,+1-200-430-0017,contact@sunriseconstructiongroup.com,https://www.sunriseconstructiongroup.com
A00544,Horizon Construction Group,428 Washington Street,Phoenix,Arizona,85249,+1-200-430-7936,contact@horizonconstructiongroup.com,https://www.horizonconstructiongroup.com
A00545,Liberty Construction Group,465 Lake Avenue,Philadelphia,Pennsylvania,19284,+1-200-431-5855,contact@libertyconstructiongroup.com,https://www.libertyconstructiongroup.com
A00546,Prime Construction Group,502 Industrial Boulevard,San Antonio,Texas,78483,+1-200-432-3774,contact@primeconstructiongroup.com,https://www.primeconstructiongroup.com
A00547,United Construction Group,539 Park Road,San Diego,California,92400,+1-200-433-1693,contact@unitedconstructiongroup.com,https://www.unitedconstructiongroup.com
A00548,Metro Construction Group,576 Center Street,Dallas,Texas,75517,+1-200-433-9612,contact@metroconstructiongroup.com,https://www.metroconstructiongroup.com
A00549,Vertex Construction Group,613 Commerce Drive,San Jose,California,95434,+1-200-434-7531,contact@vertexconstructiongroup.com,https://www.vertexconstructiongroup.com
A00550,Apex Construction Group,650 Main Street,Austin,Texas,73651,+1-200-435-5450,contact@apexconstructiongroup.com,https://www.apexconstructiongroup.com
A00551,Atlas Construction Group,687 Market Street,Jacksonville,Florida,32466,+1-200-436-3369,contact@atlasconstructiongroup.com,https://www.atlasconstructiongroup.com
A00552,Nova Construction Group,724 Oak Avenue,Seattle,Washington,98485,+1-200-437-1288,contact@novaconstructiongroup.com,https://www.novaconstructiongroup.com
A00553,Quantum Construction Group,761 Maple Road,Denver,Colorado,80602,+1-200-437-9207,contact@quantumconstructiongroup.com,https://www.quantumconstructiongroup.com
A00554,Sterling Construction Group,798 Washington Street,Boston,Massachusetts,02526,+1-200-438-7126,contact@sterlingconstructiongroup.com,https://www.sterlingconstructiongroup.com
A00555,Pacific Construction Group,835 Lake Avenue,Atlanta,Georgia,30736,+1-200-439-5045,contact@pacificconstructiongroup.com,https://www.pacificconstructiongroup.com
A00556,Atlantic Construction Group,872 Industrial Boulevard,Miami,Florida,33553,+1-200-440-2964,contact@atlanticconstructiongroup.com,https://www.atlanticconstructiongroup.com
A00557,Central Construction Group,909 Park Road,Portland,Oregon,97670,+1-200-441-0883,contact@centralconstructiongroup.com,https://www.centralconstructiongroup.com
A00558,National Construction Group,946 Center Street,Detroit,Michigan,48687,+1-200-441-8802,contact@nationalconstructiongroup.com,https://www.nationalconstructiongroup.com
A00559,Urban Construction Group,983 Commerce Drive,Minneapolis,Minnesota,55904,+1-200-442-6721,contact@urbanconstructiongroup.com,https://www.urbanconstructiongroup.com
A00560,Northstar Engineering Group,1020 Main Street,New York,New York,10521,+1-200-443-4640,contact@northstarengineeringgroup.com,https://www.northstarengineeringgroup.com
A00561,Blue Horizon Engineering Group,1057 Market Street,Los Angeles,California,90538,+1-200-444-2559,contact@bluehorizonengineeringgroup.com,https://www.bluehorizonengineeringgroup.com
A00562,Evergreen Engineering Group,1094 Oak Avenue,Chicago,Illinois,61155,+1-200-445-0478,contact@evergreenengineeringgroup.com,https://www.evergreenengineeringgroup.com
A00563,Summit Engineering Group,1131 Maple Road,Houston,Texas,77572,+1-200-445-8397,contact@summitengineeringgroup.com,https://www.summitengineeringgroup.com
A00564,Pioneer Engineering Group,1168 Washington Street,Phoenix,Arizona,85589,+1-200-446-6316,contact@pioneerengineeringgroup.com,https://www.pioneerengineeringgroup.com
A00565,Crestview Engineering Group,1205 Lake Avenue,Philadelphia,Pennsylvania,19624,+1-200-447-4235,contact@crestviewengineeringgroup.com,https://www.crestviewengineeringgroup.com
A00566,Silverline Engineering Group,1242 Industrial Boulevard,San Antonio,Texas,78823,+1-200-448-2154,contact@silverlineengineeringgroup.com,https://www.silverlineengineeringgroup.com
A00567,Clearwater Engineering Group,1279 Park Road,San Diego,California,92740,+1-200-449-0073,contact@clearwaterengineeringgroup.com,https://www.clearwaterengineeringgroup.com
A00568,Redwood Engineering Group,1316 Center Street,Dallas,Texas,75857,+1-200-449-7992,contact@redwoodengineeringgroup.com,https://www.redwoodengineeringgroup.com
A00569,Brightway Engineering Group,1353 Commerce Drive,San Jose,California,95774,+1-200-450-5911,contact@brightwayengineeringgroup.com,https://www.brightwayengineeringgroup.com
A00570,Oakridge Engineering Group,1390 Main Street,Austin,Texas,73991,+1-200-451-3830,contact@oakridgeengineeringgroup.com,https://www.oakridgeengineeringgroup.com
A00571,Westfield Engineering Group,1427 Market Street,Jacksonville,Florida,32806,+1-200-452-1749,contact@westfieldengineeringgroup.com,https://www.westfieldengineeringgroup.com
A00572,Lakeside Engineering Group,1464 Oak Avenue,Seattle,Washington,98825,+1-200-452-9668,contact@lakesideengineeringgroup.com,https://www.lakesideengineeringgroup.com
A00573,Grandview Engineering Group,1501 Maple Road,Denver,Colorado,80942,+1-200-453-7587,contact@grandviewengineeringgroup.com,https://www.grandviewengineeringgroup.com
A00574,Riverside Engineering Group,1538 Washington Street,Boston,Massachusetts,02866,+1-200-454-5506,contact@riversideengineeringgroup.com,https://www.riversideengineeringgroup.com
A00575,Stonebridge Engineering Group,1575 Lake Avenue,Atlanta,Georgia,31076,+1-200-455-3425,contact@stonebridgeengineeringgroup.com,https://www.stonebridgeengineeringgroup.com
A00576,Highland Engineering Group,1612 Industrial Boulevard,Miami,Florida,33893,+1-200-456-1344,contact@highlandengineeringgroup.com,https://www.highlandengineeringgroup.com
A00577,Golden Engineering Group,1649 Park Road,Portland,Oregon,98010,+1-200-456-9263,contact@goldenengineeringgroup.com,https://www.goldenengineeringgroup.com
A00578,Maple Engineering Group,1686 Center Street,Detroit,Michigan,49027,+1-200-457-7182,contact@mapleengineeringgroup.com,https://www.mapleengineeringgroup.com
A00579,Cedar Engineering Group,1723 Commerce Drive,Minneapolis,Minnesota,56244,+1-200-458-5101,contact@cedarengineeringgroup.com,https://www.cedarengineeringgroup.com
A00580,Ironwood Engineering Group,1760 Main Street,New York,New York,10861,+1-200-459-3020,contact@ironwoodengineeringgroup.com,https://www.ironwoodengineeringgroup.com
A00581,Greenfield Engineering Group,1797 Market Street,Los Angeles,California,90878,+1-200-460-0939,contact@greenfieldengineeringgroup.com,https://www.greenfieldengineeringgroup.com
A00582,Brookside Engineering Group,1834 Oak Avenue,Chicago,Illinois,61495,+1-200-460-8858,contact@brooksideengineeringgroup.com,https://www.brooksideengineeringgroup.com
A00583,Sunrise Engineering Group,1871 Maple Road,Houston,Texas,77012,+1-200-461-6777,contact@sunriseengineeringgroup.com,https://www.sunriseengineeringgroup.com
A00584,Horizon Engineering Group,1908 Washington Street,Phoenix,Arizona,85029,+1-200-462-4696,contact@horizonengineeringgroup.com,https://www.horizonengineeringgroup.com
A00585,Liberty Engineering Group,1945 Lake Avenue,Philadelphia,Pennsylvania,19064,+1-200-463-2615,contact@libertyengineeringgroup.com,https://www.libertyengineeringgroup.com
A00586,Prime Engineering Group,1982 Industrial Boulevard,San Antonio,Texas,78263,+1-200-464-0534,contact@primeengineeringgroup.com,https://www.primeengineeringgroup.com
A00587,United Engineering Group,2019 Park Road,San Diego,California,92180,+1-200-464-8453,contact@unitedengineeringgroup.com,https://www.unitedengineeringgroup.com
A00588,Metro Engineering Group,2056 Center Street,Dallas,Texas,75297,+1-200-465-6372,contact@metroengineeringgroup.com,https://www.metroengineeringgroup.com
A00589,Vertex Engineering Group,2093 Commerce Drive,San Jose,California,95214,+1-200-466-4291,contact@vertexengineeringgroup.com,https://www.vertexengineeringgroup.com
A00590,Apex Engineering Group,2130 Main Street,Austin,Texas,73431,+1-200-467-2210,contact@apexengineeringgroup.com,https://www.apexengineeringgroup.com
A00591,Atlas Engineering Group,2167 Market Street,Jacksonville,Florida,32246,+1-200-468-0129,contact@atlasengineeringgroup.com,https://www.atlasengineeringgroup.com
A00592,Nova Engineering Group,2204 Oak Avenue,Seattle,Washington,98265,+1-200-468-8048,contact@novaengineeringgroup.com,https://www.novaengineeringgroup.com
A00593,Quantum Engineering Group,2241 Maple Road,Denver,Colorado,80382,+1-200-469-5967,contact@quantumengineeringgroup.com,https://www.quantumengineeringgroup.com
A00594,Sterling Engineering Group,2278 Washington Street,Boston,Massachusetts,02306,+1-200-470-3886,contact@sterlingengineeringgroup.com,https://www.sterlingengineeringgroup.com
A00595,Pacific Engineering Group,2315 Lake Avenue,Atlanta,Georgia,30516,+1-200-471-1805,contact@pacificengineeringgroup.com,https://www.pacificengineeringgroup.com
A00596,Atlantic Engineering Group,2352 Industrial Boulevard,Miami,Florida,33333,+1-200-471-9724,contact@atlanticengineeringgroup.com,https://www.atlanticengineeringgroup.com
A00597,Central Engineering Group,2389 Park Road,Portland,Oregon,97450,+1-200-472-7643,contact@centralengineeringgroup.com,https://www.centralengineeringgroup.com
A00598,National Engineering Group,2426 Center Street,Detroit,Michigan,48467,+1-200-473-5562,contact@nationalengineeringgroup.com,https://www.nationalengineeringgroup.com
A00599,Urban Engineering Group,2463 Commerce Drive,Minneapolis,Minnesota,55684,+1-200-474-3481,contact@urbanengineeringgroup.com,https://www.urbanengineeringgroup.com
A00600,Northstar Marketing Group,2500 Main Street,New York,New York,10301,+1-200-475-1400,contact@northstarmarketinggroup.com,https://www.northstarmarketinggroup.com
A00601,Blue Horizon Marketing Group,2537 Market Street,Los Angeles,California,90318,+1-200-475-9319,contact@bluehorizonmarketinggroup.com,https://www.bluehorizonmarketinggroup.com
A00602,Evergreen Marketing Group,2574 Oak Avenue,Chicago,Illinois,60935,+1-200-476-7238,contact@evergreenmarketinggroup.com,https://www.evergreenmarketinggroup.com
A00603,Summit Marketing Group,2611 Maple Road,Houston,Texas,77352,+1-200-477-5157,contact@summitmarketinggroup.com,https://www.summitmarketinggroup.com
A00604,Pioneer Marketing Group,2648 Washington Street,Phoenix,Arizona,85369,+1-200-478-3076,contact@pioneermarketinggroup.com,https://www.pioneermarketinggroup.com
A00605,Crestview Marketing Group,2685 Lake Avenue,Philadelphia,Pennsylvania,19404,+1-200-479-0995,contact@crestviewmarketinggroup.com,https://www.crestviewmarketinggroup.com
A00606,Silverline Marketing Group,2722 Industrial Boulevard,San Antonio,Texas,78603,+1-200-479-8914,contact@silverlinemarketinggroup.com,https://www.silverlinemarketinggroup.com
A00607,Clearwater Marketing Group,2759 Park Road,San Diego,California,92520,+1-200-480-6833,contact@clearwatermarketinggroup.com,https://www.clearwatermarketinggroup.com
A00608,Redwood Marketing Group,2796 Center Street,Dallas,Texas,75637,+1-200-481-4752,contact@redwoodmarketinggroup.com,https://www.redwoodmarketinggroup.com
A00609,Brightway Marketing Group,2833 Commerce Drive,San Jose,California,95554,+1-200-482-2671,contact@brightwaymarketinggroup.com,https://www.brightwaymarketinggroup.com
A00610,Oakridge Marketing Group,2870 Main Street,Austin,Texas,73771,+1-200-483-0590,contact@oakridgemarketinggroup.com,https://www.oakridgemarketinggroup.com
A00611,Westfield Marketing Group,2907 Market Street,Jacksonville,Florida,32586,+1-200-483-8509,contact@westfieldmarketinggroup.com,https://www.westfieldmarketinggroup.com
A00612,Lakeside Marketing Group,2944 Oak Avenue,Seattle,Washington,98605,+1-200-484-6428,contact@lakesidemarketinggroup.com,https://www.lakesidemarketinggroup.com
A00613,Grandview Marketing Group,2981 Maple Road,Denver,Colorado,80722,+1-200-485-4347,contact@grandviewmarketinggroup.com,https://www.grandviewmarketinggroup.com
A00614,Riverside Marketing Group,3018 Washington Street,Boston,Massachusetts,02646,+1-200-486-2266,contact@riversidemarketinggroup.com,https://www.riversidemarketinggroup.com
A00615,Stonebridge Marketing Group,3055 Lake Avenue,Atlanta,Georgia,30856,+1-200-487-0185,contact@stonebridgemarketinggroup.com,https://www.stonebridgemarketinggroup.com
A00616,Highland Marketing Group,3092 Industrial Boulevard,Miami,Florida,33673,+1-200-487-8104,contact@highlandmarketinggroup.com,https://www.highlandmarketinggroup.com
A00617,Golden Marketing Group,3129 Park Road,Portland,Oregon,97790,+1-200-488-6023,contact@goldenmarketinggroup.com,https://www.goldenmarketinggroup.com
A00618,Maple Marketing Group,3166 Center Street,Detroit,Michigan,48807,+1-200-489-3942,contact@maplemarketinggroup.com,https://www.maplemarketinggroup.com
A00619,Cedar Marketing Group,3203 Commerce Drive,Minneapolis,Minnesota,56024,+1-200-490-1861,contact@cedarmarketinggroup.com,https://www.cedarmarketinggroup.com
A00620,Ironwood Marketing Group,3240 Main Street,New York,New York,10641,+1-200-490-9780,contact@ironwoodmarketinggroup.com,https://www.ironwoodmarketinggroup.com
A00621,Greenfield Marketing Group,3277 Market Street,Los Angeles,California,90658,+1-200-491-7699,contact@greenfieldmarketinggroup.com,https://www.greenfieldmarketinggroup.com
A00622,Brookside Marketing Group,3314 Oak Avenue,Chicago,Illinois,61275,+1-200-492-5618,contact@brooksidemarketinggroup.com,https://www.brooksidemarketinggroup.com
A00623,Sunrise Marketing Group,3351 Maple Road,Houston,Texas,77692,+1-200-493-3537,contact@sunrisemarketinggroup.com,https://www.sunrisemarketinggroup.com
A00624,Horizon Marketing Group,3388 Washington Street,Phoenix,Arizona,85709,+1-200-494-1456,contact@horizonmarketinggroup.com,https://www.horizonmarketinggroup.com
A00625,Liberty Marketing Group,3425 Lake Avenue,Philadelphia,Pennsylvania,19744,+1-200-494-9375,contact@libertymarketinggroup.com,https://www.libertymarketinggroup.com
A00626,Prime Marketing Group,3462 Industrial Boulevard,San Antonio,Texas,78943,+1-200-495-7294,contact@primemarketinggroup.com,https://www.primemarketinggroup.com
A00627,United Marketing Group,3499 Park Road,San Diego,California,92860,+1-200-496-5213,contact@unitedmarketinggroup.com,https://www.unitedmarketinggroup.com
A00628,Metro Marketing Group,3536 Center Street,Dallas,Texas,75977,+1-200-497-3132,contact@metromarketinggroup.com,https://www.metromarketinggroup.com
A00629,Vertex Marketing Group,3573 Commerce Drive,San Jose,California,95894,+1-200-498-1051,contact@vertexmarketinggroup.com,https://www.vertexmarketinggroup.com
A00630,Apex Marketing Group,3610 Main Street,Austin,Texas,74111,+1-200-498-8970,contact@apexmarketinggroup.com,https://www.apexmarketinggroup.com
A00631,Atlas Marketing Group,3647 Market Street,Jacksonville,Florida,32926,+1-200-499-6889,contact@atlasmarketinggroup.com,https://www.atlasmarketinggroup.com
A00632,Nova Marketing Group,3684 Oak Avenue,Seattle,Washington,98945,+1-200-500-4808,contact@novamarketinggroup.com,https://www.novamarketinggroup.com
A00633,Quantum Marketing Group,3721 Maple Road,Denver,Colorado,81062,+1-200-501-2727,contact@quantummarketinggroup.com,https://www.quantummarketinggroup.com
A00634,Sterling Marketing Group,3758 Washington Street,Boston,Massachusetts,02986,+1-200-502-0646,contact@sterlingmarketinggroup.com,https://www.sterlingmarketinggroup.com
A00635,Pacific Marketing Group,3795 Lake Avenue,Atlanta,Georgia,31196,+1-200-502-8565,contact@pacificmarketinggroup.com,https://www.pacificmarketinggroup.com
A00636,Atlantic Marketing Group,3832 Industrial Boulevard,Miami,Florida,33113,+1-200-503-6484,contact@atlanticmarketinggroup.com,https://www.atlanticmarketinggroup.com
A00637,Central Marketing Group,3869 Park Road,Portland,Oregon,97230,+1-200-504-4403,contact@centralmarketinggroup.com,https://www.centralmarketinggroup.com
A00638,National Marketing Group,3906 Center Street,Detroit,Michigan,48247,+1-200-505-2322,contact@nationalmarketinggroup.com,https://www.nationalmarketinggroup.com
A00639,Urban Marketing Group,3943 Commerce Drive,Minneapolis,Minnesota,55464,+1-200-506-0241,contact@urbanmarketinggroup.com,https://www.urbanmarketinggroup.com
A00640,Northstar Security Group,3980 Main Street,New York,New York,10081,+1-200-506-8160,contact@northstarsecuritygroup.com,https://www.northstarsecuritygroup.com
A00641,Blue Horizon Security Group,4017 Market Street,Los Angeles,California,90098,+1-200-507-6079,contact@bluehorizonsecuritygroup.com,https://www.bluehorizonsecuritygroup.com
A00642,Evergreen Security Group,4054 Oak Avenue,Chicago,Illinois,60715,+1-200-508-3998,contact@evergreensecuritygroup.com,https://www.evergreensecuritygroup.com
A00643,Summit Security Group,4091 Maple Road,Houston,Texas,77132,+1-200-509-1917,contact@summitsecuritygroup.com,https://www.summitsecuritygroup.com
A00644,Pioneer Security Group,4128 Washington Street,Phoenix,Arizona,85149,+1-200-509-9836,contact@pioneersecuritygroup.com,https://www.pioneersecuritygroup.com
A00645,Crestview Security Group,4165 Lake Avenue,Philadelphia,Pennsylvania,19184,+1-200-510-7755,contact@crestviewsecuritygroup.com,https://www.crestviewsecuritygroup.com
A00646,Silverline Security Group,4202 Industrial Boulevard,San Antonio,Texas,78383,+1-200-511-5674,contact@silverlinesecuritygroup.com,https://www.silverlinesecuritygroup.com
A00647,Clearwater Security Group,4239 Park Road,San Diego,California,92300,+1-200-512-3593,contact@clearwatersecuritygroup.com,https://www.clearwatersecuritygroup.com
A00648,Redwood Security Group,4276 Center Street,Dallas,Texas,75417,+1-200-513-1512,contact@redwoodsecuritygroup.com,https://www.redwoodsecuritygroup.com
A00649,Brightway Security Group,4313 Commerce Drive,San Jose,California,95334,+1-200-513-9431,contact@brightwaysecuritygroup.com,https://www.brightwaysecuritygroup.com
A00650,Oakridge Security Group,4350 Main Street,Austin,Texas,73551,+1-200-514-7350,contact@oakridgesecuritygroup.com,https://www.oakridgesecuritygroup.com
A00651,Westfield Security Group,4387 Market Street,Jacksonville,Florida,32366,+1-200-515-5269,contact@westfieldsecuritygroup.com,https://www.westfieldsecuritygroup.com
A00652,Lakeside Security Group,4424 Oak Avenue,Seattle,Washington,98385,+1-200-516-3188,contact@lakesidesecuritygroup.com,https://www.lakesidesecuritygroup.com
A00653,Grandview Security Group,4461 Maple Road,Denver,Colorado,80502,+1-200-517-1107,contact@grandviewsecuritygroup.com,https://www.grandviewsecuritygroup.com
A00654,Riverside Security Group,4498 Washington Street,Boston,Massachusetts,02426,+1-200-517-9026,contact@riversidesecuritygroup.com,https://www.riversidesecuritygroup.com
A00655,Stonebridge Security Group,4535 Lake Avenue,Atlanta,Georgia,30636,+1-200-518-6945,contact@stonebridgesecuritygroup.com,https://www.stonebridgesecuritygroup.com
A00656,Highland Security Group,4572 Industrial Boulevard,Miami,Florida,33453,+1-200-519-4864,contact@highlandsecuritygroup.com,https://www.highlandsecuritygroup.com
A00657,Golden Security Group,4609 Park Road,Portland,Oregon,97570,+1-200-520-2783,contact@goldensecuritygroup.com,https://www.goldensecuritygroup.com
A00658,Maple Security Group,4646 Center Street,Detroit,Michigan,48587,+1-200-521-0702,contact@maplesecuritygroup.com,https://www.maplesecuritygroup.com
A00659,Cedar Security Group,4683 Commerce Drive,Minneapolis,Minnesota,55804,+1-200-521-8621,contact@cedarsecuritygroup.com,https://www.cedarsecuritygroup.com
A00660,Ironwood Security Group,4720 Main Street,New York,New York,10421,+1-200-522-6540,contact@ironwoodsecuritygroup.com,https://www.ironwoodsecuritygroup.com
A00661,Greenfield Security Group,4757 Market Street,Los Angeles,California,90438,+1-200-523-4459,contact@greenfieldsecuritygroup.com,https://www.greenfieldsecuritygroup.com
A00662,Brookside Security Group,4794 Oak Avenue,Chicago,Illinois,61055,+1-200-524-2378,contact@brooksidesecuritygroup.com,https://www.brooksidesecuritygroup.com
A00663,Sunrise Security Group,4831 Maple Road,Houston,Texas,77472,+1-200-525-0297,contact@sunrisesecuritygroup.com,https://www.sunrisesecuritygroup.com
A00664,Horizon Security Group,4868 Washington Street,Phoenix,Arizona,85489,+1-200-525-8216,contact@horizonsecuritygroup.com,https://www.horizonsecuritygroup.com
A00665,Liberty Security Group,4905 Lake Avenue,Philadelphia,Pennsylvania,19524,+1-200-526-6135,contact@libertysecuritygroup.com,https://www.libertysecuritygroup.com
A00666,Prime Security Group,4942 Industrial Boulevard,San Antonio,Texas,78723,+1-200-527-4054,contact@primesecuritygroup.com,https://www.primesecuritygroup.com
A00667,United Security Group,4979 Park Road,San Diego,California,92640,+1-200-528-1973,contact@unitedsecuritygroup.com,https://www.unitedsecuritygroup.com
A00668,Metro Security Group,5016 Center Street,Dallas,Texas,75757,+1-200-528-9892,contact@metrosecuritygroup.com,https://www.metrosecuritygroup.com
A00669,Vertex Security Group,5053 Commerce Drive,San Jose,California,95674,+1-200-529-7811,contact@vertexsecuritygroup.com,https://www.vertexsecuritygroup.com
A00670,Apex Security Group,5090 Main Street,Austin,Texas,73891,+1-200-530-5730,contact@apexsecuritygroup.com,https://www.apexsecuritygroup.com
A00671,Atlas Security Group,5127 Market Street,Jacksonville,Florida,32706,+1-200-531-3649,contact@atlassecuritygroup.com,https://www.atlassecuritygroup.com
A00672,Nova Security Group,5164 Oak Avenue,Seattle,Washington,98725,+1-200-532-1568,contact@novasecuritygroup.com,https://www.novasecuritygroup.com
A00673,Quantum Security Group,5201 Maple Road,Denver,Colorado,80842,+1-200-532-9487,contact@quantumsecuritygroup.com,https://www.quantumsecuritygroup.com
A00674,Sterling Security Group,5238 Washington Street,Boston,Massachusetts,02766,+1-200-533-7406,contact@sterlingsecuritygroup.com,https://www.sterlingsecuritygroup.com
A00675,Pacific Security Group,5275 Lake Avenue,Atlanta,Georgia,30976,+1-200-534-5325,contact@pacificsecuritygroup.com,https://www.pacificsecuritygroup.com
A00676,Atlantic Security Group,5312 Industrial Boulevard,Miami,Florida,33793,+1-200-535-3244,contact@atlanticsecuritygroup.com,https://www.atlanticsecuritygroup.com
A00677,Central Security Group,5349 Park Road,Portland,Oregon,97910,+1-200-536-1163,contact@centralsecuritygroup.com,https://www.centralsecuritygroup.com
A00678,National Security Group,5386 Center Street,Detroit,Michigan,48927,+1-200-536-9082,contact@nationalsecuritygroup.com,https://www.nationalsecuritygroup.com
A00679,Urban Security Group,5423 Commerce Drive,Minneapolis,Minnesota,56144,+1-200-537-7001,contact@urbansecuritygroup.com,https://www.urbansecuritygroup.com
A00680,Northstar Telecom Group,5460 Main Street,New York,New York,10761,+1-200-538-4920,contact@northstartelecomgroup.com,https://www.northstartelecomgroup.com
A00681,Blue Horizon Telecom Group,5497 Market Street,Los Angeles,California,90778,+1-200-539-2839,contact@bluehorizontelecomgroup.com,https://www.bluehorizontelecomgroup.com
A00682,Evergreen Telecom Group,5534 Oak Avenue,Chicago,Illinois,61395,+1-200-540-0758,contact@evergreentelecomgroup.com,https://www.evergreentelecomgroup.com
A00683,Summit Telecom Group,5571 Maple Road,Houston,Texas,77812,+1-200-540-8677,contact@summittelecomgroup.com,https://www.summittelecomgroup.com
A00684,Pioneer Telecom Group,5608 Washington Street,Phoenix,Arizona,85829,+1-200-541-6596,contact@pioneertelecomgroup.com,https://www.pioneertelecomgroup.com
A00685,Crestview Telecom Group,5645 Lake Avenue,Philadelphia,Pennsylvania,19864,+1-200-542-4515,contact@crestviewtelecomgroup.com,https://www.crestviewtelecomgroup.com
A00686,Silverline Telecom Group,5682 Industrial Boulevard,San Antonio,Texas,79063,+1-200-543-2434,contact@silverlinetelecomgroup.com,https://www.silverlinetelecomgroup.com
A00687,Clearwater Telecom Group,5719 Park Road,San Diego,California,92980,+1-200-544-0353,contact@clearwatertelecomgroup.com,https://www.clearwatertelecomgroup.com
A00688,Redwood Telecom Group,5756 Center Street,Dallas,Texas,76097,+1-200-544-8272,contact@redwoodtelecomgroup.com,https://www.redwoodtelecomgroup.com
A00689,Brightway Telecom Group,5793 Commerce Drive,San Jose,California,95114,+1-200-545-6191,contact@brightwaytelecomgroup.com,https://www.brightwaytelecomgroup.com
A00690,Oakridge Telecom Group,5830 Main Street,Austin,Texas,73331,+1-200-546-4110,contact@oakridgetelecomgroup.com,https://www.oakridgetelecomgroup.com
A00691,Westfield Telecom Group,5867 Market Street,Jacksonville,Florida,32146,+1-200-547-2029,contact@westfieldtelecomgroup.com,https://www.westfieldtelecomgroup.com
A00692,Lakeside Telecom Group,5904 Oak Avenue,Seattle,Washington,98165,+1-200-547-9948,contact@lakesidetelecomgroup.com,https://www.lakesidetelecomgroup.com
A00693,Grandview Telecom Group,5941 Maple Road,Denver,Colorado,80282,+1-200-548-7867,contact@grandviewtelecomgroup.com,https://www.grandviewtelecomgroup.com
A00694,Riverside Telecom Group,5978 Washington Street,Boston,Massachusetts,02206,+1-200-549-5786,contact@riversidetelecomgroup.com,https://www.riversidetelecomgroup.com
A00695,Stonebridge Telecom Group,6015 Lake Avenue,Atlanta,Georgia,30416,+1-200-550-3705,contact@stonebridgetelecomgroup.com,https://www.stonebridgetelecomgroup.com
A00696,Highland Telecom Group,6052 Industrial Boulevard,Miami,Florida,33233,+1-200-551-1624,contact@highlandtelecomgroup.com,https://www.highlandtelecomgroup.com
A00697,Golden Telecom Group,6089 Park Road,Portland,Oregon,97350,+1-200-551-9543,contact@goldentelecomgroup.com,https://www.goldentelecomgroup.com
A00698,Maple Telecom Group,6126 Center Street,Detroit,Michigan,48367,+1-200-552-7462,contact@mapletelecomgroup.com,https://www.mapletelecomgroup.com
A00699,Cedar Telecom Group,6163 Commerce Drive,Minneapolis,Minnesota,55584,+1-200-553-5381,contact@cedartelecomgroup.com,https://www.cedartelecomgroup.com
A00700,Ironwood Telecom Group,6200 Main Street,New York,New York,10201,+1-200-554-3300,contact@ironwoodtelecomgroup.com,https://www.ironwoodtelecomgroup.com
A00701,Greenfield Telecom Group,6237 Market Street,Los Angeles,California,90218,+1-200-555-1219,contact@greenfieldtelecomgroup.com,https://www.greenfieldtelecomgroup.com
A00702,Brookside Telecom Group,6274 Oak Avenue,Chicago,Illinois,60835,+1-200-555-9138,contact@brooksidetelecomgroup.com,https://www.brooksidetelecomgroup.com
A00703,Sunrise Telecom Group,6311 Maple Road,Houston,Texas,77252,+1-200-556-7057,contact@sunrisetelecomgroup.com,https://www.sunrisetelecomgroup.com
A00704,Horizon Telecom Group,6348 Washington Street,Phoenix,Arizona,85269,+1-200-557-4976,contact@horizontelecomgroup.com,https://www.horizontelecomgroup.com
A00705,Liberty Telecom Group,6385 Lake Avenue,Philadelphia,Pennsylvania,19304,+1-200-558-2895,contact@libertytelecomgroup.com,https://www.libertytelecomgroup.com
A00706,Prime Telecom Group,6422 Industrial Boulevard,San Antonio,Texas,78503,+1-200-559-0814,contact@primetelecomgroup.com,https://www.primetelecomgroup.com
A00707,United Telecom Group,6459 Park Road,San Diego,California,92420,+1-200-559-8733,contact@unitedtelecomgroup.com,https://www.unitedtelecomgroup.com
A00708,Metro Telecom Group,6496 Center Street,Dallas,Texas,75537,+1-200-560-6652,contact@metrotelecomgroup.com,https://www.metrotelecomgroup.com
A00709,Vertex Telecom Group,6533 Commerce Drive,San Jose,California,95454,+1-200-561-4571,contact@vertextelecomgroup.com,https://www.vertextelecomgroup.com
A00710,Apex Telecom Group,6570 Main Street,Austin,Texas,73671,+1-200-562-2490,contact@apextelecomgroup.com,https://www.apextelecomgroup.com
A00711,Atlas Telecom Group,6607 Market Street,Jacksonville,Florida,32486,+1-200-563-0409,contact@atlastelecomgroup.com,https://www.atlastelecomgroup.com
A00712,Nova Telecom Group,6644 Oak Avenue,Seattle,Washington,98505,+1-200-563-8328,contact@novatelecomgroup.com,https://www.novatelecomgroup.com
A00713,Quantum Telecom Group,6681 Maple Road,Denver,Colorado,80622,+1-200-564-6247,contact@quantumtelecomgroup.com,https://www.quantumtelecomgroup.com
A00714,Sterling Telecom Group,6718 Washington Street,Boston,Massachusetts,02546,+1-200-565-4166,contact@sterlingtelecomgroup.com,https://www.sterlingtelecomgroup.com
A00715,Pacific Telecom Group,6755 Lake Avenue,Atlanta,Georgia,30756,+1-200-566-2085,contact@pacifictelecomgroup.com,https://www.pacifictelecomgroup.com
A00716,Atlantic Telecom Group,6792 Industrial Boulevard,Miami,Florida,33573,+1-200-567-0004,contact@atlantictelecomgroup.com,https://www.atlantictelecomgroup.com
A00717,Central Telecom Group,6829 Park Road,Portland,Oregon,97690,+1-200-567-7923,contact@centraltelecomgroup.com,https://www.centraltelecomgroup.com
A00718,National Telecom Group,6866 Center Street,Detroit,Michigan,48707,+1-200-568-5842,contact@nationaltelecomgroup.com,https://www.nationaltelecomgroup.com
A00719,Urban Telecom Group,6903 Commerce Drive,Minneapolis,Minnesota,55924,+1-200-569-3761,contact@urbantelecomgroup.com,https://www.urbantelecomgroup.com
A00720,Northstar Insurance Group,6940 Main Street,New York,New York,10541,+1-200-570-1680,contact@northstarinsurancegroup.com,https://www.northstarinsurancegroup.com
A00721,Blue Horizon Insurance Group,6977 Market Street,Los Angeles,California,90558,+1-200-570-9599,contact@bluehorizoninsurancegroup.com,https://www.bluehorizoninsurancegroup.com
A00722,Evergreen Insurance Group,7014 Oak Avenue,Chicago,Illinois,61175,+1-200-571-7518,contact@evergreeninsurancegroup.com,https://www.evergreeninsurancegroup.com
A00723,Summit Insurance Group,7051 Maple Road,Houston,Texas,77592,+1-200-572-5437,contact@summitinsurancegroup.com,https://www.summitinsurancegroup.com
A00724,Pioneer Insurance Group,7088 Washington Street,Phoenix,Arizona,85609,+1-200-573-3356,contact@pioneerinsurancegroup.com,https://www.pioneerinsurancegroup.com
A00725,Crestview Insurance Group,7125 Lake Avenue,Philadelphia,Pennsylvania,19644,+1-200-574-1275,contact@crestviewinsurancegroup.com,https://www.crestviewinsurancegroup.com
A00726,Silverline Insurance Group,7162 Industrial Boulevard,San Antonio,Texas,78843,+1-200-574-9194,contact@silverlineinsurancegroup.com,https://www.silverlineinsurancegroup.com
A00727,Clearwater Insurance Group,7199 Park Road,San Diego,California,92760,+1-200-575-7113,contact@clearwaterinsurancegroup.com,https://www.clearwaterinsurancegroup.com
A00728,Redwood Insurance Group,7236 Center Street,Dallas,Texas,75877,+1-200-576-5032,contact@redwoodinsurancegroup.com,https://www.redwoodinsurancegroup.com
A00729,Brightway Insurance Group,7273 Commerce Drive,San Jose,California,95794,+1-200-577-2951,contact@brightwayinsurancegroup.com,https://www.brightwayinsurancegroup.com
A00730,Oakridge Insurance Group,7310 Main Street,Austin,Texas,74011,+1-200-578-0870,contact@oakridgeinsurancegroup.com,https://www.oakridgeinsurancegroup.com
A00731,Westfield Insurance Group,7347 Market Street,Jacksonville,Florida,32826,+1-200-578-8789,contact@westfieldinsurancegroup.com,https://www.westfieldinsurancegroup.com
A00732,Lakeside Insurance Group,7384 Oak Avenue,Seattle,Washington,98845,+1-200-579-6708,contact@lakesideinsurancegroup.com,https://www.lakesideinsurancegroup.com
A00733,Grandview Insurance Group,7421 Maple Road,Denver,Colorado,80962,+1-200-580-4627,contact@grandviewinsurancegroup.com,https://www.grandviewinsurancegroup.com
A00734,Riverside Insurance Group,7458 Washington Street,Boston,Massachusetts,02886,+1-200-581-2546,contact@riversideinsurancegroup.com,https://www.riversideinsurancegroup.com
A00735,Stonebridge Insurance Group,7495 Lake Avenue,Atlanta,Georgia,31096,+1-200-582-0465,contact@stonebridgeinsurancegroup.com,https://www.stonebridgeinsurancegroup.com
A00736,Highland Insurance Group,7532 Industrial Boulevard,Miami,Florida,33913,+1-200-582-8384,contact@highlandinsurancegroup.com,https://www.highlandinsurancegroup.com
A00737,Golden Insurance Group,7569 Park Road,Portland,Oregon,98030,+1-200-583-6303,contact@goldeninsurancegroup.com,https://www.goldeninsurancegroup.com
A00738,Maple Insurance Group,7606 Center Street,Detroit,Michigan,49047,+1-200-584-4222,contact@mapleinsurancegroup.com,https://www.mapleinsurancegroup.com
A00739,Cedar Insurance Group,7643 Commerce Drive,Minneapolis,Minnesota,56264,+1-200-585-2141,contact@cedarinsurancegroup.com,https://www.cedarinsurancegroup.com
A00740,Ironwood Insurance Group,7680 Main Street,New York,New York,10881,+1-200-586-0060,contact@ironwoodinsurancegroup.com,https://www.ironwoodinsurancegroup.com
A00741,Greenfield Insurance Group,7717 Market Street,Los Angeles,California,90898,+1-200-586-7979,contact@greenfieldinsurancegroup.com,https://www.greenfieldinsurancegroup.com
A00742,Brookside Insurance Group,7754 Oak Avenue,Chicago,Illinois,60615,+1-200-587-5898,contact@brooksideinsurancegroup.com,https://www.brooksideinsurancegroup.com
A00743,Sunrise Insurance Group,7791 Maple Road,Houston,Texas,77032,+1-200-588-3817,contact@sunriseinsurancegroup.com,https://www.sunriseinsurancegroup.com
A00744,Horizon Insurance Group,7828 Washington Street,Phoenix,Arizona,85049,+1-200-589-1736,contact@horizoninsurancegroup.com,https://www.horizoninsurancegroup.com
A00745,Liberty Insurance Group,7865 Lake Avenue,Philadelphia,Pennsylvania,19084,+1-200-589-9655,contact@libertyinsurancegroup.com,https://www.libertyinsurancegroup.com
A00746,Prime Insurance Group,7902 Industrial Boulevard,San Antonio,Texas,78283,+1-200-590-7574,contact@primeinsurancegroup.com,https://www.primeinsurancegroup.com
A00747,United Insurance Group,7939 Park Road,San Diego,California,92200,+1-200-591-5493,contact@unitedinsurancegroup.com,https://www.unitedinsurancegroup.com
A00748,Metro Insurance Group,7976 Center Street,Dallas,Texas,75317,+1-200-592-3412,contact@metroinsurancegroup.com,https://www.metroinsurancegroup.com
A00749,Vertex Insurance Group,8013 Commerce Drive,San Jose,California,95234,+1-200-593-1331,contact@vertexinsurancegroup.com,https://www.vertexinsurancegroup.com
A00750,Apex Insurance Group,8050 Main Street,Austin,Texas,73451,+1-200-593-9250,contact@apexinsurancegroup.com,https://www.apexinsurancegroup.com
A00751,Atlas Insurance Group,8087 Market Street,Jacksonville,Florida,32266,+1-200-594-7169,contact@atlasinsurancegroup.com,https://www.atlasinsurancegroup.com
A00752,Nova Insurance Group,8124 Oak Avenue,Seattle,Washington,98285,+1-200-595-5088,contact@novainsurancegroup.com,https://www.novainsurancegroup.com
A00753,Quantum Insurance Group,8161 Maple Road,Denver,Colorado,80402,+1-200-596-3007,contact@quantuminsurancegroup.com,https://www.quantuminsurancegroup.com
A00754,Sterling Insurance Group,8198 Washington Street,Boston,Massachusetts,02326,+1-200-597-0926,contact@sterlinginsurancegroup.com,https://www.sterlinginsurancegroup.com
A00755,Pacific Insurance Group,8235 Lake Avenue,Atlanta,Georgia,30536,+1-200-597-8845,contact@pacificinsurancegroup.com,https://www.pacificinsurancegroup.com
A00756,Atlantic Insurance Group,8272 Industrial Boulevard,Miami,Florida,33353,+1-200-598-6764,contact@atlanticinsurancegroup.com,https://www.atlanticinsurancegroup.com
A00757,Central Insurance Group,8309 Park Road,Portland,Oregon,97470,+1-200-599-4683,contact@centralinsurancegroup.com,https://www.centralinsurancegroup.com
A00758,National Insurance Group,8346 Center Street,Detroit,Michigan,48487,+1-200-600-2602,contact@nationalinsurancegroup.com,https://www.nationalinsurancegroup.com
A00759,Urban Insurance Group,8383 Commerce Drive,Minneapolis,Minnesota,55704,+1-200-601-0521,contact@urbaninsurancegroup.com,https://www.urbaninsurancegroup.com
A00760,Northstar Education Group,8420 Main Street,New York,New York,10321,+1-200-601-8440,contact@northstareducationgroup.com,https://www.northstareducationgroup.com
A00761,Blue Horizon Education Group,8457 Market Street,Los Angeles,California,90338,+1-200-602-6359,contact@bluehorizoneducationgroup.com,https://www.bluehorizoneducationgroup.com
A00762,Evergreen Education Group,8494 Oak Avenue,Chicago,Illinois,60955,+1-200-603-4278,contact@evergreeneducationgroup.com,https://www.evergreeneducationgroup.com
A00763,Summit Education Group,8531 Maple Road,Houston,Texas,77372,+1-200-604-2197,contact@summiteducationgroup.com,https://www.summiteducationgroup.com
A00764,Pioneer Education Group,8568 Washington Street,Phoenix,Arizona,85389,+1-200-605-0116,contact@pioneereducationgroup.com,https://www.pioneereducationgroup.com
A00765,Crestview Education Group,8605 Lake Avenue,Philadelphia,Pennsylvania,19424,+1-200-605-8035,contact@crestvieweducationgroup.com,https://www.crestvieweducationgroup.com
A00766,Silverline Education Group,8642 Industrial Boulevard,San Antonio,Texas,78623,+1-200-606-5954,contact@silverlineeducationgroup.com,https://www.silverlineeducationgroup.com
A00767,Clearwater Education Group,8679 Park Road,San Diego,California,92540,+1-200-607-3873,contact@clearwatereducationgroup.com,https://www.clearwatereducationgroup.com
A00768,Redwood Education Group,8716 Center Street,Dallas,Texas,75657,+1-200-608-1792,contact@redwoodeducationgroup.com,https://www.redwoodeducationgroup.com
A00769,Brightway Education Group,8753 Commerce Drive,San Jose,California,95574,+1-200-608-9711,contact@brightwayeducationgroup.com,https://www.brightwayeducationgroup.com
A00770,Oakridge Education Group,8790 Main Street,Austin,Texas,73791,+1-200-609-7630,contact@oakridgeeducationgroup.com,https://www.oakridgeeducationgroup.com
A00771,Westfield Education Group,8827 Market Street,Jacksonville,Florida,32606,+1-200-610-5549,contact@westfieldeducationgroup.com,https://www.westfieldeducationgroup.com
A00772,Lakeside Education Group,8864 Oak Avenue,Seattle,Washington,98625,+1-200-611-3468,contact@lakesideeducationgroup.com,https://www.lakesideeducationgroup.com
A00773,Grandview Education Group,8901 Maple Road,Denver,Colorado,80742,+1-200-612-1387,contact@grandvieweducationgroup.com,https://www.grandvieweducationgroup.com
A00774,Riverside Education Group,8938 Washington Street,Boston,Massachusetts,02666,+1-200-612-9306,contact@riversideeducationgroup.com,https://www.riversideeducationgroup.com
A00775,Stonebridge Education Group,8975 Lake Avenue,Atlanta,Georgia,30876,+1-200-613-7225,contact@stonebridgeeducationgroup.com,https://www.stonebridgeeducationgroup.com
A00776,Highland Education Group,9012 Industrial Boulevard,Miami,Florida,33693,+1-200-614-5144,contact@highlandeducationgroup.com,https://www.highlandeducationgroup.com
A00777,Golden Education Group,9049 Park Road,Portland,Oregon,97810,+1-200-615-3063,contact@goldeneducationgroup.com,https://www.goldeneducationgroup.com
A00778,Maple Education Group,9086 Center Street,Detroit,Michigan,48827,+1-200-616-0982,contact@mapleeducationgroup.com,https://www.mapleeducationgroup.com
A00779,Cedar Education Group,9123 Commerce Drive,Minneapolis,Minnesota,56044,+1-200-616-8901,contact@cedareducationgroup.com,https://www.cedareducationgroup.com
A00780,Ironwood Education Group,9160 Main Street,New York,New York,10661,+1-200-617-6820,contact@ironwoodeducationgroup.com,https://www.ironwoodeducationgroup.com
A00781,Greenfield Education Group,9197 Market Street,Los Angeles,California,90678,+1-200-618-4739,contact@greenfieldeducationgroup.com,https://www.greenfieldeducationgroup.com
A00782,Brookside Education Group,9234 Oak Avenue,Chicago,Illinois,61295,+1-200-619-2658,contact@brooksideeducationgroup.com,https://www.brooksideeducationgroup.com
A00783,Sunrise Education Group,9271 Maple Road,Houston,Texas,77712,+1-200-620-0577,contact@sunriseeducationgroup.com,https://www.sunriseeducationgroup.com
A00784,Horizon Education Group,9308 Washington Street,Phoenix,Arizona,85729,+1-200-620-8496,contact@horizoneducationgroup.com,https://www.horizoneducationgroup.com
A00785,Liberty Education Group,9345 Lake Avenue,Philadelphia,Pennsylvania,19764,+1-200-621-6415,contact@libertyeducationgroup.com,https://www.libertyeducationgroup.com
A00786,Prime Education Group,9382 Industrial Boulevard,San Antonio,Texas,78963,+1-200-622-4334,contact@primeeducationgroup.com,https://www.primeeducationgroup.com
A00787,United Education Group,9419 Park Road,San Diego,California,92880,+1-200-623-2253,contact@unitededucationgroup.com,https://www.unitededucationgroup.com
A00788,Metro Education Group,9456 Center Street,Dallas,Texas,75997,+1-200-624-0172,contact@metroeducationgroup.com,https://www.metroeducationgroup.com
A00789,Vertex Education Group,9493 Commerce Drive,San Jose,California,95914,+1-200-624-8091,contact@vertexeducationgroup.com,https://www.vertexeducationgroup.com
A00790,Apex Education Group,9530 Main Street,Austin,Texas,74131,+1-200-625-6010,contact@apexeducationgroup.com,https://www.apexeducationgroup.com
A00791,Atlas Education Group,9567 Market Street,Jacksonville,Florida,32946,+1-200-626-3929,contact@atlaseducationgroup.com,https://www.atlaseducationgroup.com
A00792,Nova Education Group,9604 Oak Avenue,Seattle,Washington,98965,+1-200-627-1848,contact@novaeducationgroup.com,https://www.novaeducationgroup.com
A00793,Quantum Education Group,9641 Maple Road,Denver,Colorado,81082,+1-200-627-9767,contact@quantumeducationgroup.com,https://www.quantumeducationgroup.com
A00794,Sterling Education Group,9678 Washington Street,Boston,Massachusetts,03006,+1-200-628-7686,contact@sterlingeducationgroup.com,https://www.sterlingeducationgroup.com
A00795,Pacific Education Group,9715 Lake Avenue,Atlanta,Georgia,30316,+1-200-629-5605,contact@pacificeducationgroup.com,https://www.pacificeducationgroup.com
A00796,Atlantic Education Group,9752 Industrial Boulevard,Miami,Florida,33133,+1-200-630-3524,contact@atlanticeducationgroup.com,https://www.atlanticeducationgroup.com
A00797,Central Education Group,9789 Park Road,Portland,Oregon,97250,+1-200-631-1443,contact@centraleducationgroup.com,https://www.centraleducationgroup.com
A00798,National Education Group,9826 Center Street,Detroit,Michigan,48267,+1-200-631-9362,contact@nationaleducationgroup.com,https://www.nationaleducationgroup.com
A00799,Urban Education Group,9863 Commerce Drive,Minneapolis,Minnesota,55484,+1-200-632-7281,contact@urbaneducationgroup.com,https://www.urbaneducationgroup.com
A00800,Northstar Logistics Solutions,9900 Main Street,New York,New York,10101,+1-200-633-5200,contact@northstarlogisticssolutions.com,https://www.northstarlogisticssolutions.com
A00801,Blue Horizon Logistics Solutions,9937 Market Street,Los Angeles,California,90118,+1-200-634-3119,contact@bluehorizonlogisticssolutions.com,https://www.bluehorizonlogisticssolutions.com
A00802,Evergreen Logistics Solutions,9974 Oak Avenue,Chicago,Illinois,60735,+1-200-635-1038,contact@evergreenlogisticssolutions.com,https://www.evergreenlogisticssolutions.com
A00803,Summit Logistics Solutions,111 Maple Road,Houston,Texas,77152,+1-200-635-8957,contact@summitlogisticssolutions.com,https://www.summitlogisticssolutions.com
A00804,Pioneer Logistics Solutions,148 Washington Street,Phoenix,Arizona,85169,+1-200-636-6876,contact@pioneerlogisticssolutions.com,https://www.pioneerlogisticssolutions.com
A00805,Crestview Logistics Solutions,185 Lake Avenue,Philadelphia,Pennsylvania,19204,+1-200-637-4795,contact@crestviewlogisticssolutions.com,https://www.crestviewlogisticssolutions.com
A00806,Silverline Logistics Solutions,222 Industrial Boulevard,San Antonio,Texas,78403,+1-200-638-2714,contact@silverlinelogisticssolutions.com,https://www.silverlinelogisticssolutions.com
A00807,Clearwater Logistics Solutions,259 Park Road,San Diego,California,92320,+1-200-639-0633,contact@clearwaterlogisticssolutions.com,https://www.clearwaterlogisticssolutions.com
A00808,Redwood Logistics Solutions,296 Center Street,Dallas,Texas,75437,+1-200-639-8552,contact@redwoodlogisticssolutions.com,https://www.redwoodlogisticssolutions.com
A00809,Brightway Logistics Solutions,333 Commerce Drive,San Jose,California,95354,+1-200-640-6471,contact@brightwaylogisticssolutions.com,https://www.brightwaylogisticssolutions.com
A00810,Oakridge Logistics Solutions,370 Main Street,Austin,Texas,73571,+1-200-641-4390,contact@oakridgelogisticssolutions.com,https://www.oakridgelogisticssolutions.com
A00811,Westfield Logistics Solutions,407 Market Street,Jacksonville,Florida,32386,+1-200-642-2309,contact@westfieldlogisticssolutions.com,https://www.westfieldlogisticssolutions.com
A00812,Lakeside Logistics Solutions,444 Oak Avenue,Seattle,Washington,98405,+1-200-643-0228,contact@lakesidelogisticssolutions.com,https://www.lakesidelogisticssolutions.com
A00813,Grandview Logistics Solutions,481 Maple Road,Denver,Colorado,80522,+1-200-643-8147,contact@grandviewlogisticssolutions.com,https://www.grandviewlogisticssolutions.com
A00814,Riverside Logistics Solutions,518 Washington Street,Boston,Massachusetts,02446,+1-200-644-6066,contact@riversidelogisticssolutions.com,https://www.riversidelogisticssolutions.com
A00815,Stonebridge Logistics Solutions,555 Lake Avenue,Atlanta,Georgia,30656,+1-200-645-3985,contact@stonebridgelogisticssolutions.com,https://www.stonebridgelogisticssolutions.com
A00816,Highland Logistics Solutions,592 Industrial Boulevard,Miami,Florida,33473,+1-200-646-1904,contact@highlandlogisticssolutions.com,https://www.highlandlogisticssolutions.com
A00817,Golden Logistics Solutions,629 Park Road,Portland,Oregon,97590,+1-200-646-9823,contact@goldenlogisticssolutions.com,https://www.goldenlogisticssolutions.com
A00818,Maple Logistics Solutions,666 Center Street,Detroit,Michigan,48607,+1-200-647-7742,contact@maplelogisticssolutions.com,https://www.maplelogisticssolutions.com
A00819,Cedar Logistics Solutions,703 Commerce Drive,Minneapolis,Minnesota,55824,+1-200-648-5661,contact@cedarlogisticssolutions.com,https://www.cedarlogisticssolutions.com
A00820,Ironwood Logistics Solutions,740 Main Street,New York,New York,10441,+1-200-649-3580,contact@ironwoodlogisticssolutions.com,https://www.ironwoodlogisticssolutions.com
A00821,Greenfield Logistics Solutions,777 Market Street,Los Angeles,California,90458,+1-200-650-1499,contact@greenfieldlogisticssolutions.com,https://www.greenfieldlogisticssolutions.com
A00822,Brookside Logistics Solutions,814 Oak Avenue,Chicago,Illinois,61075,+1-200-650-9418,contact@brooksidelogisticssolutions.com,https://www.brooksidelogisticssolutions.com
A00823,Sunrise Logistics Solutions,851 Maple Road,Houston,Texas,77492,+1-200-651-7337,contact@sunriselogisticssolutions.com,https://www.sunriselogisticssolutions.com
A00824,Horizon Logistics Solutions,888 Washington Street,Phoenix,Arizona,85509,+1-200-652-5256,contact@horizonlogisticssolutions.com,https://www.horizonlogisticssolutions.com
A00825,Liberty Logistics Solutions,925 Lake Avenue,Philadelphia,Pennsylvania,19544,+1-200-653-3175,contact@libertylogisticssolutions.com,https://www.libertylogisticssolutions.com
A00826,Prime Logistics Solutions,962 Industrial Boulevard,San Antonio,Texas,78743,+1-200-654-1094,contact@primelogisticssolutions.com,https://www.primelogisticssolutions.com
A00827,United Logistics Solutions,999 Park Road,San Diego,California,92660,+1-200-654-9013,contact@unitedlogisticssolutions.com,https://www.unitedlogisticssolutions.com
A00828,Metro Logistics Solutions,1036 Center Street,Dallas,Texas,75777,+1-200-655-6932,contact@metrologisticssolutions.com,https://www.metrologisticssolutions.com
A00829,Vertex Logistics Solutions,1073 Commerce Drive,San Jose,California,95694,+1-200-656-4851,contact@vertexlogisticssolutions.com,https://www.vertexlogisticssolutions.com
A00830,Apex Logistics Solutions,1110 Main Street,Austin,Texas,73911,+1-200-657-2770,contact@apexlogisticssolutions.com,https://www.apexlogisticssolutions.com
A00831,Atlas Logistics Solutions,1147 Market Street,Jacksonville,Florida,32726,+1-200-658-0689,contact@atlaslogisticssolutions.com,https://www.atlaslogisticssolutions.com
A00832,Nova Logistics Solutions,1184 Oak Avenue,Seattle,Washington,98745,+1-200-658-8608,contact@novalogisticssolutions.com,https://www.novalogisticssolutions.com
A00833,Quantum Logistics Solutions,1221 Maple Road,Denver,Colorado,80862,+1-200-659-6527,contact@quantumlogisticssolutions.com,https://www.quantumlogisticssolutions.com
A00834,Sterling Logistics Solutions,1258 Washington Street,Boston,Massachusetts,02786,+1-200-660-4446,contact@sterlinglogisticssolutions.com,https://www.sterlinglogisticssolutions.com
A00835,Pacific Logistics Solutions,1295 Lake Avenue,Atlanta,Georgia,30996,+1-200-661-2365,contact@pacificlogisticssolutions.com,https://www.pacificlogisticssolutions.com
A00836,Atlantic Logistics Solutions,1332 Industrial Boulevard,Miami,Florida,33813,+1-200-662-0284,contact@atlanticlogisticssolutions.com,https://www.atlanticlogisticssolutions.com
A00837,Central Logistics Solutions,1369 Park Road,Portland,Oregon,97930,+1-200-662-8203,contact@centrallogisticssolutions.com,https://www.centrallogisticssolutions.com
A00838,National Logistics Solutions,1406 Center Street,Detroit,Michigan,48947,+1-200-663-6122,contact@nationallogisticssolutions.com,https://www.nationallogisticssolutions.com
A00839,Urban Logistics Solutions,1443 Commerce Drive,Minneapolis,Minnesota,56164,+1-200-664-4041,contact@urbanlogisticssolutions.com,https://www.urbanlogisticssolutions.com
A00840,Northstar Foods Solutions,1480 Main Street,New York,New York,10781,+1-200-665-1960,contact@northstarfoodssolutions.com,https://www.northstarfoodssolutions.com
A00841,Blue Horizon Foods Solutions,1517 Market Street,Los Angeles,California,90798,+1-200-665-9879,contact@bluehorizonfoodssolutions.com,https://www.bluehorizonfoodssolutions.com
A00842,Evergreen Foods Solutions,1554 Oak Avenue,Chicago,Illinois,61415,+1-200-666-7798,contact@evergreenfoodssolutions.com,https://www.evergreenfoodssolutions.com
A00843,Summit Foods Solutions,1591 Maple Road,Houston,Texas,77832,+1-200-667-5717,contact@summitfoodssolutions.com,https://www.summitfoodssolutions.com
A00844,Pioneer Foods Solutions,1628 Washington Street,Phoenix,Arizona,85849,+1-200-668-3636,contact@pioneerfoodssolutions.com,https://www.pioneerfoodssolutions.com
A00845,Crestview Foods Solutions,1665 Lake Avenue,Philadelphia,Pennsylvania,19884,+1-200-669-1555,contact@crestviewfoodssolutions.com,https://www.crestviewfoodssolutions.com
A00846,Silverline Foods Solutions,1702 Industrial Boulevard,San Antonio,Texas,79083,+1-200-669-9474,contact@silverlinefoodssolutions.com,https://www.silverlinefoodssolutions.com
A00847,Clearwater Foods Solutions,1739 Park Road,San Diego,California,93000,+1-200-670-7393,contact@clearwaterfoodssolutions.com,https://www.clearwaterfoodssolutions.com
A00848,Redwood Foods Solutions,1776 Center Street,Dallas,Texas,75217,+1-200-671-5312,contact@redwoodfoodssolutions.com,https://www.redwoodfoodssolutions.com
A00849,Brightway Foods Solutions,1813 Commerce Drive,San Jose,California,95134,+1-200-672-3231,contact@brightwayfoodssolutions.com,https://www.brightwayfoodssolutions.com
A00850,Oakridge Foods Solutions,1850 Main Street,Austin,Texas,73351,+1-200-673-1150,contact@oakridgefoodssolutions.com,https://www.oakridgefoodssolutions.com
A00851,Westfield Foods Solutions,1887 Market Street,Jacksonville,Florida,32166,+1-200-673-9069,contact@westfieldfoodssolutions.com,https://www.westfieldfoodssolutions.com
A00852,Lakeside Foods Solutions,1924 Oak Avenue,Seattle,Washington,98185,+1-200-674-6988,contact@lakesidefoodssolutions.com,https://www.lakesidefoodssolutions.com
A00853,Grandview Foods Solutions,1961 Maple Road,Denver,Colorado,80302,+1-200-675-4907,contact@grandviewfoodssolutions.com,https://www.grandviewfoodssolutions.com
A00854,Riverside Foods Solutions,1998 Washington Street,Boston,Massachusetts,02226,+1-200-676-2826,contact@riversidefoodssolutions.com,https://www.riversidefoodssolutions.com
A00855,Stonebridge Foods Solutions,2035 Lake Avenue,Atlanta,Georgia,30436,+1-200-677-0745,contact@stonebridgefoodssolutions.com,https://www.stonebridgefoodssolutions.com
A00856,Highland Foods Solutions,2072 Industrial Boulevard,Miami,Florida,33253,+1-200-677-8664,contact@highlandfoodssolutions.com,https://www.highlandfoodssolutions.com
A00857,Golden Foods Solutions,2109 Park Road,Portland,Oregon,97370,+1-200-678-6583,contact@goldenfoodssolutions.com,https://www.goldenfoodssolutions.com
A00858,Maple Foods Solutions,2146 Center Street,Detroit,Michigan,48387,+1-200-679-4502,contact@maplefoodssolutions.com,https://www.maplefoodssolutions.com
A00859,Cedar Foods Solutions,2183 Commerce Drive,Minneapolis,Minnesota,55604,+1-200-680-2421,contact@cedarfoodssolutions.com,https://www.cedarfoodssolutions.com
A00860,Ironwood Foods Solutions,2220 Main Street,New York,New York,10221,+1-200-681-0340,contact@ironwoodfoodssolutions.com,https://www.ironwoodfoodssolutions.com
A00861,Greenfield Foods Solutions,2257 Market Street,Los Angeles,California,90238,+1-200-681-8259,contact@greenfieldfoodssolutions.com,https://www.greenfieldfoodssolutions.com
A00862,Brookside Foods Solutions,2294 Oak Avenue,Chicago,Illinois,60855,+1-200-682-6178,contact@brooksidefoodssolutions.com,https://www.brooksidefoodssolutions.com
A00863,Sunrise Foods Solutions,2331 Maple Road,Houston,Texas,77272,+1-200-683-4097,contact@sunrisefoodssolutions.com,https://www.sunrisefoodssolutions.com
A00864,Horizon Foods Solutions,2368 Washington Street,Phoenix,Arizona,85289,+1-200-684-2016,contact@horizonfoodssolutions.com,https://www.horizonfoodssolutions.com
A00865,Liberty Foods Solutions,2405 Lake Avenue,Philadelphia,Pennsylvania,19324,+1-200-684-9935,contact@libertyfoodssolutions.com,https://www.libertyfoodssolutions.com
A00866,Prime Foods Solutions,2442 Industrial Boulevard,San Antonio,Texas,78523,+1-200-685-7854,contact@primefoodssolutions.com,https://www.primefoodssolutions.com
A00867,United Foods Solutions,2479 Park Road,San Diego,California,92440,+1-200-686-5773,contact@unitedfoodssolutions.com,https://www.unitedfoodssolutions.com
A00868,Metro Foods Solutions,2516 Center Street,Dallas,Texas,75557,+1-200-687-3692,contact@metrofoodssolutions.com,https://www.metrofoodssolutions.com
A00869,Vertex Foods Solutions,2553 Commerce Drive,San Jose,California,95474,+1-200-688-1611,contact@vertexfoodssolutions.com,https://www.vertexfoodssolutions.com
A00870,Apex Foods Solutions,2590 Main Street,Austin,Texas,73691,+1-200-688-9530,contact@apexfoodssolutions.com,https://www.apexfoodssolutions.com
A00871,Atlas Foods Solutions,2627 Market Street,Jacksonville,Florida,32506,+1-200-689-7449,contact@atlasfoodssolutions.com,https://www.atlasfoodssolutions.com
A00872,Nova Foods Solutions,2664 Oak Avenue,Seattle,Washington,98525,+1-200-690-5368,contact@novafoodssolutions.com,https://www.novafoodssolutions.com
A00873,Quantum Foods Solutions,2701 Maple Road,Denver,Colorado,80642,+1-200-691-3287,contact@quantumfoodssolutions.com,https://www.quantumfoodssolutions.com
A00874,Sterling Foods Solutions,2738 Washington Street,Boston,Massachusetts,02566,+1-200-692-1206,contact@sterlingfoodssolutions.com,https://www.sterlingfoodssolutions.com
A00875,Pacific Foods Solutions,2775 Lake Avenue,Atlanta,Georgia,30776,+1-200-692-9125,contact@pacificfoodssolutions.com,https://www.pacificfoodssolutions.com
A00876,Atlantic Foods Solutions,2812 Industrial Boulevard,Miami,Florida,33593,+1-200-693-7044,contact@atlanticfoodssolutions.com,https://www.atlanticfoodssolutions.com
A00877,Central Foods Solutions,2849 Park Road,Portland,Oregon,97710,+1-200-694-4963,contact@centralfoodssolutions.com,https://www.centralfoodssolutions.com
A00878,National Foods Solutions,2886 Center Street,Detroit,Michigan,48727,+1-200-695-2882,contact@nationalfoodssolutions.com,https://www.nationalfoodssolutions.com
A00879,Urban Foods Solutions,2923 Commerce Drive,Minneapolis,Minnesota,55944,+1-200-696-0801,contact@urbanfoodssolutions.com,https://www.urbanfoodssolutions.com
A00880,Northstar Healthcare Solutions,2960 Main Street,New York,New York,10561,+1-200-696-8720,contact@northstarhealthcaresolutions.com,https://www.northstarhealthcaresolutions.com
A00881,Blue Horizon Healthcare Solutions,2997 Market Street,Los Angeles,California,90578,+1-200-697-6639,contact@bluehorizonhealthcaresolutions.com,https://www.bluehorizonhealthcaresolutions.com
A00882,Evergreen Healthcare Solutions,3034 Oak Avenue,Chicago,Illinois,61195,+1-200-698-4558,contact@evergreenhealthcaresolutions.com,https://www.evergreenhealthcaresolutions.com
A00883,Summit Healthcare Solutions,3071 Maple Road,Houston,Texas,77612,+1-200-699-2477,contact@summithealthcaresolutions.com,https://www.summithealthcaresolutions.com
A00884,Pioneer Healthcare Solutions,3108 Washington Street,Phoenix,Arizona,85629,+1-200-700-0396,contact@pioneerhealthcaresolutions.com,https://www.pioneerhealthcaresolutions.com
A00885,Crestview Healthcare Solutions,3145 Lake Avenue,Philadelphia,Pennsylvania,19664,+1-200-700-8315,contact@crestviewhealthcaresolutions.com,https://www.crestviewhealthcaresolutions.com
A00886,Silverline Healthcare Solutions,3182 Industrial Boulevard,San Antonio,Texas,78863,+1-200-701-6234,contact@silverlinehealthcaresolutions.com,https://www.silverlinehealthcaresolutions.com
A00887,Clearwater Healthcare Solutions,3219 Park Road,San Diego,California,92780,+1-200-702-4153,contact@clearwaterhealthcaresolutions.com,https://www.clearwaterhealthcaresolutions.com
A00888,Redwood Healthcare Solutions,3256 Center Street,Dallas,Texas,75897,+1-200-703-2072,contact@redwoodhealthcaresolutions.com,https://www.redwoodhealthcaresolutions.com
A00889,Brightway Healthcare Solutions,3293 Commerce Drive,San Jose,California,95814,+1-200-703-9991,contact@brightwayhealthcaresolutions.com,https://www.brightwayhealthcaresolutions.com
A00890,Oakridge Healthcare Solutions,3330 Main Street,Austin,Texas,74031,+1-200-704-7910,contact@oakridgehealthcaresolutions.com,https://www.oakridgehealthcaresolutions.com
A00891,Westfield Healthcare Solutions,3367 Market Street,Jacksonville,Florida,32846,+1-200-705-5829,contact@westfieldhealthcaresolutions.com,https://www.westfieldhealthcaresolutions.com
A00892,Lakeside Healthcare Solutions,3404 Oak Avenue,Seattle,Washington,98865,+1-200-706-3748,contact@lakesidehealthcaresolutions.com,https://www.lakesidehealthcaresolutions.com
A00893,Grandview Healthcare Solutions,3441 Maple Road,Denver,Colorado,80982,+1-200-707-1667,contact@grandviewhealthcaresolutions.com,https://www.grandviewhealthcaresolutions.com
A00894,Riverside Healthcare Solutions,3478 Washington Street,Boston,Massachusetts,02906,+1-200-707-9586,contact@riversidehealthcaresolutions.com,https://www.riversidehealthcaresolutions.com
A00895,Stonebridge Healthcare Solutions,3515 Lake Avenue,Atlanta,Georgia,31116,+1-200-708-7505,contact@stonebridgehealthcaresolutions.com,https://www.stonebridgehealthcaresolutions.com
A00896,Highland Healthcare Solutions,3552 Industrial Boulevard,Miami,Florida,33933,+1-200-709-5424,contact@highlandhealthcaresolutions.com,https://www.highlandhealthcaresolutions.com
A00897,Golden Healthcare Solutions,3589 Park Road,Portland,Oregon,98050,+1-200-710-3343,contact@goldenhealthcaresolutions.com,https://www.goldenhealthcaresolutions.com
A00898,Maple Healthcare Solutions,3626 Center Street,Detroit,Michigan,49067,+1-200-711-1262,contact@maplehealthcaresolutions.com,https://www.maplehealthcaresolutions.com
A00899,Cedar Healthcare Solutions,3663 Commerce Drive,Minneapolis,Minnesota,56284,+1-200-711-9181,contact@cedarhealthcaresolutions.com,https://www.cedarhealthcaresolutions.com
A00900,Ironwood Healthcare Solutions,3700 Main Street,New York,New York,10001,+1-200-712-7100,contact@ironwoodhealthcaresolutions.com,https://www.ironwoodhealthcaresolutions.com
A00901,Greenfield Healthcare Solutions,3737 Market Street,Los Angeles,California,90018,+1-200-713-5019,contact@greenfieldhealthcaresolutions.com,https://www.greenfieldhealthcaresolutions.com
A00902,Brookside Healthcare Solutions,3774 Oak Avenue,Chicago,Illinois,60635,+1-200-714-2938,contact@brooksidehealthcaresolutions.com,https://www.brooksidehealthcaresolutions.com
A00903,Sunrise Healthcare Solutions,3811 Maple Road,Houston,Texas,77052,+1-200-715-0857,contact@sunrisehealthcaresolutions.com,https://www.sunrisehealthcaresolutions.com
A00904,Horizon Healthcare Solutions,3848 Washington Street,Phoenix,Arizona,85069,+1-200-715-8776,contact@horizonhealthcaresolutions.com,https://www.horizonhealthcaresolutions.com
A00905,Liberty Healthcare Solutions,3885 Lake Avenue,Philadelphia,Pennsylvania,19104,+1-200-716-6695,contact@libertyhealthcaresolutions.com,https://www.libertyhealthcaresolutions.com
A00906,Prime Healthcare Solutions,3922 Industrial Boulevard,San Antonio,Texas,78303,+1-200-717-4614,contact@primehealthcaresolutions.com,https://www.primehealthcaresolutions.com
A00907,United Healthcare Solutions,3959 Park Road,San Diego,California,92220,+1-200-718-2533,contact@unitedhealthcaresolutions.com,https://www.unitedhealthcaresolutions.com
A00908,Metro Healthcare Solutions,3996 Center Street,Dallas,Texas,75337,+1-200-719-0452,contact@metrohealthcaresolutions.com,https://www.metrohealthcaresolutions.com
A00909,Vertex Healthcare Solutions,4033 Commerce Drive,San Jose,California,95254,+1-200-719-8371,contact@vertexhealthcaresolutions.com,https://www.vertexhealthcaresolutions.com
A00910,Apex Healthcare Solutions,4070 Main Street,Austin,Texas,73471,+1-200-720-6290,contact@apexhealthcaresolutions.com,https://www.apexhealthcaresolutions.com
A00911,Atlas Healthcare Solutions,4107 Market Street,Jacksonville,Florida,32286,+1-200-721-4209,contact@atlashealthcaresolutions.com,https://www.atlashealthcaresolutions.com
A00912,Nova Healthcare Solutions,4144 Oak Avenue,Seattle,Washington,98305,+1-200-722-2128,contact@novahealthcaresolutions.com,https://www.novahealthcaresolutions.com
A00913,Quantum Healthcare Solutions,4181 Maple Road,Denver,Colorado,80422,+1-200-723-0047,contact@quantumhealthcaresolutions.com,https://www.quantumhealthcaresolutions.com
A00914,Sterling Healthcare Solutions,4218 Washington Street,Boston,Massachusetts,02346,+1-200-723-7966,contact@sterlinghealthcaresolutions.com,https://www.sterlinghealthcaresolutions.com
A00915,Pacific Healthcare Solutions,4255 Lake Avenue,Atlanta,Georgia,30556,+1-200-724-5885,contact@pacifichealthcaresolutions.com,https://www.pacifichealthcaresolutions.com
A00916,Atlantic Healthcare Solutions,4292 Industrial Boulevard,Miami,Florida,33373,+1-200-725-3804,contact@atlantichealthcaresolutions.com,https://www.atlantichealthcaresolutions.com
A00917,Central Healthcare Solutions,4329 Park Road,Portland,Oregon,97490,+1-200-726-1723,contact@centralhealthcaresolutions.com,https://www.centralhealthcaresolutions.com
A00918,National Healthcare Solutions,4366 Center Street,Detroit,Michigan,48507,+1-200-726-9642,contact@nationalhealthcaresolutions.com,https://www.nationalhealthcaresolutions.com
A00919,Urban Healthcare Solutions,4403 Commerce Drive,Minneapolis,Minnesota,55724,+1-200-727-7561,contact@urbanhealthcaresolutions.com,https://www.urbanhealthcaresolutions.com
A00920,Northstar Medical Solutions,4440 Main Street,New York,New York,10341,+1-200-728-5480,contact@northstarmedicalsolutions.com,https://www.northstarmedicalsolutions.com
A00921,Blue Horizon Medical Solutions,4477 Market Street,Los Angeles,California,90358,+1-200-729-3399,contact@bluehorizonmedicalsolutions.com,https://www.bluehorizonmedicalsolutions.com
A00922,Evergreen Medical Solutions,4514 Oak Avenue,Chicago,Illinois,60975,+1-200-730-1318,contact@evergreenmedicalsolutions.com,https://www.evergreenmedicalsolutions.com
A00923,Summit Medical Solutions,4551 Maple Road,Houston,Texas,77392,+1-200-730-9237,contact@summitmedicalsolutions.com,https://www.summitmedicalsolutions.com
A00924,Pioneer Medical Solutions,4588 Washington Street,Phoenix,Arizona,85409,+1-200-731-7156,contact@pioneermedicalsolutions.com,https://www.pioneermedicalsolutions.com
A00925,Crestview Medical Solutions,4625 Lake Avenue,Philadelphia,Pennsylvania,19444,+1-200-732-5075,contact@crestviewmedicalsolutions.com,https://www.crestviewmedicalsolutions.com
A00926,Silverline Medical Solutions,4662 Industrial Boulevard,San Antonio,Texas,78643,+1-200-733-2994,contact@silverlinemedicalsolutions.com,https://www.silverlinemedicalsolutions.com
A00927,Clearwater Medical Solutions,4699 Park Road,San Diego,California,92560,+1-200-734-0913,contact@clearwatermedicalsolutions.com,https://www.clearwatermedicalsolutions.com
A00928,Redwood Medical Solutions,4736 Center Street,Dallas,Texas,75677,+1-200-734-8832,contact@redwoodmedicalsolutions.com,https://www.redwoodmedicalsolutions.com
A00929,Brightway Medical Solutions,4773 Commerce Drive,San Jose,California,95594,+1-200-735-6751,contact@brightwaymedicalsolutions.com,https://www.brightwaymedicalsolutions.com
A00930,Oakridge Medical Solutions,4810 Main Street,Austin,Texas,73811,+1-200-736-4670,contact@oakridgemedicalsolutions.com,https://www.oakridgemedicalsolutions.com
A00931,Westfield Medical Solutions,4847 Market Street,Jacksonville,Florida,32626,+1-200-737-2589,contact@westfieldmedicalsolutions.com,https://www.westfieldmedicalsolutions.com
A00932,Lakeside Medical Solutions,4884 Oak Avenue,Seattle,Washington,98645,+1-200-738-0508,contact@lakesidemedicalsolutions.com,https://www.lakesidemedicalsolutions.com
A00933,Grandview Medical Solutions,4921 Maple Road,Denver,Colorado,80762,+1-200-738-8427,contact@grandviewmedicalsolutions.com,https://www.grandviewmedicalsolutions.com
A00934,Riverside Medical Solutions,4958 Washington Street,Boston,Massachusetts,02686,+1-200-739-6346,contact@riversidemedicalsolutions.com,https://www.riversidemedicalsolutions.com
A00935,Stonebridge Medical Solutions,4995 Lake Avenue,Atlanta,Georgia,30896,+1-200-740-4265,contact@stonebridgemedicalsolutions.com,https://www.stonebridgemedicalsolutions.com
A00936,Highland Medical Solutions,5032 Industrial Boulevard,Miami,Florida,33713,+1-200-741-2184,contact@highlandmedicalsolutions.com,https://www.highlandmedicalsolutions.com
A00937,Golden Medical Solutions,5069 Park Road,Portland,Oregon,97830,+1-200-742-0103,contact@goldenmedicalsolutions.com,https://www.goldenmedicalsolutions.com
A00938,Maple Medical Solutions,5106 Center Street,Detroit,Michigan,48847,+1-200-742-8022,contact@maplemedicalsolutions.com,https://www.maplemedicalsolutions.com
A00939,Cedar Medical Solutions,5143 Commerce Drive,Minneapolis,Minnesota,56064,+1-200-743-5941,contact@cedarmedicalsolutions.com,https://www.cedarmedicalsolutions.com
A00940,Ironwood Medical Solutions,5180 Main Street,New York,New York,10681,+1-200-744-3860,contact@ironwoodmedicalsolutions.com,https://www.ironwoodmedicalsolutions.com
A00941,Greenfield Medical Solutions,5217 Market Street,Los Angeles,California,90698,+1-200-745-1779,contact@greenfieldmedicalsolutions.com,https://www.greenfieldmedicalsolutions.com
A00942,Brookside Medical Solutions,5254 Oak Avenue,Chicago,Illinois,61315,+1-200-745-9698,contact@brooksidemedicalsolutions.com,https://www.brooksidemedicalsolutions.com
A00943,Sunrise Medical Solutions,5291 Maple Road,Houston,Texas,77732,+1-200-746-7617,contact@sunrisemedicalsolutions.com,https://www.sunrisemedicalsolutions.com
A00944,Horizon Medical Solutions,5328 Washington Street,Phoenix,Arizona,85749,+1-200-747-5536,contact@horizonmedicalsolutions.com,https://www.horizonmedicalsolutions.com
A00945,Liberty Medical Solutions,5365 Lake Avenue,Philadelphia,Pennsylvania,19784,+1-200-748-3455,contact@libertymedicalsolutions.com,https://www.libertymedicalsolutions.com
A00946,Prime Medical Solutions,5402 Industrial Boulevard,San Antonio,Texas,78983,+1-200-749-1374,contact@primemedicalsolutions.com,https://www.primemedicalsolutions.com
A00947,United Medical Solutions,5439 Park Road,San Diego,California,92900,+1-200-749-9293,contact@unitedmedicalsolutions.com,https://www.unitedmedicalsolutions.com
A00948,Metro Medical Solutions,5476 Center Street,Dallas,Texas,76017,+1-200-750-7212,contact@metromedicalsolutions.com,https://www.metromedicalsolutions.com
A00949,Vertex Medical Solutions,5513 Commerce Drive,San Jose,California,95934,+1-200-751-5131,contact@vertexmedicalsolutions.com,https://www.vertexmedicalsolutions.com
A00950,Apex Medical Solutions,5550 Main Street,Austin,Texas,74151,+1-200-752-3050,contact@apexmedicalsolutions.com,https://www.apexmedicalsolutions.com
A00951,Atlas Medical Solutions,5587 Market Street,Jacksonville,Florida,32966,+1-200-753-0969,contact@atlasmedicalsolutions.com,https://www.atlasmedicalsolutions.com
A00952,Nova Medical Solutions,5624 Oak Avenue,Seattle,Washington,98985,+1-200-753-8888,contact@novamedicalsolutions.com,https://www.novamedicalsolutions.com
A00953,Quantum Medical Solutions,5661 Maple Road,Denver,Colorado,80202,+1-200-754-6807,contact@quantummedicalsolutions.com,https://www.quantummedicalsolutions.com
A00954,Sterling Medical Solutions,5698 Washington Street,Boston,Massachusetts,02126,+1-200-755-4726,contact@sterlingmedicalsolutions.com,https://www.sterlingmedicalsolutions.com
A00955,Pacific Medical Solutions,5735 Lake Avenue,Atlanta,Georgia,30336,+1-200-756-2645,contact@pacificmedicalsolutions.com,https://www.pacificmedicalsolutions.com
A00956,Atlantic Medical Solutions,5772 Industrial Boulevard,Miami,Florida,33153,+1-200-757-0564,contact@atlanticmedicalsolutions.com,https://www.atlanticmedicalsolutions.com
A00957,Central Medical Solutions,5809 Park Road,Portland,Oregon,97270,+1-200-757-8483,contact@centralmedicalsolutions.com,https://www.centralmedicalsolutions.com
A00958,National Medical Solutions,5846 Center Street,Detroit,Michigan,48287,+1-200-758-6402,contact@nationalmedicalsolutions.com,https://www.nationalmedicalsolutions.com
A00959,Urban Medical Solutions,5883 Commerce Drive,Minneapolis,Minnesota,55504,+1-200-759-4321,contact@urbanmedicalsolutions.com,https://www.urbanmedicalsolutions.com
A00960,Northstar Technology Solutions,5920 Main Street,New York,New York,10121,+1-200-760-2240,contact@northstartechnologysolutions.com,https://www.northstartechnologysolutions.com
A00961,Blue Horizon Technology Solutions,5957 Market Street,Los Angeles,California,90138,+1-200-761-0159,contact@bluehorizontechnologysolutions.com,https://www.bluehorizontechnologysolutions.com
A00962,Evergreen Technology Solutions,5994 Oak Avenue,Chicago,Illinois,60755,+1-200-761-8078,contact@evergreentechnologysolutions.com,https://www.evergreentechnologysolutions.com
A00963,Summit Technology Solutions,6031 Maple Road,Houston,Texas,77172,+1-200-762-5997,contact@summittechnologysolutions.com,https://www.summittechnologysolutions.com
A00964,Pioneer Technology Solutions,6068 Washington Street,Phoenix,Arizona,85189,+1-200-763-3916,contact@pioneertechnologysolutions.com,https://www.pioneertechnologysolutions.com
A00965,Crestview Technology Solutions,6105 Lake Avenue,Philadelphia,Pennsylvania,19224,+1-200-764-1835,contact@crestviewtechnologysolutions.com,https://www.crestviewtechnologysolutions.com
A00966,Silverline Technology Solutions,6142 Industrial Boulevard,San Antonio,Texas,78423,+1-200-764-9754,contact@silverlinetechnologysolutions.com,https://www.silverlinetechnologysolutions.com
A00967,Clearwater Technology Solutions,6179 Park Road,San Diego,California,92340,+1-200-765-7673,contact@clearwatertechnologysolutions.com,https://www.clearwatertechnologysolutions.com
A00968,Redwood Technology Solutions,6216 Center Street,Dallas,Texas,75457,+1-200-766-5592,contact@redwoodtechnologysolutions.com,https://www.redwoodtechnologysolutions.com
A00969,Brightway Technology Solutions,6253 Commerce Drive,San Jose,California,95374,+1-200-767-3511,contact@brightwaytechnologysolutions.com,https://www.brightwaytechnologysolutions.com
A00970,Oakridge Technology Solutions,6290 Main Street,Austin,Texas,73591,+1-200-768-1430,contact@oakridgetechnologysolutions.com,https://www.oakridgetechnologysolutions.com
A00971,Westfield Technology Solutions,6327 Market Street,Jacksonville,Florida,32406,+1-200-768-9349,contact@westfieldtechnologysolutions.com,https://www.westfieldtechnologysolutions.com
A00972,Lakeside Technology Solutions,6364 Oak Avenue,Seattle,Washington,98425,+1-200-769-7268,contact@lakesidetechnologysolutions.com,https://www.lakesidetechnologysolutions.com
A00973,Grandview Technology Solutions,6401 Maple Road,Denver,Colorado,80542,+1-200-770-5187,contact@grandviewtechnologysolutions.com,https://www.grandviewtechnologysolutions.com
A00974,Riverside Technology Solutions,6438 Washington Street,Boston,Massachusetts,02466,+1-200-771-3106,contact@riversidetechnologysolutions.com,https://www.riversidetechnologysolutions.com
A00975,Stonebridge Technology Solutions,6475 Lake Avenue,Atlanta,Georgia,30676,+1-200-772-1025,contact@stonebridgetechnologysolutions.com,https://www.stonebridgetechnologysolutions.com
A00976,Highland Technology Solutions,6512 Industrial Boulevard,Miami,Florida,33493,+1-200-772-8944,contact@highlandtechnologysolutions.com,https://www.highlandtechnologysolutions.com
A00977,Golden Technology Solutions,6549 Park Road,Portland,Oregon,97610,+1-200-773-6863,contact@goldentechnologysolutions.com,https://www.goldentechnologysolutions.com
A00978,Maple Technology Solutions,6586 Center Street,Detroit,Michigan,48627,+1-200-774-4782,contact@mapletechnologysolutions.com,https://www.mapletechnologysolutions.com
A00979,Cedar Technology Solutions,6623 Commerce Drive,Minneapolis,Minnesota,55844,+1-200-775-2701,contact@cedartechnologysolutions.com,https://www.cedartechnologysolutions.com
A00980,Ironwood Technology Solutions,6660 Main Street,New York,New York,10461,+1-200-776-0620,contact@ironwoodtechnologysolutions.com,https://www.ironwoodtechnologysolutions.com
A00981,Greenfield Technology Solutions,6697 Market Street,Los Angeles,California,90478,+1-200-776-8539,contact@greenfieldtechnologysolutions.com,https://www.greenfieldtechnologysolutions.com
A00982,Brookside Technology Solutions,6734 Oak Avenue,Chicago,Illinois,61095,+1-200-777-6458,contact@brooksidetechnologysolutions.com,https://www.brooksidetechnologysolutions.com
A00983,Sunrise Technology Solutions,6771 Maple Road,Houston,Texas,77512,+1-200-778-4377,contact@sunrisetechnologysolutions.com,https://www.sunrisetechnologysolutions.com
A00984,Horizon Technology Solutions,6808 Washington Street,Phoenix,Arizona,85529,+1-200-779-2296,contact@horizontechnologysolutions.com,https://www.horizontechnologysolutions.com
A00985,Liberty Technology Solutions,6845 Lake Avenue,Philadelphia,Pennsylvania,19564,+1-200-780-0215,contact@libertytechnologysolutions.com,https://www.libertytechnologysolutions.com
A00986,Prime Technology Solutions,6882 Industrial Boulevard,San Antonio,Texas,78763,+1-200-780-8134,contact@primetechnologysolutions.com,https://www.primetechnologysolutions.com
A00987,United Technology Solutions,6919 Park Road,San Diego,California,92680,+1-200-781-6053,contact@unitedtechnologysolutions.com,https://www.unitedtechnologysolutions.com
A00988,Metro Technology Solutions,6956 Center Street,Dallas,Texas,75797,+1-200-782-3972,contact@metrotechnologysolutions.com,https://www.metrotechnologysolutions.com
A00989,Vertex Technology Solutions,6993 Commerce Drive,San Jose,California,95714,+1-200-783-1891,contact@vertextechnologysolutions.com,https://www.vertextechnologysolutions.com
A00990,Apex Technology Solutions,7030 Main Street,Austin,Texas,73931,+1-200-783-9810,contact@apextechnologysolutions.com,https://www.apextechnologysolutions.com
A00991,Atlas Technology Solutions,7067 Market Street,Jacksonville,Florida,32746,+1-200-784-7729,contact@atlastechnologysolutions.com,https://www.atlastechnologysolutions.com
A00992,Nova Technology Solutions,7104 Oak Avenue,Seattle,Washington,98765,+1-200-785-5648,contact@novatechnologysolutions.com,https://www.novatechnologysolutions.com
A00993,Quantum Technology Solutions,7141 Maple Road,Denver,Colorado,80882,+1-200-786-3567,contact@quantumtechnologysolutions.com,https://www.quantumtechnologysolutions.com
A00994,Sterling Technology Solutions,7178 Washington Street,Boston,Massachusetts,02806,+1-200-787-1486,contact@sterlingtechnologysolutions.com,https://www.sterlingtechnologysolutions.com
A00995,Pacific Technology Solutions,7215 Lake Avenue,Atlanta,Georgia,31016,+1-200-787-9405,contact@pacifictechnologysolutions.com,https://www.pacifictechnologysolutions.com
A00996,Atlantic Technology Solutions,7252 Industrial Boulevard,Miami,Florida,33833,+1-200-788-7324,contact@atlantictechnologysolutions.com,https://www.atlantictechnologysolutions.com
A00997,Central Technology Solutions,7289 Park Road,Portland,Oregon,97950,+1-200-789-5243,contact@centraltechnologysolutions.com,https://www.centraltechnologysolutions.com
A00998,National Technology Solutions,7326 Center Street,Detroit,Michigan,48967,+1-200-790-3162,contact@nationaltechnologysolutions.com,https://www.nationaltechnologysolutions.com
A00999,Urban Technology Solutions,7363 Commerce Drive,Minneapolis,Minnesota,56184,+1-200-791-1081,contact@urbantechnologysolutions.com,https://www.urbantechnologysolutions.com
