record_id,company_name,address,city,state,postal_code,phone,email,website
B00000,<function corrupt_name.<locals>.<lambda> at 0x00000255D404A840>,<function corrupt_address.<locals>.<lambda> at 0x00000255D404A480>,,New York,10001,<function corrupt_phone.<locals>.<lambda> at 0x00000255D404A200>,,
B00001,<function corrupt_name.<locals>.<lambda> at 0x00000255D404A5C0>,<function corrupt_address.<locals>.<lambda> at 0x00000255D404A520>,Los Angeles,California,90018,<function corrupt_phone.<locals>.<lambda> at 0x00000255D404A700>,<function corrupt_email.<locals>.<lambda> at 0x00000255D404A660>,<function corrupt_website.<locals>.<lambda> at 0x00000255D404A340>
B00002,<function corrupt_name.<locals>.<lambda> at 0x00000255D404A7A0>,<function corrupt_address.<locals>.<lambda> at 0x00000255D404AB60>,Chicago,Illinois,60635,<function corrupt_phone.<locals>.<lambda> at 0x00000255D404A8E0>,,<function corrupt_website.<locals>.<lambda> at 0x00000255D404A3E0>
B00003,<function corrupt_name.<locals>.<lambda> at 0x00000255D404B100>,<function corrupt_address.<locals>.<lambda> at 0x00000255D404AA20>,Houston,Texas,77052,,<function corrupt_email.<locals>.<lambda> at 0x00000255D404A980>,<function corrupt_website.<locals>.<lambda> at 0x00000255D404AD40>
B00004,<function corrupt_name.<locals>.<lambda> at 0x00000255D404AE80>,<function corrupt_address.<locals>.<lambda> at 0x00000255D404ACA0>,Phoenix,,85069,<function corrupt_phone.<locals>.<lambda> at 0x00000255D404AAC0>,<function corrupt_email.<locals>.<lambda> at 0x00000255D404A2A0>,<function corrupt_website.<locals>.<lambda> at 0x00000255D404AFC0>
B00005,<function corrupt_name.<locals>.<lambda> at 0x00000255D404B560>,<function corrupt_address.<locals>.<lambda> at 0x00000255D404B240>,Philadelphia,Pennsylvania,19104,<function corrupt_phone.<locals>.<lambda> at 0x00000255D404AC00>,<function corrupt_email.<locals>.<lambda> at 0x00000255D404AF20>,<function corrupt_website.<locals>.<lambda> at 0x00000255D404B060>
B00006,<function corrupt_name.<locals>.<lambda> at 0x00000255D404B600>,<function corrupt_address.<locals>.<lambda> at 0x00000255D404B420>,San Antonio,Texas,78303,<function corrupt_phone.<locals>.<lambda> at 0x00000255D404B2E0>,<function corrupt_email.<locals>.<lambda> at 0x00000255D404ADE0>,<function corrupt_website.<locals>.<lambda> at 0x00000255D404B1A0>
B00007,<function corrupt_name.<locals>.<lambda> at 0x00000255D404B920>,<function corrupt_address.<locals>.<lambda> at 0x00000255D404B7E0>,San Diego,California,92220,<function corrupt_phone.<locals>.<lambda> at 0x00000255D404B6A0>,<function corrupt_email.<locals>.<lambda> at 0x00000255D404B880>,
B00008,<function corrupt_name.<locals>.<lambda> at 0x00000255D404B4C0>,<function corrupt_address.<locals>.<lambda> at 0x00000255D404BA60>,Dallas,Texas,75337,<function corrupt_phone.<locals>.<lambda> at 0x00000255D404BB00>,<function corrupt_email.<locals>.<lambda> at 0x00000255D404BBA0>,<function corrupt_website.<locals>.<lambda> at 0x00000255D404B380>
B00009,<function corrupt_name.<locals>.<lambda> at 0x00000255D404B740>,<function corrupt_address.<locals>.<lambda> at 0x00000255D404B9C0>,San Jose,California,95254,<function corrupt_phone.<locals>.<lambda> at 0x00000255D404BE20>,<function corrupt_email.<locals>.<lambda> at 0x00000255D404BEC0>,<function corrupt_website.<locals>.<lambda> at 0x00000255D404BF60>
B00010,<function corrupt_name.<locals>.<lambda> at 0x00000255D405C360>,<function corrupt_address.<locals>.<lambda> at 0x00000255D404BC40>,Austin,Texas,73471,<function corrupt_phone.<locals>.<lambda> at 0x00000255D405C040>,,<function corrupt_website.<locals>.<lambda> at 0x00000255D405C180>
B00011,<function corrupt_name.<locals>.<lambda> at 0x00000255D404BCE0>,<function corrupt_address.<locals>.<lambda> at 0x00000255D405C400>,Jacksonville,Florida,32286,<function corrupt_phone.<locals>.<lambda> at 0x00000255D404BD80>,<function corrupt_email.<locals>.<lambda> at 0x00000255D405C2C0>,<function corrupt_website.<locals>.<lambda> at 0x00000255D405C5E0>
B00012,<function corrupt_name.<locals>.<lambda> at 0x00000255D405C4A0>,<function corrupt_address.<locals>.<lambda> at 0x00000255D405C7C0>,Seattle,Washington,98305,<function corrupt_phone.<locals>.<lambda> at 0x00000255D405C720>,<function corrupt_email.<locals>.<lambda> at 0x00000255D405C860>,
B00013,<function corrupt_name.<locals>.<lambda> at 0x00000255D405C9A0>,<function corrupt_address.<locals>.<lambda> at 0x00000255D405C900>,Denver,Colorado,80422,,<function corrupt_email.<locals>.<lambda> at 0x00000255D405C680>,<function corrupt_website.<locals>.<lambda> at 0x00000255D405CAE0>
B00014,<function corrupt_name.<locals>.<lambda> at 0x00000255D405C540>,<function corrupt_address.<locals>.<lambda> at 0x00000255D405CE00>,Boston,Massachusetts,02346,<function corrupt_phone.<locals>.<lambda> at 0x00000255D405CC20>,<function corrupt_email.<locals>.<lambda> at 0x00000255D405C220>,<function corrupt_website.<locals>.<lambda> at 0x00000255D405CA40>
B00015,<function corrupt_name.<locals>.<lambda> at 0x00000255D405CFE0>,<function corrupt_address.<locals>.<lambda> at 0x00000255D405CF40>,Atlanta,Georgia,30556,,<function corrupt_email.<locals>.<lambda> at 0x00000255D405CB80>,<function corrupt_website.<locals>.<lambda> at 0x00000255D405CCC0>
B00016,<function corrupt_name.<locals>.<lambda> at 0x00000255D405C0E0>,<function corrupt_address.<locals>.<lambda> at 0x00000255D405CEA0>,Miami,Florida,,<function corrupt_phone.<locals>.<lambda> at 0x00000255D405CD60>,<function corrupt_email.<locals>.<lambda> at 0x00000255D405D080>,<function corrupt_website.<locals>.<lambda> at 0x00000255D405D260>
B00017,<function corrupt_name.<locals>.<lambda> at 0x00000255D405D3A0>,<function corrupt_address.<locals>.<lambda> at 0x00000255D405D300>,Portland,Oregon,97490,<function corrupt_phone.<locals>.<lambda> at 0x00000255D405D1C0>,<function corrupt_email.<locals>.<lambda> at 0x00000255D405D580>,<function corrupt_website.<locals>.<lambda> at 0x00000255D405D120>
B00018,<function corrupt_name.<locals>.<lambda> at 0x00000255D405D800>,<function corrupt_address.<locals>.<lambda> at 0x00000255D405D940>,Detroit,Michigan,,,<function corrupt_email.<locals>.<lambda> at 0x00000255D405D620>,<function corrupt_website.<locals>.<lambda> at 0x00000255D405D440>
B00019,<function corrupt_name.<locals>.<lambda> at 0x00000255D405D8A0>,<function corrupt_address.<locals>.<lambda> at 0x00000255D405DC60>,Minneapolis,Minnesota,55724,<function corrupt_phone.<locals>.<lambda> at 0x00000255D405D4E0>,,<function corrupt_website.<locals>.<lambda> at 0x00000255D405DA80>
B00020,<function corrupt_name.<locals>.<lambda> at 0x00000255D405D6C0>,<function corrupt_address.<locals>.<lambda> at 0x00000255D405DBC0>,New York,New York,10341,<function corrupt_phone.<locals>.<lambda> at 0x00000255D405DD00>,<function corrupt_email.<locals>.<lambda> at 0x00000255D405D760>,<function corrupt_website.<locals>.<lambda> at 0x00000255D405DE40>
B00021,<function corrupt_name.<locals>.<lambda> at 0x00000255D405E480>,<function corrupt_address.<locals>.<lambda> at 0x00000255D405E160>,Los Angeles,California,90358,<function corrupt_phone.<locals>.<lambda> at 0x00000255D405DF80>,<function corrupt_email.<locals>.<lambda> at 0x00000255D405DEE0>,<function corrupt_website.<locals>.<lambda> at 0x00000255D405DDA0>
B00022,<function corrupt_name.<locals>.<lambda> at 0x00000255D405DB20>,<function corrupt_address.<locals>.<lambda> at 0x00000255D405D9E0>,Chicago,Illinois,60975,<function corrupt_phone.<locals>.<lambda> at 0x00000255D405E340>,<function corrupt_email.<locals>.<lambda> at 0x00000255D405E3E0>,
B00023,<function corrupt_name.<locals>.<lambda> at 0x00000255D405E0C0>,<function corrupt_address.<locals>.<lambda> at 0x00000255D405E020>,Houston,Texas,77392,<function corrupt_phone.<locals>.<lambda> at 0x00000255D405E520>,<function corrupt_email.<locals>.<lambda> at 0x00000255D405E700>,
B00024,<function corrupt_name.<locals>.<lambda> at 0x00000255D405E200>,<function corrupt_address.<locals>.<lambda> at 0x00000255D405E980>,Phoenix,Arizona,85409,<function corrupt_phone.<locals>.<lambda> at 0x00000255D405E5C0>,<function corrupt_email.<locals>.<lambda> at 0x00000255D405E660>,
B00025,<function corrupt_name.<locals>.<lambda> at 0x00000255D405EDE0>,<function corrupt_address.<locals>.<lambda> at 0x00000255D405EA20>,Philadelphia,Pennsylvania,19444,<function corrupt_phone.<locals>.<lambda> at 0x00000255D405E8E0>,<function corrupt_email.<locals>.<lambda> at 0x00000255D405EB60>,<function corrupt_website.<locals>.<lambda> at 0x00000255D405E7A0>
B00026,<function corrupt_name.<locals>.<lambda> at 0x00000255D405EFC0>,<function corrupt_address.<locals>.<lambda> at 0x00000255D405ECA0>,San Antonio,Texas,,<function corrupt_phone.<locals>.<lambda> at 0x00000255D405E840>,<function corrupt_email.<locals>.<lambda> at 0x00000255D405EAC0>,<function corrupt_website.<locals>.<lambda> at 0x00000255D405EF20>
B00027,<function corrupt_name.<locals>.<lambda> at 0x00000255D405F380>,<function corrupt_address.<locals>.<lambda> at 0x00000255D405E2A0>,San Diego,California,92560,<function corrupt_phone.<locals>.<lambda> at 0x00000255D405EC00>,<function corrupt_email.<locals>.<lambda> at 0x00000255D405EE80>,<function corrupt_website.<locals>.<lambda> at 0x00000255D405ED40>
B00028,<function corrupt_name.<locals>.<lambda> at 0x00000255D405F1A0>,<function corrupt_address.<locals>.<lambda> at 0x00000255D405F420>,Dallas,Texas,75677,<function corrupt_phone.<locals>.<lambda> at 0x00000255D405F240>,<function corrupt_email.<locals>.<lambda> at 0x00000255D405F2E0>,
B00029,<function corrupt_name.<locals>.<lambda> at 0x00000255D405F740>,<function corrupt_address.<locals>.<lambda> at 0x00000255D405F600>,,California,95594,<function corrupt_phone.<locals>.<lambda> at 0x00000255D405F4C0>,<function corrupt_email.<locals>.<lambda> at 0x00000255D405F6A0>,<function corrupt_website.<locals>.<lambda> at 0x00000255D405F7E0>
B00030,<function corrupt_name.<locals>.<lambda> at 0x00000255D405F100>,<function corrupt_address.<locals>.<lambda> at 0x00000255D405F560>,Austin,Texas,73811,<function corrupt_phone.<locals>.<lambda> at 0x00000255D405F060>,<function corrupt_email.<locals>.<lambda> at 0x00000255D405FB00>,
B00031,<function corrupt_name.<locals>.<lambda> at 0x00000255D405FBA0>,<function corrupt_address.<locals>.<lambda> at 0x00000255D405FCE0>,Jacksonville,Florida,32626,<function corrupt_phone.<locals>.<lambda> at 0x00000255D405F920>,<function corrupt_email.<locals>.<lambda> at 0x00000255D405F880>,<function corrupt_website.<locals>.<lambda> at 0x00000255D405FC40>
B00032,<function corrupt_name.<locals>.<lambda> at 0x00000255D4090040>,<function corrupt_address.<locals>.<lambda> at 0x00000255D405FD80>,Seattle,Washington,98645,<function corrupt_phone.<locals>.<lambda> at 0x00000255D405F9C0>,<function corrupt_email.<locals>.<lambda> at 0x00000255D405FA60>,<function corrupt_website.<locals>.<lambda> at 0x00000255D405FF60>
B00033,<function corrupt_name.<locals>.<lambda> at 0x00000255D4090360>,<function corrupt_address.<locals>.<lambda> at 0x00000255D4090180>,Denver,Colorado,80762,<function corrupt_phone.<locals>.<lambda> at 0x00000255D405FE20>,<function corrupt_email.<locals>.<lambda> at 0x00000255D40900E0>,<function corrupt_website.<locals>.<lambda> at 0x00000255D4090400>
B00034,<function corrupt_name.<locals>.<lambda> at 0x00000255D4090A40>,<function corrupt_address.<locals>.<lambda> at 0x00000255D40904A0>,Boston,Massachusetts,02686,<function corrupt_phone.<locals>.<lambda> at 0x00000255D40902C0>,<function corrupt_email.<locals>.<lambda> at 0x00000255D4090540>,<function corrupt_website.<locals>.<lambda> at 0x00000255D4090720>
B00035,<function corrupt_name.<locals>.<lambda> at 0x00000255D4090AE0>,<function corrupt_address.<locals>.<lambda> at 0x00000255D4090860>,Atlanta,Georgia,30896,<function corrupt_phone.<locals>.<lambda> at 0x00000255D4090220>,,<function corrupt_website.<locals>.<lambda> at 0x00000255D4090900>
B00036,<function corrupt_name.<locals>.<lambda> at 0x00000255D4090F40>,<function corrupt_address.<locals>.<lambda> at 0x00000255D4090B80>,Miami,Florida,33713,<function corrupt_phone.<locals>.<lambda> at 0x00000255D40909A0>,<function corrupt_email.<locals>.<lambda> at 0x00000255D405FEC0>,<function corrupt_website.<locals>.<lambda> at 0x00000255D4090680>
B00037,<function corrupt_name.<locals>.<lambda> at 0x00000255D4091300>,<function corrupt_address.<locals>.<lambda> at 0x00000255D4090CC0>,Portland,Oregon,97830,<function corrupt_phone.<locals>.<lambda> at 0x00000255D4090C20>,<function corrupt_email.<locals>.<lambda> at 0x00000255D40905E0>,<function corrupt_website.<locals>.<lambda> at 0x00000255D4090E00>
B00038,<function corrupt_name.<locals>.<lambda> at 0x00000255D40914E0>,<function corrupt_address.<locals>.<lambda> at 0x00000255D40911C0>,Detroit,Michigan,48847,<function corrupt_phone.<locals>.<lambda> at 0x00000255D4090D60>,<function corrupt_email.<locals>.<lambda> at 0x00000255D4091080>,<function corrupt_website.<locals>.<lambda> at 0x00000255D4090EA0>
B00039,<function corrupt_name.<locals>.<lambda> at 0x00000255D40913A0>,<function corrupt_address.<locals>.<lambda> at 0x00000255D4091620>,Minneapolis,,56064,<function corrupt_phone.<locals>.<lambda> at 0x00000255D4091260>,<function corrupt_email.<locals>.<lambda> at 0x00000255D4091580>,<function corrupt_website.<locals>.<lambda> at 0x00000255D4091440>
B00040,<function corrupt_name.<locals>.<lambda> at 0x00000255D4091B20>,<function corrupt_address.<locals>.<lambda> at 0x00000255D40916C0>,New York,New York,10681,<function corrupt_phone.<locals>.<lambda> at 0x00000255D4090FE0>,<function corrupt_email.<locals>.<lambda> at 0x00000255D4091760>,<function corrupt_website.<locals>.<lambda> at 0x00000255D4091940>
B00041,<function corrupt_name.<locals>.<lambda> at 0x00000255D4091F80>,<function corrupt_address.<locals>.<lambda> at 0x00000255D40918A0>,Los Angeles,California,90698,,<function corrupt_email.<locals>.<lambda> at 0x00000255D40919E0>,<function corrupt_website.<locals>.<lambda> at 0x00000255D40907C0>
B00042,<function corrupt_name.<locals>.<lambda> at 0x00000255D40920C0>,<function corrupt_address.<locals>.<lambda> at 0x00000255D4091BC0>,Chicago,Illinois,61315,<function corrupt_phone.<locals>.<lambda> at 0x00000255D4091800>,<function corrupt_email.<locals>.<lambda> at 0x00000255D4091120>,<function corrupt_website.<locals>.<lambda> at 0x00000255D4091A80>
B00043,<function corrupt_name.<locals>.<lambda> at 0x00000255D4091E40>,<function corrupt_address.<locals>.<lambda> at 0x00000255D4091DA0>,Houston,Texas,77732,<function corrupt_phone.<locals>.<lambda> at 0x00000255D4092160>,<function corrupt_email.<locals>.<lambda> at 0x00000255D4091C60>,<function corrupt_website.<locals>.<lambda> at 0x00000255D4092200>
B00044,<function corrupt_name.<locals>.<lambda> at 0x00000255D40925C0>,<function corrupt_address.<locals>.<lambda> at 0x00000255D40923E0>,Phoenix,Arizona,85749,<function corrupt_phone.<locals>.<lambda> at 0x00000255D4092340>,<function corrupt_email.<locals>.<lambda> at 0x00000255D4092480>,<function corrupt_website.<locals>.<lambda> at 0x00000255D4091EE0>
B00045,<function corrupt_name.<locals>.<lambda> at 0x00000255D4092840>,<function corrupt_address.<locals>.<lambda> at 0x00000255D40928E0>,Philadelphia,Pennsylvania,19784,<function corrupt_phone.<locals>.<lambda> at 0x00000255D4092660>,<function corrupt_email.<locals>.<lambda> at 0x00000255D4092020>,<function corrupt_website.<locals>.<lambda> at 0x00000255D4091D00>
B00046,<function corrupt_name.<locals>.<lambda> at 0x00000255D40927A0>,<function corrupt_address.<locals>.<lambda> at 0x00000255D4092A20>,San Antonio,Texas,,<function corrupt_phone.<locals>.<lambda> at 0x00000255D4092520>,<function corrupt_email.<locals>.<lambda> at 0x00000255D4092700>,<function corrupt_website.<locals>.<lambda> at 0x00000255D40922A0>
B00047,<function corrupt_name.<locals>.<lambda> at 0x00000255D4092D40>,<function corrupt_address.<locals>.<lambda> at 0x00000255D4092F20>,San Diego,California,92900,<function corrupt_phone.<locals>.<lambda> at 0x00000255D4092CA0>,<function corrupt_email.<locals>.<lambda> at 0x00000255D4092980>,<function corrupt_website.<locals>.<lambda> at 0x00000255D4092E80>
B00048,<function corrupt_name.<locals>.<lambda> at 0x00000255D4092AC0>,<function corrupt_address.<locals>.<lambda> at 0x00000255D4093100>,Dallas,Texas,76017,<function corrupt_phone.<locals>.<lambda> at 0x00000255D4092FC0>,<function corrupt_email.<locals>.<lambda> at 0x00000255D40931A0>,<function corrupt_website.<locals>.<lambda> at 0x00000255D4092C00>
B00049,<function corrupt_name.<locals>.<lambda> at 0x00000255D40932E0>,<function corrupt_address.<locals>.<lambda> at 0x00000255D40934C0>,San Jose,California,95934,<function corrupt_phone.<locals>.<lambda> at 0x00000255D4093240>,<function corrupt_email.<locals>.<lambda> at 0x00000255D4093380>,<function corrupt_website.<locals>.<lambda> at 0x00000255D4093560>
B00050,<function corrupt_name.<locals>.<lambda> at 0x00000255D4093740>,<function corrupt_address.<locals>.<lambda> at 0x00000255D4092B60>,Austin,Texas,74151,,<function corrupt_email.<locals>.<lambda> at 0x00000255D4093600>,<function corrupt_website.<locals>.<lambda> at 0x00000255D40936A0>
B00051,<function corrupt_name.<locals>.<lambda> at 0x00000255D4093D80>,<function corrupt_address.<locals>.<lambda> at 0x00000255D40939C0>,Jacksonville,Florida,32966,<function corrupt_phone.<locals>.<lambda> at 0x00000255D4093060>,,<function corrupt_website.<locals>.<lambda> at 0x00000255D4093420>
B00052,<function corrupt_name.<locals>.<lambda> at 0x00000255D4092DE0>,<function corrupt_address.<locals>.<lambda> at 0x00000255D4093920>,Seattle,Washington,98985,<function corrupt_phone.<locals>.<lambda> at 0x00000255D40937E0>,,<function corrupt_website.<locals>.<lambda> at 0x00000255D4093A60>
B00053,<function corrupt_name.<locals>.<lambda> at 0x00000255D4093C40>,<function corrupt_address.<locals>.<lambda> at 0x00000255D40B4040>,Denver,Colorado,80202,<function corrupt_phone.<locals>.<lambda> at 0x00000255D4093E20>,<function corrupt_email.<locals>.<lambda> at 0x00000255D4093880>,<function corrupt_website.<locals>.<lambda> at 0x00000255D4093BA0>
B00054,<function corrupt_name.<locals>.<lambda> at 0x00000255D4093CE0>,<function corrupt_address.<locals>.<lambda> at 0x00000255D4093B00>,Boston,Massachusetts,02126,<function corrupt_phone.<locals>.<lambda> at 0x00000255D40B4180>,,
B00055,<function corrupt_name.<locals>.<lambda> at 0x00000255D40B47C0>,<function corrupt_address.<locals>.<lambda> at 0x00000255D40B42C0>,Atlanta,Georgia,30336,<function corrupt_phone.<locals>.<lambda> at 0x00000255D40B4360>,<function corrupt_email.<locals>.<lambda> at 0x00000255D40B40E0>,
B00056,<function corrupt_name.<locals>.<lambda> at 0x00000255D40B4900>,<function corrupt_address.<locals>.<lambda> at 0x00000255D40B4540>,,Florida,33153,<function corrupt_phone.<locals>.<lambda> at 0x00000255D40B4400>,<function corrupt_email.<locals>.<lambda> at 0x00000255D40B44A0>,<function corrupt_website.<locals>.<lambda> at 0x00000255D40B45E0>
B00057,<function corrupt_name.<locals>.<lambda> at 0x00000255D40B4AE0>,<function corrupt_address.<locals>.<lambda> at 0x00000255D40B4720>,Portland,Oregon,97270,<function corrupt_phone.<locals>.<lambda> at 0x00000255D40B4680>,<function corrupt_email.<locals>.<lambda> at 0x00000255D40B49A0>,<function corrupt_website.<locals>.<lambda> at 0x00000255D4093F60>
B00058,<function corrupt_name.<locals>.<lambda> at 0x00000255D40B4220>,<function corrupt_address.<locals>.<lambda> at 0x00000255D40B4C20>,Detroit,Michigan,48287,<function corrupt_phone.<locals>.<lambda> at 0x00000255D40B4CC0>,,<function corrupt_website.<locals>.<lambda> at 0x00000255D40B4860>
B00059,<function corrupt_name.<locals>.<lambda> at 0x00000255D40B4D60>,<function corrupt_address.<locals>.<lambda> at 0x00000255D40B4F40>,Minneapolis,Minnesota,55504,<function corrupt_phone.<locals>.<lambda> at 0x00000255D40B4B80>,<function corrupt_email.<locals>.<lambda> at 0x00000255D40B4FE0>,<function corrupt_website.<locals>.<lambda> at 0x00000255D4093EC0>
B00060,<function corrupt_name.<locals>.<lambda> at 0x00000255D40B5260>,<function corrupt_address.<locals>.<lambda> at 0x00000255D40B53A0>,New York,New York,10121,<function corrupt_phone.<locals>.<lambda> at 0x00000255D40B5080>,,<function corrupt_website.<locals>.<lambda> at 0x00000255D40B4E00>
B00061,<function corrupt_name.<locals>.<lambda> at 0x00000255D40B51C0>,<function corrupt_address.<locals>.<lambda> at 0x00000255D40B5440>,Los Angeles,California,90138,<function corrupt_phone.<locals>.<lambda> at 0x00000255D40B5120>,<function corrupt_email.<locals>.<lambda> at 0x00000255D40B5580>,<function corrupt_website.<locals>.<lambda> at 0x00000255D40B54E0>
B00062,<function corrupt_name.<locals>.<lambda> at 0x00000255D40B56C0>,<function corrupt_address.<locals>.<lambda> at 0x00000255D40B5620>,Chicago,Illinois,60755,<function corrupt_phone.<locals>.<lambda> at 0x00000255D40B5800>,<function corrupt_email.<locals>.<lambda> at 0x00000255D40B4EA0>,<function corrupt_website.<locals>.<lambda> at 0x00000255D40B58A0>
B00063,<function corrupt_name.<locals>.<lambda> at 0x00000255D40B5D00>,<function corrupt_address.<locals>.<lambda> at 0x00000255D40B59E0>,Houston,Texas,77172,<function corrupt_phone.<locals>.<lambda> at 0x00000255D40B5760>,<function corrupt_email.<locals>.<lambda> at 0x00000255D40B4A40>,<function corrupt_website.<locals>.<lambda> at 0x00000255D40B5940>
B00064,<function corrupt_name.<locals>.<lambda> at 0x00000255D40B5300>,<function corrupt_address.<locals>.<lambda> at 0x00000255D40B5DA0>,Phoenix,Arizona,85189,<function corrupt_phone.<locals>.<lambda> at 0x00000255D40B5C60>,<function corrupt_email.<locals>.<lambda> at 0x00000255D40B5A80>,<function corrupt_website.<locals>.<lambda> at 0x00000255D40B5EE0>
B00065,<function corrupt_name.<locals>.<lambda> at 0x00000255D40B60C0>,<function corrupt_address.<locals>.<lambda> at 0x00000255D40B5E40>,Philadelphia,Pennsylvania,19224,<function corrupt_phone.<locals>.<lambda> at 0x00000255D40B5B20>,<function corrupt_email.<locals>.<lambda> at 0x00000255D40B6160>,<function corrupt_website.<locals>.<lambda> at 0x00000255D40B62A0>
B00066,<function corrupt_name.<locals>.<lambda> at 0x00000255D40B5BC0>,<function corrupt_address.<locals>.<lambda> at 0x00000255D40B6200>,San Antonio,Texas,78423,<function corrupt_phone.<locals>.<lambda> at 0x00000255D40B6020>,<function corrupt_email.<locals>.<lambda> at 0x00000255D40B6480>,<function corrupt_website.<locals>.<lambda> at 0x00000255D40B65C0>
B00067,<function corrupt_name.<locals>.<lambda> at 0x00000255D40B68E0>,<function corrupt_address.<locals>.<lambda> at 0x00000255D40B67A0>,San Diego,California,92340,<function corrupt_phone.<locals>.<lambda> at 0x00000255D40B6520>,,<function corrupt_website.<locals>.<lambda> at 0x00000255D40B6700>
B00068,<function corrupt_name.<locals>.<lambda> at 0x00000255D40B6660>,<function corrupt_address.<locals>.<lambda> at 0x00000255D40B6840>,Dallas,Texas,75457,,<function corrupt_email.<locals>.<lambda> at 0x00000255D40B6A20>,<function corrupt_website.<locals>.<lambda> at 0x00000255D40B6AC0>
B00069,<function corrupt_name.<locals>.<lambda> at 0x00000255D40B5F80>,<function corrupt_address.<locals>.<lambda> at 0x00000255D40B6B60>,San Jose,California,95374,<function corrupt_phone.<locals>.<lambda> at 0x00000255D40B6340>,<function corrupt_email.<locals>.<lambda> at 0x00000255D40B6C00>,<function corrupt_website.<locals>.<lambda> at 0x00000255D40B6DE0>
B00070,<function corrupt_name.<locals>.<lambda> at 0x00000255D40B6D40>,<function corrupt_address.<locals>.<lambda> at 0x00000255D40B7060>,Austin,Texas,73591,<function corrupt_phone.<locals>.<lambda> at 0x00000255D40B6CA0>,,<function corrupt_website.<locals>.<lambda> at 0x00000255D40B6E80>
B00071,<function corrupt_name.<locals>.<lambda> at 0x00000255D40B7420>,<function corrupt_address.<locals>.<lambda> at 0x00000255D40B7100>,Jacksonville,Florida,32406,<function corrupt_phone.<locals>.<lambda> at 0x00000255D40B6FC0>,<function corrupt_email.<locals>.<lambda> at 0x00000255D40B7240>,
B00072,<function corrupt_name.<locals>.<lambda> at 0x00000255D40B71A0>,<function corrupt_address.<locals>.<lambda> at 0x00000255D40B7560>,Seattle,Washington,,<function corrupt_phone.<locals>.<lambda> at 0x00000255D40B6980>,<function corrupt_email.<locals>.<lambda> at 0x00000255D40B74C0>,<function corrupt_website.<locals>.<lambda> at 0x00000255D40B63E0>
B00073,<function corrupt_name.<locals>.<lambda> at 0x00000255D40B7A60>,<function corrupt_address.<locals>.<lambda> at 0x00000255D40B76A0>,Denver,Colorado,80542,<function corrupt_phone.<locals>.<lambda> at 0x00000255D40B7740>,<function corrupt_email.<locals>.<lambda> at 0x00000255D40B7380>,<function corrupt_website.<locals>.<lambda> at 0x00000255D40B7880>
B00074,<function corrupt_name.<locals>.<lambda> at 0x00000255D40B7BA0>,<function corrupt_address.<locals>.<lambda> at 0x00000255D40B72E0>,Boston,Massachusetts,02466,<function corrupt_phone.<locals>.<lambda> at 0x00000255D40B6F20>,<function corrupt_email.<locals>.<lambda> at 0x00000255D40B7920>,<function corrupt_website.<locals>.<lambda> at 0x00000255D40B7B00>
B00075,<function corrupt_name.<locals>.<lambda> at 0x00000255D40B7E20>,<function corrupt_address.<locals>.<lambda> at 0x00000255D40B7600>,Atlanta,Georgia,30676,<function corrupt_phone.<locals>.<lambda> at 0x00000255D40B7CE0>,<function corrupt_email.<locals>.<lambda> at 0x00000255D40B77E0>,<function corrupt_website.<locals>.<lambda> at 0x00000255D40B7F60>
B00076,<function corrupt_name.<locals>.<lambda> at 0x00000255D40B79C0>,<function corrupt_address.<locals>.<lambda> at 0x00000255D40D8040>,Miami,Florida,33493,<function corrupt_phone.<locals>.<lambda> at 0x00000255D40D80E0>,<function corrupt_email.<locals>.<lambda> at 0x00000255D40B7D80>,<function corrupt_website.<locals>.<lambda> at 0x00000255D40B7EC0>
B00077,<function corrupt_name.<locals>.<lambda> at 0x00000255D40D8540>,<function corrupt_address.<locals>.<lambda> at 0x00000255D40D85E0>,Portland,Oregon,97610,<function corrupt_phone.<locals>.<lambda> at 0x00000255D40D8180>,<function corrupt_email.<locals>.<lambda> at 0x00000255D40D82C0>,<function corrupt_website.<locals>.<lambda> at 0x00000255D40D84A0>
B00078,<function corrupt_name.<locals>.<lambda> at 0x00000255D40D8400>,<function corrupt_address.<locals>.<lambda> at 0x00000255D40D8220>,Detroit,Michigan,48627,<function corrupt_phone.<locals>.<lambda> at 0x00000255D40D8720>,<function corrupt_email.<locals>.<lambda> at 0x00000255D40D8680>,<function corrupt_website.<locals>.<lambda> at 0x00000255D40D87C0>
B00079,<function corrupt_name.<locals>.<lambda> at 0x00000255D40D8B80>,<function corrupt_address.<locals>.<lambda> at 0x00000255D40D8C20>,Minneapolis,Minnesota,55844,<function corrupt_phone.<locals>.<lambda> at 0x00000255D40D89A0>,<function corrupt_email.<locals>.<lambda> at 0x00000255D40D8360>,<function corrupt_website.<locals>.<lambda> at 0x00000255D40D8900>
B00080,<function corrupt_name.<locals>.<lambda> at 0x00000255D40D8E00>,<function corrupt_address.<locals>.<lambda> at 0x00000255D40D8D60>,New York,New York,10461,<function corrupt_phone.<locals>.<lambda> at 0x00000255D40D8A40>,<function corrupt_email.<locals>.<lambda> at 0x00000255D40D8EA0>,<function corrupt_website.<locals>.<lambda> at 0x00000255D40D8CC0>
B00081,<function corrupt_name.<locals>.<lambda> at 0x00000255D40D91C0>,<function corrupt_address.<locals>.<lambda> at 0x00000255D40D9260>,Los Angeles,California,90478,<function corrupt_phone.<locals>.<lambda> at 0x00000255D40D8F40>,<function corrupt_email.<locals>.<lambda> at 0x00000255D40D8860>,<function corrupt_website.<locals>.<lambda> at 0x00000255D40D8AE0>
B00082,<function corrupt_name.<locals>.<lambda> at 0x00000255D40D9120>,<function corrupt_address.<locals>.<lambda> at 0x00000255D40D94E0>,,Illinois,61095,<function corrupt_phone.<locals>.<lambda> at 0x00000255D40D9300>,<function corrupt_email.<locals>.<lambda> at 0x00000255D40D8FE0>,
B00083,<function corrupt_name.<locals>.<lambda> at 0x00000255D40D98A0>,<function corrupt_address.<locals>.<lambda> at 0x00000255D40D9620>,Houston,Texas,77512,<function corrupt_phone.<locals>.<lambda> at 0x00000255D40D9580>,<function corrupt_email.<locals>.<lambda> at 0x00000255D40B7C40>,<function corrupt_website.<locals>.<lambda> at 0x00000255D40D96C0>
B00084,<function corrupt_name.<locals>.<lambda> at 0x00000255D40D9440>,<function corrupt_address.<locals>.<lambda> at 0x00000255D40D93A0>,Phoenix,Arizona,85529,<function corrupt_phone.<locals>.<lambda> at 0x00000255D40D9940>,<function corrupt_email.<locals>.<lambda> at 0x00000255D40D9800>,<function corrupt_website.<locals>.<lambda> at 0x00000255D40D9B20>
B00085,<function corrupt_name.<locals>.<lambda> at 0x00000255D40D9C60>,<function corrupt_address.<locals>.<lambda> at 0x00000255D40D9E40>,Philadelphia,,,<function corrupt_phone.<locals>.<lambda> at 0x00000255D40D99E0>,<function corrupt_email.<locals>.<lambda> at 0x00000255D40D9080>,<function corrupt_website.<locals>.<lambda> at 0x00000255D40D9760>
B00086,<function corrupt_name.<locals>.<lambda> at 0x00000255D40DA340>,<function corrupt_address.<locals>.<lambda> at 0x00000255D40D9BC0>,San Antonio,Texas,78763,<function corrupt_phone.<locals>.<lambda> at 0x00000255D40D9A80>,<function corrupt_email.<locals>.<lambda> at 0x00000255D40D9D00>,<function corrupt_website.<locals>.<lambda> at 0x00000255D40D9F80>
B00087,<function corrupt_name.<locals>.<lambda> at 0x00000255D40DA0C0>,<function corrupt_address.<locals>.<lambda> at 0x00000255D40DA3E0>,San Diego,California,92680,<function corrupt_phone.<locals>.<lambda> at 0x00000255D40D9DA0>,<function corrupt_email.<locals>.<lambda> at 0x00000255D40DA200>,<function corrupt_website.<locals>.<lambda> at 0x00000255D40DA020>
B00088,<function corrupt_name.<locals>.<lambda> at 0x00000255D40DA840>,<function corrupt_address.<locals>.<lambda> at 0x00000255D40DA2A0>,Dallas,Texas,75797,<function corrupt_phone.<locals>.<lambda> at 0x00000255D40D9EE0>,<function corrupt_email.<locals>.<lambda> at 0x00000255D40DA5C0>,<function corrupt_website.<locals>.<lambda> at 0x00000255D40DA700>
B00089,<function corrupt_name.<locals>.<lambda> at 0x00000255D40DAA20>,<function corrupt_address.<locals>.<lambda> at 0x00000255D40DA8E0>,San Jose,California,95714,<function corrupt_phone.<locals>.<lambda> at 0x00000255D40DA520>,<function corrupt_email.<locals>.<lambda> at 0x00000255D40DA660>,<function corrupt_website.<locals>.<lambda> at 0x00000255D40DA980>
B00090,<function corrupt_name.<locals>.<lambda> at 0x00000255D40DA480>,<function corrupt_address.<locals>.<lambda> at 0x00000255D40DAB60>,Austin,Texas,73931,,<function corrupt_email.<locals>.<lambda> at 0x00000255D40DAC00>,<function corrupt_website.<locals>.<lambda> at 0x00000255D40DAD40>
B00091,<function corrupt_name.<locals>.<lambda> at 0x00000255D40DB2E0>,<function corrupt_address.<locals>.<lambda> at 0x00000255D40DAAC0>,Jacksonville,Florida,32746,<function corrupt_phone.<locals>.<lambda> at 0x00000255D40DACA0>,<function corrupt_email.<locals>.<lambda> at 0x00000255D40DA7A0>,<function corrupt_website.<locals>.<lambda> at 0x00000255D40DAE80>
B00092,<function corrupt_name.<locals>.<lambda> at 0x00000255D40DAFC0>,<function corrupt_address.<locals>.<lambda> at 0x00000255D40DB100>,Seattle,Washington,98765,<function corrupt_phone.<locals>.<lambda> at 0x00000255D40DADE0>,<function corrupt_email.<locals>.<lambda> at 0x00000255D40DA160>,
B00093,<function corrupt_name.<locals>.<lambda> at 0x00000255D40DB420>,<function corrupt_address.<locals>.<lambda> at 0x00000255D40DB060>,Denver,Colorado,80882,<function corrupt_phone.<locals>.<lambda> at 0x00000255D40DAF20>,<function corrupt_email.<locals>.<lambda> at 0x00000255D40DB560>,<function corrupt_website.<locals>.<lambda> at 0x00000255D40DB380>
B00094,<function corrupt_name.<locals>.<lambda> at 0x00000255D40DB6A0>,<function corrupt_address.<locals>.<lambda> at 0x00000255D40DB4C0>,Boston,Massachusetts,02806,<function corrupt_phone.<locals>.<lambda> at 0x00000255D40DB600>,<function corrupt_email.<locals>.<lambda> at 0x00000255D40DB740>,<function corrupt_website.<locals>.<lambda> at 0x00000255D40DB880>
B00095,<function corrupt_name.<locals>.<lambda> at 0x00000255D40DB7E0>,<function corrupt_address.<locals>.<lambda> at 0x00000255D40DB9C0>,Atlanta,Georgia,31016,<function corrupt_phone.<locals>.<lambda> at 0x00000255D40DBB00>,,
B00096,<function corrupt_name.<locals>.<lambda> at 0x00000255D40DBC40>,<function corrupt_address.<locals>.<lambda> at 0x00000255D40DB920>,Miami,Florida,33833,<function corrupt_phone.<locals>.<lambda> at 0x00000255D40DBBA0>,,<function corrupt_website.<locals>.<lambda> at 0x00000255D40DBD80>
B00097,<function corrupt_name.<locals>.<lambda> at 0x00000255D40F8180>,<function corrupt_address.<locals>.<lambda> at 0x00000255D40DB1A0>,Portland,Oregon,97950,<function corrupt_phone.<locals>.<lambda> at 0x00000255D40DB240>,,<function corrupt_website.<locals>.<lambda> at 0x00000255D40DBCE0>
B00098,<function corrupt_name.<locals>.<lambda> at 0x00000255D40F82C0>,<function corrupt_address.<locals>.<lambda> at 0x00000255D40DBE20>,Detroit,Michigan,48967,<function corrupt_phone.<locals>.<lambda> at 0x00000255D40F8040>,<function corrupt_email.<locals>.<lambda> at 0x00000255D40F8220>,<function corrupt_website.<locals>.<lambda> at 0x00000255D40DBEC0>
B00099,<function corrupt_name.<locals>.<lambda> at 0x00000255D40F87C0>,<function corrupt_address.<locals>.<lambda> at 0x00000255D40DBF60>,Minneapolis,Minnesota,56184,,<function corrupt_email.<locals>.<lambda> at 0x00000255D40F80E0>,<function corrupt_website.<locals>.<lambda> at 0x00000255D40F84A0>
B00100,<function corrupt_name.<locals>.<lambda> at 0x00000255D40F8680>,<function corrupt_address.<locals>.<lambda> at 0x00000255D40F8360>,New York,New York,10801,,<function corrupt_email.<locals>.<lambda> at 0x00000255D40F8400>,<function corrupt_website.<locals>.<lambda> at 0x00000255D40DBA60>
B00101,<function corrupt_name.<locals>.<lambda> at 0x00000255D40F8AE0>,<function corrupt_address.<locals>.<lambda> at 0x00000255D40F85E0>,Los Angeles,California,90818,,<function corrupt_email.<locals>.<lambda> at 0x00000255D40F8860>,<function corrupt_website.<locals>.<lambda> at 0x00000255D40F8720>
B00102,<function corrupt_name.<locals>.<lambda> at 0x00000255D40F8A40>,<function corrupt_address.<locals>.<lambda> at 0x00000255D40F8900>,Chicago,Illinois,61435,<function corrupt_phone.<locals>.<lambda> at 0x00000255D40F89A0>,<function corrupt_email.<locals>.<lambda> at 0x00000255D40F8B80>,
B00103,<function corrupt_name.<locals>.<lambda> at 0x00000255D40F8C20>,<function corrupt_address.<locals>.<lambda> at 0x00000255D40F8CC0>,Houston,Texas,77852,<function corrupt_phone.<locals>.<lambda> at 0x00000255D40F8E00>,<function corrupt_email.<locals>.<lambda> at 0x00000255D40F8EA0>,<function corrupt_website.<locals>.<lambda> at 0x00000255D40F8D60>
B00104,<function corrupt_name.<locals>.<lambda> at 0x00000255D40F8540>,<function corrupt_address.<locals>.<lambda> at 0x00000255D40F9080>,Phoenix,Arizona,85869,<function corrupt_phone.<locals>.<lambda> at 0x00000255D40F8F40>,<function corrupt_email.<locals>.<lambda> at 0x00000255D40F9260>,<function corrupt_website.<locals>.<lambda> at 0x00000255D40F91C0>
B00105,<function corrupt_name.<locals>.<lambda> at 0x00000255D40F9120>,<function corrupt_address.<locals>.<lambda> at 0x00000255D40F96C0>,Philadelphia,Pennsylvania,,<function corrupt_phone.<locals>.<lambda> at 0x00000255D40F94E0>,,<function corrupt_website.<locals>.<lambda> at 0x00000255D40F9440>
B00106,<function corrupt_name.<locals>.<lambda> at 0x00000255D40F9800>,<function corrupt_address.<locals>.<lambda> at 0x00000255D40F9300>,San Antonio,Texas,,<function corrupt_phone.<locals>.<lambda> at 0x00000255D40F8FE0>,,<function corrupt_website.<locals>.<lambda> at 0x00000255D40F9620>
B00107,<function corrupt_name.<locals>.<lambda> at 0x00000255D40F9C60>,<function corrupt_address.<locals>.<lambda> at 0x00000255D40F99E0>,San Diego,California,92120,<function corrupt_phone.<locals>.<lambda> at 0x00000255D40F9940>,<function corrupt_email.<locals>.<lambda> at 0x00000255D40F9580>,<function corrupt_website.<locals>.<lambda> at 0x00000255D40F93A0>
B00108,<function corrupt_name.<locals>.<lambda> at 0x00000255D40FA020>,<function corrupt_address.<locals>.<lambda> at 0x00000255D40F9B20>,Dallas,Texas,75237,<function corrupt_phone.<locals>.<lambda> at 0x00000255D40F9BC0>,<function corrupt_email.<locals>.<lambda> at 0x00000255D40F9760>,<function corrupt_website.<locals>.<lambda> at 0x00000255D40F9D00>
B00109,<function corrupt_name.<locals>.<lambda> at 0x00000255D40F9F80>,<function corrupt_address.<locals>.<lambda> at 0x00000255D40F9DA0>,San Jose,California,,,<function corrupt_email.<locals>.<lambda> at 0x00000255D40F98A0>,<function corrupt_website.<locals>.<lambda> at 0x00000255D40F9EE0>
B00110,<function corrupt_name.<locals>.<lambda> at 0x00000255D40FA480>,<function corrupt_address.<locals>.<lambda> at 0x00000255D40F9A80>,Austin,Texas,73371,<function corrupt_phone.<locals>.<lambda> at 0x00000255D40F9E40>,<function corrupt_email.<locals>.<lambda> at 0x00000255D40FA2A0>,<function corrupt_website.<locals>.<lambda> at 0x00000255D40FA0C0>
B00111,<function corrupt_name.<locals>.<lambda> at 0x00000255D40FA840>,<function corrupt_address.<locals>.<lambda> at 0x00000255D40FA520>,Jacksonville,Florida,32186,<function corrupt_phone.<locals>.<lambda> at 0x00000255D40FA3E0>,<function corrupt_email.<locals>.<lambda> at 0x00000255D40FA160>,<function corrupt_website.<locals>.<lambda> at 0x00000255D40FA700>
B00112,<function corrupt_name.<locals>.<lambda> at 0x00000255D40FAD40>,<function corrupt_address.<locals>.<lambda> at 0x00000255D40FA7A0>,Seattle,Washington,98205,<function corrupt_phone.<locals>.<lambda> at 0x00000255D40FA8E0>,,
B00113,<function corrupt_name.<locals>.<lambda> at 0x00000255D40FA660>,<function corrupt_address.<locals>.<lambda> at 0x00000255D40FAA20>,Denver,Colorado,80322,<function corrupt_phone.<locals>.<lambda> at 0x00000255D40FA980>,,
B00114,<function corrupt_name.<locals>.<lambda> at 0x00000255D40FAE80>,<function corrupt_address.<locals>.<lambda> at 0x00000255D40FA5C0>,Boston,Massachusetts,02246,<function corrupt_phone.<locals>.<lambda> at 0x00000255D40FA200>,<function corrupt_email.<locals>.<lambda> at 0x00000255D40FACA0>,<function corrupt_website.<locals>.<lambda> at 0x00000255D40FAAC0>
B00115,<function corrupt_name.<locals>.<lambda> at 0x00000255D40FB420>,<function corrupt_address.<locals>.<lambda> at 0x00000255D40FA340>,Atlanta,Georgia,30456,<function corrupt_phone.<locals>.<lambda> at 0x00000255D40FAF20>,<function corrupt_email.<locals>.<lambda> at 0x00000255D40FAFC0>,
B00116,<function corrupt_name.<locals>.<lambda> at 0x00000255D40FB240>,<function corrupt_address.<locals>.<lambda> at 0x00000255D40FAB60>,Miami,Florida,33273,,<function corrupt_email.<locals>.<lambda> at 0x00000255D40FB060>,
B00117,<function corrupt_name.<locals>.<lambda> at 0x00000255D40FB2E0>,<function corrupt_address.<locals>.<lambda> at 0x00000255D40FB1A0>,Portland,Oregon,97390,,<function corrupt_email.<locals>.<lambda> at 0x00000255D40FB380>,<function corrupt_website.<locals>.<lambda> at 0x00000255D40FB4C0>
B00118,<function corrupt_name.<locals>.<lambda> at 0x00000255D40FB560>,<function corrupt_address.<locals>.<lambda> at 0x00000255D40FB740>,Detroit,Michigan,,<function corrupt_phone.<locals>.<lambda> at 0x00000255D40FADE0>,<function corrupt_email.<locals>.<lambda> at 0x00000255D40FB100>,<function corrupt_website.<locals>.<lambda> at 0x00000255D40FB880>
B00119,<function corrupt_name.<locals>.<lambda> at 0x00000255D40FBA60>,<function corrupt_address.<locals>.<lambda> at 0x00000255D40FBB00>,Minneapolis,Minnesota,55624,<function corrupt_phone.<locals>.<lambda> at 0x00000255D40FB600>,<function corrupt_email.<locals>.<lambda> at 0x00000255D40FB9C0>,
B00120,<function corrupt_name.<locals>.<lambda> at 0x00000255D40FAC00>,<function corrupt_address.<locals>.<lambda> at 0x00000255D40FBBA0>,New York,New York,,<function corrupt_phone.<locals>.<lambda> at 0x00000255D40FB920>,<function corrupt_email.<locals>.<lambda> at 0x00000255D40FB6A0>,
B00121,<function corrupt_name.<locals>.<lambda> at 0x00000255D4114220>,<function corrupt_address.<locals>.<lambda> at 0x00000255D40FB7E0>,Los Angeles,California,90258,<function corrupt_phone.<locals>.<lambda> at 0x00000255D40FBD80>,<function corrupt_email.<locals>.<lambda> at 0x00000255D40FBCE0>,<function corrupt_website.<locals>.<lambda> at 0x00000255D40FBE20>
B00122,<function corrupt_name.<locals>.<lambda> at 0x00000255D40FBF60>,<function corrupt_address.<locals>.<lambda> at 0x00000255D4114040>,Chicago,Illinois,60875,<function corrupt_phone.<locals>.<lambda> at 0x00000255D4114180>,<function corrupt_email.<locals>.<lambda> at 0x00000255D4114360>,<function corrupt_website.<locals>.<lambda> at 0x00000255D41142C0>
B00123,<function corrupt_name.<locals>.<lambda> at 0x00000255D41147C0>,<function corrupt_address.<locals>.<lambda> at 0x00000255D4114540>,Houston,Texas,77292,<function corrupt_phone.<locals>.<lambda> at 0x00000255D40FBC40>,<function corrupt_email.<locals>.<lambda> at 0x00000255D4114400>,
B00124,<function corrupt_name.<locals>.<lambda> at 0x00000255D41149A0>,<function corrupt_address.<locals>.<lambda> at 0x00000255D4114680>,Phoenix,Arizona,,,<function corrupt_email.<locals>.<lambda> at 0x00000255D40FBEC0>,<function corrupt_website.<locals>.<lambda> at 0x00000255D4114860>
B00125,<function corrupt_name.<locals>.<lambda> at 0x00000255D4114CC0>,<function corrupt_address.<locals>.<lambda> at 0x00000255D41144A0>,Philadelphia,Pennsylvania,19344,<function corrupt_phone.<locals>.<lambda> at 0x00000255D4114720>,<function corrupt_email.<locals>.<lambda> at 0x00000255D4114AE0>,<function corrupt_website.<locals>.<lambda> at 0x00000255D41140E0>
B00126,<function corrupt_name.<locals>.<lambda> at 0x00000255D41151C0>,<function corrupt_address.<locals>.<lambda> at 0x00000255D4114D60>,San Antonio,Texas,78543,<function corrupt_phone.<locals>.<lambda> at 0x00000255D41145E0>,<function corrupt_email.<locals>.<lambda> at 0x00000255D4114C20>,<function corrupt_website.<locals>.<lambda> at 0x00000255D4114EA0>
B00127,<function corrupt_name.<locals>.<lambda> at 0x00000255D4114B80>,<function corrupt_address.<locals>.<lambda> at 0x00000255D4115080>,San Diego,California,92460,<function corrupt_phone.<locals>.<lambda> at 0x00000255D4114E00>,<function corrupt_email.<locals>.<lambda> at 0x00000255D4114900>,
B00128,<function corrupt_name.<locals>.<lambda> at 0x00000255D4114A40>,<function corrupt_address.<locals>.<lambda> at 0x00000255D4115440>,Dallas,Texas,75577,<function corrupt_phone.<locals>.<lambda> at 0x00000255D4115300>,,<function corrupt_website.<locals>.<lambda> at 0x00000255D4114FE0>
B00129,<function corrupt_name.<locals>.<lambda> at 0x00000255D41154E0>,<function corrupt_address.<locals>.<lambda> at 0x00000255D41156C0>,San Jose,California,,<function corrupt_phone.<locals>.<lambda> at 0x00000255D4115580>,<function corrupt_email.<locals>.<lambda> at 0x00000255D4115260>,
B00130,<function corrupt_name.<locals>.<lambda> at 0x00000255D4115B20>,<function corrupt_address.<locals>.<lambda> at 0x00000255D41158A0>,Austin,,73711,<function corrupt_phone.<locals>.<lambda> at 0x00000255D4115120>,<function corrupt_email.<locals>.<lambda> at 0x00000255D4115620>,<function corrupt_website.<locals>.<lambda> at 0x00000255D4114F40>
B00131,<function corrupt_name.<locals>.<lambda> at 0x00000255D41159E0>,<function corrupt_address.<locals>.<lambda> at 0x00000255D41153A0>,Jacksonville,Florida,32526,,<function corrupt_email.<locals>.<lambda> at 0x00000255D4115800>,
B00132,<function corrupt_name.<locals>.<lambda> at 0x00000255D4115DA0>,<function corrupt_address.<locals>.<lambda> at 0x00000255D4115760>,Seattle,Washington,98545,<function corrupt_phone.<locals>.<lambda> at 0x00000255D4115BC0>,<function corrupt_email.<locals>.<lambda> at 0x00000255D4115C60>,<function corrupt_website.<locals>.<lambda> at 0x00000255D4115A80>
B00133,<function corrupt_name.<locals>.<lambda> at 0x00000255D41162A0>,<function corrupt_address.<locals>.<lambda> at 0x00000255D4115F80>,Denver,Colorado,80662,<function corrupt_phone.<locals>.<lambda> at 0x00000255D4115D00>,<function corrupt_email.<locals>.<lambda> at 0x00000255D4116020>,<function corrupt_website.<locals>.<lambda> at 0x00000255D4115E40>
B00134,<function corrupt_name.<locals>.<lambda> at 0x00000255D41165C0>,<function corrupt_address.<locals>.<lambda> at 0x00000255D4116480>,Boston,Massachusetts,02586,<function corrupt_phone.<locals>.<lambda> at 0x00000255D4116200>,<function corrupt_email.<locals>.<lambda> at 0x00000255D4115EE0>,
B00135,<function corrupt_name.<locals>.<lambda> at 0x00000255D4116340>,<function corrupt_address.<locals>.<lambda> at 0x00000255D41163E0>,Atlanta,Georgia,30796,<function corrupt_phone.<locals>.<lambda> at 0x00000255D4115940>,<function corrupt_email.<locals>.<lambda> at 0x00000255D4116700>,
B00136,<function corrupt_name.<locals>.<lambda> at 0x00000255D4116160>,<function corrupt_address.<locals>.<lambda> at 0x00000255D4116840>,Miami,Florida,33613,<function corrupt_phone.<locals>.<lambda> at 0x00000255D4116520>,<function corrupt_email.<locals>.<lambda> at 0x00000255D4116660>,<function corrupt_website.<locals>.<lambda> at 0x00000255D41168E0>
B00137,<function corrupt_name.<locals>.<lambda> at 0x00000255D4116C00>,<function corrupt_address.<locals>.<lambda> at 0x00000255D41160C0>,Portland,Oregon,97730,<function corrupt_phone.<locals>.<lambda> at 0x00000255D41167A0>,<function corrupt_email.<locals>.<lambda> at 0x00000255D4116980>,<function corrupt_website.<locals>.<lambda> at 0x00000255D4116A20>
B00138,<function corrupt_name.<locals>.<lambda> at 0x00000255D41171A0>,<function corrupt_address.<locals>.<lambda> at 0x00000255D4116E80>,Detroit,Michigan,48747,<function corrupt_phone.<locals>.<lambda> at 0x00000255D4116D40>,<function corrupt_email.<locals>.<lambda> at 0x00000255D4116B60>,<function corrupt_website.<locals>.<lambda> at 0x00000255D4116F20>
B00139,<function corrupt_name.<locals>.<lambda> at 0x00000255D4116AC0>,<function corrupt_address.<locals>.<lambda> at 0x00000255D4116DE0>,,Minnesota,55964,<function corrupt_phone.<locals>.<lambda> at 0x00000255D4117240>,<function corrupt_email.<locals>.<lambda> at 0x00000255D4116CA0>,<function corrupt_website.<locals>.<lambda> at 0x00000255D4117060>
B00140,<function corrupt_name.<locals>.<lambda> at 0x00000255D4116FC0>,<function corrupt_address.<locals>.<lambda> at 0x00000255D4117420>,New York,New York,10581,<function corrupt_phone.<locals>.<lambda> at 0x00000255D4117100>,<function corrupt_email.<locals>.<lambda> at 0x00000255D4117560>,<function corrupt_website.<locals>.<lambda> at 0x00000255D41172E0>
B00141,<function corrupt_name.<locals>.<lambda> at 0x00000255D4117A60>,<function corrupt_address.<locals>.<lambda> at 0x00000255D41176A0>,Los Angeles,California,,<function corrupt_phone.<locals>.<lambda> at 0x00000255D4117600>,<function corrupt_email.<locals>.<lambda> at 0x00000255D41177E0>,<function corrupt_website.<locals>.<lambda> at 0x00000255D4117380>
B00142,<function corrupt_name.<locals>.<lambda> at 0x00000255D4117B00>,<function corrupt_address.<locals>.<lambda> at 0x00000255D4117740>,Chicago,Illinois,61215,<function corrupt_phone.<locals>.<lambda> at 0x00000255D4117BA0>,<function corrupt_email.<locals>.<lambda> at 0x00000255D41179C0>,<function corrupt_website.<locals>.<lambda> at 0x00000255D41174C0>
B00143,<function corrupt_name.<locals>.<lambda> at 0x00000255D4117E20>,<function corrupt_address.<locals>.<lambda> at 0x00000255D4117D80>,Houston,Texas,,<function corrupt_phone.<locals>.<lambda> at 0x00000255D4117920>,<function corrupt_email.<locals>.<lambda> at 0x00000255D4117880>,
B00144,<function corrupt_name.<locals>.<lambda> at 0x00000255D411C0E0>,<function corrupt_address.<locals>.<lambda> at 0x00000255D411C180>,Phoenix,Arizona,85649,<function corrupt_phone.<locals>.<lambda> at 0x00000255D4117F60>,<function corrupt_email.<locals>.<lambda> at 0x00000255D411C040>,
B00145,<function corrupt_name.<locals>.<lambda> at 0x00000255D411C7C0>,<function corrupt_address.<locals>.<lambda> at 0x00000255D411C4A0>,,Pennsylvania,19684,<function corrupt_phone.<locals>.<lambda> at 0x00000255D4117C40>,<function corrupt_email.<locals>.<lambda> at 0x00000255D411C220>,<function corrupt_website.<locals>.<lambda> at 0x00000255D411C400>
B00146,<function corrupt_name.<locals>.<lambda> at 0x00000255D4117EC0>,<function corrupt_address.<locals>.<lambda> at 0x00000255D411C540>,San Antonio,Texas,,<function corrupt_phone.<locals>.<lambda> at 0x00000255D411C360>,<function corrupt_email.<locals>.<lambda> at 0x00000255D411C5E0>,<function corrupt_website.<locals>.<lambda> at 0x00000255D411C720>
B00147,<function corrupt_name.<locals>.<lambda> at 0x00000255D411CA40>,<function corrupt_address.<locals>.<lambda> at 0x00000255D411C9A0>,San Diego,California,92800,<function corrupt_phone.<locals>.<lambda> at 0x00000255D411C900>,<function corrupt_email.<locals>.<lambda> at 0x00000255D4117CE0>,<function corrupt_website.<locals>.<lambda> at 0x00000255D411C2C0>
B00148,<function corrupt_name.<locals>.<lambda> at 0x00000255D411CAE0>,<function corrupt_address.<locals>.<lambda> at 0x00000255D411CCC0>,Dallas,Texas,75917,<function corrupt_phone.<locals>.<lambda> at 0x00000255D411CB80>,<function corrupt_email.<locals>.<lambda> at 0x00000255D411CD60>,<function corrupt_website.<locals>.<lambda> at 0x00000255D411CE00>
B00149,<function corrupt_name.<locals>.<lambda> at 0x00000255D411C680>,<function corrupt_address.<locals>.<lambda> at 0x00000255D411D080>,San Jose,California,95834,,<function corrupt_email.<locals>.<lambda> at 0x00000255D411CF40>,<function corrupt_website.<locals>.<lambda> at 0x00000255D411CC20>
B00150,<function corrupt_name.<locals>.<lambda> at 0x00000255D411CFE0>,<function corrupt_address.<locals>.<lambda> at 0x00000255D411D440>,,Texas,74051,<function corrupt_phone.<locals>.<lambda> at 0x00000255D411D120>,,<function corrupt_website.<locals>.<lambda> at 0x00000255D411C860>
B00151,<function corrupt_name.<locals>.<lambda> at 0x00000255D411D4E0>,<function corrupt_address.<locals>.<lambda> at 0x00000255D411D580>,Jacksonville,Florida,32866,<function corrupt_phone.<locals>.<lambda> at 0x00000255D411D1C0>,<function corrupt_email.<locals>.<lambda> at 0x00000255D411D260>,
B00152,<function corrupt_name.<locals>.<lambda> at 0x00000255D411D3A0>,<function corrupt_address.<locals>.<lambda> at 0x00000255D411D940>,Seattle,Washington,98885,<function corrupt_phone.<locals>.<lambda> at 0x00000255D411D620>,<function corrupt_email.<locals>.<lambda> at 0x00000255D411CEA0>,<function corrupt_website.<locals>.<lambda> at 0x00000255D411D760>
B00153,<function corrupt_name.<locals>.<lambda> at 0x00000255D411DBC0>,<function corrupt_address.<locals>.<lambda> at 0x00000255D411D8A0>,Denver,Colorado,81002,<function corrupt_phone.<locals>.<lambda> at 0x00000255D411D9E0>,<function corrupt_email.<locals>.<lambda> at 0x00000255D411D800>,<function corrupt_website.<locals>.<lambda> at 0x00000255D411D300>
B00154,<function corrupt_name.<locals>.<lambda> at 0x00000255D411DD00>,<function corrupt_address.<locals>.<lambda> at 0x00000255D411DDA0>,Boston,Massachusetts,02926,<function corrupt_phone.<locals>.<lambda> at 0x00000255D411DA80>,<function corrupt_email.<locals>.<lambda> at 0x00000255D411DEE0>,<function corrupt_website.<locals>.<lambda> at 0x00000255D411DB20>
B00155,<function corrupt_name.<locals>.<lambda> at 0x00000255D411DF80>,<function corrupt_address.<locals>.<lambda> at 0x00000255D411E2A0>,,Georgia,31136,<function corrupt_phone.<locals>.<lambda> at 0x00000255D411E0C0>,,<function corrupt_website.<locals>.<lambda> at 0x00000255D411E020>
B00156,<function corrupt_name.<locals>.<lambda> at 0x00000255D411E700>,<function corrupt_address.<locals>.<lambda> at 0x00000255D411E480>,Miami,Florida,33953,<function corrupt_phone.<locals>.<lambda> at 0x00000255D411D6C0>,<function corrupt_email.<locals>.<lambda> at 0x00000255D411E160>,<function corrupt_website.<locals>.<lambda> at 0x00000255D411E340>
B00157,<function corrupt_name.<locals>.<lambda> at 0x00000255D411E840>,<function corrupt_address.<locals>.<lambda> at 0x00000255D411E5C0>,Portland,Oregon,98070,<function corrupt_phone.<locals>.<lambda> at 0x00000255D411E520>,<function corrupt_email.<locals>.<lambda> at 0x00000255D411DE40>,<function corrupt_website.<locals>.<lambda> at 0x00000255D411DC60>
B00158,<function corrupt_name.<locals>.<lambda> at 0x00000255D411EB60>,<function corrupt_address.<locals>.<lambda> at 0x00000255D411E660>,Detroit,Michigan,49087,<function corrupt_phone.<locals>.<lambda> at 0x00000255D411E3E0>,<function corrupt_email.<locals>.<lambda> at 0x00000255D411EA20>,<function corrupt_website.<locals>.<lambda> at 0x00000255D411E200>
B00159,<function corrupt_name.<locals>.<lambda> at 0x00000255D411EFC0>,<function corrupt_address.<locals>.<lambda> at 0x00000255D411EC00>,Minneapolis,Minnesota,55404,<function corrupt_phone.<locals>.<lambda> at 0x00000255D411ECA0>,<function corrupt_email.<locals>.<lambda> at 0x00000255D411ED40>,<function corrupt_website.<locals>.<lambda> at 0x00000255D411E8E0>
B00160,<function corrupt_name.<locals>.<lambda> at 0x00000255D411F240>,<function corrupt_address.<locals>.<lambda> at 0x00000255D411EF20>,New York,New York,10021,,<function corrupt_email.<locals>.<lambda> at 0x00000255D411EE80>,<function corrupt_website.<locals>.<lambda> at 0x00000255D411E980>
B00161,<function corrupt_name.<locals>.<lambda> at 0x00000255D411F2E0>,<function corrupt_address.<locals>.<lambda> at 0x00000255D411E7A0>,Los Angeles,California,90038,<function corrupt_phone.<locals>.<lambda> at 0x00000255D411F060>,<function corrupt_email.<locals>.<lambda> at 0x00000255D411F1A0>,<function corrupt_website.<locals>.<lambda> at 0x00000255D411EAC0>
B00162,<function corrupt_name.<locals>.<lambda> at 0x00000255D411F380>,<function corrupt_address.<locals>.<lambda> at 0x00000255D411F740>,Chicago,Illinois,60655,<function corrupt_phone.<locals>.<lambda> at 0x00000255D411F100>,<function corrupt_email.<locals>.<lambda> at 0x00000255D411F4C0>,<function corrupt_website.<locals>.<lambda> at 0x00000255D411F560>
B00163,<function corrupt_name.<locals>.<lambda> at 0x00000255D411F600>,<function corrupt_address.<locals>.<lambda> at 0x00000255D411F920>,Houston,Texas,77072,<function corrupt_phone.<locals>.<lambda> at 0x00000255D411EDE0>,,<function corrupt_website.<locals>.<lambda> at 0x00000255D411F6A0>
B00164,<function corrupt_name.<locals>.<lambda> at 0x00000255D411FBA0>,<function corrupt_address.<locals>.<lambda> at 0x00000255D411FC40>,Phoenix,Arizona,85089,<function corrupt_phone.<locals>.<lambda> at 0x00000255D411F880>,<function corrupt_email.<locals>.<lambda> at 0x00000255D411F9C0>,<function corrupt_website.<locals>.<lambda> at 0x00000255D411F7E0>
B00165,<function corrupt_name.<locals>.<lambda> at 0x00000255D4124040>,<function corrupt_address.<locals>.<lambda> at 0x00000255D411FF60>,Philadelphia,Pennsylvania,,<function corrupt_phone.<locals>.<lambda> at 0x00000255D411FCE0>,<function corrupt_email.<locals>.<lambda> at 0x00000255D411FA60>,
B00166,<function corrupt_name.<locals>.<lambda> at 0x00000255D411FEC0>,<function corrupt_address.<locals>.<lambda> at 0x00000255D41242C0>,San Antonio,Texas,78323,<function corrupt_phone.<locals>.<lambda> at 0x00000255D411FB00>,<function corrupt_email.<locals>.<lambda> at 0x00000255D411FD80>,<function corrupt_website.<locals>.<lambda> at 0x00000255D41240E0>
B00167,<function corrupt_name.<locals>.<lambda> at 0x00000255D4124860>,<function corrupt_address.<locals>.<lambda> at 0x00000255D41244A0>,San Diego,California,92240,<function corrupt_phone.<locals>.<lambda> at 0x00000255D411FE20>,,<function corrupt_website.<locals>.<lambda> at 0x00000255D4124400>
B00168,<function corrupt_name.<locals>.<lambda> at 0x00000255D41247C0>,<function corrupt_address.<locals>.<lambda> at 0x00000255D4124540>,Dallas,Texas,75357,<function corrupt_phone.<locals>.<lambda> at 0x00000255D4124220>,<function corrupt_email.<locals>.<lambda> at 0x00000255D41245E0>,<function corrupt_website.<locals>.<lambda> at 0x00000255D4124360>
B00169,<function corrupt_name.<locals>.<lambda> at 0x00000255D41249A0>,<function corrupt_address.<locals>.<lambda> at 0x00000255D4124680>,San Jose,California,95274,,<function corrupt_email.<locals>.<lambda> at 0x00000255D4124720>,<function corrupt_website.<locals>.<lambda> at 0x00000255D4124AE0>
B00170,<function corrupt_name.<locals>.<lambda> at 0x00000255D4124EA0>,<function corrupt_address.<locals>.<lambda> at 0x00000255D4124900>,Austin,Texas,73491,<function corrupt_phone.<locals>.<lambda> at 0x00000255D4124C20>,<function corrupt_email.<locals>.<lambda> at 0x00000255D4124A40>,<function corrupt_website.<locals>.<lambda> at 0x00000255D4124D60>
B00171,<function corrupt_name.<locals>.<lambda> at 0x00000255D4125120>,<function corrupt_address.<locals>.<lambda> at 0x00000255D4125080>,Jacksonville,Florida,32306,<function corrupt_phone.<locals>.<lambda> at 0x00000255D4124B80>,<function corrupt_email.<locals>.<lambda> at 0x00000255D411F420>,<function corrupt_website.<locals>.<lambda> at 0x00000255D4124FE0>
B00172,<function corrupt_name.<locals>.<lambda> at 0x00000255D4125620>,<function corrupt_address.<locals>.<lambda> at 0x00000255D4124180>,Seattle,Washington,98325,<function corrupt_phone.<locals>.<lambda> at 0x00000255D4125260>,<function corrupt_email.<locals>.<lambda> at 0x00000255D4124CC0>,<function corrupt_website.<locals>.<lambda> at 0x00000255D4124F40>
B00173,<function corrupt_name.<locals>.<lambda> at 0x00000255D4125940>,<function corrupt_address.<locals>.<lambda> at 0x00000255D4125580>,Denver,Colorado,,<function corrupt_phone.<locals>.<lambda> at 0x00000255D4124E00>,<function corrupt_email.<locals>.<lambda> at 0x00000255D4125440>,<function corrupt_website.<locals>.<lambda> at 0x00000255D4125300>
B00174,<function corrupt_name.<locals>.<lambda> at 0x00000255D41256C0>,<function corrupt_address.<locals>.<lambda> at 0x00000255D41259E0>,Boston,Massachusetts,02366,<function corrupt_phone.<locals>.<lambda> at 0x00000255D41251C0>,<function corrupt_email.<locals>.<lambda> at 0x00000255D41258A0>,<function corrupt_website.<locals>.<lambda> at 0x00000255D4125760>
B00175,<function corrupt_name.<locals>.<lambda> at 0x00000255D4125D00>,<function corrupt_address.<locals>.<lambda> at 0x00000255D4125C60>,Atlanta,Georgia,30576,<function corrupt_phone.<locals>.<lambda> at 0x00000255D4125800>,<function corrupt_email.<locals>.<lambda> at 0x00000255D4125A80>,<function corrupt_website.<locals>.<lambda> at 0x00000255D41254E0>
B00176,<function corrupt_name.<locals>.<lambda> at 0x00000255D4125E40>,<function corrupt_address.<locals>.<lambda> at 0x00000255D4125EE0>,Miami,Florida,33393,<function corrupt_phone.<locals>.<lambda> at 0x00000255D4125BC0>,<function corrupt_email.<locals>.<lambda> at 0x00000255D4125F80>,<function corrupt_website.<locals>.<lambda> at 0x00000255D4125DA0>
B00177,<function corrupt_name.<locals>.<lambda> at 0x00000255D4126660>,<function corrupt_address.<locals>.<lambda> at 0x00000255D4126160>,Portland,Oregon,97510,<function corrupt_phone.<locals>.<lambda> at 0x00000255D41260C0>,<function corrupt_email.<locals>.<lambda> at 0x00000255D4125B20>,<function corrupt_website.<locals>.<lambda> at 0x00000255D4126200>
B00178,<function corrupt_name.<locals>.<lambda> at 0x00000255D4126020>,<function corrupt_address.<locals>.<lambda> at 0x00000255D4126520>,Detroit,Michigan,48527,<function corrupt_phone.<locals>.<lambda> at 0x00000255D41262A0>,<function corrupt_email.<locals>.<lambda> at 0x00000255D41265C0>,<function corrupt_website.<locals>.<lambda> at 0x00000255D4126700>
B00179,<function corrupt_name.<locals>.<lambda> at 0x00000255D41263E0>,<function corrupt_address.<locals>.<lambda> at 0x00000255D4126340>,Minneapolis,Minnesota,55744,<function corrupt_phone.<locals>.<lambda> at 0x00000255D41268E0>,,<function corrupt_website.<locals>.<lambda> at 0x00000255D4126840>
B00180,<function corrupt_name.<locals>.<lambda> at 0x00000255D4126C00>,<function corrupt_address.<locals>.<lambda> at 0x00000255D41253A0>,New York,New York,10361,<function corrupt_phone.<locals>.<lambda> at 0x00000255D41267A0>,<function corrupt_email.<locals>.<lambda> at 0x00000255D4126AC0>,<function corrupt_website.<locals>.<lambda> at 0x00000255D4126980>
B00181,<function corrupt_name.<locals>.<lambda> at 0x00000255D4126D40>,<function corrupt_address.<locals>.<lambda> at 0x00000255D4126E80>,Los Angeles,California,90378,<function corrupt_phone.<locals>.<lambda> at 0x00000255D4126DE0>,<function corrupt_email.<locals>.<lambda> at 0x00000255D4126480>,<function corrupt_website.<locals>.<lambda> at 0x00000255D4126B60>
B00182,<function corrupt_name.<locals>.<lambda> at 0x00000255D4126F20>,<function corrupt_address.<locals>.<lambda> at 0x00000255D4126A20>,Chicago,Illinois,60995,<function corrupt_phone.<locals>.<lambda> at 0x00000255D4127060>,<function corrupt_email.<locals>.<lambda> at 0x00000255D4126CA0>,
B00183,<function corrupt_name.<locals>.<lambda> at 0x00000255D4127380>,<function corrupt_address.<locals>.<lambda> at 0x00000255D4127240>,Houston,Texas,77412,<function corrupt_phone.<locals>.<lambda> at 0x00000255D4126FC0>,<function corrupt_email.<locals>.<lambda> at 0x00000255D4127420>,<function corrupt_website.<locals>.<lambda> at 0x00000255D41272E0>
B00184,<function corrupt_name.<locals>.<lambda> at 0x00000255D4127A60>,<function corrupt_address.<locals>.<lambda> at 0x00000255D41277E0>,Phoenix,Arizona,,<function corrupt_phone.<locals>.<lambda> at 0x00000255D41274C0>,<function corrupt_email.<locals>.<lambda> at 0x00000255D41276A0>,<function corrupt_website.<locals>.<lambda> at 0x00000255D41271A0>
B00185,<function corrupt_name.<locals>.<lambda> at 0x00000255D4127CE0>,<function corrupt_address.<locals>.<lambda> at 0x00000255D41279C0>,Philadelphia,Pennsylvania,,<function corrupt_phone.<locals>.<lambda> at 0x00000255D4127100>,<function corrupt_email.<locals>.<lambda> at 0x00000255D4127600>,
B00186,<function corrupt_name.<locals>.<lambda> at 0x00000255D4127C40>,<function corrupt_address.<locals>.<lambda> at 0x00000255D4127920>,San Antonio,Texas,78663,<function corrupt_phone.<locals>.<lambda> at 0x00000255D4127BA0>,<function corrupt_email.<locals>.<lambda> at 0x00000255D4127740>,<function corrupt_website.<locals>.<lambda> at 0x00000255D4127B00>
B00187,<function corrupt_name.<locals>.<lambda> at 0x00000255D4127560>,<function corrupt_address.<locals>.<lambda> at 0x00000255D4127D80>,San Diego,California,92580,<function corrupt_phone.<locals>.<lambda> at 0x00000255D4127EC0>,<function corrupt_email.<locals>.<lambda> at 0x00000255D4127F60>,<function corrupt_website.<locals>.<lambda> at 0x00000255D4127E20>
B00188,<function corrupt_name.<locals>.<lambda> at 0x00000255D41280E0>,<function corrupt_address.<locals>.<lambda> at 0x00000255D41284A0>,Dallas,Texas,75697,<function corrupt_phone.<locals>.<lambda> at 0x00000255D4128220>,<function corrupt_email.<locals>.<lambda> at 0x00000255D41282C0>,<function corrupt_website.<locals>.<lambda> at 0x00000255D4128040>
B00189,<function corrupt_name.<locals>.<lambda> at 0x00000255D4128900>,<function corrupt_address.<locals>.<lambda> at 0x00000255D4128180>,San Jose,California,95614,<function corrupt_phone.<locals>.<lambda> at 0x00000255D41285E0>,<function corrupt_email.<locals>.<lambda> at 0x00000255D4128680>,<function corrupt_website.<locals>.<lambda> at 0x00000255D4128360>
B00190,<function corrupt_name.<locals>.<lambda> at 0x00000255D4128540>,<function corrupt_address.<locals>.<lambda> at 0x00000255D4128720>,Austin,Texas,73831,<function corrupt_phone.<locals>.<lambda> at 0x00000255D4128400>,,<function corrupt_website.<locals>.<lambda> at 0x00000255D4128A40>
B00191,<function corrupt_name.<locals>.<lambda> at 0x00000255D4127880>,<function corrupt_address.<locals>.<lambda> at 0x00000255D4128D60>,Jacksonville,Florida,32646,<function corrupt_phone.<locals>.<lambda> at 0x00000255D4128B80>,<function corrupt_email.<locals>.<lambda> at 0x00000255D4128860>,<function corrupt_website.<locals>.<lambda> at 0x00000255D4128C20>
B00192,<function corrupt_name.<locals>.<lambda> at 0x00000255D41289A0>,<function corrupt_address.<locals>.<lambda> at 0x00000255D4128E00>,Seattle,,98665,<function corrupt_phone.<locals>.<lambda> at 0x00000255D41287C0>,<function corrupt_email.<locals>.<lambda> at 0x00000255D4128AE0>,<function corrupt_website.<locals>.<lambda> at 0x00000255D4128CC0>
B00193,<function corrupt_name.<locals>.<lambda> at 0x00000255D4129300>,<function corrupt_address.<locals>.<lambda> at 0x00000255D4128EA0>,Denver,Colorado,80782,<function corrupt_phone.<locals>.<lambda> at 0x00000255D4129120>,<function corrupt_email.<locals>.<lambda> at 0x00000255D41291C0>,<function corrupt_website.<locals>.<lambda> at 0x00000255D4129260>
B00194,<function corrupt_name.<locals>.<lambda> at 0x00000255D4129800>,<function corrupt_address.<locals>.<lambda> at 0x00000255D4129080>,Boston,Massachusetts,02706,<function corrupt_phone.<locals>.<lambda> at 0x00000255D41294E0>,<function corrupt_email.<locals>.<lambda> at 0x00000255D4128FE0>,<function corrupt_website.<locals>.<lambda> at 0x00000255D41293A0>
B00195,<function corrupt_name.<locals>.<lambda> at 0x00000255D4129C60>,<function corrupt_address.<locals>.<lambda> at 0x00000255D4128F40>,Atlanta,Georgia,30916,<function corrupt_phone.<locals>.<lambda> at 0x00000255D41296C0>,<function corrupt_email.<locals>.<lambda> at 0x00000255D4129580>,<function corrupt_website.<locals>.<lambda> at 0x00000255D4129760>
B00196,<function corrupt_name.<locals>.<lambda> at 0x00000255D4129940>,<function corrupt_address.<locals>.<lambda> at 0x00000255D4129620>,,Florida,33733,<function corrupt_phone.<locals>.<lambda> at 0x00000255D4129440>,,<function corrupt_website.<locals>.<lambda> at 0x00000255D41298A0>
B00197,<function corrupt_name.<locals>.<lambda> at 0x00000255D412A0C0>,<function corrupt_address.<locals>.<lambda> at 0x00000255D41299E0>,Portland,,97850,<function corrupt_phone.<locals>.<lambda> at 0x00000255D4129DA0>,,<function corrupt_website.<locals>.<lambda> at 0x00000255D4129BC0>
B00198,<function corrupt_name.<locals>.<lambda> at 0x00000255D412A3E0>,<function corrupt_address.<locals>.<lambda> at 0x00000255D4129F80>,Detroit,Michigan,48867,<function corrupt_phone.<locals>.<lambda> at 0x00000255D4129B20>,<function corrupt_email.<locals>.<lambda> at 0x00000255D4129D00>,<function corrupt_website.<locals>.<lambda> at 0x00000255D412A160>
B00199,<function corrupt_name.<locals>.<lambda> at 0x00000255D412A200>,<function corrupt_address.<locals>.<lambda> at 0x00000255D412A2A0>,Minneapolis,Minnesota,56084,<function corrupt_phone.<locals>.<lambda> at 0x00000255D4129E40>,<function corrupt_email.<locals>.<lambda> at 0x00000255D412A340>,<function corrupt_website.<locals>.<lambda> at 0x00000255D4129A80>
B00200,<function corrupt_name.<locals>.<lambda> at 0x00000255D412A980>,<function corrupt_address.<locals>.<lambda> at 0x00000255D412A700>,New York,New York,10701,<function corrupt_phone.<locals>.<lambda> at 0x00000255D412A020>,<function corrupt_email.<locals>.<lambda> at 0x00000255D412A480>,<function corrupt_website.<locals>.<lambda> at 0x00000255D412A660>
B00201,<function corrupt_name.<locals>.<lambda> at 0x00000255D412A7A0>,<function corrupt_address.<locals>.<lambda> at 0x00000255D412A8E0>,Los Angeles,California,90718,<function corrupt_phone.<locals>.<lambda> at 0x00000255D4129EE0>,<function corrupt_email.<locals>.<lambda> at 0x00000255D412AA20>,<function corrupt_website.<locals>.<lambda> at 0x00000255D412A5C0>
B00202,<function corrupt_name.<locals>.<lambda> at 0x00000255D412AC00>,<function corrupt_address.<locals>.<lambda> at 0x00000255D412AB60>,Chicago,Illinois,61335,,,<function corrupt_website.<locals>.<lambda> at 0x00000255D412ACA0>
B00203,<function corrupt_name.<locals>.<lambda> at 0x00000255D412B100>,<function corrupt_address.<locals>.<lambda> at 0x00000255D412A520>,Houston,Texas,77752,<function corrupt_phone.<locals>.<lambda> at 0x00000255D412AE80>,<function corrupt_email.<locals>.<lambda> at 0x00000255D412A840>,<function corrupt_website.<locals>.<lambda> at 0x00000255D412ADE0>
B00204,<function corrupt_name.<locals>.<lambda> at 0x00000255D412AAC0>,<function corrupt_address.<locals>.<lambda> at 0x00000255D412B060>,Phoenix,Arizona,85769,<function corrupt_phone.<locals>.<lambda> at 0x00000255D412B1A0>,<function corrupt_email.<locals>.<lambda> at 0x00000255D412B2E0>,<function corrupt_website.<locals>.<lambda> at 0x00000255D412B240>
B00205,<function corrupt_name.<locals>.<lambda> at 0x00000255D412B6A0>,<function corrupt_address.<locals>.<lambda> at 0x00000255D412B4C0>,Philadelphia,Pennsylvania,19804,<function corrupt_phone.<locals>.<lambda> at 0x00000255D412AFC0>,<function corrupt_email.<locals>.<lambda> at 0x00000255D412B380>,<function corrupt_website.<locals>.<lambda> at 0x00000255D412B560>
B00206,<function corrupt_name.<locals>.<lambda> at 0x00000255D412BC40>,<function corrupt_address.<locals>.<lambda> at 0x00000255D412B920>,San Antonio,Texas,79003,<function corrupt_phone.<locals>.<lambda> at 0x00000255D412B420>,<function corrupt_email.<locals>.<lambda> at 0x00000255D412B7E0>,
B00207,<function corrupt_name.<locals>.<lambda> at 0x00000255D412BBA0>,<function corrupt_address.<locals>.<lambda> at 0x00000255D412BA60>,San Diego,California,92920,<function corrupt_phone.<locals>.<lambda> at 0x00000255D412B880>,<function corrupt_email.<locals>.<lambda> at 0x00000255D412B740>,<function corrupt_website.<locals>.<lambda> at 0x00000255D412B600>
B00208,<function corrupt_name.<locals>.<lambda> at 0x00000255D412BEC0>,<function corrupt_address.<locals>.<lambda> at 0x00000255D412BF60>,Dallas,Texas,76037,<function corrupt_phone.<locals>.<lambda> at 0x00000255D412AD40>,<function corrupt_email.<locals>.<lambda> at 0x00000255D412BCE0>,<function corrupt_website.<locals>.<lambda> at 0x00000255D412BE20>
B00209,<function corrupt_name.<locals>.<lambda> at 0x00000255D412AF20>,<function corrupt_address.<locals>.<lambda> at 0x00000255D412B9C0>,San Jose,California,95954,<function corrupt_phone.<locals>.<lambda> at 0x00000255D412BB00>,,
B00210,<function corrupt_name.<locals>.<lambda> at 0x00000255D4134040>,<function corrupt_address.<locals>.<lambda> at 0x00000255D412BD80>,Austin,Texas,,<function corrupt_phone.<locals>.<lambda> at 0x00000255D4134360>,,<function corrupt_website.<locals>.<lambda> at 0x00000255D4134400>
B00211,<function corrupt_name.<locals>.<lambda> at 0x00000255D41342C0>,<function corrupt_address.<locals>.<lambda> at 0x00000255D4134180>,Jacksonville,Florida,32986,<function corrupt_phone.<locals>.<lambda> at 0x00000255D41340E0>,<function corrupt_email.<locals>.<lambda> at 0x00000255D41345E0>,
B00212,<function corrupt_name.<locals>.<lambda> at 0x00000255D4134220>,<function corrupt_address.<locals>.<lambda> at 0x00000255D4134680>,Seattle,Washington,98105,<function corrupt_phone.<locals>.<lambda> at 0x00000255D4134720>,,<function corrupt_website.<locals>.<lambda> at 0x00000255D41347C0>
B00213,<function corrupt_name.<locals>.<lambda> at 0x00000255D4134900>,<function corrupt_address.<locals>.<lambda> at 0x00000255D41349A0>,Denver,Colorado,,,<function corrupt_email.<locals>.<lambda> at 0x00000255D4134A40>,
B00214,<function corrupt_name.<locals>.<lambda> at 0x00000255D4134AE0>,<function corrupt_address.<locals>.<lambda> at 0x00000255D4134540>,Boston,Massachusetts,02146,<function corrupt_phone.<locals>.<lambda> at 0x00000255D4134B80>,<function corrupt_email.<locals>.<lambda> at 0x00000255D4134860>,<function corrupt_website.<locals>.<lambda> at 0x00000255D41344A0>
B00215,<function corrupt_name.<locals>.<lambda> at 0x00000255D4135300>,<function corrupt_address.<locals>.<lambda> at 0x00000255D4135080>,Atlanta,Georgia,30356,<function corrupt_phone.<locals>.<lambda> at 0x00000255D4134D60>,<function corrupt_email.<locals>.<lambda> at 0x00000255D4134F40>,<function corrupt_website.<locals>.<lambda> at 0x00000255D4134CC0>
B00216,<function corrupt_name.<locals>.<lambda> at 0x00000255D41351C0>,<function corrupt_address.<locals>.<lambda> at 0x00000255D4134C20>,Miami,Florida,33173,<function corrupt_phone.<locals>.<lambda> at 0x00000255D4135120>,<function corrupt_email.<locals>.<lambda> at 0x00000255D4134FE0>,<function corrupt_website.<locals>.<lambda> at 0x00000255D4134EA0>
B00217,<function corrupt_name.<locals>.<lambda> at 0x00000255D4135620>,<function corrupt_address.<locals>.<lambda> at 0x00000255D4135580>,Portland,Oregon,97290,<function corrupt_phone.<locals>.<lambda> at 0x00000255D4134E00>,,<function corrupt_website.<locals>.<lambda> at 0x00000255D41354E0>
B00218,<function corrupt_name.<locals>.<lambda> at 0x00000255D4135260>,<function corrupt_address.<locals>.<lambda> at 0x00000255D41358A0>,Detroit,Michigan,48307,,<function corrupt_email.<locals>.<lambda> at 0x00000255D41353A0>,<function corrupt_website.<locals>.<lambda> at 0x00000255D4135800>
B00219,<function corrupt_name.<locals>.<lambda> at 0x00000255D4135A80>,<function corrupt_address.<locals>.<lambda> at 0x00000255D4135BC0>,Minneapolis,Minnesota,55524,<function corrupt_phone.<locals>.<lambda> at 0x00000255D41356C0>,<function corrupt_email.<locals>.<lambda> at 0x00000255D4135940>,
B00220,<function corrupt_name.<locals>.<lambda> at 0x00000255D41359E0>,<function corrupt_address.<locals>.<lambda> at 0x00000255D4135E40>,New York,New York,10141,<function corrupt_phone.<locals>.<lambda> at 0x00000255D4135B20>,,<function corrupt_website.<locals>.<lambda> at 0x00000255D4135C60>
B00221,<function corrupt_name.<locals>.<lambda> at 0x00000255D41363E0>,<function corrupt_address.<locals>.<lambda> at 0x00000255D4135EE0>,Los Angeles,California,90158,<function corrupt_phone.<locals>.<lambda> at 0x00000255D4135F80>,,<function corrupt_website.<locals>.<lambda> at 0x00000255D4135DA0>
B00222,<function corrupt_name.<locals>.<lambda> at 0x00000255D4135760>,<function corrupt_address.<locals>.<lambda> at 0x00000255D4136200>,Chicago,,60775,<function corrupt_phone.<locals>.<lambda> at 0x00000255D4135440>,<function corrupt_email.<locals>.<lambda> at 0x00000255D41362A0>,<function corrupt_website.<locals>.<lambda> at 0x00000255D4136020>
B00223,<function corrupt_name.<locals>.<lambda> at 0x00000255D4136160>,<function corrupt_address.<locals>.<lambda> at 0x00000255D4136660>,Houston,Texas,77192,,<function corrupt_email.<locals>.<lambda> at 0x00000255D4136480>,<function corrupt_website.<locals>.<lambda> at 0x00000255D4136340>
B00224,<function corrupt_name.<locals>.<lambda> at 0x00000255D4135D00>,<function corrupt_address.<locals>.<lambda> at 0x00000255D4136840>,Phoenix,Arizona,85209,<function corrupt_phone.<locals>.<lambda> at 0x00000255D41367A0>,,
B00225,<function corrupt_name.<locals>.<lambda> at 0x00000255D4136A20>,<function corrupt_address.<locals>.<lambda> at 0x00000255D4136980>,Philadelphia,Pennsylvania,19244,<function corrupt_phone.<locals>.<lambda> at 0x00000255D41365C0>,,<function corrupt_website.<locals>.<lambda> at 0x00000255D4136700>
B00226,<function corrupt_name.<locals>.<lambda> at 0x00000255D4136FC0>,<function corrupt_address.<locals>.<lambda> at 0x00000255D41368E0>,San Antonio,Texas,78443,<function corrupt_phone.<locals>.<lambda> at 0x00000255D41360C0>,<function corrupt_email.<locals>.<lambda> at 0x00000255D4136C00>,<function corrupt_website.<locals>.<lambda> at 0x00000255D4136520>
B00227,<function corrupt_name.<locals>.<lambda> at 0x00000255D4136DE0>,<function corrupt_address.<locals>.<lambda> at 0x00000255D4137060>,San Diego,California,92360,<function corrupt_phone.<locals>.<lambda> at 0x00000255D4136E80>,,<function corrupt_website.<locals>.<lambda> at 0x00000255D4136CA0>
B00228,<function corrupt_name.<locals>.<lambda> at 0x00000255D4136D40>,<function corrupt_address.<locals>.<lambda> at 0x00000255D4137380>,Dallas,Texas,,<function corrupt_phone.<locals>.<lambda> at 0x00000255D4137100>,<function corrupt_email.<locals>.<lambda> at 0x00000255D4136AC0>,<function corrupt_website.<locals>.<lambda> at 0x00000255D4136B60>
B00229,<function corrupt_name.<locals>.<lambda> at 0x00000255D4137240>,<function corrupt_address.<locals>.<lambda> at 0x00000255D4137600>,San Jose,California,95394,<function corrupt_phone.<locals>.<lambda> at 0x00000255D4137420>,<function corrupt_email.<locals>.<lambda> at 0x00000255D4137560>,<function corrupt_website.<locals>.<lambda> at 0x00000255D41374C0>
B00230,<function corrupt_name.<locals>.<lambda> at 0x00000255D4137C40>,<function corrupt_address.<locals>.<lambda> at 0x00000255D41377E0>,Austin,Texas,73611,<function corrupt_phone.<locals>.<lambda> at 0x00000255D4136F20>,<function corrupt_email.<locals>.<lambda> at 0x00000255D41372E0>,<function corrupt_website.<locals>.<lambda> at 0x00000255D4137740>
B00231,<function corrupt_name.<locals>.<lambda> at 0x00000255D4137D80>,<function corrupt_address.<locals>.<lambda> at 0x00000255D41371A0>,Jacksonville,Florida,32426,<function corrupt_phone.<locals>.<lambda> at 0x00000255D4137920>,,<function corrupt_website.<locals>.<lambda> at 0x00000255D4137A60>
B00232,<function corrupt_name.<locals>.<lambda> at 0x00000255D4137F60>,<function corrupt_address.<locals>.<lambda> at 0x00000255D4137B00>,Seattle,Washington,98445,<function corrupt_phone.<locals>.<lambda> at 0x00000255D4137CE0>,<function corrupt_email.<locals>.<lambda> at 0x00000255D4137880>,<function corrupt_website.<locals>.<lambda> at 0x00000255D41376A0>
B00233,<function corrupt_name.<locals>.<lambda> at 0x00000255D413C040>,<function corrupt_address.<locals>.<lambda> at 0x00000255D413C220>,Denver,Colorado,80562,<function corrupt_phone.<locals>.<lambda> at 0x00000255D4137BA0>,<function corrupt_email.<locals>.<lambda> at 0x00000255D4137EC0>,<function corrupt_website.<locals>.<lambda> at 0x00000255D4137E20>
B00234,<function corrupt_name.<locals>.<lambda> at 0x00000255D413C400>,<function corrupt_address.<locals>.<lambda> at 0x00000255D413C5E0>,Boston,Massachusetts,02486,<function corrupt_phone.<locals>.<lambda> at 0x00000255D41379C0>,,<function corrupt_website.<locals>.<lambda> at 0x00000255D413C2C0>
B00235,<function corrupt_name.<locals>.<lambda> at 0x00000255D413C9A0>,<function corrupt_address.<locals>.<lambda> at 0x00000255D413C360>,Atlanta,Georgia,30696,<function corrupt_phone.<locals>.<lambda> at 0x00000255D413C680>,<function corrupt_email.<locals>.<lambda> at 0x00000255D413C720>,<function corrupt_website.<locals>.<lambda> at 0x00000255D413C540>
B00236,<function corrupt_name.<locals>.<lambda> at 0x00000255D413CA40>,<function corrupt_address.<locals>.<lambda> at 0x00000255D413C4A0>,Miami,Florida,33513,<function corrupt_phone.<locals>.<lambda> at 0x00000255D413C900>,<function corrupt_email.<locals>.<lambda> at 0x00000255D413C860>,
B00237,<function corrupt_name.<locals>.<lambda> at 0x00000255D413C7C0>,<function corrupt_address.<locals>.<lambda> at 0x00000255D413CB80>,Portland,Oregon,97630,<function corrupt_phone.<locals>.<lambda> at 0x00000255D413CCC0>,<function corrupt_email.<locals>.<lambda> at 0x00000255D413CD60>,<function corrupt_website.<locals>.<lambda> at 0x00000255D413C180>
B00238,<function corrupt_name.<locals>.<lambda> at 0x00000255D413C0E0>,<function corrupt_address.<locals>.<lambda> at 0x00000255D413CF40>,Detroit,Michigan,48647,<function corrupt_phone.<locals>.<lambda> at 0x00000255D413CE00>,<function corrupt_email.<locals>.<lambda> at 0x00000255D413D080>,<function corrupt_website.<locals>.<lambda> at 0x00000255D413CAE0>
B00239,<function corrupt_name.<locals>.<lambda> at 0x00000255D413D3A0>,<function corrupt_address.<locals>.<lambda> at 0x00000255D413CFE0>,Minneapolis,Minnesota,55864,<function corrupt_phone.<locals>.<lambda> at 0x00000255D413D260>,<function corrupt_email.<locals>.<lambda> at 0x00000255D413CEA0>,<function corrupt_website.<locals>.<lambda> at 0x00000255D413D120>
B00240,<function corrupt_name.<locals>.<lambda> at 0x00000255D413D300>,<function corrupt_address.<locals>.<lambda> at 0x00000255D413D620>,New York,New York,10481,<function corrupt_phone.<locals>.<lambda> at 0x00000255D413D1C0>,<function corrupt_email.<locals>.<lambda> at 0x00000255D413D580>,<function corrupt_website.<locals>.<lambda> at 0x00000255D413D760>
B00241,<function corrupt_name.<locals>.<lambda> at 0x00000255D413DBC0>,<function corrupt_address.<locals>.<lambda> at 0x00000255D413D4E0>,Los Angeles,California,90498,<function corrupt_phone.<locals>.<lambda> at 0x00000255D413D6C0>,,<function corrupt_website.<locals>.<lambda> at 0x00000255D413D440>
B00242,<function corrupt_name.<locals>.<lambda> at 0x00000255D413DC60>,<function corrupt_address.<locals>.<lambda> at 0x00000255D413D800>,Chicago,Illinois,61115,<function corrupt_phone.<locals>.<lambda> at 0x00000255D413D9E0>,<function corrupt_email.<locals>.<lambda> at 0x00000255D413DA80>,<function corrupt_website.<locals>.<lambda> at 0x00000255D413DB20>
B00243,<function corrupt_name.<locals>.<lambda> at 0x00000255D413CC20>,<function corrupt_address.<locals>.<lambda> at 0x00000255D413D940>,Houston,Texas,,<function corrupt_phone.<locals>.<lambda> at 0x00000255D413DD00>,<function corrupt_email.<locals>.<lambda> at 0x00000255D413DDA0>,<function corrupt_website.<locals>.<lambda> at 0x00000255D413E020>
B00244,<function corrupt_name.<locals>.<lambda> at 0x00000255D413E5C0>,<function corrupt_address.<locals>.<lambda> at 0x00000255D413E2A0>,Phoenix,Arizona,85549,<function corrupt_phone.<locals>.<lambda> at 0x00000255D413E0C0>,<function corrupt_email.<locals>.<lambda> at 0x00000255D413DEE0>,<function corrupt_website.<locals>.<lambda> at 0x00000255D413D8A0>
B00245,<function corrupt_name.<locals>.<lambda> at 0x00000255D413E520>,<function corrupt_address.<locals>.<lambda> at 0x00000255D413E200>,Philadelphia,Pennsylvania,19584,<function corrupt_phone.<locals>.<lambda> at 0x00000255D413DF80>,<function corrupt_email.<locals>.<lambda> at 0x00000255D413DE40>,<function corrupt_website.<locals>.<lambda> at 0x00000255D413E3E0>
B00246,<function corrupt_name.<locals>.<lambda> at 0x00000255D413E340>,<function corrupt_address.<locals>.<lambda> at 0x00000255D413E980>,San Antonio,Texas,78783,<function corrupt_phone.<locals>.<lambda> at 0x00000255D413E480>,<function corrupt_email.<locals>.<lambda> at 0x00000255D413E840>,<function corrupt_website.<locals>.<lambda> at 0x00000255D413E8E0>
B00247,<function corrupt_name.<locals>.<lambda> at 0x00000255D413E700>,<function corrupt_address.<locals>.<lambda> at 0x00000255D413E7A0>,San Diego,California,92700,<function corrupt_phone.<locals>.<lambda> at 0x00000255D413EB60>,<function corrupt_email.<locals>.<lambda> at 0x00000255D413EA20>,<function corrupt_website.<locals>.<lambda> at 0x00000255D413E660>
B00248,<function corrupt_name.<locals>.<lambda> at 0x00000255D413F1A0>,<function corrupt_address.<locals>.<lambda> at 0x00000255D413ED40>,Dallas,Texas,75817,<function corrupt_phone.<locals>.<lambda> at 0x00000255D413E160>,<function corrupt_email.<locals>.<lambda> at 0x00000255D413EDE0>,<function corrupt_website.<locals>.<lambda> at 0x00000255D413ECA0>
B00249,<function corrupt_name.<locals>.<lambda> at 0x00000255D413EE80>,<function corrupt_address.<locals>.<lambda> at 0x00000255D413EF20>,San Jose,California,95734,<function corrupt_phone.<locals>.<lambda> at 0x00000255D413F060>,<function corrupt_email.<locals>.<lambda> at 0x00000255D413F240>,<function corrupt_website.<locals>.<lambda> at 0x00000255D413F100>
B00250,<function corrupt_name.<locals>.<lambda> at 0x00000255D413EC00>,<function corrupt_address.<locals>.<lambda> at 0x00000255D413EFC0>,Austin,Texas,73951,<function corrupt_phone.<locals>.<lambda> at 0x00000255D413F380>,<function corrupt_email.<locals>.<lambda> at 0x00000255D413F4C0>,<function corrupt_website.<locals>.<lambda> at 0x00000255D413EAC0>
B00251,<function corrupt_name.<locals>.<lambda> at 0x00000255D413FB00>,<function corrupt_address.<locals>.<lambda> at 0x00000255D413F420>,Jacksonville,Florida,32766,<function corrupt_phone.<locals>.<lambda> at 0x00000255D413F600>,<function corrupt_email.<locals>.<lambda> at 0x00000255D413F7E0>,<function corrupt_website.<locals>.<lambda> at 0x00000255D413F740>
B00252,<function corrupt_name.<locals>.<lambda> at 0x00000255D413FBA0>,<function corrupt_address.<locals>.<lambda> at 0x00000255D413F920>,Seattle,Washington,98785,<function corrupt_phone.<locals>.<lambda> at 0x00000255D413F560>,<function corrupt_email.<locals>.<lambda> at 0x00000255D413F9C0>,
B00253,<function corrupt_name.<locals>.<lambda> at 0x00000255D4144040>,<function corrupt_address.<locals>.<lambda> at 0x00000255D413FE20>,,Colorado,80902,,<function corrupt_email.<locals>.<lambda> at 0x00000255D413F880>,<function corrupt_website.<locals>.<lambda> at 0x00000255D413F2E0>
B00254,<function corrupt_name.<locals>.<lambda> at 0x00000255D413FD80>,<function corrupt_address.<locals>.<lambda> at 0x00000255D413FC40>,Boston,Massachusetts,,<function corrupt_phone.<locals>.<lambda> at 0x00000255D413FCE0>,<function corrupt_email.<locals>.<lambda> at 0x00000255D413FEC0>,
B00255,<function corrupt_name.<locals>.<lambda> at 0x00000255D4144540>,<function corrupt_address.<locals>.<lambda> at 0x00000255D4144180>,Atlanta,Georgia,31036,<function corrupt_phone.<locals>.<lambda> at 0x00000255D413F6A0>,<function corrupt_email.<locals>.<lambda> at 0x00000255D413FA60>,
B00256,<function corrupt_name.<locals>.<lambda> at 0x00000255D41442C0>,<function corrupt_address.<locals>.<lambda> at 0x00000255D4144680>,,Florida,33853,<function corrupt_phone.<locals>.<lambda> at 0x00000255D4144360>,,
B00257,<function corrupt_name.<locals>.<lambda> at 0x00000255D4144AE0>,<function corrupt_address.<locals>.<lambda> at 0x00000255D4144220>,Portland,Oregon,97970,<function corrupt_phone.<locals>.<lambda> at 0x00000255D41444A0>,<function corrupt_email.<locals>.<lambda> at 0x00000255D4144400>,
B00258,<function corrupt_name.<locals>.<lambda> at 0x00000255D4144B80>,<function corrupt_address.<locals>.<lambda> at 0x00000255D413FF60>,Detroit,Michigan,48987,<function corrupt_phone.<locals>.<lambda> at 0x00000255D41445E0>,<function corrupt_email.<locals>.<lambda> at 0x00000255D4144720>,<function corrupt_website.<locals>.<lambda> at 0x00000255D41449A0>
B00259,<function corrupt_name.<locals>.<lambda> at 0x00000255D4144900>,<function corrupt_address.<locals>.<lambda> at 0x00000255D41447C0>,Minneapolis,Minnesota,56204,<function corrupt_phone.<locals>.<lambda> at 0x00000255D4144C20>,<function corrupt_email.<locals>.<lambda> at 0x00000255D4144CC0>,<function corrupt_website.<locals>.<lambda> at 0x00000255D4144860>
B00260,<function corrupt_name.<locals>.<lambda> at 0x00000255D4145260>,<function corrupt_address.<locals>.<lambda> at 0x00000255D4144A40>,New York,New York,10821,<function corrupt_phone.<locals>.<lambda> at 0x00000255D4144E00>,<function corrupt_email.<locals>.<lambda> at 0x00000255D41440E0>,<function corrupt_website.<locals>.<lambda> at 0x00000255D4144F40>
B00261,<function corrupt_name.<locals>.<lambda> at 0x00000255D41454E0>,<function corrupt_address.<locals>.<lambda> at 0x00000255D4145080>,Los Angeles,California,,<function corrupt_phone.<locals>.<lambda> at 0x00000255D4144EA0>,<function corrupt_email.<locals>.<lambda> at 0x00000255D4144D60>,
B00262,<function corrupt_name.<locals>.<lambda> at 0x00000255D41453A0>,<function corrupt_address.<locals>.<lambda> at 0x00000255D4145580>,Chicago,Illinois,61455,<function corrupt_phone.<locals>.<lambda> at 0x00000255D4145440>,<function corrupt_email.<locals>.<lambda> at 0x00000255D4145620>,<function corrupt_website.<locals>.<lambda> at 0x00000255D4145300>
B00263,<function corrupt_name.<locals>.<lambda> at 0x00000255D4145C60>,<function corrupt_address.<locals>.<lambda> at 0x00000255D4145120>,,Texas,77872,<function corrupt_phone.<locals>.<lambda> at 0x00000255D4144FE0>,<function corrupt_email.<locals>.<lambda> at 0x00000255D4145800>,<function corrupt_website.<locals>.<lambda> at 0x00000255D4145940>
B00264,<function corrupt_name.<locals>.<lambda> at 0x00000255D4145B20>,<function corrupt_address.<locals>.<lambda> at 0x00000255D4145BC0>,Phoenix,Arizona,85889,,<function corrupt_email.<locals>.<lambda> at 0x00000255D4145760>,<function corrupt_website.<locals>.<lambda> at 0x00000255D41456C0>
B00265,<function corrupt_name.<locals>.<lambda> at 0x00000255D41459E0>,<function corrupt_address.<locals>.<lambda> at 0x00000255D4145E40>,Philadelphia,Pennsylvania,19024,<function corrupt_phone.<locals>.<lambda> at 0x00000255D41451C0>,<function corrupt_email.<locals>.<lambda> at 0x00000255D4145DA0>,
B00266,<function corrupt_name.<locals>.<lambda> at 0x00000255D41458A0>,<function corrupt_address.<locals>.<lambda> at 0x00000255D4146160>,San Antonio,Texas,,<function corrupt_phone.<locals>.<lambda> at 0x00000255D4145D00>,<function corrupt_email.<locals>.<lambda> at 0x00000255D4145EE0>,<function corrupt_website.<locals>.<lambda> at 0x00000255D4145F80>
B00267,<function corrupt_name.<locals>.<lambda> at 0x00000255D4146340>,<function corrupt_address.<locals>.<lambda> at 0x00000255D41462A0>,San Diego,California,92140,<function corrupt_phone.<locals>.<lambda> at 0x00000255D41460C0>,<function corrupt_email.<locals>.<lambda> at 0x00000255D4145A80>,<function corrupt_website.<locals>.<lambda> at 0x00000255D4146020>
B00268,<function corrupt_name.<locals>.<lambda> at 0x00000255D4146700>,<function corrupt_address.<locals>.<lambda> at 0x00000255D41465C0>,Dallas,Texas,75257,<function corrupt_phone.<locals>.<lambda> at 0x00000255D4146200>,<function corrupt_email.<locals>.<lambda> at 0x00000255D41467A0>,<function corrupt_website.<locals>.<lambda> at 0x00000255D4146660>
B00269,<function corrupt_name.<locals>.<lambda> at 0x00000255D4146520>,<function corrupt_address.<locals>.<lambda> at 0x00000255D4146A20>,San Jose,California,95174,<function corrupt_phone.<locals>.<lambda> at 0x00000255D41463E0>,,<function corrupt_website.<locals>.<lambda> at 0x00000255D4146AC0>
B00270,<function corrupt_name.<locals>.<lambda> at 0x00000255D4146D40>,<function corrupt_address.<locals>.<lambda> at 0x00000255D4146C00>,Austin,Texas,73391,<function corrupt_phone.<locals>.<lambda> at 0x00000255D4146480>,<function corrupt_email.<locals>.<lambda> at 0x00000255D4146B60>,<function corrupt_website.<locals>.<lambda> at 0x00000255D41468E0>
B00271,<function corrupt_name.<locals>.<lambda> at 0x00000255D41472E0>,<function corrupt_address.<locals>.<lambda> at 0x00000255D4146F20>,Jacksonville,Florida,32206,<function corrupt_phone.<locals>.<lambda> at 0x00000255D4146E80>,<function corrupt_email.<locals>.<lambda> at 0x00000255D4146840>,<function corrupt_website.<locals>.<lambda> at 0x00000255D4147060>
B00272,<function corrupt_name.<locals>.<lambda> at 0x00000255D4147240>,<function corrupt_address.<locals>.<lambda> at 0x00000255D4146CA0>,Seattle,Washington,98225,<function corrupt_phone.<locals>.<lambda> at 0x00000255D4146FC0>,<function corrupt_email.<locals>.<lambda> at 0x00000255D4147380>,<function corrupt_website.<locals>.<lambda> at 0x00000255D4147100>
B00273,<function corrupt_name.<locals>.<lambda> at 0x00000255D41477E0>,<function corrupt_address.<locals>.<lambda> at 0x00000255D41474C0>,Denver,Colorado,80342,<function corrupt_phone.<locals>.<lambda> at 0x00000255D4147420>,<function corrupt_email.<locals>.<lambda> at 0x00000255D4146DE0>,<function corrupt_website.<locals>.<lambda> at 0x00000255D41476A0>
B00274,<function corrupt_name.<locals>.<lambda> at 0x00000255D4147600>,<function corrupt_address.<locals>.<lambda> at 0x00000255D4147560>,,Massachusetts,02266,<function corrupt_phone.<locals>.<lambda> at 0x00000255D4147740>,<function corrupt_email.<locals>.<lambda> at 0x00000255D4146980>,<function corrupt_website.<locals>.<lambda> at 0x00000255D41471A0>
B00275,<function corrupt_name.<locals>.<lambda> at 0x00000255D4147C40>,<function corrupt_address.<locals>.<lambda> at 0x00000255D4147B00>,Atlanta,Georgia,30476,<function corrupt_phone.<locals>.<lambda> at 0x00000255D4147A60>,<function corrupt_email.<locals>.<lambda> at 0x00000255D4147920>,
B00276,<function corrupt_name.<locals>.<lambda> at 0x00000255D4147CE0>,<function corrupt_address.<locals>.<lambda> at 0x00000255D4147F60>,Miami,Florida,33293,<function corrupt_phone.<locals>.<lambda> at 0x00000255D4147880>,,
B00277,<function corrupt_name.<locals>.<lambda> at 0x00000255D414C2C0>,<function corrupt_address.<locals>.<lambda> at 0x00000255D4147D80>,Portland,Oregon,97410,<function corrupt_phone.<locals>.<lambda> at 0x00000255D4147BA0>,<function corrupt_email.<locals>.<lambda> at 0x00000255D414C040>,<function corrupt_website.<locals>.<lambda> at 0x00000255D4147E20>
B00278,<function corrupt_name.<locals>.<lambda> at 0x00000255D414C220>,<function corrupt_address.<locals>.<lambda> at 0x00000255D414C180>,Detroit,Michigan,48427,<function corrupt_phone.<locals>.<lambda> at 0x00000255D414C400>,<function corrupt_email.<locals>.<lambda> at 0x00000255D4147EC0>,<function corrupt_website.<locals>.<lambda> at 0x00000255D414C4A0>
B00279,<function corrupt_name.<locals>.<lambda> at 0x00000255D414C0E0>,<function corrupt_address.<locals>.<lambda> at 0x00000255D414C720>,Minneapolis,Minnesota,55644,<function corrupt_phone.<locals>.<lambda> at 0x00000255D414C540>,<function corrupt_email.<locals>.<lambda> at 0x00000255D41479C0>,<function corrupt_website.<locals>.<lambda> at 0x00000255D414C680>
B00280,<function corrupt_name.<locals>.<lambda> at 0x00000255D414CD60>,<function corrupt_address.<locals>.<lambda> at 0x00000255D414C360>,New York,New York,10261,<function corrupt_phone.<locals>.<lambda> at 0x00000255D414C7C0>,<function corrupt_email.<locals>.<lambda> at 0x00000255D414C9A0>,<function corrupt_website.<locals>.<lambda> at 0x00000255D414C900>
B00281,<function corrupt_name.<locals>.<lambda> at 0x00000255D414CA40>,<function corrupt_address.<locals>.<lambda> at 0x00000255D414C5E0>,Los Angeles,California,90278,<function corrupt_phone.<locals>.<lambda> at 0x00000255D414CCC0>,,
B00282,<function corrupt_name.<locals>.<lambda> at 0x00000255D414C860>,<function corrupt_address.<locals>.<lambda> at 0x00000255D414CE00>,Chicago,Illinois,60895,<function corrupt_phone.<locals>.<lambda> at 0x00000255D414CC20>,<function corrupt_email.<locals>.<lambda> at 0x00000255D414CEA0>,
B00283,<function corrupt_name.<locals>.<lambda> at 0x00000255D414CB80>,<function corrupt_address.<locals>.<lambda> at 0x00000255D414D080>,Houston,Texas,77312,<function corrupt_phone.<locals>.<lambda> at 0x00000255D414CFE0>,,<function corrupt_website.<locals>.<lambda> at 0x00000255D414D260>
B00284,<function corrupt_name.<locals>.<lambda> at 0x00000255D414D760>,<function corrupt_address.<locals>.<lambda> at 0x00000255D414D440>,Phoenix,Arizona,85329,<function corrupt_phone.<locals>.<lambda> at 0x00000255D414CF40>,<function corrupt_email.<locals>.<lambda> at 0x00000255D414CAE0>,<function corrupt_website.<locals>.<lambda> at 0x00000255D414D3A0>
B00285,<function corrupt_name.<locals>.<lambda> at 0x00000255D414D1C0>,<function corrupt_address.<locals>.<lambda> at 0x00000255D414D580>,Philadelphia,Pennsylvania,19364,,<function corrupt_email.<locals>.<lambda> at 0x00000255D414D300>,<function corrupt_website.<locals>.<lambda> at 0x00000255D414D6C0>
B00286,<function corrupt_name.<locals>.<lambda> at 0x00000255D414DDA0>,<function corrupt_address.<locals>.<lambda> at 0x00000255D414D800>,San Antonio,Texas,78563,<function corrupt_phone.<locals>.<lambda> at 0x00000255D414D8A0>,<function corrupt_email.<locals>.<lambda> at 0x00000255D414D4E0>,<function corrupt_website.<locals>.<lambda> at 0x00000255D414D9E0>
B00287,<function corrupt_name.<locals>.<lambda> at 0x00000255D414DEE0>,<function corrupt_address.<locals>.<lambda> at 0x00000255D414DBC0>,San Diego,California,92480,,,<function corrupt_website.<locals>.<lambda> at 0x00000255D414DA80>
B00288,<function corrupt_name.<locals>.<lambda> at 0x00000255D414E2A0>,<function corrupt_address.<locals>.<lambda> at 0x00000255D414DB20>,Dallas,Texas,75597,<function corrupt_phone.<locals>.<lambda> at 0x00000255D414D620>,<function corrupt_email.<locals>.<lambda> at 0x00000255D414D940>,<function corrupt_website.<locals>.<lambda> at 0x00000255D414DC60>
B00289,<function corrupt_name.<locals>.<lambda> at 0x00000255D414E5C0>,<function corrupt_address.<locals>.<lambda> at 0x00000255D414E160>,San Jose,California,95514,<function corrupt_phone.<locals>.<lambda> at 0x00000255D414DD00>,<function corrupt_email.<locals>.<lambda> at 0x00000255D414DF80>,<function corrupt_website.<locals>.<lambda> at 0x00000255D414E020>
B00290,<function corrupt_name.<locals>.<lambda> at 0x00000255D414D120>,<function corrupt_address.<locals>.<lambda> at 0x00000255D414E480>,Austin,Texas,73731,<function corrupt_phone.<locals>.<lambda> at 0x00000255D414E0C0>,<function corrupt_email.<locals>.<lambda> at 0x00000255D414E3E0>,<function corrupt_website.<locals>.<lambda> at 0x00000255D414E200>
B00291,<function corrupt_name.<locals>.<lambda> at 0x00000255D414E340>,<function corrupt_address.<locals>.<lambda> at 0x00000255D414DE40>,Jacksonville,Florida,32546,<function corrupt_phone.<locals>.<lambda> at 0x00000255D414E520>,<function corrupt_email.<locals>.<lambda> at 0x00000255D414E8E0>,<function corrupt_website.<locals>.<lambda> at 0x00000255D414E700>
B00292,<function corrupt_name.<locals>.<lambda> at 0x00000255D414E840>,<function corrupt_address.<locals>.<lambda> at 0x00000255D414EB60>,Seattle,Washington,98565,<function corrupt_phone.<locals>.<lambda> at 0x00000255D414E7A0>,<function corrupt_email.<locals>.<lambda> at 0x00000255D414EC00>,<function corrupt_website.<locals>.<lambda> at 0x00000255D414E660>
B00293,<function corrupt_name.<locals>.<lambda> at 0x00000255D414F100>,<function corrupt_address.<locals>.<lambda> at 0x00000255D414EE80>,Denver,Colorado,80682,<function corrupt_phone.<locals>.<lambda> at 0x00000255D414EA20>,<function corrupt_email.<locals>.<lambda> at 0x00000255D414ED40>,<function corrupt_website.<locals>.<lambda> at 0x00000255D414EDE0>
B00294,<function corrupt_name.<locals>.<lambda> at 0x00000255D414ECA0>,<function corrupt_address.<locals>.<lambda> at 0x00000255D414F1A0>,Boston,Massachusetts,02606,<function corrupt_phone.<locals>.<lambda> at 0x00000255D414EF20>,,<function corrupt_website.<locals>.<lambda> at 0x00000255D414EFC0>
B00295,<function corrupt_name.<locals>.<lambda> at 0x00000255D414F600>,<function corrupt_address.<locals>.<lambda> at 0x00000255D414F420>,Atlanta,Georgia,30816,<function corrupt_phone.<locals>.<lambda> at 0x00000255D414EAC0>,<function corrupt_email.<locals>.<lambda> at 0x00000255D414F380>,
B00296,<function corrupt_name.<locals>.<lambda> at 0x00000255D414F740>,<function corrupt_address.<locals>.<lambda> at 0x00000255D414F060>,Miami,Florida,33633,<function corrupt_phone.<locals>.<lambda> at 0x00000255D414F240>,<function corrupt_email.<locals>.<lambda> at 0x00000255D414F4C0>,<function corrupt_website.<locals>.<lambda> at 0x00000255D414F560>
B00297,<function corrupt_name.<locals>.<lambda> at 0x00000255D414F880>,<function corrupt_address.<locals>.<lambda> at 0x00000255D414F7E0>,Portland,Oregon,97750,<function corrupt_phone.<locals>.<lambda> at 0x00000255D414E980>,<function corrupt_email.<locals>.<lambda> at 0x00000255D414F2E0>,<function corrupt_website.<locals>.<lambda> at 0x00000255D414FA60>
B00298,<function corrupt_name.<locals>.<lambda> at 0x00000255D414FCE0>,<function corrupt_address.<locals>.<lambda> at 0x00000255D414FE20>,Detroit,Michigan,48767,<function corrupt_phone.<locals>.<lambda> at 0x00000255D414FB00>,<function corrupt_email.<locals>.<lambda> at 0x00000255D414FC40>,<function corrupt_website.<locals>.<lambda> at 0x00000255D414F920>
B00299,<function corrupt_name.<locals>.<lambda> at 0x00000255D414F9C0>,<function corrupt_address.<locals>.<lambda> at 0x00000255D414F6A0>,Minneapolis,Minnesota,55984,<function corrupt_phone.<locals>.<lambda> at 0x00000255D414FBA0>,<function corrupt_email.<locals>.<lambda> at 0x00000255D4154040>,<function corrupt_website.<locals>.<lambda> at 0x00000255D414FD80>
B00300,<function corrupt_name.<locals>.<lambda> at 0x00000255D414FF60>,<function corrupt_address.<locals>.<lambda> at 0x00000255D4154360>,New York,New York,10601,<function corrupt_phone.<locals>.<lambda> at 0x00000255D414FEC0>,<function corrupt_email.<locals>.<lambda> at 0x00000255D4154180>,<function corrupt_website.<locals>.<lambda> at 0x00000255D4154400>
B00301,<function corrupt_name.<locals>.<lambda> at 0x00000255D4154220>,<function corrupt_address.<locals>.<lambda> at 0x00000255D4154680>,Los Angeles,California,90618,<function corrupt_phone.<locals>.<lambda> at 0x00000255D41545E0>,<function corrupt_email.<locals>.<lambda> at 0x00000255D41544A0>,
B00302,<function corrupt_name.<locals>.<lambda> at 0x00000255D4154AE0>,<function corrupt_address.<locals>.<lambda> at 0x00000255D41549A0>,Chicago,Illinois,61235,<function corrupt_phone.<locals>.<lambda> at 0x00000255D4154540>,<function corrupt_email.<locals>.<lambda> at 0x00000255D4154860>,
B00303,<function corrupt_name.<locals>.<lambda> at 0x00000255D4154720>,<function corrupt_address.<locals>.<lambda> at 0x00000255D4154A40>,Houston,Texas,77652,<function corrupt_phone.<locals>.<lambda> at 0x00000255D4154900>,,<function corrupt_website.<locals>.<lambda> at 0x00000255D4154C20>
B00304,<function corrupt_name.<locals>.<lambda> at 0x00000255D4154D60>,<function corrupt_address.<locals>.<lambda> at 0x00000255D4154EA0>,Phoenix,Arizona,85669,<function corrupt_phone.<locals>.<lambda> at 0x00000255D4154B80>,<function corrupt_email.<locals>.<lambda> at 0x00000255D41542C0>,<function corrupt_website.<locals>.<lambda> at 0x00000255D41540E0>
B00305,<function corrupt_name.<locals>.<lambda> at 0x00000255D41553A0>,<function corrupt_address.<locals>.<lambda> at 0x00000255D4154CC0>,Philadelphia,Pennsylvania,19704,<function corrupt_phone.<locals>.<lambda> at 0x00000255D4155080>,<function corrupt_email.<locals>.<lambda> at 0x00000255D41547C0>,<function corrupt_website.<locals>.<lambda> at 0x00000255D41551C0>
B00306,<function corrupt_name.<locals>.<lambda> at 0x00000255D4155580>,<function corrupt_address.<locals>.<lambda> at 0x00000255D41554E0>,San Antonio,Texas,78903,<function corrupt_phone.<locals>.<lambda> at 0x00000255D4155120>,<function corrupt_email.<locals>.<lambda> at 0x00000255D4154E00>,<function corrupt_website.<locals>.<lambda> at 0x00000255D4155440>
B00307,<function corrupt_name.<locals>.<lambda> at 0x00000255D41559E0>,<function corrupt_address.<locals>.<lambda> at 0x00000255D4155260>,San Diego,California,92820,<function corrupt_phone.<locals>.<lambda> at 0x00000255D4154FE0>,,
B00308,<function corrupt_name.<locals>.<lambda> at 0x00000255D4155BC0>,<function corrupt_address.<locals>.<lambda> at 0x00000255D41558A0>,Dallas,Texas,75937,<function corrupt_phone.<locals>.<lambda> at 0x00000255D4155760>,,<function corrupt_website.<locals>.<lambda> at 0x00000255D4155800>
B00309,<function corrupt_name.<locals>.<lambda> at 0x00000255D4155A80>,<function corrupt_address.<locals>.<lambda> at 0x00000255D4155940>,San Jose,California,,<function corrupt_phone.<locals>.<lambda> at 0x00000255D4155B20>,,
B00310,<function corrupt_name.<locals>.<lambda> at 0x00000255D4155F80>,<function corrupt_address.<locals>.<lambda> at 0x00000255D4155620>,Austin,Texas,74071,<function corrupt_phone.<locals>.<lambda> at 0x00000255D4154F40>,<function corrupt_email.<locals>.<lambda> at 0x00000255D4155C60>,<function corrupt_website.<locals>.<lambda> at 0x00000255D4155D00>
B00311,<function corrupt_name.<locals>.<lambda> at 0x00000255D4156160>,<function corrupt_address.<locals>.<lambda> at 0x00000255D4156200>,,Florida,32886,<function corrupt_phone.<locals>.<lambda> at 0x00000255D4155EE0>,,<function corrupt_website.<locals>.<lambda> at 0x00000255D4155300>
B00312,<function corrupt_name.<locals>.<lambda> at 0x00000255D4155E40>,<function corrupt_address.<locals>.<lambda> at 0x00000255D4156480>,Seattle,Washington,,<function corrupt_phone.<locals>.<lambda> at 0x00000255D4156020>,<function corrupt_email.<locals>.<lambda> at 0x00000255D41562A0>,<function corrupt_website.<locals>.<lambda> at 0x00000255D41556C0>
B00313,<function corrupt_name.<locals>.<lambda> at 0x00000255D41563E0>,<function corrupt_address.<locals>.<lambda> at 0x00000255D4156340>,Denver,Colorado,81022,<function corrupt_phone.<locals>.<lambda> at 0x00000255D4156520>,<function corrupt_email.<locals>.<lambda> at 0x00000255D4156660>,<function corrupt_website.<locals>.<lambda> at 0x00000255D4155DA0>
B00314,<function corrupt_name.<locals>.<lambda> at 0x00000255D41567A0>,<function corrupt_address.<locals>.<lambda> at 0x00000255D4156A20>,Boston,Massachusetts,02946,<function corrupt_phone.<locals>.<lambda> at 0x00000255D41560C0>,,<function corrupt_website.<locals>.<lambda> at 0x00000255D4156980>
B00315,<function corrupt_name.<locals>.<lambda> at 0x00000255D4156FC0>,<function corrupt_address.<locals>.<lambda> at 0x00000255D4156700>,Atlanta,Georgia,31156,<function corrupt_phone.<locals>.<lambda> at 0x00000255D41565C0>,,<function corrupt_website.<locals>.<lambda> at 0x00000255D41568E0>
B00316,<function corrupt_name.<locals>.<lambda> at 0x00000255D4156CA0>,<function corrupt_address.<locals>.<lambda> at 0x00000255D4156DE0>,Miami,Florida,33973,<function corrupt_phone.<locals>.<lambda> at 0x00000255D4156B60>,<function corrupt_email.<locals>.<lambda> at 0x00000255D4156AC0>,<function corrupt_website.<locals>.<lambda> at 0x00000255D4156F20>
B00317,<function corrupt_name.<locals>.<lambda> at 0x00000255D4157240>,<function corrupt_address.<locals>.<lambda> at 0x00000255D4157100>,Portland,Oregon,98090,<function corrupt_phone.<locals>.<lambda> at 0x00000255D4156840>,,<function corrupt_website.<locals>.<lambda> at 0x00000255D41571A0>
B00318,<function corrupt_name.<locals>.<lambda> at 0x00000255D4156E80>,<function corrupt_address.<locals>.<lambda> at 0x00000255D41572E0>,Detroit,Michigan,48207,<function corrupt_phone.<locals>.<lambda> at 0x00000255D4157380>,<function corrupt_email.<locals>.<lambda> at 0x00000255D4157060>,<function corrupt_website.<locals>.<lambda> at 0x00000255D4156D40>
B00319,<function corrupt_name.<locals>.<lambda> at 0x00000255D4157920>,<function corrupt_address.<locals>.<lambda> at 0x00000255D4156C00>,Minneapolis,Minnesota,55424,<function corrupt_phone.<locals>.<lambda> at 0x00000255D4157560>,<function corrupt_email.<locals>.<lambda> at 0x00000255D41576A0>,<function corrupt_website.<locals>.<lambda> at 0x00000255D4157740>
B00320,<function corrupt_name.<locals>.<lambda> at 0x00000255D4157B00>,<function corrupt_address.<locals>.<lambda> at 0x00000255D4157880>,New York,New York,10041,,<function corrupt_email.<locals>.<lambda> at 0x00000255D4157600>,<function corrupt_website.<locals>.<lambda> at 0x00000255D4157A60>
B00321,<function corrupt_name.<locals>.<lambda> at 0x00000255D4157BA0>,<function corrupt_address.<locals>.<lambda> at 0x00000255D41574C0>,Los Angeles,California,90058,<function corrupt_phone.<locals>.<lambda> at 0x00000255D41579C0>,<function corrupt_email.<locals>.<lambda> at 0x00000255D4157C40>,<function corrupt_website.<locals>.<lambda> at 0x00000255D4157CE0>
B00322,<function corrupt_name.<locals>.<lambda> at 0x00000255D415C180>,<function corrupt_address.<locals>.<lambda> at 0x00000255D4157E20>,Chicago,Illinois,60675,<function corrupt_phone.<locals>.<lambda> at 0x00000255D4157F60>,<function corrupt_email.<locals>.<lambda> at 0x00000255D4157D80>,<function corrupt_website.<locals>.<lambda> at 0x00000255D4157420>
B00323,<function corrupt_name.<locals>.<lambda> at 0x00000255D415C220>,<function corrupt_address.<locals>.<lambda> at 0x00000255D415C2C0>,Houston,Texas,77092,<function corrupt_phone.<locals>.<lambda> at 0x00000255D415C360>,<function corrupt_email.<locals>.<lambda> at 0x00000255D415C400>,<function corrupt_website.<locals>.<lambda> at 0x00000255D415C040>
B00324,<function corrupt_name.<locals>.<lambda> at 0x00000255D415C4A0>,<function corrupt_address.<locals>.<lambda> at 0x00000255D415C7C0>,Phoenix,Arizona,85109,<function corrupt_phone.<locals>.<lambda> at 0x00000255D4157EC0>,<function corrupt_email.<locals>.<lambda> at 0x00000255D415C680>,<function corrupt_website.<locals>.<lambda> at 0x00000255D41577E0>
B00325,<function corrupt_name.<locals>.<lambda> at 0x00000255D415CCC0>,<function corrupt_address.<locals>.<lambda> at 0x00000255D415C860>,Philadelphia,Pennsylvania,19144,<function corrupt_phone.<locals>.<lambda> at 0x00000255D415C5E0>,<function corrupt_email.<locals>.<lambda> at 0x00000255D415C540>,<function corrupt_website.<locals>.<lambda> at 0x00000255D415C900>
B00326,<function corrupt_name.<locals>.<lambda> at 0x00000255D415CB80>,<function corrupt_address.<locals>.<lambda> at 0x00000255D415CC20>,San Antonio,Texas,78343,,<function corrupt_email.<locals>.<lambda> at 0x00000255D415CAE0>,
B00327,<function corrupt_name.<locals>.<lambda> at 0x00000255D415C720>,<function corrupt_address.<locals>.<lambda> at 0x00000255D415CA40>,San Diego,California,92260,<function corrupt_phone.<locals>.<lambda> at 0x00000255D415CD60>,,<function corrupt_website.<locals>.<lambda> at 0x00000255D415C0E0>
B00328,<function corrupt_name.<locals>.<lambda> at 0x00000255D415D300>,<function corrupt_address.<locals>.<lambda> at 0x00000255D415D1C0>,Dallas,Texas,75377,<function corrupt_phone.<locals>.<lambda> at 0x00000255D415C9A0>,<function corrupt_email.<locals>.<lambda> at 0x00000255D415CEA0>,
B00329,<function corrupt_name.<locals>.<lambda> at 0x00000255D415D120>,<function corrupt_address.<locals>.<lambda> at 0x00000255D415D080>,San Jose,California,95294,<function corrupt_phone.<locals>.<lambda> at 0x00000255D415D260>,,<function corrupt_website.<locals>.<lambda> at 0x00000255D415D3A0>
B00330,<function corrupt_name.<locals>.<lambda> at 0x00000255D415D620>,<function corrupt_address.<locals>.<lambda> at 0x00000255D415D6C0>,Austin,Texas,,<function corrupt_phone.<locals>.<lambda> at 0x00000255D415CF40>,<function corrupt_email.<locals>.<lambda> at 0x00000255D415CE00>,<function corrupt_website.<locals>.<lambda> at 0x00000255D415D760>
B00331,<function corrupt_name.<locals>.<lambda> at 0x00000255D415DBC0>,<function corrupt_address.<locals>.<lambda> at 0x00000255D415CFE0>,Jacksonville,Florida,32326,<function corrupt_phone.<locals>.<lambda> at 0x00000255D415D580>,<function corrupt_email.<locals>.<lambda> at 0x00000255D415D440>,<function corrupt_website.<locals>.<lambda> at 0x00000255D415D9E0>
B00332,<function corrupt_name.<locals>.<lambda> at 0x00000255D415D800>,<function corrupt_address.<locals>.<lambda> at 0x00000255D415D4E0>,Seattle,Washington,98345,<function corrupt_phone.<locals>.<lambda> at 0x00000255D415DC60>,<function corrupt_email.<locals>.<lambda> at 0x00000255D415DB20>,<function corrupt_website.<locals>.<lambda> at 0x00000255D415D940>
B00333,<function corrupt_name.<locals>.<lambda> at 0x00000255D415E020>,<function corrupt_address.<locals>.<lambda> at 0x00000255D415DEE0>,Denver,Colorado,80462,,<function corrupt_email.<locals>.<lambda> at 0x00000255D415D8A0>,<function corrupt_website.<locals>.<lambda> at 0x00000255D415DA80>
B00334,<function corrupt_name.<locals>.<lambda> at 0x00000255D415DDA0>,<function corrupt_address.<locals>.<lambda> at 0x00000255D415DF80>,Boston,Massachusetts,02386,<function corrupt_phone.<locals>.<lambda> at 0x00000255D415E160>,<function corrupt_email.<locals>.<lambda> at 0x00000255D415E0C0>,
B00335,<function corrupt_name.<locals>.<lambda> at 0x00000255D415E340>,<function corrupt_address.<locals>.<lambda> at 0x00000255D415DE40>,Atlanta,,30596,<function corrupt_phone.<locals>.<lambda> at 0x00000255D415E3E0>,<function corrupt_email.<locals>.<lambda> at 0x00000255D415DD00>,<function corrupt_website.<locals>.<lambda> at 0x00000255D415E520>
B00336,<function corrupt_name.<locals>.<lambda> at 0x00000255D415E5C0>,<function corrupt_address.<locals>.<lambda> at 0x00000255D415E200>,Miami,Florida,33413,<function corrupt_phone.<locals>.<lambda> at 0x00000255D415E660>,<function corrupt_email.<locals>.<lambda> at 0x00000255D415E480>,<function corrupt_website.<locals>.<lambda> at 0x00000255D415E2A0>
B00337,<function corrupt_name.<locals>.<lambda> at 0x00000255D415ECA0>,<function corrupt_address.<locals>.<lambda> at 0x00000255D415E7A0>,Portland,Oregon,97530,<function corrupt_phone.<locals>.<lambda> at 0x00000255D415EA20>,<function corrupt_email.<locals>.<lambda> at 0x00000255D415E8E0>,<function corrupt_website.<locals>.<lambda> at 0x00000255D415E840>
B00338,<function corrupt_name.<locals>.<lambda> at 0x00000255D415EDE0>,<function corrupt_address.<locals>.<lambda> at 0x00000255D415EC00>,Detroit,Michigan,48547,<function corrupt_phone.<locals>.<lambda> at 0x00000255D415EB60>,,<function corrupt_website.<locals>.<lambda> at 0x00000255D415E700>
B00339,<function corrupt_name.<locals>.<lambda> at 0x00000255D415F240>,<function corrupt_address.<locals>.<lambda> at 0x00000255D415F100>,Minneapolis,Minnesota,55764,<function corrupt_phone.<locals>.<lambda> at 0x00000255D415E980>,<function corrupt_email.<locals>.<lambda> at 0x00000255D415ED40>,<function corrupt_website.<locals>.<lambda> at 0x00000255D415EF20>
B00340,<function corrupt_name.<locals>.<lambda> at 0x00000255D415EAC0>,<function corrupt_address.<locals>.<lambda> at 0x00000255D415EFC0>,New York,New York,10381,<function corrupt_phone.<locals>.<lambda> at 0x00000255D415F1A0>,<function corrupt_email.<locals>.<lambda> at 0x00000255D415F2E0>,
B00341,<function corrupt_name.<locals>.<lambda> at 0x00000255D415F9C0>,<function corrupt_address.<locals>.<lambda> at 0x00000255D415EE80>,,California,90398,<function corrupt_phone.<locals>.<lambda> at 0x00000255D415F420>,<function corrupt_email.<locals>.<lambda> at 0x00000255D415F560>,<function corrupt_website.<locals>.<lambda> at 0x00000255D415F4C0>
B00342,<function corrupt_name.<locals>.<lambda> at 0x00000255D415F380>,<function corrupt_address.<locals>.<lambda> at 0x00000255D415F880>,Chicago,Illinois,61015,<function corrupt_phone.<locals>.<lambda> at 0x00000255D415F740>,<function corrupt_email.<locals>.<lambda> at 0x00000255D415F7E0>,<function corrupt_website.<locals>.<lambda> at 0x00000255D415F920>
B00343,<function corrupt_name.<locals>.<lambda> at 0x00000255D415FEC0>,<function corrupt_address.<locals>.<lambda> at 0x00000255D415F6A0>,Houston,Texas,,<function corrupt_phone.<locals>.<lambda> at 0x00000255D415F600>,<function corrupt_email.<locals>.<lambda> at 0x00000255D415FC40>,<function corrupt_website.<locals>.<lambda> at 0x00000255D415FCE0>
B00344,<function corrupt_name.<locals>.<lambda> at 0x00000255D415FB00>,<function corrupt_address.<locals>.<lambda> at 0x00000255D4160040>,Phoenix,Arizona,85449,<function corrupt_phone.<locals>.<lambda> at 0x00000255D415FA60>,,<function corrupt_website.<locals>.<lambda> at 0x00000255D415FD80>
B00345,<function corrupt_name.<locals>.<lambda> at 0x00000255D415F060>,<function corrupt_address.<locals>.<lambda> at 0x00000255D4160180>,Philadelphia,,19484,<function corrupt_phone.<locals>.<lambda> at 0x00000255D4160220>,<function corrupt_email.<locals>.<lambda> at 0x00000255D41602C0>,<function corrupt_website.<locals>.<lambda> at 0x00000255D415FBA0>
B00346,<function corrupt_name.<locals>.<lambda> at 0x00000255D41607C0>,<function corrupt_address.<locals>.<lambda> at 0x00000255D41604A0>,San Antonio,Texas,78683,<function corrupt_phone.<locals>.<lambda> at 0x00000255D4160360>,<function corrupt_email.<locals>.<lambda> at 0x00000255D415FF60>,
B00347,<function corrupt_name.<locals>.<lambda> at 0x00000255D4160900>,<function corrupt_address.<locals>.<lambda> at 0x00000255D415FE20>,,California,92600,<function corrupt_phone.<locals>.<lambda> at 0x00000255D41605E0>,,<function corrupt_website.<locals>.<lambda> at 0x00000255D4160680>
B00348,<function corrupt_name.<locals>.<lambda> at 0x00000255D41609A0>,<function corrupt_address.<locals>.<lambda> at 0x00000255D4160860>,Dallas,Texas,75717,<function corrupt_phone.<locals>.<lambda> at 0x00000255D4160720>,<function corrupt_email.<locals>.<lambda> at 0x00000255D41600E0>,<function corrupt_website.<locals>.<lambda> at 0x00000255D4160B80>
B00349,<function corrupt_name.<locals>.<lambda> at 0x00000255D4160E00>,<function corrupt_address.<locals>.<lambda> at 0x00000255D4160EA0>,San Jose,California,95634,<function corrupt_phone.<locals>.<lambda> at 0x00000255D4160540>,,
B00350,<function corrupt_name.<locals>.<lambda> at 0x00000255D4160C20>,<function corrupt_address.<locals>.<lambda> at 0x00000255D4160D60>,Austin,Texas,73851,<function corrupt_phone.<locals>.<lambda> at 0x00000255D4160AE0>,<function corrupt_email.<locals>.<lambda> at 0x00000255D4160A40>,<function corrupt_website.<locals>.<lambda> at 0x00000255D4160400>
B00351,<function corrupt_name.<locals>.<lambda> at 0x00000255D41611C0>,<function corrupt_address.<locals>.<lambda> at 0x00000255D41613A0>,Jacksonville,Florida,32666,<function corrupt_phone.<locals>.<lambda> at 0x00000255D4160CC0>,,<function corrupt_website.<locals>.<lambda> at 0x00000255D4161080>
B00352,<function corrupt_name.<locals>.<lambda> at 0x00000255D41618A0>,<function corrupt_address.<locals>.<lambda> at 0x00000255D4161300>,Seattle,Washington,98685,<function corrupt_phone.<locals>.<lambda> at 0x00000255D4160F40>,,<function corrupt_website.<locals>.<lambda> at 0x00000255D41614E0>
B00353,<function corrupt_name.<locals>.<lambda> at 0x00000255D4160FE0>,<function corrupt_address.<locals>.<lambda> at 0x00000255D4161760>,Denver,Colorado,80802,<function corrupt_phone.<locals>.<lambda> at 0x00000255D4161260>,,
B00354,<function corrupt_name.<locals>.<lambda> at 0x00000255D41619E0>,<function corrupt_address.<locals>.<lambda> at 0x00000255D4161A80>,Boston,Massachusetts,02726,,<function corrupt_email.<locals>.<lambda> at 0x00000255D4161120>,<function corrupt_website.<locals>.<lambda> at 0x00000255D4161580>
B00355,<function corrupt_name.<locals>.<lambda> at 0x00000255D4161C60>,<function corrupt_address.<locals>.<lambda> at 0x00000255D4161440>,Atlanta,Georgia,30936,<function corrupt_phone.<locals>.<lambda> at 0x00000255D41616C0>,<function corrupt_email.<locals>.<lambda> at 0x00000255D4161BC0>,<function corrupt_website.<locals>.<lambda> at 0x00000255D4161940>
B00356,<function corrupt_name.<locals>.<lambda> at 0x00000255D4161EE0>,<function corrupt_address.<locals>.<lambda> at 0x00000255D4161F80>,Miami,Florida,33753,<function corrupt_phone.<locals>.<lambda> at 0x00000255D4161B20>,<function corrupt_email.<locals>.<lambda> at 0x00000255D4161D00>,<function corrupt_website.<locals>.<lambda> at 0x00000255D4161E40>
B00357,<function corrupt_name.<locals>.<lambda> at 0x00000255D4161DA0>,<function corrupt_address.<locals>.<lambda> at 0x00000255D41622A0>,Portland,Oregon,97870,<function corrupt_phone.<locals>.<lambda> at 0x00000255D4162160>,<function corrupt_email.<locals>.<lambda> at 0x00000255D4162200>,<function corrupt_website.<locals>.<lambda> at 0x00000255D4161800>
B00358,<function corrupt_name.<locals>.<lambda> at 0x00000255D4162840>,<function corrupt_address.<locals>.<lambda> at 0x00000255D41623E0>,Detroit,Michigan,48887,<function corrupt_phone.<locals>.<lambda> at 0x00000255D4162020>,<function corrupt_email.<locals>.<lambda> at 0x00000255D4162340>,<function corrupt_website.<locals>.<lambda> at 0x00000255D4162480>
B00359,<function corrupt_name.<locals>.<lambda> at 0x00000255D4162A20>,<function corrupt_address.<locals>.<lambda> at 0x00000255D41627A0>,Minneapolis,Minnesota,56104,<function corrupt_phone.<locals>.<lambda> at 0x00000255D41625C0>,,
B00360,<function corrupt_name.<locals>.<lambda> at 0x00000255D4162CA0>,<function corrupt_address.<locals>.<lambda> at 0x00000255D4162520>,New York,New York,10721,<function corrupt_phone.<locals>.<lambda> at 0x00000255D41620C0>,<function corrupt_email.<locals>.<lambda> at 0x00000255D4161620>,<function corrupt_website.<locals>.<lambda> at 0x00000255D41628E0>
B00361,<function corrupt_name.<locals>.<lambda> at 0x00000255D4162E80>,<function corrupt_address.<locals>.<lambda> at 0x00000255D4162700>,Los Angeles,California,90738,<function corrupt_phone.<locals>.<lambda> at 0x00000255D4162C00>,<function corrupt_email.<locals>.<lambda> at 0x00000255D4162D40>,<function corrupt_website.<locals>.<lambda> at 0x00000255D4162DE0>
B00362,<function corrupt_name.<locals>.<lambda> at 0x00000255D4163420>,<function corrupt_address.<locals>.<lambda> at 0x00000255D4162F20>,Chicago,,61355,<function corrupt_phone.<locals>.<lambda> at 0x00000255D4162B60>,<function corrupt_email.<locals>.<lambda> at 0x00000255D4162AC0>,
B00363,<function corrupt_name.<locals>.<lambda> at 0x00000255D4163100>,<function corrupt_address.<locals>.<lambda> at 0x00000255D4163060>,Houston,Texas,77772,<function corrupt_phone.<locals>.<lambda> at 0x00000255D4162980>,<function corrupt_email.<locals>.<lambda> at 0x00000255D41631A0>,<function corrupt_website.<locals>.<lambda> at 0x00000255D4163380>
B00364,<function corrupt_name.<locals>.<lambda> at 0x00000255D41632E0>,<function corrupt_address.<locals>.<lambda> at 0x00000255D41634C0>,Phoenix,Arizona,85789,<function corrupt_phone.<locals>.<lambda> at 0x00000255D4162FC0>,,<function corrupt_website.<locals>.<lambda> at 0x00000255D41636A0>
B00365,<function corrupt_name.<locals>.<lambda> at 0x00000255D41639C0>,<function corrupt_address.<locals>.<lambda> at 0x00000255D4163740>,Philadelphia,Pennsylvania,19824,<function corrupt_phone.<locals>.<lambda> at 0x00000255D4163560>,,<function corrupt_website.<locals>.<lambda> at 0x00000255D4163600>
B00366,<function corrupt_name.<locals>.<lambda> at 0x00000255D4163EC0>,<function corrupt_address.<locals>.<lambda> at 0x00000255D4163920>,San Antonio,Texas,79023,<function corrupt_phone.<locals>.<lambda> at 0x00000255D41637E0>,<function corrupt_email.<locals>.<lambda> at 0x00000255D4162660>,<function corrupt_website.<locals>.<lambda> at 0x00000255D4163BA0>
B00367,<function corrupt_name.<locals>.<lambda> at 0x00000255D4163F60>,<function corrupt_address.<locals>.<lambda> at 0x00000255D4163D80>,San Diego,California,92940,<function corrupt_phone.<locals>.<lambda> at 0x00000255D4163A60>,<function corrupt_email.<locals>.<lambda> at 0x00000255D4163B00>,<function corrupt_website.<locals>.<lambda> at 0x00000255D4163E20>
B00368,<function corrupt_name.<locals>.<lambda> at 0x00000255D416C2C0>,<function corrupt_address.<locals>.<lambda> at 0x00000255D4163240>,Dallas,Texas,76057,<function corrupt_phone.<locals>.<lambda> at 0x00000255D416C0E0>,<function corrupt_email.<locals>.<lambda> at 0x00000255D4163C40>,<function corrupt_website.<locals>.<lambda> at 0x00000255D416C040>
B00369,<function corrupt_name.<locals>.<lambda> at 0x00000255D416C860>,<function corrupt_address.<locals>.<lambda> at 0x00000255D4163CE0>,San Jose,California,95974,<function corrupt_phone.<locals>.<lambda> at 0x00000255D416C400>,<function corrupt_email.<locals>.<lambda> at 0x00000255D416C220>,<function corrupt_website.<locals>.<lambda> at 0x00000255D416C540>
B00370,<function corrupt_name.<locals>.<lambda> at 0x00000255D4163880>,<function corrupt_address.<locals>.<lambda> at 0x00000255D416C680>,Austin,Texas,74191,<function corrupt_phone.<locals>.<lambda> at 0x00000255D416C180>,<function corrupt_email.<locals>.<lambda> at 0x00000255D416C7C0>,<function corrupt_website.<locals>.<lambda> at 0x00000255D416C360>
B00371,<function corrupt_name.<locals>.<lambda> at 0x00000255D416CD60>,<function corrupt_address.<locals>.<lambda> at 0x00000255D416C900>,Jacksonville,Florida,32106,<function corrupt_phone.<locals>.<lambda> at 0x00000255D416CA40>,<function corrupt_email.<locals>.<lambda> at 0x00000255D416C9A0>,<function corrupt_website.<locals>.<lambda> at 0x00000255D416C4A0>
B00372,<function corrupt_name.<locals>.<lambda> at 0x00000255D416CAE0>,<function corrupt_address.<locals>.<lambda> at 0x00000255D416C5E0>,Seattle,Washington,,<function corrupt_phone.<locals>.<lambda> at 0x00000255D416C720>,<function corrupt_email.<locals>.<lambda> at 0x00000255D416CCC0>,<function corrupt_website.<locals>.<lambda> at 0x00000255D416CF40>
B00373,<function corrupt_name.<locals>.<lambda> at 0x00000255D416CFE0>,<function corrupt_address.<locals>.<lambda> at 0x00000255D416D1C0>,Denver,Colorado,80242,<function corrupt_phone.<locals>.<lambda> at 0x00000255D416CB80>,<function corrupt_email.<locals>.<lambda> at 0x00000255D416CC20>,
B00374,<function corrupt_name.<locals>.<lambda> at 0x00000255D416D6C0>,<function corrupt_address.<locals>.<lambda> at 0x00000255D416D260>,Boston,Massachusetts,02166,<function corrupt_phone.<locals>.<lambda> at 0x00000255D416CE00>,<function corrupt_email.<locals>.<lambda> at 0x00000255D416D120>,<function corrupt_website.<locals>.<lambda> at 0x00000255D416D300>
B00375,<function corrupt_name.<locals>.<lambda> at 0x00000255D416D760>,<function corrupt_address.<locals>.<lambda> at 0x00000255D416D620>,Atlanta,Georgia,30376,<function corrupt_phone.<locals>.<lambda> at 0x00000255D416D4E0>,<function corrupt_email.<locals>.<lambda> at 0x00000255D416D440>,<function corrupt_website.<locals>.<lambda> at 0x00000255D416D800>
B00376,<function corrupt_name.<locals>.<lambda> at 0x00000255D416DC60>,<function corrupt_address.<locals>.<lambda> at 0x00000255D416D3A0>,Miami,Florida,33193,<function corrupt_phone.<locals>.<lambda> at 0x00000255D416D580>,<function corrupt_email.<locals>.<lambda> at 0x00000255D416CEA0>,
B00377,<function corrupt_name.<locals>.<lambda> at 0x00000255D416DA80>,<function corrupt_address.<locals>.<lambda> at 0x00000255D416D080>,Portland,Oregon,97310,<function corrupt_phone.<locals>.<lambda> at 0x00000255D416D8A0>,<function corrupt_email.<locals>.<lambda> at 0x00000255D416DB20>,
B00378,<function corrupt_name.<locals>.<lambda> at 0x00000255D416D9E0>,<function corrupt_address.<locals>.<lambda> at 0x00000255D416DD00>,Detroit,Michigan,48327,<function corrupt_phone.<locals>.<lambda> at 0x00000255D416DEE0>,<function corrupt_email.<locals>.<lambda> at 0x00000255D416DF80>,
B00379,<function corrupt_name.<locals>.<lambda> at 0x00000255D416E3E0>,<function corrupt_address.<locals>.<lambda> at 0x00000255D416DDA0>,Minneapolis,Minnesota,55544,<function corrupt_phone.<locals>.<lambda> at 0x00000255D416DBC0>,,
B00380,<function corrupt_name.<locals>.<lambda> at 0x00000255D416DE40>,<function corrupt_address.<locals>.<lambda> at 0x00000255D416E2A0>,New York,New York,10161,<function corrupt_phone.<locals>.<lambda> at 0x00000255D416E200>,<function corrupt_email.<locals>.<lambda> at 0x00000255D416E340>,<function corrupt_website.<locals>.<lambda> at 0x00000255D416E020>
B00381,<function corrupt_name.<locals>.<lambda> at 0x00000255D416E0C0>,<function corrupt_address.<locals>.<lambda> at 0x00000255D416E160>,Los Angeles,California,90178,<function corrupt_phone.<locals>.<lambda> at 0x00000255D416E5C0>,,<function corrupt_website.<locals>.<lambda> at 0x00000255D416E480>
B00382,<function corrupt_name.<locals>.<lambda> at 0x00000255D416E980>,<function corrupt_address.<locals>.<lambda> at 0x00000255D416EA20>,Chicago,Illinois,60795,<function corrupt_phone.<locals>.<lambda> at 0x00000255D416D940>,<function corrupt_email.<locals>.<lambda> at 0x00000255D416E520>,<function corrupt_website.<locals>.<lambda> at 0x00000255D416E700>
B00383,<function corrupt_name.<locals>.<lambda> at 0x00000255D416E8E0>,<function corrupt_address.<locals>.<lambda> at 0x00000255D416EB60>,Houston,Texas,77212,<function corrupt_phone.<locals>.<lambda> at 0x00000255D416E660>,<function corrupt_email.<locals>.<lambda> at 0x00000255D416E7A0>,<function corrupt_website.<locals>.<lambda> at 0x00000255D416ED40>
B00384,<function corrupt_name.<locals>.<lambda> at 0x00000255D416F100>,<function corrupt_address.<locals>.<lambda> at 0x00000255D416ECA0>,Phoenix,Arizona,85229,<function corrupt_phone.<locals>.<lambda> at 0x00000255D416EE80>,<function corrupt_email.<locals>.<lambda> at 0x00000255D416EAC0>,<function corrupt_website.<locals>.<lambda> at 0x00000255D416EC00>
B00385,<function corrupt_name.<locals>.<lambda> at 0x00000255D416F420>,<function corrupt_address.<locals>.<lambda> at 0x00000255D416F060>,Philadelphia,Pennsylvania,,<function corrupt_phone.<locals>.<lambda> at 0x00000255D416EF20>,<function corrupt_email.<locals>.<lambda> at 0x00000255D416EDE0>,<function corrupt_website.<locals>.<lambda> at 0x00000255D416F2E0>
B00386,<function corrupt_name.<locals>.<lambda> at 0x00000255D416F920>,<function corrupt_address.<locals>.<lambda> at 0x00000255D416F1A0>,San Antonio,Texas,78463,<function corrupt_phone.<locals>.<lambda> at 0x00000255D416EFC0>,<function corrupt_email.<locals>.<lambda> at 0x00000255D416F4C0>,<function corrupt_website.<locals>.<lambda> at 0x00000255D416E840>
B00387,<function corrupt_name.<locals>.<lambda> at 0x00000255D416F880>,<function corrupt_address.<locals>.<lambda> at 0x00000255D416F600>,San Diego,California,,<function corrupt_phone.<locals>.<lambda> at 0x00000255D416F380>,<function corrupt_email.<locals>.<lambda> at 0x00000255D416F6A0>,<function corrupt_website.<locals>.<lambda> at 0x00000255D416F7E0>
B00388,<function corrupt_name.<locals>.<lambda> at 0x00000255D416F240>,<function corrupt_address.<locals>.<lambda> at 0x00000255D416FBA0>,Dallas,Texas,75497,<function corrupt_phone.<locals>.<lambda> at 0x00000255D416F9C0>,<function corrupt_email.<locals>.<lambda> at 0x00000255D416FA60>,<function corrupt_website.<locals>.<lambda> at 0x00000255D416FCE0>
B00389,<function corrupt_name.<locals>.<lambda> at 0x00000255D4174180>,<function corrupt_address.<locals>.<lambda> at 0x00000255D416FEC0>,San Jose,California,95414,<function corrupt_phone.<locals>.<lambda> at 0x00000255D416FD80>,<function corrupt_email.<locals>.<lambda> at 0x00000255D416F740>,<function corrupt_website.<locals>.<lambda> at 0x00000255D416FC40>
B00390,<function corrupt_name.<locals>.<lambda> at 0x00000255D41740E0>,<function corrupt_address.<locals>.<lambda> at 0x00000255D4174360>,Austin,Texas,,<function corrupt_phone.<locals>.<lambda> at 0x00000255D416FB00>,,<function corrupt_website.<locals>.<lambda> at 0x00000255D416FF60>
B00391,<function corrupt_name.<locals>.<lambda> at 0x00000255D4174040>,<function corrupt_address.<locals>.<lambda> at 0x00000255D4174220>,Jacksonville,Florida,32446,<function corrupt_phone.<locals>.<lambda> at 0x00000255D416F560>,<function corrupt_email.<locals>.<lambda> at 0x00000255D4174400>,<function corrupt_website.<locals>.<lambda> at 0x00000255D4174540>
B00392,<function corrupt_name.<locals>.<lambda> at 0x00000255D4174860>,<function corrupt_address.<locals>.<lambda> at 0x00000255D41745E0>,Seattle,Washington,98465,,<function corrupt_email.<locals>.<lambda> at 0x00000255D4174720>,<function corrupt_website.<locals>.<lambda> at 0x00000255D41742C0>
B00393,<function corrupt_name.<locals>.<lambda> at 0x00000255D416FE20>,<function corrupt_address.<locals>.<lambda> at 0x00000255D41747C0>,Denver,Colorado,80582,<function corrupt_phone.<locals>.<lambda> at 0x00000255D41749A0>,<function corrupt_email.<locals>.<lambda> at 0x00000255D4174AE0>,<function corrupt_website.<locals>.<lambda> at 0x00000255D4174900>
B00394,<function corrupt_name.<locals>.<lambda> at 0x00000255D4174B80>,<function corrupt_address.<locals>.<lambda> at 0x00000255D4174EA0>,Boston,Massachusetts,02506,<function corrupt_phone.<locals>.<lambda> at 0x00000255D4174680>,,<function corrupt_website.<locals>.<lambda> at 0x00000255D4174CC0>
B00395,<function corrupt_name.<locals>.<lambda> at 0x00000255D4174A40>,<function corrupt_address.<locals>.<lambda> at 0x00000255D4174F40>,Atlanta,Georgia,30716,<function corrupt_phone.<locals>.<lambda> at 0x00000255D4174FE0>,<function corrupt_email.<locals>.<lambda> at 0x00000255D41744A0>,
B00396,<function corrupt_name.<locals>.<lambda> at 0x00000255D4175080>,<function corrupt_address.<locals>.<lambda> at 0x00000255D4175300>,Miami,Florida,33533,<function corrupt_phone.<locals>.<lambda> at 0x00000255D41751C0>,<function corrupt_email.<locals>.<lambda> at 0x00000255D4175260>,
B00397,<function corrupt_name.<locals>.<lambda> at 0x00000255D4175760>,<function corrupt_address.<locals>.<lambda> at 0x00000255D4174E00>,Portland,Oregon,,<function corrupt_phone.<locals>.<lambda> at 0x00000255D41753A0>,<function corrupt_email.<locals>.<lambda> at 0x00000255D4175120>,<function corrupt_website.<locals>.<lambda> at 0x00000255D4175580>
B00398,<function corrupt_name.<locals>.<lambda> at 0x00000255D4175BC0>,<function corrupt_address.<locals>.<lambda> at 0x00000255D41758A0>,Detroit,Michigan,48667,,<function corrupt_email.<locals>.<lambda> at 0x00000255D4174C20>,<function corrupt_website.<locals>.<lambda> at 0x00000255D4174D60>
B00399,<function corrupt_name.<locals>.<lambda> at 0x00000255D4175440>,<function corrupt_address.<locals>.<lambda> at 0x00000255D4175940>,Minneapolis,Minnesota,55884,<function corrupt_phone.<locals>.<lambda> at 0x00000255D4175620>,<function corrupt_email.<locals>.<lambda> at 0x00000255D41754E0>,<function corrupt_website.<locals>.<lambda> at 0x00000255D41756C0>
B00400,<function corrupt_name.<locals>.<lambda> at 0x00000255D4175DA0>,<function corrupt_address.<locals>.<lambda> at 0x00000255D4175B20>,New York,New York,10501,<function corrupt_phone.<locals>.<lambda> at 0x00000255D41759E0>,<function corrupt_email.<locals>.<lambda> at 0x00000255D4175E40>,<function corrupt_website.<locals>.<lambda> at 0x00000255D4175EE0>
B00401,<function corrupt_name.<locals>.<lambda> at 0x00000255D4176020>,<function corrupt_address.<locals>.<lambda> at 0x00000255D4175F80>,Los Angeles,California,90518,<function corrupt_phone.<locals>.<lambda> at 0x00000255D41760C0>,<function corrupt_email.<locals>.<lambda> at 0x00000255D4175D00>,<function corrupt_website.<locals>.<lambda> at 0x00000255D4176200>
B00402,<function corrupt_name.<locals>.<lambda> at 0x00000255D41762A0>,<function corrupt_address.<locals>.<lambda> at 0x00000255D4176340>,Chicago,Illinois,61135,<function corrupt_phone.<locals>.<lambda> at 0x00000255D4175A80>,<function corrupt_email.<locals>.<lambda> at 0x00000255D4175800>,<function corrupt_website.<locals>.<lambda> at 0x00000255D4176480>
B00403,<function corrupt_name.<locals>.<lambda> at 0x00000255D41763E0>,<function corrupt_address.<locals>.<lambda> at 0x00000255D4176160>,Houston,Texas,77552,<function corrupt_phone.<locals>.<lambda> at 0x00000255D4176700>,<function corrupt_email.<locals>.<lambda> at 0x00000255D4175C60>,<function corrupt_website.<locals>.<lambda> at 0x00000255D4176520>
B00404,<function corrupt_name.<locals>.<lambda> at 0x00000255D41767A0>,<function corrupt_address.<locals>.<lambda> at 0x00000255D4176B60>,Phoenix,Arizona,,<function corrupt_phone.<locals>.<lambda> at 0x00000255D4176660>,,<function corrupt_website.<locals>.<lambda> at 0x00000255D41768E0>
B00405,<function corrupt_name.<locals>.<lambda> at 0x00000255D4176CA0>,<function corrupt_address.<locals>.<lambda> at 0x00000255D4176AC0>,Philadelphia,Pennsylvania,19604,<function corrupt_phone.<locals>.<lambda> at 0x00000255D41765C0>,,<function corrupt_website.<locals>.<lambda> at 0x00000255D4176D40>
B00406,<function corrupt_name.<locals>.<lambda> at 0x00000255D4176C00>,<function corrupt_address.<locals>.<lambda> at 0x00000255D4176DE0>,San Antonio,Texas,78803,<function corrupt_phone.<locals>.<lambda> at 0x00000255D4176A20>,<function corrupt_email.<locals>.<lambda> at 0x00000255D4176840>,<function corrupt_website.<locals>.<lambda> at 0x00000255D4176FC0>
B00407,<function corrupt_name.<locals>.<lambda> at 0x00000255D4177240>,<function corrupt_address.<locals>.<lambda> at 0x00000255D41772E0>,San Diego,California,92720,<function corrupt_phone.<locals>.<lambda> at 0x00000255D4176980>,<function corrupt_email.<locals>.<lambda> at 0x00000255D41771A0>,<function corrupt_website.<locals>.<lambda> at 0x00000255D4177380>
B00408,<function corrupt_name.<locals>.<lambda> at 0x00000255D41774C0>,<function corrupt_address.<locals>.<lambda> at 0x00000255D4177560>,Dallas,Texas,75837,<function corrupt_phone.<locals>.<lambda> at 0x00000255D4176F20>,<function corrupt_email.<locals>.<lambda> at 0x00000255D4177420>,<function corrupt_website.<locals>.<lambda> at 0x00000255D4177100>
B00409,<function corrupt_name.<locals>.<lambda> at 0x00000255D41779C0>,<function corrupt_address.<locals>.<lambda> at 0x00000255D4177060>,San Jose,California,95754,<function corrupt_phone.<locals>.<lambda> at 0x00000255D4176E80>,<function corrupt_email.<locals>.<lambda> at 0x00000255D4177740>,<function corrupt_website.<locals>.<lambda> at 0x00000255D4177920>
B00410,<function corrupt_name.<locals>.<lambda> at 0x00000255D4177C40>,<function corrupt_address.<locals>.<lambda> at 0x00000255D4177BA0>,Austin,Texas,73971,<function corrupt_phone.<locals>.<lambda> at 0x00000255D4177880>,<function corrupt_email.<locals>.<lambda> at 0x00000255D4177B00>,
B00411,<function corrupt_name.<locals>.<lambda> at 0x00000255D4177600>,<function corrupt_address.<locals>.<lambda> at 0x00000255D4177EC0>,Jacksonville,Florida,32786,<function corrupt_phone.<locals>.<lambda> at 0x00000255D41776A0>,<function corrupt_email.<locals>.<lambda> at 0x00000255D4177D80>,<function corrupt_website.<locals>.<lambda> at 0x00000255D4177F60>
B00412,<function corrupt_name.<locals>.<lambda> at 0x00000255D41784A0>,<function corrupt_address.<locals>.<lambda> at 0x00000255D4178040>,Seattle,Washington,98805,,<function corrupt_email.<locals>.<lambda> at 0x00000255D4177A60>,<function corrupt_website.<locals>.<lambda> at 0x00000255D4177E20>
B00413,<function corrupt_name.<locals>.<lambda> at 0x00000255D41785E0>,<function corrupt_address.<locals>.<lambda> at 0x00000255D4178220>,Denver,Colorado,80922,<function corrupt_phone.<locals>.<lambda> at 0x00000255D41777E0>,<function corrupt_email.<locals>.<lambda> at 0x00000255D41780E0>,<function corrupt_website.<locals>.<lambda> at 0x00000255D4178180>
B00414,<function corrupt_name.<locals>.<lambda> at 0x00000255D4178400>,<function corrupt_address.<locals>.<lambda> at 0x00000255D4178540>,Boston,Massachusetts,02846,<function corrupt_phone.<locals>.<lambda> at 0x00000255D41782C0>,<function corrupt_email.<locals>.<lambda> at 0x00000255D4177CE0>,<function corrupt_website.<locals>.<lambda> at 0x00000255D41787C0>
B00415,<function corrupt_name.<locals>.<lambda> at 0x00000255D4178E00>,<function corrupt_address.<locals>.<lambda> at 0x00000255D4178360>,Atlanta,Georgia,31056,<function corrupt_phone.<locals>.<lambda> at 0x00000255D41789A0>,<function corrupt_email.<locals>.<lambda> at 0x00000255D4178900>,<function corrupt_website.<locals>.<lambda> at 0x00000255D4178AE0>
B00416,<function corrupt_name.<locals>.<lambda> at 0x00000255D4178A40>,<function corrupt_address.<locals>.<lambda> at 0x00000255D4178860>,Miami,Florida,33873,,<function corrupt_email.<locals>.<lambda> at 0x00000255D4178720>,<function corrupt_website.<locals>.<lambda> at 0x00000255D4178680>
B00417,<function corrupt_name.<locals>.<lambda> at 0x00000255D4178B80>,<function corrupt_address.<locals>.<lambda> at 0x00000255D4179120>,Portland,,97990,<function corrupt_phone.<locals>.<lambda> at 0x00000255D4178EA0>,<function corrupt_email.<locals>.<lambda> at 0x00000255D4178D60>,<function corrupt_website.<locals>.<lambda> at 0x00000255D4178F40>
B00418,<function corrupt_name.<locals>.<lambda> at 0x00000255D41791C0>,<function corrupt_address.<locals>.<lambda> at 0x00000255D4179080>,Detroit,Michigan,49007,<function corrupt_phone.<locals>.<lambda> at 0x00000255D4178C20>,<function corrupt_email.<locals>.<lambda> at 0x00000255D4178FE0>,<function corrupt_website.<locals>.<lambda> at 0x00000255D4179300>
B00419,<function corrupt_name.<locals>.<lambda> at 0x00000255D4179620>,<function corrupt_address.<locals>.<lambda> at 0x00000255D41794E0>,Minneapolis,Minnesota,56224,<function corrupt_phone.<locals>.<lambda> at 0x00000255D4179260>,<function corrupt_email.<locals>.<lambda> at 0x00000255D4179440>,<function corrupt_website.<locals>.<lambda> at 0x00000255D4179760>
B00420,<function corrupt_name.<locals>.<lambda> at 0x00000255D4179940>,<function corrupt_address.<locals>.<lambda> at 0x00000255D41796C0>,New York,New York,10841,<function corrupt_phone.<locals>.<lambda> at 0x00000255D4178CC0>,,<function corrupt_website.<locals>.<lambda> at 0x00000255D41799E0>
B00421,<function corrupt_name.<locals>.<lambda> at 0x00000255D4179B20>,<function corrupt_address.<locals>.<lambda> at 0x00000255D4179D00>,Los Angeles,California,90858,,,<function corrupt_website.<locals>.<lambda> at 0x00000255D41793A0>
B00422,<function corrupt_name.<locals>.<lambda> at 0x00000255D417A020>,<function corrupt_address.<locals>.<lambda> at 0x00000255D4179800>,Chicago,Illinois,61475,<function corrupt_phone.<locals>.<lambda> at 0x00000255D4179C60>,<function corrupt_email.<locals>.<lambda> at 0x00000255D4179A80>,
B00423,<function corrupt_name.<locals>.<lambda> at 0x00000255D417A2A0>,<function corrupt_address.<locals>.<lambda> at 0x00000255D4179BC0>,Houston,Texas,77892,<function corrupt_phone.<locals>.<lambda> at 0x00000255D4179580>,<function corrupt_email.<locals>.<lambda> at 0x00000255D4179F80>,<function corrupt_website.<locals>.<lambda> at 0x00000255D4179EE0>
B00424,<function corrupt_name.<locals>.<lambda> at 0x00000255D417A340>,<function corrupt_address.<locals>.<lambda> at 0x00000255D417A160>,Phoenix,Arizona,85009,<function corrupt_phone.<locals>.<lambda> at 0x00000255D4179E40>,<function corrupt_email.<locals>.<lambda> at 0x00000255D417A3E0>,
B00425,<function corrupt_name.<locals>.<lambda> at 0x00000255D417A520>,<function corrupt_address.<locals>.<lambda> at 0x00000255D417A200>,Philadelphia,Pennsylvania,19044,<function corrupt_phone.<locals>.<lambda> at 0x00000255D417A5C0>,<function corrupt_email.<locals>.<lambda> at 0x00000255D417A0C0>,<function corrupt_website.<locals>.<lambda> at 0x00000255D417A480>
B00426,<function corrupt_name.<locals>.<lambda> at 0x00000255D417AA20>,<function corrupt_address.<locals>.<lambda> at 0x00000255D417A980>,San Antonio,Texas,,<function corrupt_phone.<locals>.<lambda> at 0x00000255D41798A0>,<function corrupt_email.<locals>.<lambda> at 0x00000255D4179DA0>,
B00427,<function corrupt_name.<locals>.<lambda> at 0x00000255D417A660>,<function corrupt_address.<locals>.<lambda> at 0x00000255D417ACA0>,San Diego,,92160,<function corrupt_phone.<locals>.<lambda> at 0x00000255D417A840>,<function corrupt_email.<locals>.<lambda> at 0x00000255D417AB60>,<function corrupt_website.<locals>.<lambda> at 0x00000255D417AAC0>
B00428,<function corrupt_name.<locals>.<lambda> at 0x00000255D417AC00>,<function corrupt_address.<locals>.<lambda> at 0x00000255D417ADE0>,Dallas,Texas,75277,,<function corrupt_email.<locals>.<lambda> at 0x00000255D417A8E0>,<function corrupt_website.<locals>.<lambda> at 0x00000255D417AD40>
B00429,<function corrupt_name.<locals>.<lambda> at 0x00000255D417B1A0>,<function corrupt_address.<locals>.<lambda> at 0x00000255D417AFC0>,San Jose,California,95194,<function corrupt_phone.<locals>.<lambda> at 0x00000255D417B060>,<function corrupt_email.<locals>.<lambda> at 0x00000255D417B100>,<function corrupt_website.<locals>.<lambda> at 0x00000255D417B240>
B00430,<function corrupt_name.<locals>.<lambda> at 0x00000255D417B6A0>,<function corrupt_address.<locals>.<lambda> at 0x00000255D417B2E0>,Austin,Texas,73411,<function corrupt_phone.<locals>.<lambda> at 0x00000255D417A7A0>,<function corrupt_email.<locals>.<lambda> at 0x00000255D417AF20>,<function corrupt_website.<locals>.<lambda> at 0x00000255D417AE80>
B00431,<function corrupt_name.<locals>.<lambda> at 0x00000255D417A700>,<function corrupt_address.<locals>.<lambda> at 0x00000255D417B4C0>,Jacksonville,Florida,,<function corrupt_phone.<locals>.<lambda> at 0x00000255D417B600>,<function corrupt_email.<locals>.<lambda> at 0x00000255D417B740>,<function corrupt_website.<locals>.<lambda> at 0x00000255D417B7E0>
B00432,<function corrupt_name.<locals>.<lambda> at 0x00000255D417BC40>,<function corrupt_address.<locals>.<lambda> at 0x00000255D417B880>,Seattle,Washington,98245,<function corrupt_phone.<locals>.<lambda> at 0x00000255D417B9C0>,<function corrupt_email.<locals>.<lambda> at 0x00000255D417B420>,<function corrupt_website.<locals>.<lambda> at 0x00000255D417BA60>
B00433,<function corrupt_name.<locals>.<lambda> at 0x00000255D417BB00>,<function corrupt_address.<locals>.<lambda> at 0x00000255D417BCE0>,Denver,Colorado,80362,<function corrupt_phone.<locals>.<lambda> at 0x00000255D417BD80>,<function corrupt_email.<locals>.<lambda> at 0x00000255D417B920>,<function corrupt_website.<locals>.<lambda> at 0x00000255D417BEC0>
B00434,<function corrupt_name.<locals>.<lambda> at 0x00000255D41840E0>,<function corrupt_address.<locals>.<lambda> at 0x00000255D417BE20>,Boston,Massachusetts,02286,<function corrupt_phone.<locals>.<lambda> at 0x00000255D417BF60>,<function corrupt_email.<locals>.<lambda> at 0x00000255D417BBA0>,<function corrupt_website.<locals>.<lambda> at 0x00000255D4184180>
B00435,<function corrupt_name.<locals>.<lambda> at 0x00000255D417B380>,<function corrupt_address.<locals>.<lambda> at 0x00000255D4184220>,,Georgia,30496,<function corrupt_phone.<locals>.<lambda> at 0x00000255D417B560>,<function corrupt_email.<locals>.<lambda> at 0x00000255D41842C0>,<function corrupt_website.<locals>.<lambda> at 0x00000255D4184040>
B00436,<function corrupt_name.<locals>.<lambda> at 0x00000255D41844A0>,<function corrupt_address.<locals>.<lambda> at 0x00000255D4184360>,Miami,Florida,33313,<function corrupt_phone.<locals>.<lambda> at 0x00000255D4184680>,<function corrupt_email.<locals>.<lambda> at 0x00000255D4184720>,<function corrupt_website.<locals>.<lambda> at 0x00000255D4184400>
B00437,<function corrupt_name.<locals>.<lambda> at 0x00000255D4184E00>,<function corrupt_address.<locals>.<lambda> at 0x00000255D41847C0>,Portland,Oregon,,<function corrupt_phone.<locals>.<lambda> at 0x00000255D4184900>,<function corrupt_email.<locals>.<lambda> at 0x00000255D4184860>,
B00438,<function corrupt_name.<locals>.<lambda> at 0x00000255D4185080>,<function corrupt_address.<locals>.<lambda> at 0x00000255D4184A40>,Detroit,Michigan,48447,<function corrupt_phone.<locals>.<lambda> at 0x00000255D4184540>,<function corrupt_email.<locals>.<lambda> at 0x00000255D41845E0>,<function corrupt_website.<locals>.<lambda> at 0x00000255D4184AE0>
B00439,<function corrupt_name.<locals>.<lambda> at 0x00000255D4185260>,<function corrupt_address.<locals>.<lambda> at 0x00000255D4184D60>,Minneapolis,Minnesota,55664,<function corrupt_phone.<locals>.<lambda> at 0x00000255D4184EA0>,<function corrupt_email.<locals>.<lambda> at 0x00000255D4184C20>,<function corrupt_website.<locals>.<lambda> at 0x00000255D4184CC0>
B00440,<function corrupt_name.<locals>.<lambda> at 0x00000255D41849A0>,<function corrupt_address.<locals>.<lambda> at 0x00000255D4185120>,New York,New York,10281,<function corrupt_phone.<locals>.<lambda> at 0x00000255D4184B80>,<function corrupt_email.<locals>.<lambda> at 0x00000255D41851C0>,<function corrupt_website.<locals>.<lambda> at 0x00000255D41853A0>
B00441,<function corrupt_name.<locals>.<lambda> at 0x00000255D4184F40>,<function corrupt_address.<locals>.<lambda> at 0x00000255D4184FE0>,Los Angeles,California,90298,<function corrupt_phone.<locals>.<lambda> at 0x00000255D4185440>,<function corrupt_email.<locals>.<lambda> at 0x00000255D4185300>,
B00442,<function corrupt_name.<locals>.<lambda> at 0x00000255D4185A80>,<function corrupt_address.<locals>.<lambda> at 0x00000255D4185800>,Chicago,Illinois,60915,<function corrupt_phone.<locals>.<lambda> at 0x00000255D41856C0>,<function corrupt_email.<locals>.<lambda> at 0x00000255D4185580>,
B00443,<function corrupt_name.<locals>.<lambda> at 0x00000255D41858A0>,<function corrupt_address.<locals>.<lambda> at 0x00000255D4185B20>,Houston,Texas,77332,<function corrupt_phone.<locals>.<lambda> at 0x00000255D4185940>,<function corrupt_email.<locals>.<lambda> at 0x00000255D41854E0>,<function corrupt_website.<locals>.<lambda> at 0x00000255D41859E0>
B00444,<function corrupt_name.<locals>.<lambda> at 0x00000255D4185D00>,<function corrupt_address.<locals>.<lambda> at 0x00000255D4185620>,Phoenix,Arizona,85349,<function corrupt_phone.<locals>.<lambda> at 0x00000255D4185DA0>,<function corrupt_email.<locals>.<lambda> at 0x00000255D4185BC0>,<function corrupt_website.<locals>.<lambda> at 0x00000255D4185E40>
B00445,<function corrupt_name.<locals>.<lambda> at 0x00000255D4186020>,<function corrupt_address.<locals>.<lambda> at 0x00000255D4185EE0>,Philadelphia,Pennsylvania,19384,<function corrupt_phone.<locals>.<lambda> at 0x00000255D4185F80>,,<function corrupt_website.<locals>.<lambda> at 0x00000255D4186200>
B00446,<function corrupt_name.<locals>.<lambda> at 0x00000255D4185C60>,<function corrupt_address.<locals>.<lambda> at 0x00000255D4186160>,San Antonio,Texas,78583,<function corrupt_phone.<locals>.<lambda> at 0x00000255D41862A0>,<function corrupt_email.<locals>.<lambda> at 0x00000255D4186480>,<function corrupt_website.<locals>.<lambda> at 0x00000255D41860C0>
B00447,<function corrupt_name.<locals>.<lambda> at 0x00000255D41867A0>,<function corrupt_address.<locals>.<lambda> at 0x00000255D41863E0>,San Diego,California,92500,,,<function corrupt_website.<locals>.<lambda> at 0x00000255D4186340>
B00448,<function corrupt_name.<locals>.<lambda> at 0x00000255D4185760>,<function corrupt_address.<locals>.<lambda> at 0x00000255D4186700>,Dallas,Texas,,<function corrupt_phone.<locals>.<lambda> at 0x00000255D4186840>,<function corrupt_email.<locals>.<lambda> at 0x00000255D4186980>,<function corrupt_website.<locals>.<lambda> at 0x00000255D4186A20>
B00449,<function corrupt_name.<locals>.<lambda> at 0x00000255D4186B60>,<function corrupt_address.<locals>.<lambda> at 0x00000255D41868E0>,San Jose,California,95534,<function corrupt_phone.<locals>.<lambda> at 0x00000255D41865C0>,<function corrupt_email.<locals>.<lambda> at 0x00000255D4186520>,<function corrupt_website.<locals>.<lambda> at 0x00000255D4186660>
B00450,<function corrupt_name.<locals>.<lambda> at 0x00000255D4187240>,<function corrupt_address.<locals>.<lambda> at 0x00000255D4186F20>,Austin,Texas,,<function corrupt_phone.<locals>.<lambda> at 0x00000255D4186DE0>,<function corrupt_email.<locals>.<lambda> at 0x00000255D4186AC0>,
B00451,<function corrupt_name.<locals>.<lambda> at 0x00000255D4186E80>,<function corrupt_address.<locals>.<lambda> at 0x00000255D4186C00>,Jacksonville,Florida,32566,<function corrupt_phone.<locals>.<lambda> at 0x00000255D4186CA0>,<function corrupt_email.<locals>.<lambda> at 0x00000255D4186FC0>,<function corrupt_website.<locals>.<lambda> at 0x00000255D4187060>
B00452,<function corrupt_name.<locals>.<lambda> at 0x00000255D4187600>,<function corrupt_address.<locals>.<lambda> at 0x00000255D41874C0>,Seattle,Washington,98585,<function corrupt_phone.<locals>.<lambda> at 0x00000255D41872E0>,<function corrupt_email.<locals>.<lambda> at 0x00000255D4187380>,<function corrupt_website.<locals>.<lambda> at 0x00000255D4187100>
B00453,<function corrupt_name.<locals>.<lambda> at 0x00000255D4187920>,<function corrupt_address.<locals>.<lambda> at 0x00000255D41877E0>,Denver,Colorado,80702,<function corrupt_phone.<locals>.<lambda> at 0x00000255D41876A0>,<function corrupt_email.<locals>.<lambda> at 0x00000255D4187420>,<function corrupt_website.<locals>.<lambda> at 0x00000255D4187880>
B00454,<function corrupt_name.<locals>.<lambda> at 0x00000255D4187A60>,<function corrupt_address.<locals>.<lambda> at 0x00000255D4187B00>,Boston,Massachusetts,02626,<function corrupt_phone.<locals>.<lambda> at 0x00000255D4187560>,<function corrupt_email.<locals>.<lambda> at 0x00000255D4187BA0>,<function corrupt_website.<locals>.<lambda> at 0x00000255D41879C0>
B00455,<function corrupt_name.<locals>.<lambda> at 0x00000255D4190180>,<function corrupt_address.<locals>.<lambda> at 0x00000255D4187CE0>,Atlanta,Georgia,30836,<function corrupt_phone.<locals>.<lambda> at 0x00000255D4186D40>,<function corrupt_email.<locals>.<lambda> at 0x00000255D4187C40>,
B00456,<function corrupt_name.<locals>.<lambda> at 0x00000255D4187E20>,<function corrupt_address.<locals>.<lambda> at 0x00000255D4187EC0>,Miami,Florida,33653,<function corrupt_phone.<locals>.<lambda> at 0x00000255D41871A0>,<function corrupt_email.<locals>.<lambda> at 0x00000255D4187F60>,<function corrupt_website.<locals>.<lambda> at 0x00000255D4190220>
B00457,<function corrupt_name.<locals>.<lambda> at 0x00000255D41905E0>,<function corrupt_address.<locals>.<lambda> at 0x00000255D4190040>,Portland,Oregon,97770,<function corrupt_phone.<locals>.<lambda> at 0x00000255D41900E0>,<function corrupt_email.<locals>.<lambda> at 0x00000255D4190400>,<function corrupt_website.<locals>.<lambda> at 0x00000255D41902C0>
B00458,<function corrupt_name.<locals>.<lambda> at 0x00000255D4187D80>,<function corrupt_address.<locals>.<lambda> at 0x00000255D41907C0>,Detroit,Michigan,,<function corrupt_phone.<locals>.<lambda> at 0x00000255D41904A0>,<function corrupt_email.<locals>.<lambda> at 0x00000255D4190360>,<function corrupt_website.<locals>.<lambda> at 0x00000255D4190860>
B00459,<function corrupt_name.<locals>.<lambda> at 0x00000255D4190540>,<function corrupt_address.<locals>.<lambda> at 0x00000255D41909A0>,,Minnesota,56004,<function corrupt_phone.<locals>.<lambda> at 0x00000255D4187740>,<function corrupt_email.<locals>.<lambda> at 0x00000255D4190900>,<function corrupt_website.<locals>.<lambda> at 0x00000255D4190AE0>
B00460,<function corrupt_name.<locals>.<lambda> at 0x00000255D4190720>,<function corrupt_address.<locals>.<lambda> at 0x00000255D4190C20>,New York,New York,10621,,,<function corrupt_website.<locals>.<lambda> at 0x00000255D4190B80>
B00461,<function corrupt_name.<locals>.<lambda> at 0x00000255D4190EA0>,<function corrupt_address.<locals>.<lambda> at 0x00000255D4190A40>,Los Angeles,California,90638,<function corrupt_phone.<locals>.<lambda> at 0x00000255D4190E00>,<function corrupt_email.<locals>.<lambda> at 0x00000255D4190FE0>,<function corrupt_website.<locals>.<lambda> at 0x00000255D4190CC0>
B00462,<function corrupt_name.<locals>.<lambda> at 0x00000255D4191620>,<function corrupt_address.<locals>.<lambda> at 0x00000255D4191260>,Chicago,Illinois,61255,<function corrupt_phone.<locals>.<lambda> at 0x00000255D4190D60>,,<function corrupt_website.<locals>.<lambda> at 0x00000255D41911C0>
B00463,<function corrupt_name.<locals>.<lambda> at 0x00000255D4191800>,<function corrupt_address.<locals>.<lambda> at 0x00000255D4190F40>,Houston,Texas,77672,<function corrupt_phone.<locals>.<lambda> at 0x00000255D4191300>,<function corrupt_email.<locals>.<lambda> at 0x00000255D4190680>,<function corrupt_website.<locals>.<lambda> at 0x00000255D41914E0>
B00464,<function corrupt_name.<locals>.<lambda> at 0x00000255D4191120>,<function corrupt_address.<locals>.<lambda> at 0x00000255D41916C0>,Phoenix,Arizona,85689,<function corrupt_phone.<locals>.<lambda> at 0x00000255D4191080>,<function corrupt_email.<locals>.<lambda> at 0x00000255D4191760>,<function corrupt_website.<locals>.<lambda> at 0x00000255D4191580>
B00465,<function corrupt_name.<locals>.<lambda> at 0x00000255D4191A80>,<function corrupt_address.<locals>.<lambda> at 0x00000255D41913A0>,Philadelphia,Pennsylvania,19724,<function corrupt_phone.<locals>.<lambda> at 0x00000255D41919E0>,,<function corrupt_website.<locals>.<lambda> at 0x00000255D4191440>
B00466,<function corrupt_name.<locals>.<lambda> at 0x00000255D4191D00>,<function corrupt_address.<locals>.<lambda> at 0x00000255D4191940>,San Antonio,Texas,78923,<function corrupt_phone.<locals>.<lambda> at 0x00000255D4191B20>,<function corrupt_email.<locals>.<lambda> at 0x00000255D4191E40>,
B00467,<function corrupt_name.<locals>.<lambda> at 0x00000255D4192340>,<function corrupt_address.<locals>.<lambda> at 0x00000255D41918A0>,San Diego,California,92840,<function corrupt_phone.<locals>.<lambda> at 0x00000255D4191F80>,<function corrupt_email.<locals>.<lambda> at 0x00000255D4192020>,<function corrupt_website.<locals>.<lambda> at 0x00000255D4191DA0>
B00468,<function corrupt_name.<locals>.<lambda> at 0x00000255D4192520>,<function corrupt_address.<locals>.<lambda> at 0x00000255D4191EE0>,Dallas,Texas,75957,,,<function corrupt_website.<locals>.<lambda> at 0x00000255D4192200>
B00469,<function corrupt_name.<locals>.<lambda> at 0x00000255D4192700>,<function corrupt_address.<locals>.<lambda> at 0x00000255D41922A0>,San Jose,California,,<function corrupt_phone.<locals>.<lambda> at 0x00000255D4192160>,<function corrupt_email.<locals>.<lambda> at 0x00000255D41920C0>,<function corrupt_website.<locals>.<lambda> at 0x00000255D4191C60>
B00470,<function corrupt_name.<locals>.<lambda> at 0x00000255D4192AC0>,<function corrupt_address.<locals>.<lambda> at 0x00000255D4192840>,Austin,Texas,74091,<function corrupt_phone.<locals>.<lambda> at 0x00000255D4191BC0>,<function corrupt_email.<locals>.<lambda> at 0x00000255D4192660>,
B00471,<function corrupt_name.<locals>.<lambda> at 0x00000255D41925C0>,<function corrupt_address.<locals>.<lambda> at 0x00000255D4192C00>,Jacksonville,Florida,,<function corrupt_phone.<locals>.<lambda> at 0x00000255D4192980>,<function corrupt_email.<locals>.<lambda> at 0x00000255D41927A0>,
B00472,<function corrupt_name.<locals>.<lambda> at 0x00000255D4192FC0>,<function corrupt_address.<locals>.<lambda> at 0x00000255D4192CA0>,Seattle,Washington,98925,<function corrupt_phone.<locals>.<lambda> at 0x00000255D4192B60>,<function corrupt_email.<locals>.<lambda> at 0x00000255D41923E0>,<function corrupt_website.<locals>.<lambda> at 0x00000255D4192D40>
B00473,<function corrupt_name.<locals>.<lambda> at 0x00000255D41928E0>,<function corrupt_address.<locals>.<lambda> at 0x00000255D4192F20>,Denver,Colorado,81042,,<function corrupt_email.<locals>.<lambda> at 0x00000255D4192E80>,<function corrupt_website.<locals>.<lambda> at 0x00000255D4193100>
B00474,<function corrupt_name.<locals>.<lambda> at 0x00000255D4193560>,<function corrupt_address.<locals>.<lambda> at 0x00000255D4193060>,Boston,Massachusetts,02966,<function corrupt_phone.<locals>.<lambda> at 0x00000255D4192DE0>,<function corrupt_email.<locals>.<lambda> at 0x00000255D41931A0>,<function corrupt_website.<locals>.<lambda> at 0x00000255D4192480>
B00475,<function corrupt_name.<locals>.<lambda> at 0x00000255D41932E0>,<function corrupt_address.<locals>.<lambda> at 0x00000255D4193420>,Atlanta,Georgia,31176,<function corrupt_phone.<locals>.<lambda> at 0x00000255D4193600>,<function corrupt_email.<locals>.<lambda> at 0x00000255D41934C0>,<function corrupt_website.<locals>.<lambda> at 0x00000255D4193240>
B00476,<function corrupt_name.<locals>.<lambda> at 0x00000255D4193B00>,<function corrupt_address.<locals>.<lambda> at 0x00000255D41936A0>,Miami,Florida,33993,<function corrupt_phone.<locals>.<lambda> at 0x00000255D4192A20>,<function corrupt_email.<locals>.<lambda> at 0x00000255D4193740>,<function corrupt_website.<locals>.<lambda> at 0x00000255D4193880>
B00477,<function corrupt_name.<locals>.<lambda> at 0x00000255D4193C40>,<function corrupt_address.<locals>.<lambda> at 0x00000255D4193CE0>,Portland,Oregon,97210,<function corrupt_phone.<locals>.<lambda> at 0x00000255D4193920>,,
B00478,<function corrupt_name.<locals>.<lambda> at 0x00000255D4194040>,<function corrupt_address.<locals>.<lambda> at 0x00000255D4193BA0>,Detroit,Michigan,48227,<function corrupt_phone.<locals>.<lambda> at 0x00000255D41937E0>,,
B00479,<function corrupt_name.<locals>.<lambda> at 0x00000255D4194220>,<function corrupt_address.<locals>.<lambda> at 0x00000255D41940E0>,Minneapolis,Minnesota,55444,<function corrupt_phone.<locals>.<lambda> at 0x00000255D41939C0>,<function corrupt_email.<locals>.<lambda> at 0x00000255D4193A60>,<function corrupt_website.<locals>.<lambda> at 0x00000255D4193D80>
B00480,<function corrupt_name.<locals>.<lambda> at 0x00000255D4193380>,<function corrupt_address.<locals>.<lambda> at 0x00000255D41942C0>,New York,New York,10061,<function corrupt_phone.<locals>.<lambda> at 0x00000255D4193EC0>,<function corrupt_email.<locals>.<lambda> at 0x00000255D4193E20>,<function corrupt_website.<locals>.<lambda> at 0x00000255D4194400>
B00481,<function corrupt_name.<locals>.<lambda> at 0x00000255D4194720>,<function corrupt_address.<locals>.<lambda> at 0x00000255D41945E0>,Los Angeles,California,90078,<function corrupt_phone.<locals>.<lambda> at 0x00000255D4193F60>,<function corrupt_email.<locals>.<lambda> at 0x00000255D4194540>,<function corrupt_website.<locals>.<lambda> at 0x00000255D4194680>
B00482,<function corrupt_name.<locals>.<lambda> at 0x00000255D4194CC0>,<function corrupt_address.<locals>.<lambda> at 0x00000255D4194180>,Chicago,Illinois,60695,<function corrupt_phone.<locals>.<lambda> at 0x00000255D4194360>,<function corrupt_email.<locals>.<lambda> at 0x00000255D41947C0>,<function corrupt_website.<locals>.<lambda> at 0x00000255D41949A0>
B00483,<function corrupt_name.<locals>.<lambda> at 0x00000255D41944A0>,<function corrupt_address.<locals>.<lambda> at 0x00000255D4194D60>,Houston,Texas,,<function corrupt_phone.<locals>.<lambda> at 0x00000255D4194A40>,<function corrupt_email.<locals>.<lambda> at 0x00000255D4194AE0>,<function corrupt_website.<locals>.<lambda> at 0x00000255D4194B80>
B00484,<function corrupt_name.<locals>.<lambda> at 0x00000255D4194FE0>,<function corrupt_address.<locals>.<lambda> at 0x00000255D4194EA0>,Phoenix,Arizona,85129,<function corrupt_phone.<locals>.<lambda> at 0x00000255D4194900>,,
B00485,<function corrupt_name.<locals>.<lambda> at 0x00000255D4195580>,<function corrupt_address.<locals>.<lambda> at 0x00000255D4194860>,Philadelphia,Pennsylvania,,<function corrupt_phone.<locals>.<lambda> at 0x00000255D4194E00>,<function corrupt_email.<locals>.<lambda> at 0x00000255D4194F40>,<function corrupt_website.<locals>.<lambda> at 0x00000255D4195080>
B00486,<function corrupt_name.<locals>.<lambda> at 0x00000255D4195800>,<function corrupt_address.<locals>.<lambda> at 0x00000255D41951C0>,San Antonio,Texas,78363,<function corrupt_phone.<locals>.<lambda> at 0x00000255D4195300>,<function corrupt_email.<locals>.<lambda> at 0x00000255D4194C20>,<function corrupt_website.<locals>.<lambda> at 0x00000255D4195440>
B00487,<function corrupt_name.<locals>.<lambda> at 0x00000255D4195940>,<function corrupt_address.<locals>.<lambda> at 0x00000255D41953A0>,San Diego,California,92280,<function corrupt_phone.<locals>.<lambda> at 0x00000255D41954E0>,<function corrupt_email.<locals>.<lambda> at 0x00000255D4195260>,<function corrupt_website.<locals>.<lambda> at 0x00000255D4195620>
B00488,<function corrupt_name.<locals>.<lambda> at 0x00000255D4195E40>,<function corrupt_address.<locals>.<lambda> at 0x00000255D4195120>,Dallas,Texas,75397,<function corrupt_phone.<locals>.<lambda> at 0x00000255D41959E0>,,<function corrupt_website.<locals>.<lambda> at 0x00000255D41956C0>
B00489,<function corrupt_name.<locals>.<lambda> at 0x00000255D4195760>,<function corrupt_address.<locals>.<lambda> at 0x00000255D4195C60>,,California,95314,<function corrupt_phone.<locals>.<lambda> at 0x00000255D41958A0>,<function corrupt_email.<locals>.<lambda> at 0x00000255D4195D00>,<function corrupt_website.<locals>.<lambda> at 0x00000255D4195EE0>
B00490,<function corrupt_name.<locals>.<lambda> at 0x00000255D4196160>,<function corrupt_address.<locals>.<lambda> at 0x00000255D41960C0>,Austin,Texas,,<function corrupt_phone.<locals>.<lambda> at 0x00000255D4195F80>,<function corrupt_email.<locals>.<lambda> at 0x00000255D4196020>,
B00491,<function corrupt_name.<locals>.<lambda> at 0x00000255D4195BC0>,<function corrupt_address.<locals>.<lambda> at 0x00000255D4195B20>,Jacksonville,,32346,<function corrupt_phone.<locals>.<lambda> at 0x00000255D4196340>,<function corrupt_email.<locals>.<lambda> at 0x00000255D4196200>,
B00492,<function corrupt_name.<locals>.<lambda> at 0x00000255D41965C0>,<function corrupt_address.<locals>.<lambda> at 0x00000255D41962A0>,Seattle,Washington,98365,<function corrupt_phone.<locals>.<lambda> at 0x00000255D4196520>,<function corrupt_email.<locals>.<lambda> at 0x00000255D4196660>,<function corrupt_website.<locals>.<lambda> at 0x00000255D4196480>
B00493,<function corrupt_name.<locals>.<lambda> at 0x00000255D4196840>,<function corrupt_address.<locals>.<lambda> at 0x00000255D4195A80>,Denver,Colorado,80482,<function corrupt_phone.<locals>.<lambda> at 0x00000255D41967A0>,<function corrupt_email.<locals>.<lambda> at 0x00000255D41968E0>,<function corrupt_website.<locals>.<lambda> at 0x00000255D4195DA0>
B00494,<function corrupt_name.<locals>.<lambda> at 0x00000255D4196980>,<function corrupt_address.<locals>.<lambda> at 0x00000255D4196700>,Boston,Massachusetts,02406,<function corrupt_phone.<locals>.<lambda> at 0x00000255D4196C00>,<function corrupt_email.<locals>.<lambda> at 0x00000255D4196A20>,<function corrupt_website.<locals>.<lambda> at 0x00000255D41963E0>
B00495,<function corrupt_name.<locals>.<lambda> at 0x00000255D41971A0>,<function corrupt_address.<locals>.<lambda> at 0x00000255D4196B60>,Atlanta,Georgia,30616,<function corrupt_phone.<locals>.<lambda> at 0x00000255D4196D40>,<function corrupt_email.<locals>.<lambda> at 0x00000255D4196DE0>,<function corrupt_website.<locals>.<lambda> at 0x00000255D4196FC0>
B00496,<function corrupt_name.<locals>.<lambda> at 0x00000255D4197100>,<function corrupt_address.<locals>.<lambda> at 0x00000255D4196E80>,Miami,Florida,33433,<function corrupt_phone.<locals>.<lambda> at 0x00000255D4197060>,<function corrupt_email.<locals>.<lambda> at 0x00000255D4196CA0>,<function corrupt_website.<locals>.<lambda> at 0x00000255D4196F20>
B00497,<function corrupt_name.<locals>.<lambda> at 0x00000255D4197380>,<function corrupt_address.<locals>.<lambda> at 0x00000255D4196AC0>,Portland,Oregon,97550,<function corrupt_phone.<locals>.<lambda> at 0x00000255D41972E0>,<function corrupt_email.<locals>.<lambda> at 0x00000255D4197560>,<function corrupt_website.<locals>.<lambda> at 0x00000255D41974C0>
B00498,<function corrupt_name.<locals>.<lambda> at 0x00000255D4197C40>,<function corrupt_address.<locals>.<lambda> at 0x00000255D41976A0>,,Michigan,48567,<function corrupt_phone.<locals>.<lambda> at 0x00000255D4197240>,<function corrupt_email.<locals>.<lambda> at 0x00000255D4197880>,
B00499,<function corrupt_name.<locals>.<lambda> at 0x00000255D41979C0>,<function corrupt_address.<locals>.<lambda> at 0x00000255D4197A60>,Minneapolis,Minnesota,55784,<function corrupt_phone.<locals>.<lambda> at 0x00000255D4197600>,<function corrupt_email.<locals>.<lambda> at 0x00000255D41977E0>,<function corrupt_website.<locals>.<lambda> at 0x00000255D4197B00>
B00500,<function corrupt_name.<locals>.<lambda> at 0x00000255D41A0220>,<function corrupt_address.<locals>.<lambda> at 0x00000255D4197420>,New York,New York,10401,<function corrupt_phone.<locals>.<lambda> at 0x00000255D4197D80>,<function corrupt_email.<locals>.<lambda> at 0x00000255D4197CE0>,<function corrupt_website.<locals>.<lambda> at 0x00000255D4197E20>
B00501,<function corrupt_name.<locals>.<lambda> at 0x00000255D4197740>,<function corrupt_address.<locals>.<lambda> at 0x00000255D41A0040>,Los Angeles,California,90418,<function corrupt_phone.<locals>.<lambda> at 0x00000255D4197920>,<function corrupt_email.<locals>.<lambda> at 0x00000255D4197F60>,
B00502,<function corrupt_name.<locals>.<lambda> at 0x00000255D41A00E0>,<function corrupt_address.<locals>.<lambda> at 0x00000255D41A0360>,Chicago,Illinois,61035,<function corrupt_phone.<locals>.<lambda> at 0x00000255D41A0400>,<function corrupt_email.<locals>.<lambda> at 0x00000255D41A04A0>,<function corrupt_website.<locals>.<lambda> at 0x00000255D4197EC0>
B00503,<function corrupt_name.<locals>.<lambda> at 0x00000255D41A0AE0>,<function corrupt_address.<locals>.<lambda> at 0x00000255D41A05E0>,Houston,Texas,,,<function corrupt_email.<locals>.<lambda> at 0x00000255D41A0540>,<function corrupt_website.<locals>.<lambda> at 0x00000255D41A02C0>
B00504,<function corrupt_name.<locals>.<lambda> at 0x00000255D41A07C0>,<function corrupt_address.<locals>.<lambda> at 0x00000255D41A0680>,Phoenix,Arizona,85469,<function corrupt_phone.<locals>.<lambda> at 0x00000255D4197BA0>,<function corrupt_email.<locals>.<lambda> at 0x00000255D41A0180>,<function corrupt_website.<locals>.<lambda> at 0x00000255D41A0A40>
B00505,<function corrupt_name.<locals>.<lambda> at 0x00000255D41A0C20>,<function corrupt_address.<locals>.<lambda> at 0x00000255D41A0E00>,Philadelphia,Pennsylvania,19504,<function corrupt_phone.<locals>.<lambda> at 0x00000255D41A0860>,<function corrupt_email.<locals>.<lambda> at 0x00000255D41A0720>,<function corrupt_website.<locals>.<lambda> at 0x00000255D41A0D60>
B00506,<function corrupt_name.<locals>.<lambda> at 0x00000255D41A0B80>,<function corrupt_address.<locals>.<lambda> at 0x00000255D41A0EA0>,San Antonio,Texas,78703,<function corrupt_phone.<locals>.<lambda> at 0x00000255D41A0FE0>,<function corrupt_email.<locals>.<lambda> at 0x00000255D41A0CC0>,<function corrupt_website.<locals>.<lambda> at 0x00000255D41A1120>
B00507,<function corrupt_name.<locals>.<lambda> at 0x00000255D41A1260>,<function corrupt_address.<locals>.<lambda> at 0x00000255D41A1440>,San Diego,California,92620,,<function corrupt_email.<locals>.<lambda> at 0x00000255D41A09A0>,<function corrupt_website.<locals>.<lambda> at 0x00000255D41A0900>
B00508,<function corrupt_name.<locals>.<lambda> at 0x00000255D41A1300>,<function corrupt_address.<locals>.<lambda> at 0x00000255D41A14E0>,Dallas,Texas,75737,<function corrupt_phone.<locals>.<lambda> at 0x00000255D41A0F40>,<function corrupt_email.<locals>.<lambda> at 0x00000255D41A11C0>,<function corrupt_website.<locals>.<lambda> at 0x00000255D41A1080>
B00509,<function corrupt_name.<locals>.<lambda> at 0x00000255D41A19E0>,<function corrupt_address.<locals>.<lambda> at 0x00000255D41A1580>,San Jose,California,95654,<function corrupt_phone.<locals>.<lambda> at 0x00000255D41A1620>,<function corrupt_email.<locals>.<lambda> at 0x00000255D41A1760>,
B00510,<function corrupt_name.<locals>.<lambda> at 0x00000255D41A1D00>,<function corrupt_address.<locals>.<lambda> at 0x00000255D41A1A80>,Austin,Texas,,<function corrupt_phone.<locals>.<lambda> at 0x00000255D41A16C0>,,<function corrupt_website.<locals>.<lambda> at 0x00000255D41A1940>
B00511,<function corrupt_name.<locals>.<lambda> at 0x00000255D41A1F80>,<function corrupt_address.<locals>.<lambda> at 0x00000255D41A1E40>,Jacksonville,Florida,32686,,<function corrupt_email.<locals>.<lambda> at 0x00000255D41A18A0>,<function corrupt_website.<locals>.<lambda> at 0x00000255D41A1BC0>
B00512,<function corrupt_name.<locals>.<lambda> at 0x00000255D41A2340>,<function corrupt_address.<locals>.<lambda> at 0x00000255D41A20C0>,Seattle,Washington,98705,<function corrupt_phone.<locals>.<lambda> at 0x00000255D41A1C60>,,<function corrupt_website.<locals>.<lambda> at 0x00000255D41A1EE0>
B00513,<function corrupt_name.<locals>.<lambda> at 0x00000255D41A2160>,<function corrupt_address.<locals>.<lambda> at 0x00000255D41A22A0>,Denver,Colorado,80822,<function corrupt_phone.<locals>.<lambda> at 0x00000255D41A1B20>,,<function corrupt_website.<locals>.<lambda> at 0x00000255D41A1800>
B00514,<function corrupt_name.<locals>.<lambda> at 0x00000255D41A25C0>,<function corrupt_address.<locals>.<lambda> at 0x00000255D41A2020>,Boston,Massachusetts,02746,<function corrupt_phone.<locals>.<lambda> at 0x00000255D41A2480>,<function corrupt_email.<locals>.<lambda> at 0x00000255D41A13A0>,<function corrupt_website.<locals>.<lambda> at 0x00000255D41A1DA0>
B00515,<function corrupt_name.<locals>.<lambda> at 0x00000255D41A2980>,<function corrupt_address.<locals>.<lambda> at 0x00000255D41A28E0>,Atlanta,Georgia,30956,<function corrupt_phone.<locals>.<lambda> at 0x00000255D41A2700>,<function corrupt_email.<locals>.<lambda> at 0x00000255D41A2660>,<function corrupt_website.<locals>.<lambda> at 0x00000255D41A2520>
B00516,<function corrupt_name.<locals>.<lambda> at 0x00000255D41A2E80>,<function corrupt_address.<locals>.<lambda> at 0x00000255D41A2B60>,Miami,Florida,33773,<function corrupt_phone.<locals>.<lambda> at 0x00000255D41A2A20>,<function corrupt_email.<locals>.<lambda> at 0x00000255D41A23E0>,<function corrupt_website.<locals>.<lambda> at 0x00000255D41A2200>
B00517,<function corrupt_name.<locals>.<lambda> at 0x00000255D41A31A0>,<function corrupt_address.<locals>.<lambda> at 0x00000255D41A2F20>,Portland,Oregon,97890,<function corrupt_phone.<locals>.<lambda> at 0x00000255D41A27A0>,<function corrupt_email.<locals>.<lambda> at 0x00000255D41A2AC0>,
B00518,<function corrupt_name.<locals>.<lambda> at 0x00000255D41A2840>,<function corrupt_address.<locals>.<lambda> at 0x00000255D41A3100>,Detroit,Michigan,,<function corrupt_phone.<locals>.<lambda> at 0x00000255D41A2C00>,<function corrupt_email.<locals>.<lambda> at 0x00000255D41A3060>,<function corrupt_website.<locals>.<lambda> at 0x00000255D41A2D40>
B00519,<function corrupt_name.<locals>.<lambda> at 0x00000255D41A36A0>,<function corrupt_address.<locals>.<lambda> at 0x00000255D41A2FC0>,Minneapolis,Minnesota,56124,<function corrupt_phone.<locals>.<lambda> at 0x00000255D41A32E0>,<function corrupt_email.<locals>.<lambda> at 0x00000255D41A3240>,<function corrupt_website.<locals>.<lambda> at 0x00000255D41A3380>
B00520,<function corrupt_name.<locals>.<lambda> at 0x00000255D41A3740>,<function corrupt_address.<locals>.<lambda> at 0x00000255D41A3600>,New York,New York,10741,<function corrupt_phone.<locals>.<lambda> at 0x00000255D41A3560>,<function corrupt_email.<locals>.<lambda> at 0x00000255D41A2DE0>,<function corrupt_website.<locals>.<lambda> at 0x00000255D41A2CA0>
B00521,<function corrupt_name.<locals>.<lambda> at 0x00000255D41A3BA0>,<function corrupt_address.<locals>.<lambda> at 0x00000255D41A3420>,,California,90758,<function corrupt_phone.<locals>.<lambda> at 0x00000255D41A34C0>,<function corrupt_email.<locals>.<lambda> at 0x00000255D41A37E0>,<function corrupt_website.<locals>.<lambda> at 0x00000255D41A3B00>
B00522,<function corrupt_name.<locals>.<lambda> at 0x00000255D41A3CE0>,<function corrupt_address.<locals>.<lambda> at 0x00000255D41A3E20>,Chicago,Illinois,61375,<function corrupt_phone.<locals>.<lambda> at 0x00000255D41A3920>,<function corrupt_email.<locals>.<lambda> at 0x00000255D41A39C0>,<function corrupt_website.<locals>.<lambda> at 0x00000255D41A3C40>
B00523,<function corrupt_name.<locals>.<lambda> at 0x00000255D41A3D80>,<function corrupt_address.<locals>.<lambda> at 0x00000255D41AC040>,Houston,Texas,77792,<function corrupt_phone.<locals>.<lambda> at 0x00000255D41A3880>,<function corrupt_email.<locals>.<lambda> at 0x00000255D41A3EC0>,<function corrupt_website.<locals>.<lambda> at 0x00000255D41AC180>
B00524,<function corrupt_name.<locals>.<lambda> at 0x00000255D41AC0E0>,<function corrupt_address.<locals>.<lambda> at 0x00000255D41A3F60>,Phoenix,Arizona,85809,<function corrupt_phone.<locals>.<lambda> at 0x00000255D41AC400>,<function corrupt_email.<locals>.<lambda> at 0x00000255D41AC4A0>,<function corrupt_website.<locals>.<lambda> at 0x00000255D41AC540>
B00525,<function corrupt_name.<locals>.<lambda> at 0x00000255D41AC7C0>,<function corrupt_address.<locals>.<lambda> at 0x00000255D41AC720>,Philadelphia,Pennsylvania,19844,<function corrupt_phone.<locals>.<lambda> at 0x00000255D41AC5E0>,<function corrupt_email.<locals>.<lambda> at 0x00000255D41AC220>,<function corrupt_website.<locals>.<lambda> at 0x00000255D41AC360>
B00526,<function corrupt_name.<locals>.<lambda> at 0x00000255D41ACB80>,<function corrupt_address.<locals>.<lambda> at 0x00000255D41AC9A0>,,,79043,<function corrupt_phone.<locals>.<lambda> at 0x00000255D41AC680>,<function corrupt_email.<locals>.<lambda> at 0x00000255D41AC900>,
B00527,<function corrupt_name.<locals>.<lambda> at 0x00000255D41ACFE0>,<function corrupt_address.<locals>.<lambda> at 0x00000255D41ACAE0>,San Diego,California,92960,<function corrupt_phone.<locals>.<lambda> at 0x00000255D41A3A60>,<function corrupt_email.<locals>.<lambda> at 0x00000255D41AC2C0>,<function corrupt_website.<locals>.<lambda> at 0x00000255D41ACD60>
B00528,<function corrupt_name.<locals>.<lambda> at 0x00000255D41ACE00>,<function corrupt_address.<locals>.<lambda> at 0x00000255D41AC860>,Dallas,Texas,,<function corrupt_phone.<locals>.<lambda> at 0x00000255D41ACEA0>,<function corrupt_email.<locals>.<lambda> at 0x00000255D41ACF40>,<function corrupt_website.<locals>.<lambda> at 0x00000255D41ACCC0>
B00529,<function corrupt_name.<locals>.<lambda> at 0x00000255D41AD6C0>,<function corrupt_address.<locals>.<lambda> at 0x00000255D41AD1C0>,San Jose,,95994,<function corrupt_phone.<locals>.<lambda> at 0x00000255D41AD080>,<function corrupt_email.<locals>.<lambda> at 0x00000255D41AD300>,<function corrupt_website.<locals>.<lambda> at 0x00000255D41AD260>
B00530,<function corrupt_name.<locals>.<lambda> at 0x00000255D41AD800>,<function corrupt_address.<locals>.<lambda> at 0x00000255D41ACA40>,Austin,Texas,73311,<function corrupt_phone.<locals>.<lambda> at 0x00000255D41ACC20>,,<function corrupt_website.<locals>.<lambda> at 0x00000255D41AD120>
B00531,<function corrupt_name.<locals>.<lambda> at 0x00000255D41AD620>,<function corrupt_address.<locals>.<lambda> at 0x00000255D41AD760>,Jacksonville,Florida,32126,<function corrupt_phone.<locals>.<lambda> at 0x00000255D41AD3A0>,<function corrupt_email.<locals>.<lambda> at 0x00000255D41AD940>,<function corrupt_website.<locals>.<lambda> at 0x00000255D41AD9E0>
B00532,<function corrupt_name.<locals>.<lambda> at 0x00000255D41ADE40>,<function corrupt_address.<locals>.<lambda> at 0x00000255D41ADC60>,Seattle,Washington,98145,<function corrupt_phone.<locals>.<lambda> at 0x00000255D41AD4E0>,<function corrupt_email.<locals>.<lambda> at 0x00000255D41ADB20>,<function corrupt_website.<locals>.<lambda> at 0x00000255D41AD8A0>
B00533,<function corrupt_name.<locals>.<lambda> at 0x00000255D41ADA80>,<function corrupt_address.<locals>.<lambda> at 0x00000255D41ADBC0>,Denver,Colorado,80262,<function corrupt_phone.<locals>.<lambda> at 0x00000255D41ADDA0>,<function corrupt_email.<locals>.<lambda> at 0x00000255D41ADEE0>,<function corrupt_website.<locals>.<lambda> at 0x00000255D41AD580>
B00534,<function corrupt_name.<locals>.<lambda> at 0x00000255D41AE520>,<function corrupt_address.<locals>.<lambda> at 0x00000255D41AE160>,Boston,Massachusetts,02186,<function corrupt_phone.<locals>.<lambda> at 0x00000255D41AD440>,<function corrupt_email.<locals>.<lambda> at 0x00000255D41AE0C0>,<function corrupt_website.<locals>.<lambda> at 0x00000255D41AE200>
B00535,<function corrupt_name.<locals>.<lambda> at 0x00000255D41AE8E0>,<function corrupt_address.<locals>.<lambda> at 0x00000255D41AE2A0>,Atlanta,Georgia,30396,<function corrupt_phone.<locals>.<lambda> at 0x00000255D41ADF80>,,<function corrupt_website.<locals>.<lambda> at 0x00000255D41AE340>
B00536,<function corrupt_name.<locals>.<lambda> at 0x00000255D41AE660>,<function corrupt_address.<locals>.<lambda> at 0x00000255D41AE3E0>,Miami,Florida,33213,<function corrupt_phone.<locals>.<lambda> at 0x00000255D41AE5C0>,<function corrupt_email.<locals>.<lambda> at 0x00000255D41AE480>,<function corrupt_website.<locals>.<lambda> at 0x00000255D41AE700>
B00537,<function corrupt_name.<locals>.<lambda> at 0x00000255D41AE980>,<function corrupt_address.<locals>.<lambda> at 0x00000255D41AEB60>,Portland,Oregon,97330,<function corrupt_phone.<locals>.<lambda> at 0x00000255D41AEA20>,<function corrupt_email.<locals>.<lambda> at 0x00000255D41AEAC0>,<function corrupt_website.<locals>.<lambda> at 0x00000255D41AE020>
B00538,<function corrupt_name.<locals>.<lambda> at 0x00000255D41ADD00>,<function corrupt_address.<locals>.<lambda> at 0x00000255D41AE7A0>,Detroit,,,<function corrupt_phone.<locals>.<lambda> at 0x00000255D41AE840>,<function corrupt_email.<locals>.<lambda> at 0x00000255D41AED40>,<function corrupt_website.<locals>.<lambda> at 0x00000255D41AEDE0>
B00539,<function corrupt_name.<locals>.<lambda> at 0x00000255D41AEC00>,<function corrupt_address.<locals>.<lambda> at 0x00000255D41AECA0>,Minneapolis,Minnesota,55564,<function corrupt_phone.<locals>.<lambda> at 0x00000255D41AEF20>,<function corrupt_email.<locals>.<lambda> at 0x00000255D41AEE80>,
B00540,<function corrupt_name.<locals>.<lambda> at 0x00000255D41AF560>,<function corrupt_address.<locals>.<lambda> at 0x00000255D41AF100>,New York,New York,10181,<function corrupt_phone.<locals>.<lambda> at 0x00000255D41AF060>,<function corrupt_email.<locals>.<lambda> at 0x00000255D41AF1A0>,<function corrupt_website.<locals>.<lambda> at 0x00000255D41AF380>
B00541,<function corrupt_name.<locals>.<lambda> at 0x00000255D41AF240>,<function corrupt_address.<locals>.<lambda> at 0x00000255D41AF7E0>,Los Angeles,California,90198,<function corrupt_phone.<locals>.<lambda> at 0x00000255D41AF420>,<function corrupt_email.<locals>.<lambda> at 0x00000255D41AEFC0>,<function corrupt_website.<locals>.<lambda> at 0x00000255D41AF2E0>
B00542,<function corrupt_name.<locals>.<lambda> at 0x00000255D41AF920>,<function corrupt_address.<locals>.<lambda> at 0x00000255D41AF4C0>,Chicago,Illinois,60815,<function corrupt_phone.<locals>.<lambda> at 0x00000255D41AF600>,<function corrupt_email.<locals>.<lambda> at 0x00000255D41AF740>,<function corrupt_website.<locals>.<lambda> at 0x00000255D41AF880>
B00543,<function corrupt_name.<locals>.<lambda> at 0x00000255D41AF9C0>,<function corrupt_address.<locals>.<lambda> at 0x00000255D41AFB00>,Houston,Texas,77232,<function corrupt_phone.<locals>.<lambda> at 0x00000255D41AF6A0>,,
B00544,<function corrupt_name.<locals>.<lambda> at 0x00000255D41B0220>,<function corrupt_address.<locals>.<lambda> at 0x00000255D41AFD80>,Phoenix,,85249,<function corrupt_phone.<locals>.<lambda> at 0x00000255D41AFC40>,<function corrupt_email.<locals>.<lambda> at 0x00000255D41AFE20>,<function corrupt_website.<locals>.<lambda> at 0x00000255D41AFCE0>
B00545,<function corrupt_name.<locals>.<lambda> at 0x00000255D41B0400>,<function corrupt_address.<locals>.<lambda> at 0x00000255D41AFA60>,Philadelphia,Pennsylvania,19284,<function corrupt_phone.<locals>.<lambda> at 0x00000255D41B0040>,<function corrupt_email.<locals>.<lambda> at 0x00000255D41AFBA0>,<function corrupt_website.<locals>.<lambda> at 0x00000255D41AFEC0>
B00546,<function corrupt_name.<locals>.<lambda> at 0x00000255D41B0860>,<function corrupt_address.<locals>.<lambda> at 0x00000255D41B05E0>,San Antonio,Texas,78483,<function corrupt_phone.<locals>.<lambda> at 0x00000255D41B0180>,,<function corrupt_website.<locals>.<lambda> at 0x00000255D41AFF60>
B00547,<function corrupt_name.<locals>.<lambda> at 0x00000255D41B0680>,<function corrupt_address.<locals>.<lambda> at 0x00000255D41B00E0>,San Diego,California,92400,<function corrupt_phone.<locals>.<lambda> at 0x00000255D41B02C0>,<function corrupt_email.<locals>.<lambda> at 0x00000255D41B0360>,<function corrupt_website.<locals>.<lambda> at 0x00000255D41B0540>
B00548,<function corrupt_name.<locals>.<lambda> at 0x00000255D41B0AE0>,<function corrupt_address.<locals>.<lambda> at 0x00000255D41B0720>,Dallas,Texas,,<function corrupt_phone.<locals>.<lambda> at 0x00000255D41B09A0>,,<function corrupt_website.<locals>.<lambda> at 0x00000255D41B07C0>
B00549,<function corrupt_name.<locals>.<lambda> at 0x00000255D41B0F40>,<function corrupt_address.<locals>.<lambda> at 0x00000255D41B0B80>,San Jose,California,95434,<function corrupt_phone.<locals>.<lambda> at 0x00000255D41B0A40>,<function corrupt_email.<locals>.<lambda> at 0x00000255D41B0CC0>,
B00550,<function corrupt_name.<locals>.<lambda> at 0x00000255D41B04A0>,<function corrupt_address.<locals>.<lambda> at 0x00000255D41B0FE0>,Austin,,73651,<function corrupt_phone.<locals>.<lambda> at 0x00000255D41B0EA0>,,<function corrupt_website.<locals>.<lambda> at 0x00000255D41B0E00>
B00551,<function corrupt_name.<locals>.<lambda> at 0x00000255D41B0900>,<function corrupt_address.<locals>.<lambda> at 0x00000255D41B1080>,Jacksonville,Florida,,,,<function corrupt_website.<locals>.<lambda> at 0x00000255D41B0C20>
B00552,<function corrupt_name.<locals>.<lambda> at 0x00000255D41B1800>,<function corrupt_address.<locals>.<lambda> at 0x00000255D41B0D60>,Seattle,Washington,98485,<function corrupt_phone.<locals>.<lambda> at 0x00000255D41B1260>,<function corrupt_email.<locals>.<lambda> at 0x00000255D41B1440>,
B00553,<function corrupt_name.<locals>.<lambda> at 0x00000255D41B13A0>,<function corrupt_address.<locals>.<lambda> at 0x00000255D41B16C0>,Denver,Colorado,80602,<function corrupt_phone.<locals>.<lambda> at 0x00000255D41B14E0>,<function corrupt_email.<locals>.<lambda> at 0x00000255D41B1620>,<function corrupt_website.<locals>.<lambda> at 0x00000255D41B1300>
B00554,<function corrupt_name.<locals>.<lambda> at 0x00000255D41B1DA0>,<function corrupt_address.<locals>.<lambda> at 0x00000255D41B1760>,Boston,Massachusetts,02526,<function corrupt_phone.<locals>.<lambda> at 0x00000255D41B11C0>,<function corrupt_email.<locals>.<lambda> at 0x00000255D41B1940>,<function corrupt_website.<locals>.<lambda> at 0x00000255D41B18A0>
B00555,<function corrupt_name.<locals>.<lambda> at 0x00000255D41B1D00>,<function corrupt_address.<locals>.<lambda> at 0x00000255D41B1A80>,Atlanta,,,<function corrupt_phone.<locals>.<lambda> at 0x00000255D41B1BC0>,,
B00556,<function corrupt_name.<locals>.<lambda> at 0x00000255D41B1B20>,<function corrupt_address.<locals>.<lambda> at 0x00000255D41B19E0>,Miami,Florida,33553,<function corrupt_phone.<locals>.<lambda> at 0x00000255D41B1C60>,<function corrupt_email.<locals>.<lambda> at 0x00000255D41B1EE0>,
B00557,<function corrupt_name.<locals>.<lambda> at 0x00000255D41B2020>,<function corrupt_address.<locals>.<lambda> at 0x00000255D41B22A0>,Portland,Oregon,97670,<function corrupt_phone.<locals>.<lambda> at 0x00000255D41B1120>,<function corrupt_email.<locals>.<lambda> at 0x00000255D41B20C0>,<function corrupt_website.<locals>.<lambda> at 0x00000255D41B1580>
B00558,<function corrupt_name.<locals>.<lambda> at 0x00000255D41B2840>,<function corrupt_address.<locals>.<lambda> at 0x00000255D41B2340>,Detroit,,48687,<function corrupt_phone.<locals>.<lambda> at 0x00000255D41B1E40>,<function corrupt_email.<locals>.<lambda> at 0x00000255D41B1F80>,<function corrupt_website.<locals>.<lambda> at 0x00000255D41B2520>
B00559,<function corrupt_name.<locals>.<lambda> at 0x00000255D41B27A0>,<function corrupt_address.<locals>.<lambda> at 0x00000255D41B2480>,Minneapolis,Minnesota,55904,<function corrupt_phone.<locals>.<lambda> at 0x00000255D41B25C0>,<function corrupt_email.<locals>.<lambda> at 0x00000255D41B2200>,
B00560,<function corrupt_name.<locals>.<lambda> at 0x00000255D41B2980>,<function corrupt_address.<locals>.<lambda> at 0x00000255D41B28E0>,New York,New York,10521,,<function corrupt_email.<locals>.<lambda> at 0x00000255D41B2700>,<function corrupt_website.<locals>.<lambda> at 0x00000255D41B23E0>
B00561,<function corrupt_name.<locals>.<lambda> at 0x00000255D41B2160>,<function corrupt_address.<locals>.<lambda> at 0x00000255D41B2DE0>,Los Angeles,California,90538,<function corrupt_phone.<locals>.<lambda> at 0x00000255D41B2B60>,<function corrupt_email.<locals>.<lambda> at 0x00000255D41B2AC0>,<function corrupt_website.<locals>.<lambda> at 0x00000255D41B2C00>
B00562,<function corrupt_name.<locals>.<lambda> at 0x00000255D41B2A20>,<function corrupt_address.<locals>.<lambda> at 0x00000255D41B2FC0>,Chicago,Illinois,61155,<function corrupt_phone.<locals>.<lambda> at 0x00000255D41B2CA0>,,<function corrupt_website.<locals>.<lambda> at 0x00000255D41B3060>
B00563,<function corrupt_name.<locals>.<lambda> at 0x00000255D41B3240>,<function corrupt_address.<locals>.<lambda> at 0x00000255D41B2E80>,Houston,Texas,77572,<function corrupt_phone.<locals>.<lambda> at 0x00000255D41B2F20>,<function corrupt_email.<locals>.<lambda> at 0x00000255D41B2660>,<function corrupt_website.<locals>.<lambda> at 0x00000255D41B31A0>
B00564,<function corrupt_name.<locals>.<lambda> at 0x00000255D41B32E0>,<function corrupt_address.<locals>.<lambda> at 0x00000255D41B2D40>,Phoenix,Arizona,85589,<function corrupt_phone.<locals>.<lambda> at 0x00000255D41B34C0>,<function corrupt_email.<locals>.<lambda> at 0x00000255D41B3380>,<function corrupt_website.<locals>.<lambda> at 0x00000255D41B3420>
B00565,<function corrupt_name.<locals>.<lambda> at 0x00000255D41B3A60>,<function corrupt_address.<locals>.<lambda> at 0x00000255D41B3600>,Philadelphia,Pennsylvania,19624,<function corrupt_phone.<locals>.<lambda> at 0x00000255D41B3560>,<function corrupt_email.<locals>.<lambda> at 0x00000255D41B3880>,<function corrupt_website.<locals>.<lambda> at 0x00000255D41B3100>
B00566,<function corrupt_name.<locals>.<lambda> at 0x00000255D41B3CE0>,<function corrupt_address.<locals>.<lambda> at 0x00000255D41B3C40>,San Antonio,Texas,78823,<function corrupt_phone.<locals>.<lambda> at 0x00000255D41B3920>,<function corrupt_email.<locals>.<lambda> at 0x00000255D41B39C0>,<function corrupt_website.<locals>.<lambda> at 0x00000255D41B3740>
B00567,<function corrupt_name.<locals>.<lambda> at 0x00000255D41B3EC0>,<function corrupt_address.<locals>.<lambda> at 0x00000255D41B3BA0>,San Diego,California,92740,<function corrupt_phone.<locals>.<lambda> at 0x00000255D41B3E20>,<function corrupt_email.<locals>.<lambda> at 0x00000255D41B3D80>,<function corrupt_website.<locals>.<lambda> at 0x00000255D41B36A0>
B00568,<function corrupt_name.<locals>.<lambda> at 0x00000255D41B8540>,<function corrupt_address.<locals>.<lambda> at 0x00000255D41B37E0>,Dallas,Texas,75857,<function corrupt_phone.<locals>.<lambda> at 0x00000255D41B3B00>,,<function corrupt_website.<locals>.<lambda> at 0x00000255D41B3F60>
B00569,<function corrupt_name.<locals>.<lambda> at 0x00000255D41B8400>,<function corrupt_address.<locals>.<lambda> at 0x00000255D41B8220>,San Jose,California,95774,,<function corrupt_email.<locals>.<lambda> at 0x00000255D41B8180>,<function corrupt_website.<locals>.<lambda> at 0x00000255D41B8360>
B00570,<function corrupt_name.<locals>.<lambda> at 0x00000255D41B8A40>,<function corrupt_address.<locals>.<lambda> at 0x00000255D41B8040>,Austin,Texas,73991,<function corrupt_phone.<locals>.<lambda> at 0x00000255D41B85E0>,<function corrupt_email.<locals>.<lambda> at 0x00000255D41B84A0>,<function corrupt_website.<locals>.<lambda> at 0x00000255D41B80E0>
B00571,<function corrupt_name.<locals>.<lambda> at 0x00000255D41B8680>,<function corrupt_address.<locals>.<lambda> at 0x00000255D41B8AE0>,Jacksonville,Florida,,<function corrupt_phone.<locals>.<lambda> at 0x00000255D41B8860>,<function corrupt_email.<locals>.<lambda> at 0x00000255D41B89A0>,<function corrupt_website.<locals>.<lambda> at 0x00000255D41B8720>
B00572,<function corrupt_name.<locals>.<lambda> at 0x00000255D41B87C0>,<function corrupt_address.<locals>.<lambda> at 0x00000255D41B8D60>,Seattle,Washington,98825,<function corrupt_phone.<locals>.<lambda> at 0x00000255D41B8B80>,<function corrupt_email.<locals>.<lambda> at 0x00000255D41B82C0>,<function corrupt_website.<locals>.<lambda> at 0x00000255D41B8E00>
B00573,<function corrupt_name.<locals>.<lambda> at 0x00000255D41B8FE0>,<function corrupt_address.<locals>.<lambda> at 0x00000255D41B9080>,Denver,Colorado,,<function corrupt_phone.<locals>.<lambda> at 0x00000255D41B8C20>,<function corrupt_email.<locals>.<lambda> at 0x00000255D41B8EA0>,<function corrupt_website.<locals>.<lambda> at 0x00000255D41B8900>
B00574,<function corrupt_name.<locals>.<lambda> at 0x00000255D41B96C0>,<function corrupt_address.<locals>.<lambda> at 0x00000255D41B91C0>,Boston,Massachusetts,02866,<function corrupt_phone.<locals>.<lambda> at 0x00000255D41B9120>,<function corrupt_email.<locals>.<lambda> at 0x00000255D41B9300>,<function corrupt_website.<locals>.<lambda> at 0x00000255D41B8CC0>
B00575,<function corrupt_name.<locals>.<lambda> at 0x00000255D41B9760>,<function corrupt_address.<locals>.<lambda> at 0x00000255D41B9800>,Atlanta,Georgia,31076,<function corrupt_phone.<locals>.<lambda> at 0x00000255D41B94E0>,<function corrupt_email.<locals>.<lambda> at 0x00000255D41B9580>,<function corrupt_website.<locals>.<lambda> at 0x00000255D41B9440>
B00576,<function corrupt_name.<locals>.<lambda> at 0x00000255D41B9DA0>,<function corrupt_address.<locals>.<lambda> at 0x00000255D41B9260>,Miami,Florida,,<function corrupt_phone.<locals>.<lambda> at 0x00000255D41B98A0>,<function corrupt_email.<locals>.<lambda> at 0x00000255D41B9620>,
B00577,<function corrupt_name.<locals>.<lambda> at 0x00000255D41B9A80>,<function corrupt_address.<locals>.<lambda> at 0x00000255D41B93A0>,Portland,Oregon,98010,<function corrupt_phone.<locals>.<lambda> at 0x00000255D41B9BC0>,<function corrupt_email.<locals>.<lambda> at 0x00000255D41B8F40>,<function corrupt_website.<locals>.<lambda> at 0x00000255D41B9D00>
B00578,<function corrupt_name.<locals>.<lambda> at 0x00000255D41BA020>,<function corrupt_address.<locals>.<lambda> at 0x00000255D41B9EE0>,Detroit,Michigan,,,<function corrupt_email.<locals>.<lambda> at 0x00000255D41B9940>,<function corrupt_website.<locals>.<lambda> at 0x00000255D41B9F80>
B00579,<function corrupt_name.<locals>.<lambda> at 0x00000255D41BA200>,<function corrupt_address.<locals>.<lambda> at 0x00000255D41BA160>,Minneapolis,Minnesota,56244,<function corrupt_phone.<locals>.<lambda> at 0x00000255D41BA0C0>,<function corrupt_email.<locals>.<lambda> at 0x00000255D41B9E40>,
B00580,<function corrupt_name.<locals>.<lambda> at 0x00000255D41BA840>,<function corrupt_address.<locals>.<lambda> at 0x00000255D41BA2A0>,New York,New York,10861,<function corrupt_phone.<locals>.<lambda> at 0x00000255D41B9B20>,,<function corrupt_website.<locals>.<lambda> at 0x00000255D41B9C60>
B00581,<function corrupt_name.<locals>.<lambda> at 0x00000255D41BA3E0>,<function corrupt_address.<locals>.<lambda> at 0x00000255D41BA480>,Los Angeles,California,90878,<function corrupt_phone.<locals>.<lambda> at 0x00000255D41B99E0>,,<function corrupt_website.<locals>.<lambda> at 0x00000255D41BA5C0>
B00582,<function corrupt_name.<locals>.<lambda> at 0x00000255D41BAA20>,<function corrupt_address.<locals>.<lambda> at 0x00000255D41BA7A0>,Chicago,Illinois,61495,<function corrupt_phone.<locals>.<lambda> at 0x00000255D41BA660>,<function corrupt_email.<locals>.<lambda> at 0x00000255D41BA520>,<function corrupt_website.<locals>.<lambda> at 0x00000255D41BAAC0>
B00583,<function corrupt_name.<locals>.<lambda> at 0x00000255D41BADE0>,<function corrupt_address.<locals>.<lambda> at 0x00000255D41BAB60>,Houston,,77012,<function corrupt_phone.<locals>.<lambda> at 0x00000255D41BA700>,<function corrupt_email.<locals>.<lambda> at 0x00000255D41BA980>,<function corrupt_website.<locals>.<lambda> at 0x00000255D41BAD40>
B00584,<function corrupt_name.<locals>.<lambda> at 0x00000255D41BAF20>,<function corrupt_address.<locals>.<lambda> at 0x00000255D41BAE80>,Phoenix,Arizona,85029,<function corrupt_phone.<locals>.<lambda> at 0x00000255D41BAFC0>,<function corrupt_email.<locals>.<lambda> at 0x00000255D41BB060>,<function corrupt_website.<locals>.<lambda> at 0x00000255D41BACA0>
B00585,<function corrupt_name.<locals>.<lambda> at 0x00000255D41BA8E0>,<function corrupt_address.<locals>.<lambda> at 0x00000255D41BB420>,Philadelphia,Pennsylvania,19064,,<function corrupt_email.<locals>.<lambda> at 0x00000255D41BB240>,<function corrupt_website.<locals>.<lambda> at 0x00000255D41BB1A0>
B00586,<function corrupt_name.<locals>.<lambda> at 0x00000255D41BB4C0>,<function corrupt_address.<locals>.<lambda> at 0x00000255D41BB100>,San Antonio,Texas,78263,<function corrupt_phone.<locals>.<lambda> at 0x00000255D41BB2E0>,<function corrupt_email.<locals>.<lambda> at 0x00000255D41BA340>,<function corrupt_website.<locals>.<lambda> at 0x00000255D41BB600>
B00587,<function corrupt_name.<locals>.<lambda> at 0x00000255D41BB380>,<function corrupt_address.<locals>.<lambda> at 0x00000255D41BB920>,San Diego,California,92180,<function corrupt_phone.<locals>.<lambda> at 0x00000255D41BAC00>,<function corrupt_email.<locals>.<lambda> at 0x00000255D41BB740>,<function corrupt_website.<locals>.<lambda> at 0x00000255D41BB880>
B00588,<function corrupt_name.<locals>.<lambda> at 0x00000255D41BBB00>,<function corrupt_address.<locals>.<lambda> at 0x00000255D41BB560>,Dallas,Texas,75297,,<function corrupt_email.<locals>.<lambda> at 0x00000255D41BB9C0>,<function corrupt_website.<locals>.<lambda> at 0x00000255D41BBA60>
B00589,<function corrupt_name.<locals>.<lambda> at 0x00000255D41BBCE0>,<function corrupt_address.<locals>.<lambda> at 0x00000255D41BB7E0>,San Jose,California,95214,<function corrupt_phone.<locals>.<lambda> at 0x00000255D41BBD80>,<function corrupt_email.<locals>.<lambda> at 0x00000255D41BBEC0>,<function corrupt_website.<locals>.<lambda> at 0x00000255D41BB6A0>
B00590,<function corrupt_name.<locals>.<lambda> at 0x00000255D41C8220>,<function corrupt_address.<locals>.<lambda> at 0x00000255D41C80E0>,Austin,Texas,73431,,<function corrupt_email.<locals>.<lambda> at 0x00000255D41BBE20>,<function corrupt_website.<locals>.<lambda> at 0x00000255D41C8180>
B00591,<function corrupt_name.<locals>.<lambda> at 0x00000255D41C85E0>,<function corrupt_address.<locals>.<lambda> at 0x00000255D41BBF60>,Jacksonville,Florida,32246,,<function corrupt_email.<locals>.<lambda> at 0x00000255D41C82C0>,<function corrupt_website.<locals>.<lambda> at 0x00000255D41C8040>
B00592,<function corrupt_name.<locals>.<lambda> at 0x00000255D41C89A0>,<function corrupt_address.<locals>.<lambda> at 0x00000255D41C8720>,Seattle,Washington,98265,<function corrupt_phone.<locals>.<lambda> at 0x00000255D41C8360>,,<function corrupt_website.<locals>.<lambda> at 0x00000255D41C84A0>
B00593,<function corrupt_name.<locals>.<lambda> at 0x00000255D41C8900>,<function corrupt_address.<locals>.<lambda> at 0x00000255D41C8540>,,Colorado,80382,<function corrupt_phone.<locals>.<lambda> at 0x00000255D41BBBA0>,<function corrupt_email.<locals>.<lambda> at 0x00000255D41C8680>,<function corrupt_website.<locals>.<lambda> at 0x00000255D41C8A40>
B00594,<function corrupt_name.<locals>.<lambda> at 0x00000255D41C8AE0>,<function corrupt_address.<locals>.<lambda> at 0x00000255D41C8D60>,Boston,Massachusetts,02306,,<function corrupt_email.<locals>.<lambda> at 0x00000255D41C8400>,
B00595,<function corrupt_name.<locals>.<lambda> at 0x00000255D41C8EA0>,<function corrupt_address.<locals>.<lambda> at 0x00000255D41C87C0>,Atlanta,Georgia,30516,,<function corrupt_email.<locals>.<lambda> at 0x00000255D41C8B80>,<function corrupt_website.<locals>.<lambda> at 0x00000255D41BBC40>
B00596,<function corrupt_name.<locals>.<lambda> at 0x00000255D41C9440>,<function corrupt_address.<locals>.<lambda> at 0x00000255D41C8CC0>,Miami,Florida,33333,<function corrupt_phone.<locals>.<lambda> at 0x00000255D41C8E00>,<function corrupt_email.<locals>.<lambda> at 0x00000255D41C8F40>,
B00597,<function corrupt_name.<locals>.<lambda> at 0x00000255D41C94E0>,<function corrupt_address.<locals>.<lambda> at 0x00000255D41C91C0>,Portland,,97450,<function corrupt_phone.<locals>.<lambda> at 0x00000255D41C8C20>,<function corrupt_email.<locals>.<lambda> at 0x00000255D41C9120>,
B00598,<function corrupt_name.<locals>.<lambda> at 0x00000255D41C9080>,<function corrupt_address.<locals>.<lambda> at 0x00000255D41C9300>,Detroit,Michigan,48467,<function corrupt_phone.<locals>.<lambda> at 0x00000255D41C9580>,<function corrupt_email.<locals>.<lambda> at 0x00000255D41C9620>,<function corrupt_website.<locals>.<lambda> at 0x00000255D41C8860>
B00599,<function corrupt_name.<locals>.<lambda> at 0x00000255D41C9260>,<function corrupt_address.<locals>.<lambda> at 0x00000255D41C93A0>,Minneapolis,Minnesota,55684,<function corrupt_phone.<locals>.<lambda> at 0x00000255D41C9760>,<function corrupt_email.<locals>.<lambda> at 0x00000255D41C96C0>,<function corrupt_website.<locals>.<lambda> at 0x00000255D41C99E0>
B00600,<function corrupt_name.<locals>.<lambda> at 0x00000255D41C9B20>,<function corrupt_address.<locals>.<lambda> at 0x00000255D41C98A0>,New York,,10301,<function corrupt_phone.<locals>.<lambda> at 0x00000255D41C9800>,<function corrupt_email.<locals>.<lambda> at 0x00000255D41C9940>,
B00601,<function corrupt_name.<locals>.<lambda> at 0x00000255D41C9A80>,<function corrupt_address.<locals>.<lambda> at 0x00000255D41C8FE0>,Los Angeles,California,90318,<function corrupt_phone.<locals>.<lambda> at 0x00000255D41C9BC0>,,
B00602,<function corrupt_name.<locals>.<lambda> at 0x00000255D41CA2A0>,<function corrupt_address.<locals>.<lambda> at 0x00000255D41C9E40>,Chicago,Illinois,,<function corrupt_phone.<locals>.<lambda> at 0x00000255D41C9DA0>,<function corrupt_email.<locals>.<lambda> at 0x00000255D41C9C60>,<function corrupt_website.<locals>.<lambda> at 0x00000255D41CA0C0>
B00603,<function corrupt_name.<locals>.<lambda> at 0x00000255D41CA020>,<function corrupt_address.<locals>.<lambda> at 0x00000255D41C9F80>,Houston,,77352,<function corrupt_phone.<locals>.<lambda> at 0x00000255D41CA160>,<function corrupt_email.<locals>.<lambda> at 0x00000255D41CA200>,<function corrupt_website.<locals>.<lambda> at 0x00000255D41CA480>
B00604,<function corrupt_name.<locals>.<lambda> at 0x00000255D41CA840>,<function corrupt_address.<locals>.<lambda> at 0x00000255D41CA3E0>,Phoenix,Arizona,85369,<function corrupt_phone.<locals>.<lambda> at 0x00000255D41C9D00>,<function corrupt_email.<locals>.<lambda> at 0x00000255D41CA340>,<function corrupt_website.<locals>.<lambda> at 0x00000255D41CA520>
B00605,<function corrupt_name.<locals>.<lambda> at 0x00000255D41CAAC0>,<function corrupt_address.<locals>.<lambda> at 0x00000255D41C9EE0>,Philadelphia,Pennsylvania,19404,<function corrupt_phone.<locals>.<lambda> at 0x00000255D41CA8E0>,<function corrupt_email.<locals>.<lambda> at 0x00000255D41CA7A0>,<function corrupt_website.<locals>.<lambda> at 0x00000255D41CAA20>
B00606,<function corrupt_name.<locals>.<lambda> at 0x00000255D41CAF20>,<function corrupt_address.<locals>.<lambda> at 0x00000255D41CA660>,San Antonio,Texas,78603,<function corrupt_phone.<locals>.<lambda> at 0x00000255D41CA700>,,
B00607,<function corrupt_name.<locals>.<lambda> at 0x00000255D41CAC00>,<function corrupt_address.<locals>.<lambda> at 0x00000255D41CAB60>,San Diego,California,92520,,,<function corrupt_website.<locals>.<lambda> at 0x00000255D41CA5C0>
B00608,<function corrupt_name.<locals>.<lambda> at 0x00000255D41CB380>,<function corrupt_address.<locals>.<lambda> at 0x00000255D41CAE80>,Dallas,Texas,75637,<function corrupt_phone.<locals>.<lambda> at 0x00000255D41CADE0>,<function corrupt_email.<locals>.<lambda> at 0x00000255D41CAFC0>,<function corrupt_website.<locals>.<lambda> at 0x00000255D41CAD40>
B00609,<function corrupt_name.<locals>.<lambda> at 0x00000255D41CB740>,<function corrupt_address.<locals>.<lambda> at 0x00000255D41CB420>,San Jose,California,,<function corrupt_phone.<locals>.<lambda> at 0x00000255D41CB100>,<function corrupt_email.<locals>.<lambda> at 0x00000255D41CB1A0>,
B00610,<function corrupt_name.<locals>.<lambda> at 0x00000255D41CB560>,<function corrupt_address.<locals>.<lambda> at 0x00000255D41CB600>,Austin,Texas,73771,,<function corrupt_email.<locals>.<lambda> at 0x00000255D41CA980>,<function corrupt_website.<locals>.<lambda> at 0x00000255D41CB4C0>
B00611,<function corrupt_name.<locals>.<lambda> at 0x00000255D41CB880>,<function corrupt_address.<locals>.<lambda> at 0x00000255D41CB060>,Jacksonville,Florida,32586,<function corrupt_phone.<locals>.<lambda> at 0x00000255D41CB7E0>,<function corrupt_email.<locals>.<lambda> at 0x00000255D41CB6A0>,<function corrupt_website.<locals>.<lambda> at 0x00000255D41CB9C0>
B00612,<function corrupt_name.<locals>.<lambda> at 0x00000255D41CBC40>,<function corrupt_address.<locals>.<lambda> at 0x00000255D41CBA60>,Seattle,Washington,98605,<function corrupt_phone.<locals>.<lambda> at 0x00000255D41CB920>,,<function corrupt_website.<locals>.<lambda> at 0x00000255D41CB240>
B00613,<function corrupt_name.<locals>.<lambda> at 0x00000255D41CBEC0>,<function corrupt_address.<locals>.<lambda> at 0x00000255D41CACA0>,Denver,Colorado,80722,<function corrupt_phone.<locals>.<lambda> at 0x00000255D41CBB00>,,<function corrupt_website.<locals>.<lambda> at 0x00000255D41CBE20>
B00614,<function corrupt_name.<locals>.<lambda> at 0x00000255D41CC220>,<function corrupt_address.<locals>.<lambda> at 0x00000255D41CC180>,Boston,Massachusetts,02646,<function corrupt_phone.<locals>.<lambda> at 0x00000255D41CBD80>,<function corrupt_email.<locals>.<lambda> at 0x00000255D41CC040>,<function corrupt_website.<locals>.<lambda> at 0x00000255D41CC0E0>
B00615,<function corrupt_name.<locals>.<lambda> at 0x00000255D41CC7C0>,<function corrupt_address.<locals>.<lambda> at 0x00000255D41CB2E0>,Atlanta,Georgia,30856,<function corrupt_phone.<locals>.<lambda> at 0x00000255D41CC2C0>,<function corrupt_email.<locals>.<lambda> at 0x00000255D41CC360>,
B00616,<function corrupt_name.<locals>.<lambda> at 0x00000255D41CC720>,<function corrupt_address.<locals>.<lambda> at 0x00000255D41CC4A0>,Miami,Florida,33673,<function corrupt_phone.<locals>.<lambda> at 0x00000255D41CBF60>,<function corrupt_email.<locals>.<lambda> at 0x00000255D41CC540>,<function corrupt_website.<locals>.<lambda> at 0x00000255D41CC680>
B00617,<function corrupt_name.<locals>.<lambda> at 0x00000255D41CCC20>,<function corrupt_address.<locals>.<lambda> at 0x00000255D41CCA40>,Portland,Oregon,97790,<function corrupt_phone.<locals>.<lambda> at 0x00000255D41CC5E0>,<function corrupt_email.<locals>.<lambda> at 0x00000255D41CC900>,<function corrupt_website.<locals>.<lambda> at 0x00000255D41CC9A0>
B00618,<function corrupt_name.<locals>.<lambda> at 0x00000255D41CD080>,<function corrupt_address.<locals>.<lambda> at 0x00000255D41CCAE0>,Detroit,,,<function corrupt_phone.<locals>.<lambda> at 0x00000255D41CC400>,,<function corrupt_website.<locals>.<lambda> at 0x00000255D41CCCC0>
B00619,<function corrupt_name.<locals>.<lambda> at 0x00000255D41CCEA0>,<function corrupt_address.<locals>.<lambda> at 0x00000255D41CCE00>,Minneapolis,Minnesota,,<function corrupt_phone.<locals>.<lambda> at 0x00000255D41CBCE0>,<function corrupt_email.<locals>.<lambda> at 0x00000255D41CCB80>,<function corrupt_website.<locals>.<lambda> at 0x00000255D41CBBA0>
B00620,<function corrupt_name.<locals>.<lambda> at 0x00000255D41CCD60>,<function corrupt_address.<locals>.<lambda> at 0x00000255D41CD260>,New York,New York,,<function corrupt_phone.<locals>.<lambda> at 0x00000255D41CD120>,<function corrupt_email.<locals>.<lambda> at 0x00000255D41CD1C0>,<function corrupt_website.<locals>.<lambda> at 0x00000255D41CD300>
B00621,<function corrupt_name.<locals>.<lambda> at 0x00000255D41CD4E0>,<function corrupt_address.<locals>.<lambda> at 0x00000255D41CD620>,Los Angeles,California,,<function corrupt_phone.<locals>.<lambda> at 0x00000255D41CD3A0>,<function corrupt_email.<locals>.<lambda> at 0x00000255D41CCF40>,<function corrupt_website.<locals>.<lambda> at 0x00000255D41CD6C0>
B00622,<function corrupt_name.<locals>.<lambda> at 0x00000255D41CDB20>,<function corrupt_address.<locals>.<lambda> at 0x00000255D41CD800>,Chicago,Illinois,61275,<function corrupt_phone.<locals>.<lambda> at 0x00000255D41CCFE0>,<function corrupt_email.<locals>.<lambda> at 0x00000255D41CC860>,<function corrupt_website.<locals>.<lambda> at 0x00000255D41CD940>
B00623,<function corrupt_name.<locals>.<lambda> at 0x00000255D41CD9E0>,<function corrupt_address.<locals>.<lambda> at 0x00000255D41CD440>,Houston,Texas,77692,<function corrupt_phone.<locals>.<lambda> at 0x00000255D41CDBC0>,<function corrupt_email.<locals>.<lambda> at 0x00000255D41CD580>,
B00624,<function corrupt_name.<locals>.<lambda> at 0x00000255D41CDDA0>,<function corrupt_address.<locals>.<lambda> at 0x00000255D41CDC60>,Phoenix,Arizona,85709,<function corrupt_phone.<locals>.<lambda> at 0x00000255D41CD760>,<function corrupt_email.<locals>.<lambda> at 0x00000255D41CDD00>,<function corrupt_website.<locals>.<lambda> at 0x00000255D41CDE40>
B00625,<function corrupt_name.<locals>.<lambda> at 0x00000255D41CE020>,<function corrupt_address.<locals>.<lambda> at 0x00000255D41CE200>,Philadelphia,Pennsylvania,19744,<function corrupt_phone.<locals>.<lambda> at 0x00000255D41CDEE0>,<function corrupt_email.<locals>.<lambda> at 0x00000255D41CE0C0>,<function corrupt_website.<locals>.<lambda> at 0x00000255D41CE2A0>
B00626,<function corrupt_name.<locals>.<lambda> at 0x00000255D41CD8A0>,<function corrupt_address.<locals>.<lambda> at 0x00000255D41CE160>,San Antonio,Texas,78943,<function corrupt_phone.<locals>.<lambda> at 0x00000255D41CE3E0>,<function corrupt_email.<locals>.<lambda> at 0x00000255D41CE520>,<function corrupt_website.<locals>.<lambda> at 0x00000255D41CE480>
B00627,<function corrupt_name.<locals>.<lambda> at 0x00000255D41CEAC0>,<function corrupt_address.<locals>.<lambda> at 0x00000255D41CDA80>,San Diego,California,92860,<function corrupt_phone.<locals>.<lambda> at 0x00000255D41CE340>,<function corrupt_email.<locals>.<lambda> at 0x00000255D41CE660>,<function corrupt_website.<locals>.<lambda> at 0x00000255D41CE7A0>
B00628,<function corrupt_name.<locals>.<lambda> at 0x00000255D41CE5C0>,<function corrupt_address.<locals>.<lambda> at 0x00000255D41CE8E0>,Dallas,Texas,75977,<function corrupt_phone.<locals>.<lambda> at 0x00000255D41CE700>,<function corrupt_email.<locals>.<lambda> at 0x00000255D41CEB60>,
B00629,<function corrupt_name.<locals>.<lambda> at 0x00000255D41CEA20>,<function corrupt_address.<locals>.<lambda> at 0x00000255D41CE840>,San Jose,California,95894,<function corrupt_phone.<locals>.<lambda> at 0x00000255D41CED40>,<function corrupt_email.<locals>.<lambda> at 0x00000255D41CECA0>,<function corrupt_website.<locals>.<lambda> at 0x00000255D41CDF80>
B00630,<function corrupt_name.<locals>.<lambda> at 0x00000255D41CEF20>,<function corrupt_address.<locals>.<lambda> at 0x00000255D41CEDE0>,,Texas,74111,<function corrupt_phone.<locals>.<lambda> at 0x00000255D41CF060>,<function corrupt_email.<locals>.<lambda> at 0x00000255D41CE980>,<function corrupt_website.<locals>.<lambda> at 0x00000255D41CF100>
B00631,<function corrupt_name.<locals>.<lambda> at 0x00000255D41CEC00>,<function corrupt_address.<locals>.<lambda> at 0x00000255D41CEFC0>,Jacksonville,Florida,,<function corrupt_phone.<locals>.<lambda> at 0x00000255D41CF2E0>,<function corrupt_email.<locals>.<lambda> at 0x00000255D41CEE80>,<function corrupt_website.<locals>.<lambda> at 0x00000255D41CF240>
B00632,<function corrupt_name.<locals>.<lambda> at 0x00000255D41CF880>,<function corrupt_address.<locals>.<lambda> at 0x00000255D41CF380>,Seattle,Washington,98945,<function corrupt_phone.<locals>.<lambda> at 0x00000255D41CF600>,<function corrupt_email.<locals>.<lambda> at 0x00000255D41CF1A0>,<function corrupt_website.<locals>.<lambda> at 0x00000255D41CF420>
B00633,<function corrupt_name.<locals>.<lambda> at 0x00000255D41CF920>,<function corrupt_address.<locals>.<lambda> at 0x00000255D41CF9C0>,Denver,Colorado,81062,<function corrupt_phone.<locals>.<lambda> at 0x00000255D41CF560>,,<function corrupt_website.<locals>.<lambda> at 0x00000255D41CF4C0>
B00634,<function corrupt_name.<locals>.<lambda> at 0x00000255D41CFB00>,<function corrupt_address.<locals>.<lambda> at 0x00000255D41CFD80>,Boston,Massachusetts,,<function corrupt_phone.<locals>.<lambda> at 0x00000255D41CFBA0>,<function corrupt_email.<locals>.<lambda> at 0x00000255D41CF6A0>,<function corrupt_website.<locals>.<lambda> at 0x00000255D41CFC40>
B00635,<function corrupt_name.<locals>.<lambda> at 0x00000255D41CFCE0>,<function corrupt_address.<locals>.<lambda> at 0x00000255D41CFEC0>,Atlanta,Georgia,31196,<function corrupt_phone.<locals>.<lambda> at 0x00000255D41CFA60>,<function corrupt_email.<locals>.<lambda> at 0x00000255D41CF740>,
B00636,<function corrupt_name.<locals>.<lambda> at 0x00000255D41D4540>,<function corrupt_address.<locals>.<lambda> at 0x00000255D41CF7E0>,Miami,Florida,33113,<function corrupt_phone.<locals>.<lambda> at 0x00000255D41D4180>,<function corrupt_email.<locals>.<lambda> at 0x00000255D41D40E0>,<function corrupt_website.<locals>.<lambda> at 0x00000255D41CFE20>
B00637,<function corrupt_name.<locals>.<lambda> at 0x00000255D41D42C0>,<function corrupt_address.<locals>.<lambda> at 0x00000255D41D4680>,Portland,Oregon,97230,<function corrupt_phone.<locals>.<lambda> at 0x00000255D41D4220>,<function corrupt_email.<locals>.<lambda> at 0x00000255D41D4040>,<function corrupt_website.<locals>.<lambda> at 0x00000255D41D4360>
B00638,<function corrupt_name.<locals>.<lambda> at 0x00000255D41D4AE0>,<function corrupt_address.<locals>.<lambda> at 0x00000255D41D47C0>,Detroit,Michigan,48247,<function corrupt_phone.<locals>.<lambda> at 0x00000255D41CFF60>,<function corrupt_email.<locals>.<lambda> at 0x00000255D41D4400>,<function corrupt_website.<locals>.<lambda> at 0x00000255D41D4860>
B00639,<function corrupt_name.<locals>.<lambda> at 0x00000255D41D4B80>,<function corrupt_address.<locals>.<lambda> at 0x00000255D41D4A40>,Minneapolis,Minnesota,55464,<function corrupt_phone.<locals>.<lambda> at 0x00000255D41D45E0>,,<function corrupt_website.<locals>.<lambda> at 0x00000255D41D4900>
B00640,<function corrupt_name.<locals>.<lambda> at 0x00000255D41D4F40>,<function corrupt_address.<locals>.<lambda> at 0x00000255D41D4D60>,New York,,,<function corrupt_phone.<locals>.<lambda> at 0x00000255D41D44A0>,,<function corrupt_website.<locals>.<lambda> at 0x00000255D41D4C20>
B00641,<function corrupt_name.<locals>.<lambda> at 0x00000255D41D4FE0>,<function corrupt_address.<locals>.<lambda> at 0x00000255D41D49A0>,Los Angeles,California,90098,<function corrupt_phone.<locals>.<lambda> at 0x00000255D41D4CC0>,<function corrupt_email.<locals>.<lambda> at 0x00000255D41D5080>,<function corrupt_website.<locals>.<lambda> at 0x00000255D41D4EA0>
B00642,<function corrupt_name.<locals>.<lambda> at 0x00000255D41D56C0>,<function corrupt_address.<locals>.<lambda> at 0x00000255D41D5120>,Chicago,Illinois,60715,<function corrupt_phone.<locals>.<lambda> at 0x00000255D41D51C0>,<function corrupt_email.<locals>.<lambda> at 0x00000255D41D5300>,<function corrupt_website.<locals>.<lambda> at 0x00000255D41D53A0>
B00643,<function corrupt_name.<locals>.<lambda> at 0x00000255D41D58A0>,<function corrupt_address.<locals>.<lambda> at 0x00000255D41D5440>,,,77132,<function corrupt_phone.<locals>.<lambda> at 0x00000255D41D5580>,<function corrupt_email.<locals>.<lambda> at 0x00000255D41D4720>,<function corrupt_website.<locals>.<lambda> at 0x00000255D41D5260>
B00644,<function corrupt_name.<locals>.<lambda> at 0x00000255D41D5620>,<function corrupt_address.<locals>.<lambda> at 0x00000255D41D4E00>,Phoenix,Arizona,85149,<function corrupt_phone.<locals>.<lambda> at 0x00000255D41D54E0>,<function corrupt_email.<locals>.<lambda> at 0x00000255D41D5800>,
B00645,<function corrupt_name.<locals>.<lambda> at 0x00000255D41D5DA0>,<function corrupt_address.<locals>.<lambda> at 0x00000255D41D5C60>,Philadelphia,Pennsylvania,19184,<function corrupt_phone.<locals>.<lambda> at 0x00000255D41D5A80>,<function corrupt_email.<locals>.<lambda> at 0x00000255D41D5940>,<function corrupt_website.<locals>.<lambda> at 0x00000255D41D5B20>
B00646,<function corrupt_name.<locals>.<lambda> at 0x00000255D41D6020>,<function corrupt_address.<locals>.<lambda> at 0x00000255D41D5F80>,San Antonio,Texas,78383,<function corrupt_phone.<locals>.<lambda> at 0x00000255D41D5BC0>,<function corrupt_email.<locals>.<lambda> at 0x00000255D41D59E0>,<function corrupt_website.<locals>.<lambda> at 0x00000255D41D5EE0>
B00647,<function corrupt_name.<locals>.<lambda> at 0x00000255D41D5760>,<function corrupt_address.<locals>.<lambda> at 0x00000255D41D6200>,San Diego,California,92300,<function corrupt_phone.<locals>.<lambda> at 0x00000255D41D5E40>,,
B00648,<function corrupt_name.<locals>.<lambda> at 0x00000255D41D63E0>,<function corrupt_address.<locals>.<lambda> at 0x00000255D41D6520>,Dallas,Texas,75417,<function corrupt_phone.<locals>.<lambda> at 0x00000255D41D6340>,<function corrupt_email.<locals>.<lambda> at 0x00000255D41D6160>,<function corrupt_website.<locals>.<lambda> at 0x00000255D41D62A0>
B00649,<function corrupt_name.<locals>.<lambda> at 0x00000255D41D65C0>,<function corrupt_address.<locals>.<lambda> at 0x00000255D41D68E0>,San Jose,California,95334,<function corrupt_phone.<locals>.<lambda> at 0x00000255D41D6700>,,<function corrupt_website.<locals>.<lambda> at 0x00000255D41D67A0>
B00650,<function corrupt_name.<locals>.<lambda> at 0x00000255D41D6840>,<function corrupt_address.<locals>.<lambda> at 0x00000255D41D6AC0>,Austin,Texas,73551,<function corrupt_phone.<locals>.<lambda> at 0x00000255D41D5D00>,<function corrupt_email.<locals>.<lambda> at 0x00000255D41D6660>,<function corrupt_website.<locals>.<lambda> at 0x00000255D41D6A20>
B00651,<function corrupt_name.<locals>.<lambda> at 0x00000255D41D6DE0>,<function corrupt_address.<locals>.<lambda> at 0x00000255D41D6980>,Jacksonville,Florida,32366,<function corrupt_phone.<locals>.<lambda> at 0x00000255D41D6B60>,<function corrupt_email.<locals>.<lambda> at 0x00000255D41D60C0>,<function corrupt_website.<locals>.<lambda> at 0x00000255D41D6D40>
B00652,<function corrupt_name.<locals>.<lambda> at 0x00000255D41D6F20>,<function corrupt_address.<locals>.<lambda> at 0x00000255D41D7060>,Seattle,Washington,98385,<function corrupt_phone.<locals>.<lambda> at 0x00000255D41D6FC0>,<function corrupt_email.<locals>.<lambda> at 0x00000255D41D6CA0>,<function corrupt_website.<locals>.<lambda> at 0x00000255D41D7100>
B00653,<function corrupt_name.<locals>.<lambda> at 0x00000255D41D72E0>,<function corrupt_address.<locals>.<lambda> at 0x00000255D41D74C0>,Denver,Colorado,80502,,,
B00654,<function corrupt_name.<locals>.<lambda> at 0x00000255D41D7240>,<function corrupt_address.<locals>.<lambda> at 0x00000255D41D6C00>,Boston,Massachusetts,02426,,<function corrupt_email.<locals>.<lambda> at 0x00000255D41D6480>,<function corrupt_website.<locals>.<lambda> at 0x00000255D41D7560>
B00655,<function corrupt_name.<locals>.<lambda> at 0x00000255D41D77E0>,<function corrupt_address.<locals>.<lambda> at 0x00000255D41D71A0>,Atlanta,Georgia,30636,<function corrupt_phone.<locals>.<lambda> at 0x00000255D41D7380>,<function corrupt_email.<locals>.<lambda> at 0x00000255D41D7600>,<function corrupt_website.<locals>.<lambda> at 0x00000255D41D7420>
B00656,<function corrupt_name.<locals>.<lambda> at 0x00000255D41D7920>,<function corrupt_address.<locals>.<lambda> at 0x00000255D41D7880>,Miami,Florida,33453,<function corrupt_phone.<locals>.<lambda> at 0x00000255D41D7A60>,<function corrupt_email.<locals>.<lambda> at 0x00000255D41D6E80>,<function corrupt_website.<locals>.<lambda> at 0x00000255D41D7B00>
B00657,<function corrupt_name.<locals>.<lambda> at 0x00000255D41D7CE0>,<function corrupt_address.<locals>.<lambda> at 0x00000255D41D76A0>,Portland,Oregon,97570,<function corrupt_phone.<locals>.<lambda> at 0x00000255D41D7BA0>,<function corrupt_email.<locals>.<lambda> at 0x00000255D41D7740>,
B00658,<function corrupt_name.<locals>.<lambda> at 0x00000255D41E00E0>,<function corrupt_address.<locals>.<lambda> at 0x00000255D41E0180>,Detroit,Michigan,48587,<function corrupt_phone.<locals>.<lambda> at 0x00000255D41D7C40>,<function corrupt_email.<locals>.<lambda> at 0x00000255D41D79C0>,<function corrupt_website.<locals>.<lambda> at 0x00000255D41D7F60>
B00659,<function corrupt_name.<locals>.<lambda> at 0x00000255D41E0680>,<function corrupt_address.<locals>.<lambda> at 0x00000255D41D7EC0>,Minneapolis,,55804,<function corrupt_phone.<locals>.<lambda> at 0x00000255D41E0040>,<function corrupt_email.<locals>.<lambda> at 0x00000255D41D7D80>,<function corrupt_website.<locals>.<lambda> at 0x00000255D41E0400>
B00660,<function corrupt_name.<locals>.<lambda> at 0x00000255D41E05E0>,<function corrupt_address.<locals>.<lambda> at 0x00000255D41E04A0>,New York,New York,10421,,<function corrupt_email.<locals>.<lambda> at 0x00000255D41E0220>,<function corrupt_website.<locals>.<lambda> at 0x00000255D41E0540>
B00661,<function corrupt_name.<locals>.<lambda> at 0x00000255D41E0CC0>,<function corrupt_address.<locals>.<lambda> at 0x00000255D41E0360>,Los Angeles,California,90438,<function corrupt_phone.<locals>.<lambda> at 0x00000255D41E0720>,,<function corrupt_website.<locals>.<lambda> at 0x00000255D41D7E20>
B00662,<function corrupt_name.<locals>.<lambda> at 0x00000255D41E0C20>,<function corrupt_address.<locals>.<lambda> at 0x00000255D41E0860>,Chicago,Illinois,61055,<function corrupt_phone.<locals>.<lambda> at 0x00000255D41E0A40>,<function corrupt_email.<locals>.<lambda> at 0x00000255D41E0900>,<function corrupt_website.<locals>.<lambda> at 0x00000255D41E09A0>
B00663,<function corrupt_name.<locals>.<lambda> at 0x00000255D41E0EA0>,<function corrupt_address.<locals>.<lambda> at 0x00000255D41E0F40>,Houston,Texas,77472,<function corrupt_phone.<locals>.<lambda> at 0x00000255D41E07C0>,<function corrupt_email.<locals>.<lambda> at 0x00000255D41E0AE0>,<function corrupt_website.<locals>.<lambda> at 0x00000255D41E0FE0>
B00664,<function corrupt_name.<locals>.<lambda> at 0x00000255D41E1300>,<function corrupt_address.<locals>.<lambda> at 0x00000255D41E0B80>,Phoenix,Arizona,85489,<function corrupt_phone.<locals>.<lambda> at 0x00000255D41E1080>,<function corrupt_email.<locals>.<lambda> at 0x00000255D41E0D60>,<function corrupt_website.<locals>.<lambda> at 0x00000255D41E1120>
B00665,<function corrupt_name.<locals>.<lambda> at 0x00000255D41E1620>,<function corrupt_address.<locals>.<lambda> at 0x00000255D41E14E0>,Philadelphia,,,<function corrupt_phone.<locals>.<lambda> at 0x00000255D41E02C0>,<function corrupt_email.<locals>.<lambda> at 0x00000255D41E1440>,<function corrupt_website.<locals>.<lambda> at 0x00000255D41E0E00>
B00666,<function corrupt_name.<locals>.<lambda> at 0x00000255D41E1B20>,<function corrupt_address.<locals>.<lambda> at 0x00000255D41E16C0>,San Antonio,Texas,78723,<function corrupt_phone.<locals>.<lambda> at 0x00000255D41E11C0>,<function corrupt_email.<locals>.<lambda> at 0x00000255D41E1760>,<function corrupt_website.<locals>.<lambda> at 0x00000255D41E13A0>
B00667,<function corrupt_name.<locals>.<lambda> at 0x00000255D41E1260>,<function corrupt_address.<locals>.<lambda> at 0x00000255D41E1800>,San Diego,California,92640,<function corrupt_phone.<locals>.<lambda> at 0x00000255D41E19E0>,<function corrupt_email.<locals>.<lambda> at 0x00000255D41E1A80>,<function corrupt_website.<locals>.<lambda> at 0x00000255D41E1940>
B00668,<function corrupt_name.<locals>.<lambda> at 0x00000255D41E2200>,<function corrupt_address.<locals>.<lambda> at 0x00000255D41E1BC0>,Dallas,Texas,75757,<function corrupt_phone.<locals>.<lambda> at 0x00000255D41E1C60>,<function corrupt_email.<locals>.<lambda> at 0x00000255D41E1580>,
B00669,<function corrupt_name.<locals>.<lambda> at 0x00000255D41E1D00>,<function corrupt_address.<locals>.<lambda> at 0x00000255D41E18A0>,San Jose,California,95674,<function corrupt_phone.<locals>.<lambda> at 0x00000255D41E2020>,<function corrupt_email.<locals>.<lambda> at 0x00000255D41E1EE0>,<function corrupt_website.<locals>.<lambda> at 0x00000255D41E2160>
B00670,<function corrupt_name.<locals>.<lambda> at 0x00000255D41E2660>,<function corrupt_address.<locals>.<lambda> at 0x00000255D41E23E0>,Austin,Texas,73891,<function corrupt_phone.<locals>.<lambda> at 0x00000255D41E1E40>,<function corrupt_email.<locals>.<lambda> at 0x00000255D41E1DA0>,<function corrupt_website.<locals>.<lambda> at 0x00000255D41E20C0>
B00671,<function corrupt_name.<locals>.<lambda> at 0x00000255D41E2480>,<function corrupt_address.<locals>.<lambda> at 0x00000255D41E2840>,Jacksonville,Florida,32706,<function corrupt_phone.<locals>.<lambda> at 0x00000255D41E25C0>,<function corrupt_email.<locals>.<lambda> at 0x00000255D41E2340>,<function corrupt_website.<locals>.<lambda> at 0x00000255D41E22A0>
B00672,<function corrupt_name.<locals>.<lambda> at 0x00000255D41E1F80>,<function corrupt_address.<locals>.<lambda> at 0x00000255D41E2700>,Seattle,Washington,98725,<function corrupt_phone.<locals>.<lambda> at 0x00000255D41E2980>,<function corrupt_email.<locals>.<lambda> at 0x00000255D41E2A20>,<function corrupt_website.<locals>.<lambda> at 0x00000255D41E27A0>
B00673,<function corrupt_name.<locals>.<lambda> at 0x00000255D41E2D40>,<function corrupt_address.<locals>.<lambda> at 0x00000255D41E2520>,Denver,Colorado,80842,<function corrupt_phone.<locals>.<lambda> at 0x00000255D41E2C00>,<function corrupt_email.<locals>.<lambda> at 0x00000255D41E2CA0>,<function corrupt_website.<locals>.<lambda> at 0x00000255D41E2E80>
B00674,<function corrupt_name.<locals>.<lambda> at 0x00000255D41E2F20>,<function corrupt_address.<locals>.<lambda> at 0x00000255D41E28E0>,Boston,Massachusetts,02766,<function corrupt_phone.<locals>.<lambda> at 0x00000255D41E3060>,<function corrupt_email.<locals>.<lambda> at 0x00000255D41E2FC0>,<function corrupt_website.<locals>.<lambda> at 0x00000255D41E2AC0>
B00675,<function corrupt_name.<locals>.<lambda> at 0x00000255D41E3380>,<function corrupt_address.<locals>.<lambda> at 0x00000255D41E32E0>,Atlanta,Georgia,30976,<function corrupt_phone.<locals>.<lambda> at 0x00000255D41E31A0>,<function corrupt_email.<locals>.<lambda> at 0x00000255D41E3420>,<function corrupt_website.<locals>.<lambda> at 0x00000255D41E3100>
B00676,<function corrupt_name.<locals>.<lambda> at 0x00000255D41E36A0>,<function corrupt_address.<locals>.<lambda> at 0x00000255D41E2B60>,Miami,Florida,33793,<function corrupt_phone.<locals>.<lambda> at 0x00000255D41E3560>,<function corrupt_email.<locals>.<lambda> at 0x00000255D41E3240>,<function corrupt_website.<locals>.<lambda> at 0x00000255D41E3600>
B00677,<function corrupt_name.<locals>.<lambda> at 0x00000255D41E3CE0>,<function corrupt_address.<locals>.<lambda> at 0x00000255D41E3A60>,Portland,Oregon,97910,<function corrupt_phone.<locals>.<lambda> at 0x00000255D41E37E0>,<function corrupt_email.<locals>.<lambda> at 0x00000255D41E3740>,<function corrupt_website.<locals>.<lambda> at 0x00000255D41E34C0>
B00678,<function corrupt_name.<locals>.<lambda> at 0x00000255D41E3B00>,<function corrupt_address.<locals>.<lambda> at 0x00000255D41E3880>,Detroit,Michigan,48927,<function corrupt_phone.<locals>.<lambda> at 0x00000255D41E3C40>,<function corrupt_email.<locals>.<lambda> at 0x00000255D41E3BA0>,<function corrupt_website.<locals>.<lambda> at 0x00000255D41E3D80>
B00679,<function corrupt_name.<locals>.<lambda> at 0x00000255D41E3E20>,<function corrupt_address.<locals>.<lambda> at 0x00000255D41E2DE0>,Minneapolis,Minnesota,56144,<function corrupt_phone.<locals>.<lambda> at 0x00000255D41E39C0>,,<function corrupt_website.<locals>.<lambda> at 0x00000255D41E3920>
B00680,<function corrupt_name.<locals>.<lambda> at 0x00000255D41E3F60>,<function corrupt_address.<locals>.<lambda> at 0x00000255D41E4180>,New York,New York,10761,<function corrupt_phone.<locals>.<lambda> at 0x00000255D41E4040>,<function corrupt_email.<locals>.<lambda> at 0x00000255D41E3EC0>,<function corrupt_website.<locals>.<lambda> at 0x00000255D41E4400>
B00681,<function corrupt_name.<locals>.<lambda> at 0x00000255D41E42C0>,<function corrupt_address.<locals>.<lambda> at 0x00000255D41E4220>,Los Angeles,California,90778,<function corrupt_phone.<locals>.<lambda> at 0x00000255D41E4540>,<function corrupt_email.<locals>.<lambda> at 0x00000255D41E40E0>,<function corrupt_website.<locals>.<lambda> at 0x00000255D41E4720>
B00682,<function corrupt_name.<locals>.<lambda> at 0x00000255D41E44A0>,<function corrupt_address.<locals>.<lambda> at 0x00000255D41E4360>,Chicago,Illinois,61395,<function corrupt_phone.<locals>.<lambda> at 0x00000255D41E4680>,<function corrupt_email.<locals>.<lambda> at 0x00000255D41E47C0>,<function corrupt_website.<locals>.<lambda> at 0x00000255D41E49A0>
B00683,<function corrupt_name.<locals>.<lambda> at 0x00000255D41E4CC0>,<function corrupt_address.<locals>.<lambda> at 0x00000255D41E4860>,Houston,Texas,77812,<function corrupt_phone.<locals>.<lambda> at 0x00000255D41E45E0>,<function corrupt_email.<locals>.<lambda> at 0x00000255D41E4B80>,<function corrupt_website.<locals>.<lambda> at 0x00000255D41E4900>
B00684,<function corrupt_name.<locals>.<lambda> at 0x00000255D41E5300>,<function corrupt_address.<locals>.<lambda> at 0x00000255D41E4FE0>,Phoenix,Arizona,,<function corrupt_phone.<locals>.<lambda> at 0x00000255D41E4C20>,<function corrupt_email.<locals>.<lambda> at 0x00000255D41E4E00>,<function corrupt_website.<locals>.<lambda> at 0x00000255D41E4AE0>
B00685,<function corrupt_name.<locals>.<lambda> at 0x00000255D41E5620>,<function corrupt_address.<locals>.<lambda> at 0x00000255D41E51C0>,Philadelphia,Pennsylvania,19864,<function corrupt_phone.<locals>.<lambda> at 0x00000255D41E4F40>,<function corrupt_email.<locals>.<lambda> at 0x00000255D41E5120>,<function corrupt_website.<locals>.<lambda> at 0x00000255D41E4EA0>
B00686,<function corrupt_name.<locals>.<lambda> at 0x00000255D41E5580>,<function corrupt_address.<locals>.<lambda> at 0x00000255D41E5080>,San Antonio,Texas,79063,,<function corrupt_email.<locals>.<lambda> at 0x00000255D41E5260>,<function corrupt_website.<locals>.<lambda> at 0x00000255D41E4D60>
B00687,<function corrupt_name.<locals>.<lambda> at 0x00000255D41E5800>,<function corrupt_address.<locals>.<lambda> at 0x00000255D41E4A40>,San Diego,California,92980,<function corrupt_phone.<locals>.<lambda> at 0x00000255D41E53A0>,<function corrupt_email.<locals>.<lambda> at 0x00000255D41E58A0>,<function corrupt_website.<locals>.<lambda> at 0x00000255D41E5760>
B00688,<function corrupt_name.<locals>.<lambda> at 0x00000255D41E5DA0>,<function corrupt_address.<locals>.<lambda> at 0x00000255D41E59E0>,Dallas,Texas,76097,<function corrupt_phone.<locals>.<lambda> at 0x00000255D41E56C0>,<function corrupt_email.<locals>.<lambda> at 0x00000255D41E5B20>,<function corrupt_website.<locals>.<lambda> at 0x00000255D41E5A80>
B00689,<function corrupt_name.<locals>.<lambda> at 0x00000255D41E5BC0>,<function corrupt_address.<locals>.<lambda> at 0x00000255D41E5F80>,San Jose,California,95114,<function corrupt_phone.<locals>.<lambda> at 0x00000255D41E5C60>,,<function corrupt_website.<locals>.<lambda> at 0x00000255D41E5E40>
B00690,<function corrupt_name.<locals>.<lambda> at 0x00000255D41E63E0>,<function corrupt_address.<locals>.<lambda> at 0x00000255D41E54E0>,Austin,Texas,73331,<function corrupt_phone.<locals>.<lambda> at 0x00000255D41E6020>,<function corrupt_email.<locals>.<lambda> at 0x00000255D41E60C0>,
B00691,<function corrupt_name.<locals>.<lambda> at 0x00000255D41E6700>,<function corrupt_address.<locals>.<lambda> at 0x00000255D41E6160>,Jacksonville,Florida,32146,<function corrupt_phone.<locals>.<lambda> at 0x00000255D41E6200>,<function corrupt_email.<locals>.<lambda> at 0x00000255D41E5440>,<function corrupt_website.<locals>.<lambda> at 0x00000255D41E5EE0>
B00692,<function corrupt_name.<locals>.<lambda> at 0x00000255D41E6520>,<function corrupt_address.<locals>.<lambda> at 0x00000255D41E5D00>,,Washington,98165,<function corrupt_phone.<locals>.<lambda> at 0x00000255D41E6340>,<function corrupt_email.<locals>.<lambda> at 0x00000255D41E5940>,<function corrupt_website.<locals>.<lambda> at 0x00000255D41E6480>
B00693,<function corrupt_name.<locals>.<lambda> at 0x00000255D41E6B60>,<function corrupt_address.<locals>.<lambda> at 0x00000255D41E67A0>,Denver,Colorado,80282,<function corrupt_phone.<locals>.<lambda> at 0x00000255D41E68E0>,<function corrupt_email.<locals>.<lambda> at 0x00000255D41E6840>,
B00694,<function corrupt_name.<locals>.<lambda> at 0x00000255D41E6D40>,<function corrupt_address.<locals>.<lambda> at 0x00000255D41E6980>,Boston,Massachusetts,,<function corrupt_phone.<locals>.<lambda> at 0x00000255D41E6A20>,,<function corrupt_website.<locals>.<lambda> at 0x00000255D41E6AC0>
B00695,<function corrupt_name.<locals>.<lambda> at 0x00000255D41E6F20>,<function corrupt_address.<locals>.<lambda> at 0x00000255D41E6C00>,Atlanta,Georgia,30416,<function corrupt_phone.<locals>.<lambda> at 0x00000255D41E6DE0>,<function corrupt_email.<locals>.<lambda> at 0x00000255D41E6CA0>,<function corrupt_website.<locals>.<lambda> at 0x00000255D41E6FC0>
B00696,<function corrupt_name.<locals>.<lambda> at 0x00000255D41E71A0>,<function corrupt_address.<locals>.<lambda> at 0x00000255D41E72E0>,Miami,Florida,33233,<function corrupt_phone.<locals>.<lambda> at 0x00000255D41E6E80>,<function corrupt_email.<locals>.<lambda> at 0x00000255D41E62A0>,<function corrupt_website.<locals>.<lambda> at 0x00000255D41E7100>
B00697,<function corrupt_name.<locals>.<lambda> at 0x00000255D41E7060>,<function corrupt_address.<locals>.<lambda> at 0x00000255D41E6660>,Portland,Oregon,,<function corrupt_phone.<locals>.<lambda> at 0x00000255D41E7240>,<function corrupt_email.<locals>.<lambda> at 0x00000255D41E7420>,<function corrupt_website.<locals>.<lambda> at 0x00000255D41E65C0>
B00698,<function corrupt_name.<locals>.<lambda> at 0x00000255D41E77E0>,<function corrupt_address.<locals>.<lambda> at 0x00000255D41E74C0>,Detroit,Michigan,,<function corrupt_phone.<locals>.<lambda> at 0x00000255D41E7560>,<function corrupt_email.<locals>.<lambda> at 0x00000255D41E76A0>,<function corrupt_website.<locals>.<lambda> at 0x00000255D41E7740>
B00699,<function corrupt_name.<locals>.<lambda> at 0x00000255D41E7380>,<function corrupt_address.<locals>.<lambda> at 0x00000255D41E7920>,Minneapolis,Minnesota,,<function corrupt_phone.<locals>.<lambda> at 0x00000255D41E79C0>,<function corrupt_email.<locals>.<lambda> at 0x00000255D41E7880>,
B00700,<function corrupt_name.<locals>.<lambda> at 0x00000255D41E7EC0>,<function corrupt_address.<locals>.<lambda> at 0x00000255D41E7CE0>,New York,,10201,<function corrupt_phone.<locals>.<lambda> at 0x00000255D41E7A60>,<function corrupt_email.<locals>.<lambda> at 0x00000255D41E7B00>,<function corrupt_website.<locals>.<lambda> at 0x00000255D41E7D80>
B00701,<function corrupt_name.<locals>.<lambda> at 0x00000255D41EC2C0>,<function corrupt_address.<locals>.<lambda> at 0x00000255D41E7C40>,Los Angeles,California,90218,<function corrupt_phone.<locals>.<lambda> at 0x00000255D41E7F60>,<function corrupt_email.<locals>.<lambda> at 0x00000255D41E7600>,
B00702,<function corrupt_name.<locals>.<lambda> at 0x00000255D41EC540>,<function corrupt_address.<locals>.<lambda> at 0x00000255D41EC360>,Chicago,Illinois,60835,<function corrupt_phone.<locals>.<lambda> at 0x00000255D41E7BA0>,<function corrupt_email.<locals>.<lambda> at 0x00000255D41EC180>,<function corrupt_website.<locals>.<lambda> at 0x00000255D41E7E20>
B00703,<function corrupt_name.<locals>.<lambda> at 0x00000255D41EC9A0>,<function corrupt_address.<locals>.<lambda> at 0x00000255D41EC040>,Houston,Texas,77252,<function corrupt_phone.<locals>.<lambda> at 0x00000255D41EC5E0>,,<function corrupt_website.<locals>.<lambda> at 0x00000255D41EC4A0>
B00704,<function corrupt_name.<locals>.<lambda> at 0x00000255D41ECCC0>,<function corrupt_address.<locals>.<lambda> at 0x00000255D41EC680>,Phoenix,Arizona,85269,<function corrupt_phone.<locals>.<lambda> at 0x00000255D41EC7C0>,<function corrupt_email.<locals>.<lambda> at 0x00000255D41EC0E0>,<function corrupt_website.<locals>.<lambda> at 0x00000255D41EC900>
B00705,<function corrupt_name.<locals>.<lambda> at 0x00000255D41EC220>,<function corrupt_address.<locals>.<lambda> at 0x00000255D41ECAE0>,Philadelphia,Pennsylvania,19304,<function corrupt_phone.<locals>.<lambda> at 0x00000255D41ECB80>,<function corrupt_email.<locals>.<lambda> at 0x00000255D41ECC20>,<function corrupt_website.<locals>.<lambda> at 0x00000255D41ECA40>
B00706,<function corrupt_name.<locals>.<lambda> at 0x00000255D41ECFE0>,<function corrupt_address.<locals>.<lambda> at 0x00000255D41EC400>,San Antonio,Texas,,<function corrupt_phone.<locals>.<lambda> at 0x00000255D41ECEA0>,,<function corrupt_website.<locals>.<lambda> at 0x00000255D41ECD60>
B00707,<function corrupt_name.<locals>.<lambda> at 0x00000255D41ED080>,<function corrupt_address.<locals>.<lambda> at 0x00000255D41ECE00>,San Diego,California,92420,<function corrupt_phone.<locals>.<lambda> at 0x00000255D41ED120>,<function corrupt_email.<locals>.<lambda> at 0x00000255D41EC720>,<function corrupt_website.<locals>.<lambda> at 0x00000255D41ED1C0>
B00708,<function corrupt_name.<locals>.<lambda> at 0x00000255D41ED800>,<function corrupt_address.<locals>.<lambda> at 0x00000255D41EC860>,Dallas,Texas,75537,<function corrupt_phone.<locals>.<lambda> at 0x00000255D41ED300>,,<function corrupt_website.<locals>.<lambda> at 0x00000255D41ED260>
B00709,<function corrupt_name.<locals>.<lambda> at 0x00000255D41ED940>,<function corrupt_address.<locals>.<lambda> at 0x00000255D41ED4E0>,San Jose,California,95454,<function corrupt_phone.<locals>.<lambda> at 0x00000255D41ECF40>,<function corrupt_email.<locals>.<lambda> at 0x00000255D41ED580>,
B00710,<function corrupt_name.<locals>.<lambda> at 0x00000255D41ED6C0>,<function corrupt_address.<locals>.<lambda> at 0x00000255D41EDA80>,Austin,Texas,,<function corrupt_phone.<locals>.<lambda> at 0x00000255D41ED8A0>,<function corrupt_email.<locals>.<lambda> at 0x00000255D41ED3A0>,<function corrupt_website.<locals>.<lambda> at 0x00000255D41EDB20>
B00711,<function corrupt_name.<locals>.<lambda> at 0x00000255D41ED760>,<function corrupt_address.<locals>.<lambda> at 0x00000255D41EDC60>,Jacksonville,Florida,32486,<function corrupt_phone.<locals>.<lambda> at 0x00000255D41EDD00>,<function corrupt_email.<locals>.<lambda> at 0x00000255D41ED620>,<function corrupt_website.<locals>.<lambda> at 0x00000255D41ED9E0>
B00712,<function corrupt_name.<locals>.<lambda> at 0x00000255D41EE160>,<function corrupt_address.<locals>.<lambda> at 0x00000255D41EE020>,Seattle,Washington,,<function corrupt_phone.<locals>.<lambda> at 0x00000255D41EDE40>,<function corrupt_email.<locals>.<lambda> at 0x00000255D41EDF80>,
B00713,<function corrupt_name.<locals>.<lambda> at 0x00000255D41EE340>,<function corrupt_address.<locals>.<lambda> at 0x00000255D41EE0C0>,Denver,Colorado,80622,<function corrupt_phone.<locals>.<lambda> at 0x00000255D41EDDA0>,<function corrupt_email.<locals>.<lambda> at 0x00000255D41ED440>,<function corrupt_website.<locals>.<lambda> at 0x00000255D41EE3E0>
B00714,<function corrupt_name.<locals>.<lambda> at 0x00000255D41EE200>,<function corrupt_address.<locals>.<lambda> at 0x00000255D41EDEE0>,Boston,Massachusetts,02546,<function corrupt_phone.<locals>.<lambda> at 0x00000255D41EE2A0>,<function corrupt_email.<locals>.<lambda> at 0x00000255D41EE520>,<function corrupt_website.<locals>.<lambda> at 0x00000255D41EE480>
B00715,<function corrupt_name.<locals>.<lambda> at 0x00000255D41EECA0>,<function corrupt_address.<locals>.<lambda> at 0x00000255D41EE840>,Atlanta,Georgia,30756,<function corrupt_phone.<locals>.<lambda> at 0x00000255D41EE700>,<function corrupt_email.<locals>.<lambda> at 0x00000255D41EE660>,<function corrupt_website.<locals>.<lambda> at 0x00000255D41EE8E0>
B00716,<function corrupt_name.<locals>.<lambda> at 0x00000255D41EEAC0>,<function corrupt_address.<locals>.<lambda> at 0x00000255D41EDBC0>,Miami,Florida,33573,<function corrupt_phone.<locals>.<lambda> at 0x00000255D41EEB60>,<function corrupt_email.<locals>.<lambda> at 0x00000255D41EE5C0>,<function corrupt_website.<locals>.<lambda> at 0x00000255D41EEC00>
B00717,<function corrupt_name.<locals>.<lambda> at 0x00000255D41EF240>,<function corrupt_address.<locals>.<lambda> at 0x00000255D41EEFC0>,Portland,Oregon,97690,<function corrupt_phone.<locals>.<lambda> at 0x00000255D41EE7A0>,<function corrupt_email.<locals>.<lambda> at 0x00000255D41EEDE0>,<function corrupt_website.<locals>.<lambda> at 0x00000255D41EED40>
B00718,<function corrupt_name.<locals>.<lambda> at 0x00000255D41EF1A0>,<function corrupt_address.<locals>.<lambda> at 0x00000255D41EF100>,Detroit,Michigan,48707,<function corrupt_phone.<locals>.<lambda> at 0x00000255D41EE980>,<function corrupt_email.<locals>.<lambda> at 0x00000255D41EEF20>,
B00719,<function corrupt_name.<locals>.<lambda> at 0x00000255D41EF7E0>,<function corrupt_address.<locals>.<lambda> at 0x00000255D41EF2E0>,Minneapolis,Minnesota,55924,,<function corrupt_email.<locals>.<lambda> at 0x00000255D41EF420>,<function corrupt_website.<locals>.<lambda> at 0x00000255D41EEA20>
B00720,<function corrupt_name.<locals>.<lambda> at 0x00000255D41EF740>,<function corrupt_address.<locals>.<lambda> at 0x00000255D41EF600>,,New York,10541,<function corrupt_phone.<locals>.<lambda> at 0x00000255D41EF560>,<function corrupt_email.<locals>.<lambda> at 0x00000255D41EF060>,
B00721,<function corrupt_name.<locals>.<lambda> at 0x00000255D41EF880>,<function corrupt_address.<locals>.<lambda> at 0x00000255D41EFB00>,Los Angeles,California,90558,<function corrupt_phone.<locals>.<lambda> at 0x00000255D41EF920>,<function corrupt_email.<locals>.<lambda> at 0x00000255D41EF6A0>,
B00722,<function corrupt_name.<locals>.<lambda> at 0x00000255D41EFE20>,<function corrupt_address.<locals>.<lambda> at 0x00000255D41EF9C0>,Chicago,Illinois,61175,<function corrupt_phone.<locals>.<lambda> at 0x00000255D41EEE80>,<function corrupt_email.<locals>.<lambda> at 0x00000255D41EFC40>,<function corrupt_website.<locals>.<lambda> at 0x00000255D41EFCE0>
B00723,<function corrupt_name.<locals>.<lambda> at 0x00000255D41EF380>,<function corrupt_address.<locals>.<lambda> at 0x00000255D41F8040>,Houston,Texas,,<function corrupt_phone.<locals>.<lambda> at 0x00000255D41EFBA0>,<function corrupt_email.<locals>.<lambda> at 0x00000255D41EFEC0>,<function corrupt_website.<locals>.<lambda> at 0x00000255D41F80E0>
B00724,<function corrupt_name.<locals>.<lambda> at 0x00000255D41F8220>,<function corrupt_address.<locals>.<lambda> at 0x00000255D41EF4C0>,Phoenix,Arizona,85609,<function corrupt_phone.<locals>.<lambda> at 0x00000255D41F8180>,,<function corrupt_website.<locals>.<lambda> at 0x00000255D41EFA60>
B00725,<function corrupt_name.<locals>.<lambda> at 0x00000255D41F8720>,<function corrupt_address.<locals>.<lambda> at 0x00000255D41EFF60>,Philadelphia,Pennsylvania,19644,<function corrupt_phone.<locals>.<lambda> at 0x00000255D41EFD80>,<function corrupt_email.<locals>.<lambda> at 0x00000255D41F8360>,
B00726,<function corrupt_name.<locals>.<lambda> at 0x00000255D41F8A40>,<function corrupt_address.<locals>.<lambda> at 0x00000255D41F82C0>,,Texas,,<function corrupt_phone.<locals>.<lambda> at 0x00000255D41F8540>,,<function corrupt_website.<locals>.<lambda> at 0x00000255D41F84A0>
B00727,<function corrupt_name.<locals>.<lambda> at 0x00000255D41F8400>,<function corrupt_address.<locals>.<lambda> at 0x00000255D41F89A0>,San Diego,California,,<function corrupt_phone.<locals>.<lambda> at 0x00000255D41F8900>,<function corrupt_email.<locals>.<lambda> at 0x00000255D41F85E0>,
B00728,<function corrupt_name.<locals>.<lambda> at 0x00000255D41F8B80>,<function corrupt_address.<locals>.<lambda> at 0x00000255D41F8680>,Dallas,Texas,75877,,,<function corrupt_website.<locals>.<lambda> at 0x00000255D41F8CC0>
B00729,<function corrupt_name.<locals>.<lambda> at 0x00000255D41F8860>,<function corrupt_address.<locals>.<lambda> at 0x00000255D41F87C0>,San Jose,California,95794,<function corrupt_phone.<locals>.<lambda> at 0x00000255D41F8E00>,<function corrupt_email.<locals>.<lambda> at 0x00000255D41F8F40>,<function corrupt_website.<locals>.<lambda> at 0x00000255D41F8AE0>
B00730,<function corrupt_name.<locals>.<lambda> at 0x00000255D41F9580>,<function corrupt_address.<locals>.<lambda> at 0x00000255D41F8C20>,Austin,Texas,74011,<function corrupt_phone.<locals>.<lambda> at 0x00000255D41F9120>,<function corrupt_email.<locals>.<lambda> at 0x00000255D41F8FE0>,<function corrupt_website.<locals>.<lambda> at 0x00000255D41F8D60>
B00731,<function corrupt_name.<locals>.<lambda> at 0x00000255D41F93A0>,<function corrupt_address.<locals>.<lambda> at 0x00000255D41F9260>,Jacksonville,,32826,<function corrupt_phone.<locals>.<lambda> at 0x00000255D41F9440>,<function corrupt_email.<locals>.<lambda> at 0x00000255D41F9080>,<function corrupt_website.<locals>.<lambda> at 0x00000255D41F91C0>
B00732,<function corrupt_name.<locals>.<lambda> at 0x00000255D41F96C0>,<function corrupt_address.<locals>.<lambda> at 0x00000255D41F9800>,Seattle,Washington,98845,<function corrupt_phone.<locals>.<lambda> at 0x00000255D41F9300>,,<function corrupt_website.<locals>.<lambda> at 0x00000255D41F9620>
B00733,<function corrupt_name.<locals>.<lambda> at 0x00000255D41F9BC0>,<function corrupt_address.<locals>.<lambda> at 0x00000255D41F99E0>,Denver,Colorado,80962,<function corrupt_phone.<locals>.<lambda> at 0x00000255D41F94E0>,<function corrupt_email.<locals>.<lambda> at 0x00000255D41F9A80>,<function corrupt_website.<locals>.<lambda> at 0x00000255D41F98A0>
B00734,<function corrupt_name.<locals>.<lambda> at 0x00000255D41F9EE0>,<function corrupt_address.<locals>.<lambda> at 0x00000255D41F9940>,Boston,Massachusetts,02886,<function corrupt_phone.<locals>.<lambda> at 0x00000255D41F8EA0>,<function corrupt_email.<locals>.<lambda> at 0x00000255D41F9B20>,<function corrupt_website.<locals>.<lambda> at 0x00000255D41F9C60>
B00735,<function corrupt_name.<locals>.<lambda> at 0x00000255D41FA020>,<function corrupt_address.<locals>.<lambda> at 0x00000255D41F9E40>,Atlanta,Georgia,31096,<function corrupt_phone.<locals>.<lambda> at 0x00000255D41FA0C0>,<function corrupt_email.<locals>.<lambda> at 0x00000255D41FA160>,<function corrupt_website.<locals>.<lambda> at 0x00000255D41F9DA0>
B00736,<function corrupt_name.<locals>.<lambda> at 0x00000255D41FA3E0>,<function corrupt_address.<locals>.<lambda> at 0x00000255D41FA340>,Miami,Florida,33913,<function corrupt_phone.<locals>.<lambda> at 0x00000255D41F9760>,<function corrupt_email.<locals>.<lambda> at 0x00000255D41F9D00>,<function corrupt_website.<locals>.<lambda> at 0x00000255D41FA200>
B00737,<function corrupt_name.<locals>.<lambda> at 0x00000255D41FA520>,<function corrupt_address.<locals>.<lambda> at 0x00000255D41FA5C0>,Portland,Oregon,98030,<function corrupt_phone.<locals>.<lambda> at 0x00000255D41FA660>,<function corrupt_email.<locals>.<lambda> at 0x00000255D41FA2A0>,<function corrupt_website.<locals>.<lambda> at 0x00000255D41F9F80>
B00738,<function corrupt_name.<locals>.<lambda> at 0x00000255D41FA700>,<function corrupt_address.<locals>.<lambda> at 0x00000255D41FAA20>,,Michigan,49047,<function corrupt_phone.<locals>.<lambda> at 0x00000255D41FA7A0>,,<function corrupt_website.<locals>.<lambda> at 0x00000255D41FA8E0>
B00739,<function corrupt_name.<locals>.<lambda> at 0x00000255D41FAB60>,<function corrupt_address.<locals>.<lambda> at 0x00000255D41FA980>,Minneapolis,Minnesota,56264,<function corrupt_phone.<locals>.<lambda> at 0x00000255D41FACA0>,,<function corrupt_website.<locals>.<lambda> at 0x00000255D41FAAC0>
B00740,<function corrupt_name.<locals>.<lambda> at 0x00000255D41FA840>,<function corrupt_address.<locals>.<lambda> at 0x00000255D41FAD40>,New York,New York,10881,<function corrupt_phone.<locals>.<lambda> at 0x00000255D41FAC00>,<function corrupt_email.<locals>.<lambda> at 0x00000255D41FADE0>,<function corrupt_website.<locals>.<lambda> at 0x00000255D41FAF20>
B00741,<function corrupt_name.<locals>.<lambda> at 0x00000255D41FB380>,<function corrupt_address.<locals>.<lambda> at 0x00000255D41FB240>,Los Angeles,California,90898,<function corrupt_phone.<locals>.<lambda> at 0x00000255D41FAE80>,<function corrupt_email.<locals>.<lambda> at 0x00000255D41FAFC0>,<function corrupt_website.<locals>.<lambda> at 0x00000255D41FB100>
B00742,<function corrupt_name.<locals>.<lambda> at 0x00000255D41FB560>,<function corrupt_address.<locals>.<lambda> at 0x00000255D41FB2E0>,Chicago,Illinois,60615,<function corrupt_phone.<locals>.<lambda> at 0x00000255D41FB4C0>,<function corrupt_email.<locals>.<lambda> at 0x00000255D41FB060>,<function corrupt_website.<locals>.<lambda> at 0x00000255D41FA480>
B00743,<function corrupt_name.<locals>.<lambda> at 0x00000255D41FB740>,<function corrupt_address.<locals>.<lambda> at 0x00000255D41FB600>,Houston,Texas,77032,<function corrupt_phone.<locals>.<lambda> at 0x00000255D41FB420>,<function corrupt_email.<locals>.<lambda> at 0x00000255D41FB880>,
B00744,<function corrupt_name.<locals>.<lambda> at 0x00000255D41FBC40>,<function corrupt_address.<locals>.<lambda> at 0x00000255D41FBB00>,Phoenix,Arizona,85049,<function corrupt_phone.<locals>.<lambda> at 0x00000255D41FB7E0>,<function corrupt_email.<locals>.<lambda> at 0x00000255D41FB1A0>,<function corrupt_website.<locals>.<lambda> at 0x00000255D41FB920>
B00745,<function corrupt_name.<locals>.<lambda> at 0x00000255D41FBEC0>,<function corrupt_address.<locals>.<lambda> at 0x00000255D41FBF60>,Philadelphia,Pennsylvania,19084,<function corrupt_phone.<locals>.<lambda> at 0x00000255D41FBCE0>,<function corrupt_email.<locals>.<lambda> at 0x00000255D41FB6A0>,<function corrupt_website.<locals>.<lambda> at 0x00000255D41FBA60>
B00746,<function corrupt_name.<locals>.<lambda> at 0x00000255D41FBE20>,<function corrupt_address.<locals>.<lambda> at 0x00000255D4200220>,San Antonio,Texas,78283,<function corrupt_phone.<locals>.<lambda> at 0x00000255D41FBBA0>,<function corrupt_email.<locals>.<lambda> at 0x00000255D4200040>,
B00747,<function corrupt_name.<locals>.<lambda> at 0x00000255D41FBD80>,<function corrupt_address.<locals>.<lambda> at 0x00000255D4200360>,San Diego,California,92200,<function corrupt_phone.<locals>.<lambda> at 0x00000255D42002C0>,<function corrupt_email.<locals>.<lambda> at 0x00000255D4200180>,<function corrupt_website.<locals>.<lambda> at 0x00000255D42004A0>
B00748,<function corrupt_name.<locals>.<lambda> at 0x00000255D4200680>,<function corrupt_address.<locals>.<lambda> at 0x00000255D4200860>,Dallas,Texas,75317,<function corrupt_phone.<locals>.<lambda> at 0x00000255D42000E0>,<function corrupt_email.<locals>.<lambda> at 0x00000255D41FB9C0>,<function corrupt_website.<locals>.<lambda> at 0x00000255D4200400>
B00749,<function corrupt_name.<locals>.<lambda> at 0x00000255D4200B80>,<function corrupt_address.<locals>.<lambda> at 0x00000255D42005E0>,San Jose,California,,<function corrupt_phone.<locals>.<lambda> at 0x00000255D4200540>,<function corrupt_email.<locals>.<lambda> at 0x00000255D4200A40>,<function corrupt_website.<locals>.<lambda> at 0x00000255D42007C0>
B00750,<function corrupt_name.<locals>.<lambda> at 0x00000255D4200C20>,<function corrupt_address.<locals>.<lambda> at 0x00000255D4200CC0>,Austin,Texas,73451,<function corrupt_phone.<locals>.<lambda> at 0x00000255D4200900>,<function corrupt_email.<locals>.<lambda> at 0x00000255D42009A0>,<function corrupt_website.<locals>.<lambda> at 0x00000255D4200EA0>
B00751,<function corrupt_name.<locals>.<lambda> at 0x00000255D4200720>,<function corrupt_address.<locals>.<lambda> at 0x00000255D4200FE0>,Jacksonville,Florida,32266,<function corrupt_phone.<locals>.<lambda> at 0x00000255D4200F40>,<function corrupt_email.<locals>.<lambda> at 0x00000255D4200AE0>,<function corrupt_website.<locals>.<lambda> at 0x00000255D42011C0>
B00752,<function corrupt_name.<locals>.<lambda> at 0x00000255D4201080>,<function corrupt_address.<locals>.<lambda> at 0x00000255D4201440>,Seattle,Washington,98285,<function corrupt_phone.<locals>.<lambda> at 0x00000255D4200E00>,<function corrupt_email.<locals>.<lambda> at 0x00000255D42013A0>,<function corrupt_website.<locals>.<lambda> at 0x00000255D4201300>
B00753,<function corrupt_name.<locals>.<lambda> at 0x00000255D4201120>,<function corrupt_address.<locals>.<lambda> at 0x00000255D42016C0>,Denver,Colorado,80402,<function corrupt_phone.<locals>.<lambda> at 0x00000255D4201580>,<function corrupt_email.<locals>.<lambda> at 0x00000255D4201620>,<function corrupt_website.<locals>.<lambda> at 0x00000255D4200D60>
B00754,<function corrupt_name.<locals>.<lambda> at 0x00000255D4201BC0>,<function corrupt_address.<locals>.<lambda> at 0x00000255D4201760>,Boston,Massachusetts,02326,<function corrupt_phone.<locals>.<lambda> at 0x00000255D4201800>,<function corrupt_email.<locals>.<lambda> at 0x00000255D4201940>,<function corrupt_website.<locals>.<lambda> at 0x00000255D42019E0>
B00755,<function corrupt_name.<locals>.<lambda> at 0x00000255D4202020>,<function corrupt_address.<locals>.<lambda> at 0x00000255D4201B20>,Atlanta,,30536,<function corrupt_phone.<locals>.<lambda> at 0x00000255D42014E0>,<function corrupt_email.<locals>.<lambda> at 0x00000255D4201A80>,<function corrupt_website.<locals>.<lambda> at 0x00000255D4201DA0>
B00756,<function corrupt_name.<locals>.<lambda> at 0x00000255D4202200>,<function corrupt_address.<locals>.<lambda> at 0x00000255D4201F80>,Miami,Florida,33353,<function corrupt_phone.<locals>.<lambda> at 0x00000255D4201E40>,,<function corrupt_website.<locals>.<lambda> at 0x00000255D4201EE0>
B00757,<function corrupt_name.<locals>.<lambda> at 0x00000255D4202520>,<function corrupt_address.<locals>.<lambda> at 0x00000255D42020C0>,Portland,Oregon,97470,<function corrupt_phone.<locals>.<lambda> at 0x00000255D4201D00>,<function corrupt_email.<locals>.<lambda> at 0x00000255D42022A0>,<function corrupt_website.<locals>.<lambda> at 0x00000255D42018A0>
B00758,<function corrupt_name.<locals>.<lambda> at 0x00000255D42025C0>,<function corrupt_address.<locals>.<lambda> at 0x00000255D42023E0>,Detroit,Michigan,48487,,,<function corrupt_website.<locals>.<lambda> at 0x00000255D4201260>
B00759,<function corrupt_name.<locals>.<lambda> at 0x00000255D42027A0>,<function corrupt_address.<locals>.<lambda> at 0x00000255D4202840>,Minneapolis,Minnesota,55704,<function corrupt_phone.<locals>.<lambda> at 0x00000255D4202160>,<function corrupt_email.<locals>.<lambda> at 0x00000255D4202660>,
B00760,<function corrupt_name.<locals>.<lambda> at 0x00000255D4202700>,<function corrupt_address.<locals>.<lambda> at 0x00000255D4202980>,New York,New York,10321,<function corrupt_phone.<locals>.<lambda> at 0x00000255D4202A20>,<function corrupt_email.<locals>.<lambda> at 0x00000255D4201C60>,<function corrupt_website.<locals>.<lambda> at 0x00000255D4202B60>
B00761,<function corrupt_name.<locals>.<lambda> at 0x00000255D4202DE0>,<function corrupt_address.<locals>.<lambda> at 0x00000255D4202C00>,Los Angeles,California,90338,<function corrupt_phone.<locals>.<lambda> at 0x00000255D4202AC0>,<function corrupt_email.<locals>.<lambda> at 0x00000255D4202480>,<function corrupt_website.<locals>.<lambda> at 0x00000255D4202E80>
B00762,<function corrupt_name.<locals>.<lambda> at 0x00000255D4203100>,<function corrupt_address.<locals>.<lambda> at 0x00000255D42031A0>,Chicago,Illinois,60955,<function corrupt_phone.<locals>.<lambda> at 0x00000255D4202D40>,<function corrupt_email.<locals>.<lambda> at 0x00000255D4202CA0>,<function corrupt_website.<locals>.<lambda> at 0x00000255D42028E0>
B00763,<function corrupt_name.<locals>.<lambda> at 0x00000255D4202FC0>,<function corrupt_address.<locals>.<lambda> at 0x00000255D4203420>,Houston,Texas,77372,,<function corrupt_email.<locals>.<lambda> at 0x00000255D42032E0>,<function corrupt_website.<locals>.<lambda> at 0x00000255D4202F20>
B00764,<function corrupt_name.<locals>.<lambda> at 0x00000255D4203880>,<function corrupt_address.<locals>.<lambda> at 0x00000255D42034C0>,Phoenix,Arizona,85389,<function corrupt_phone.<locals>.<lambda> at 0x00000255D4203060>,<function corrupt_email.<locals>.<lambda> at 0x00000255D4203560>,
B00765,<function corrupt_name.<locals>.<lambda> at 0x00000255D4203740>,<function corrupt_address.<locals>.<lambda> at 0x00000255D4202340>,Philadelphia,Pennsylvania,19424,<function corrupt_phone.<locals>.<lambda> at 0x00000255D4203600>,<function corrupt_email.<locals>.<lambda> at 0x00000255D4203380>,<function corrupt_website.<locals>.<lambda> at 0x00000255D42036A0>
B00766,<function corrupt_name.<locals>.<lambda> at 0x00000255D42037E0>,<function corrupt_address.<locals>.<lambda> at 0x00000255D4203CE0>,San Antonio,Texas,78623,,,<function corrupt_website.<locals>.<lambda> at 0x00000255D4203A60>
B00767,<function corrupt_name.<locals>.<lambda> at 0x00000255D42080E0>,<function corrupt_address.<locals>.<lambda> at 0x00000255D4203E20>,San Diego,California,92540,<function corrupt_phone.<locals>.<lambda> at 0x00000255D4203240>,,<function corrupt_website.<locals>.<lambda> at 0x00000255D42039C0>
B00768,<function corrupt_name.<locals>.<lambda> at 0x00000255D4203B00>,<function corrupt_address.<locals>.<lambda> at 0x00000255D4203BA0>,Dallas,Texas,75657,<function corrupt_phone.<locals>.<lambda> at 0x00000255D4203EC0>,<function corrupt_email.<locals>.<lambda> at 0x00000255D4203920>,<function corrupt_website.<locals>.<lambda> at 0x00000255D4203D80>
B00769,<function corrupt_name.<locals>.<lambda> at 0x00000255D4208040>,<function corrupt_address.<locals>.<lambda> at 0x00000255D4208220>,San Jose,California,95574,<function corrupt_phone.<locals>.<lambda> at 0x00000255D42082C0>,<function corrupt_email.<locals>.<lambda> at 0x00000255D4208400>,<function corrupt_website.<locals>.<lambda> at 0x00000255D4203C40>
B00770,<function corrupt_name.<locals>.<lambda> at 0x00000255D4208540>,<function corrupt_address.<locals>.<lambda> at 0x00000255D42087C0>,Austin,,73791,<function corrupt_phone.<locals>.<lambda> at 0x00000255D4208180>,<function corrupt_email.<locals>.<lambda> at 0x00000255D42084A0>,
B00771,<function corrupt_name.<locals>.<lambda> at 0x00000255D4208900>,<function corrupt_address.<locals>.<lambda> at 0x00000255D4203F60>,Jacksonville,Florida,32606,<function corrupt_phone.<locals>.<lambda> at 0x00000255D4208360>,<function corrupt_email.<locals>.<lambda> at 0x00000255D42085E0>,<function corrupt_website.<locals>.<lambda> at 0x00000255D4208720>
B00772,<function corrupt_name.<locals>.<lambda> at 0x00000255D4208680>,<function corrupt_address.<locals>.<lambda> at 0x00000255D4208CC0>,Seattle,Washington,98625,<function corrupt_phone.<locals>.<lambda> at 0x00000255D42089A0>,<function corrupt_email.<locals>.<lambda> at 0x00000255D4208C20>,
B00773,<function corrupt_name.<locals>.<lambda> at 0x00000255D4208AE0>,<function corrupt_address.<locals>.<lambda> at 0x00000255D4208860>,Denver,Colorado,80742,,<function corrupt_email.<locals>.<lambda> at 0x00000255D4208B80>,<function corrupt_website.<locals>.<lambda> at 0x00000255D4208D60>
B00774,<function corrupt_name.<locals>.<lambda> at 0x00000255D4208FE0>,<function corrupt_address.<locals>.<lambda> at 0x00000255D4209120>,,Massachusetts,02666,<function corrupt_phone.<locals>.<lambda> at 0x00000255D4209080>,<function corrupt_email.<locals>.<lambda> at 0x00000255D4208A40>,<function corrupt_website.<locals>.<lambda> at 0x00000255D4209260>
B00775,<function corrupt_name.<locals>.<lambda> at 0x00000255D4208EA0>,<function corrupt_address.<locals>.<lambda> at 0x00000255D4209440>,Atlanta,Georgia,30876,<function corrupt_phone.<locals>.<lambda> at 0x00000255D4208F40>,<function corrupt_email.<locals>.<lambda> at 0x00000255D4209300>,
B00776,<function corrupt_name.<locals>.<lambda> at 0x00000255D42094E0>,<function corrupt_address.<locals>.<lambda> at 0x00000255D4209800>,Miami,Florida,33693,<function corrupt_phone.<locals>.<lambda> at 0x00000255D4209620>,<function corrupt_email.<locals>.<lambda> at 0x00000255D4208E00>,<function corrupt_website.<locals>.<lambda> at 0x00000255D4209760>
B00777,<function corrupt_name.<locals>.<lambda> at 0x00000255D42093A0>,<function corrupt_address.<locals>.<lambda> at 0x00000255D4209940>,Portland,Oregon,97810,,<function corrupt_email.<locals>.<lambda> at 0x00000255D42096C0>,<function corrupt_website.<locals>.<lambda> at 0x00000255D4209580>
B00778,<function corrupt_name.<locals>.<lambda> at 0x00000255D4209A80>,<function corrupt_address.<locals>.<lambda> at 0x00000255D42091C0>,Detroit,Michigan,48827,<function corrupt_phone.<locals>.<lambda> at 0x00000255D4209BC0>,,<function corrupt_website.<locals>.<lambda> at 0x00000255D42099E0>
B00779,<function corrupt_name.<locals>.<lambda> at 0x00000255D420A2A0>,<function corrupt_address.<locals>.<lambda> at 0x00000255D4209B20>,Minneapolis,Minnesota,56044,<function corrupt_phone.<locals>.<lambda> at 0x00000255D4209D00>,<function corrupt_email.<locals>.<lambda> at 0x00000255D4209C60>,<function corrupt_website.<locals>.<lambda> at 0x00000255D4209E40>
B00780,<function corrupt_name.<locals>.<lambda> at 0x00000255D4209F80>,<function corrupt_address.<locals>.<lambda> at 0x00000255D42098A0>,New York,New York,10661,<function corrupt_phone.<locals>.<lambda> at 0x00000255D4209EE0>,<function corrupt_email.<locals>.<lambda> at 0x00000255D420A160>,<function corrupt_website.<locals>.<lambda> at 0x00000255D420A020>
B00781,<function corrupt_name.<locals>.<lambda> at 0x00000255D4209DA0>,<function corrupt_address.<locals>.<lambda> at 0x00000255D420A200>,Los Angeles,California,90678,<function corrupt_phone.<locals>.<lambda> at 0x00000255D420A340>,,<function corrupt_website.<locals>.<lambda> at 0x00000255D420A5C0>
B00782,<function corrupt_name.<locals>.<lambda> at 0x00000255D420AB60>,<function corrupt_address.<locals>.<lambda> at 0x00000255D420A520>,Chicago,Illinois,61295,<function corrupt_phone.<locals>.<lambda> at 0x00000255D420A480>,<function corrupt_email.<locals>.<lambda> at 0x00000255D420A0C0>,<function corrupt_website.<locals>.<lambda> at 0x00000255D420A660>
B00783,<function corrupt_name.<locals>.<lambda> at 0x00000255D420A8E0>,<function corrupt_address.<locals>.<lambda> at 0x00000255D420A980>,Houston,Texas,77712,,<function corrupt_email.<locals>.<lambda> at 0x00000255D420A700>,<function corrupt_website.<locals>.<lambda> at 0x00000255D420A3E0>
B00784,<function corrupt_name.<locals>.<lambda> at 0x00000255D420AD40>,<function corrupt_address.<locals>.<lambda> at 0x00000255D420ADE0>,Phoenix,Arizona,85729,<function corrupt_phone.<locals>.<lambda> at 0x00000255D420A840>,<function corrupt_email.<locals>.<lambda> at 0x00000255D420AC00>,<function corrupt_website.<locals>.<lambda> at 0x00000255D420AAC0>
B00785,<function corrupt_name.<locals>.<lambda> at 0x00000255D420ACA0>,<function corrupt_address.<locals>.<lambda> at 0x00000255D420AE80>,Philadelphia,Pennsylvania,19764,<function corrupt_phone.<locals>.<lambda> at 0x00000255D420AFC0>,,<function corrupt_website.<locals>.<lambda> at 0x00000255D420A7A0>
B00786,<function corrupt_name.<locals>.<lambda> at 0x00000255D420B100>,<function corrupt_address.<locals>.<lambda> at 0x00000255D420AF20>,San Antonio,,78963,<function corrupt_phone.<locals>.<lambda> at 0x00000255D420B1A0>,<function corrupt_email.<locals>.<lambda> at 0x00000255D420B2E0>,<function corrupt_website.<locals>.<lambda> at 0x00000255D420B240>
B00787,<function corrupt_name.<locals>.<lambda> at 0x00000255D420B4C0>,<function corrupt_address.<locals>.<lambda> at 0x00000255D420AA20>,San Diego,,92880,<function corrupt_phone.<locals>.<lambda> at 0x00000255D420B560>,<function corrupt_email.<locals>.<lambda> at 0x00000255D420B380>,<function corrupt_website.<locals>.<lambda> at 0x00000255D420B6A0>
B00788,<function corrupt_name.<locals>.<lambda> at 0x00000255D420BCE0>,<function corrupt_address.<locals>.<lambda> at 0x00000255D420B880>,Dallas,Texas,75997,<function corrupt_phone.<locals>.<lambda> at 0x00000255D420B060>,<function corrupt_email.<locals>.<lambda> at 0x00000255D420B7E0>,<function corrupt_website.<locals>.<lambda> at 0x00000255D420B600>
B00789,<function corrupt_name.<locals>.<lambda> at 0x00000255D420BB00>,<function corrupt_address.<locals>.<lambda> at 0x00000255D420B420>,San Jose,California,95914,<function corrupt_phone.<locals>.<lambda> at 0x00000255D420BA60>,<function corrupt_email.<locals>.<lambda> at 0x00000255D420B920>,<function corrupt_website.<locals>.<lambda> at 0x00000255D420BD80>
B00790,<function corrupt_name.<locals>.<lambda> at 0x00000255D4210220>,<function corrupt_address.<locals>.<lambda> at 0x00000255D420BBA0>,,Texas,74131,<function corrupt_phone.<locals>.<lambda> at 0x00000255D420BE20>,<function corrupt_email.<locals>.<lambda> at 0x00000255D420BF60>,<function corrupt_website.<locals>.<lambda> at 0x00000255D420B740>
B00791,<function corrupt_name.<locals>.<lambda> at 0x00000255D4210040>,<function corrupt_address.<locals>.<lambda> at 0x00000255D4210360>,Jacksonville,Florida,32946,<function corrupt_phone.<locals>.<lambda> at 0x00000255D4210180>,<function corrupt_email.<locals>.<lambda> at 0x00000255D42100E0>,<function corrupt_website.<locals>.<lambda> at 0x00000255D42102C0>
B00792,<function corrupt_name.<locals>.<lambda> at 0x00000255D4210900>,<function corrupt_address.<locals>.<lambda> at 0x00000255D420BC40>,Seattle,Washington,98965,<function corrupt_phone.<locals>.<lambda> at 0x00000255D420BEC0>,<function corrupt_email.<locals>.<lambda> at 0x00000255D4210400>,<function corrupt_website.<locals>.<lambda> at 0x00000255D42105E0>
B00793,<function corrupt_name.<locals>.<lambda> at 0x00000255D420B9C0>,<function corrupt_address.<locals>.<lambda> at 0x00000255D4210680>,Denver,,,<function corrupt_phone.<locals>.<lambda> at 0x00000255D42107C0>,<function corrupt_email.<locals>.<lambda> at 0x00000255D4210720>,<function corrupt_website.<locals>.<lambda> at 0x00000255D4210540>
B00794,<function corrupt_name.<locals>.<lambda> at 0x00000255D42109A0>,<function corrupt_address.<locals>.<lambda> at 0x00000255D4210A40>,Boston,Massachusetts,03006,<function corrupt_phone.<locals>.<lambda> at 0x00000255D4210B80>,<function corrupt_email.<locals>.<lambda> at 0x00000255D4210860>,<function corrupt_website.<locals>.<lambda> at 0x00000255D42104A0>
B00795,<function corrupt_name.<locals>.<lambda> at 0x00000255D4211300>,<function corrupt_address.<locals>.<lambda> at 0x00000255D4210D60>,Atlanta,Georgia,30316,<function corrupt_phone.<locals>.<lambda> at 0x00000255D4210EA0>,,<function corrupt_website.<locals>.<lambda> at 0x00000255D4210C20>
B00796,<function corrupt_name.<locals>.<lambda> at 0x00000255D4210FE0>,<function corrupt_address.<locals>.<lambda> at 0x00000255D4210CC0>,Miami,Florida,33133,,<function corrupt_email.<locals>.<lambda> at 0x00000255D4210F40>,<function corrupt_website.<locals>.<lambda> at 0x00000255D4210AE0>
B00797,<function corrupt_name.<locals>.<lambda> at 0x00000255D4211800>,<function corrupt_address.<locals>.<lambda> at 0x00000255D4210E00>,Portland,Oregon,,<function corrupt_phone.<locals>.<lambda> at 0x00000255D42113A0>,<function corrupt_email.<locals>.<lambda> at 0x00000255D42111C0>,<function corrupt_website.<locals>.<lambda> at 0x00000255D4211440>
B00798,<function corrupt_name.<locals>.<lambda> at 0x00000255D4211940>,<function corrupt_address.<locals>.<lambda> at 0x00000255D42116C0>,Detroit,Michigan,48267,<function corrupt_phone.<locals>.<lambda> at 0x00000255D4211260>,<function corrupt_email.<locals>.<lambda> at 0x00000255D42114E0>,<function corrupt_website.<locals>.<lambda> at 0x00000255D4211620>
B00799,<function corrupt_name.<locals>.<lambda> at 0x00000255D42119E0>,<function corrupt_address.<locals>.<lambda> at 0x00000255D4211A80>,Minneapolis,,55484,<function corrupt_phone.<locals>.<lambda> at 0x00000255D4211760>,,<function corrupt_website.<locals>.<lambda> at 0x00000255D4211120>
B00800,<function corrupt_name.<locals>.<lambda> at 0x00000255D4211BC0>,<function corrupt_address.<locals>.<lambda> at 0x00000255D4211B20>,New York,New York,10101,<function corrupt_phone.<locals>.<lambda> at 0x00000255D4211C60>,,
B00801,<function corrupt_name.<locals>.<lambda> at 0x00000255D4211E40>,<function corrupt_address.<locals>.<lambda> at 0x00000255D42118A0>,Los Angeles,California,90118,<function corrupt_phone.<locals>.<lambda> at 0x00000255D4211080>,<function corrupt_email.<locals>.<lambda> at 0x00000255D4211EE0>,<function corrupt_website.<locals>.<lambda> at 0x00000255D4211580>
B00802,<function corrupt_name.<locals>.<lambda> at 0x00000255D42122A0>,<function corrupt_address.<locals>.<lambda> at 0x00000255D4211DA0>,Chicago,Illinois,60735,<function corrupt_phone.<locals>.<lambda> at 0x00000255D4211F80>,<function corrupt_email.<locals>.<lambda> at 0x00000255D4212200>,
B00803,<function corrupt_name.<locals>.<lambda> at 0x00000255D4212520>,<function corrupt_address.<locals>.<lambda> at 0x00000255D4211D00>,Houston,Texas,77152,<function corrupt_phone.<locals>.<lambda> at 0x00000255D4212160>,<function corrupt_email.<locals>.<lambda> at 0x00000255D42123E0>,<function corrupt_website.<locals>.<lambda> at 0x00000255D4212480>
B00804,<function corrupt_name.<locals>.<lambda> at 0x00000255D42125C0>,<function corrupt_address.<locals>.<lambda> at 0x00000255D4212660>,Phoenix,Arizona,85169,<function corrupt_phone.<locals>.<lambda> at 0x00000255D4212340>,<function corrupt_email.<locals>.<lambda> at 0x00000255D4212020>,<function corrupt_website.<locals>.<lambda> at 0x00000255D42127A0>
B00805,<function corrupt_name.<locals>.<lambda> at 0x00000255D4212E80>,<function corrupt_address.<locals>.<lambda> at 0x00000255D4212980>,Philadelphia,Pennsylvania,19204,<function corrupt_phone.<locals>.<lambda> at 0x00000255D42120C0>,<function corrupt_email.<locals>.<lambda> at 0x00000255D4212AC0>,
B00806,<function corrupt_name.<locals>.<lambda> at 0x00000255D4213060>,<function corrupt_address.<locals>.<lambda> at 0x00000255D4212C00>,San Antonio,Texas,78403,,<function corrupt_email.<locals>.<lambda> at 0x00000255D4212700>,<function corrupt_website.<locals>.<lambda> at 0x00000255D42128E0>
B00807,<function corrupt_name.<locals>.<lambda> at 0x00000255D4213380>,<function corrupt_address.<locals>.<lambda> at 0x00000255D4212F20>,San Diego,California,92320,<function corrupt_phone.<locals>.<lambda> at 0x00000255D4212B60>,<function corrupt_email.<locals>.<lambda> at 0x00000255D4212CA0>,<function corrupt_website.<locals>.<lambda> at 0x00000255D4212840>
B00808,<function corrupt_name.<locals>.<lambda> at 0x00000255D4212D40>,<function corrupt_address.<locals>.<lambda> at 0x00000255D4213240>,Dallas,Texas,75437,<function corrupt_phone.<locals>.<lambda> at 0x00000255D4212A20>,<function corrupt_email.<locals>.<lambda> at 0x00000255D42132E0>,<function corrupt_website.<locals>.<lambda> at 0x00000255D42131A0>
B00809,<function corrupt_name.<locals>.<lambda> at 0x00000255D4213560>,<function corrupt_address.<locals>.<lambda> at 0x00000255D4213600>,San Jose,California,95354,<function corrupt_phone.<locals>.<lambda> at 0x00000255D42134C0>,<function corrupt_email.<locals>.<lambda> at 0x00000255D4212DE0>,<function corrupt_website.<locals>.<lambda> at 0x00000255D4213740>
B00810,<function corrupt_name.<locals>.<lambda> at 0x00000255D4213880>,<function corrupt_address.<locals>.<lambda> at 0x00000255D4213420>,Austin,Texas,73571,<function corrupt_phone.<locals>.<lambda> at 0x00000255D42137E0>,,<function corrupt_website.<locals>.<lambda> at 0x00000255D42136A0>
B00811,<function corrupt_name.<locals>.<lambda> at 0x00000255D4213A60>,<function corrupt_address.<locals>.<lambda> at 0x00000255D4213100>,Jacksonville,Florida,32386,<function corrupt_phone.<locals>.<lambda> at 0x00000255D4213920>,,<function corrupt_website.<locals>.<lambda> at 0x00000255D42139C0>
B00812,<function corrupt_name.<locals>.<lambda> at 0x00000255D4214180>,<function corrupt_address.<locals>.<lambda> at 0x00000255D4213C40>,Seattle,Washington,98405,<function corrupt_phone.<locals>.<lambda> at 0x00000255D4213BA0>,<function corrupt_email.<locals>.<lambda> at 0x00000255D4213B00>,<function corrupt_website.<locals>.<lambda> at 0x00000255D4213E20>
B00813,<function corrupt_name.<locals>.<lambda> at 0x00000255D4214400>,<function corrupt_address.<locals>.<lambda> at 0x00000255D4213D80>,Denver,Colorado,80522,<function corrupt_phone.<locals>.<lambda> at 0x00000255D4213F60>,<function corrupt_email.<locals>.<lambda> at 0x00000255D4214040>,<function corrupt_website.<locals>.<lambda> at 0x00000255D4214220>
B00814,<function corrupt_name.<locals>.<lambda> at 0x00000255D42142C0>,<function corrupt_address.<locals>.<lambda> at 0x00000255D42140E0>,Boston,Massachusetts,,<function corrupt_phone.<locals>.<lambda> at 0x00000255D4213EC0>,<function corrupt_email.<locals>.<lambda> at 0x00000255D4214540>,<function corrupt_website.<locals>.<lambda> at 0x00000255D4212FC0>
B00815,<function corrupt_name.<locals>.<lambda> at 0x00000255D4214AE0>,<function corrupt_address.<locals>.<lambda> at 0x00000255D4214680>,Atlanta,Georgia,30656,<function corrupt_phone.<locals>.<lambda> at 0x00000255D42145E0>,<function corrupt_email.<locals>.<lambda> at 0x00000255D4214360>,<function corrupt_website.<locals>.<lambda> at 0x00000255D42144A0>
B00816,<function corrupt_name.<locals>.<lambda> at 0x00000255D4213CE0>,<function corrupt_address.<locals>.<lambda> at 0x00000255D4214A40>,Miami,Florida,33473,<function corrupt_phone.<locals>.<lambda> at 0x00000255D42147C0>,<function corrupt_email.<locals>.<lambda> at 0x00000255D42149A0>,<function corrupt_website.<locals>.<lambda> at 0x00000255D4214860>
B00817,<function corrupt_name.<locals>.<lambda> at 0x00000255D4214900>,<function corrupt_address.<locals>.<lambda> at 0x00000255D4214E00>,Portland,Oregon,,<function corrupt_phone.<locals>.<lambda> at 0x00000255D4214D60>,<function corrupt_email.<locals>.<lambda> at 0x00000255D4214EA0>,<function corrupt_website.<locals>.<lambda> at 0x00000255D4214B80>
B00818,<function corrupt_name.<locals>.<lambda> at 0x00000255D4215120>,<function corrupt_address.<locals>.<lambda> at 0x00000255D4214F40>,,Michigan,48607,<function corrupt_phone.<locals>.<lambda> at 0x00000255D4215080>,<function corrupt_email.<locals>.<lambda> at 0x00000255D4214FE0>,<function corrupt_website.<locals>.<lambda> at 0x00000255D4214720>
B00819,<function corrupt_name.<locals>.<lambda> at 0x00000255D42156C0>,<function corrupt_address.<locals>.<lambda> at 0x00000255D4215440>,Minneapolis,Minnesota,55824,<function corrupt_phone.<locals>.<lambda> at 0x00000255D4214C20>,<function corrupt_email.<locals>.<lambda> at 0x00000255D4214CC0>,<function corrupt_website.<locals>.<lambda> at 0x00000255D42154E0>
B00820,<function corrupt_name.<locals>.<lambda> at 0x00000255D4215940>,<function corrupt_address.<locals>.<lambda> at 0x00000255D4215800>,New York,New York,10441,<function corrupt_phone.<locals>.<lambda> at 0x00000255D4215260>,<function corrupt_email.<locals>.<lambda> at 0x00000255D4215580>,
B00821,<function corrupt_name.<locals>.<lambda> at 0x00000255D42151C0>,<function corrupt_address.<locals>.<lambda> at 0x00000255D4215620>,Los Angeles,California,90458,<function corrupt_phone.<locals>.<lambda> at 0x00000255D42159E0>,<function corrupt_email.<locals>.<lambda> at 0x00000255D4215A80>,<function corrupt_website.<locals>.<lambda> at 0x00000255D4215B20>
B00822,<function corrupt_name.<locals>.<lambda> at 0x00000255D4215E40>,<function corrupt_address.<locals>.<lambda> at 0x00000255D42153A0>,Chicago,Illinois,61075,<function corrupt_phone.<locals>.<lambda> at 0x00000255D4215300>,<function corrupt_email.<locals>.<lambda> at 0x00000255D4215D00>,<function corrupt_website.<locals>.<lambda> at 0x00000255D4215760>
B00823,<function corrupt_name.<locals>.<lambda> at 0x00000255D42163E0>,<function corrupt_address.<locals>.<lambda> at 0x00000255D4215F80>,Houston,Texas,77492,,<function corrupt_email.<locals>.<lambda> at 0x00000255D4215C60>,
B00824,<function corrupt_name.<locals>.<lambda> at 0x00000255D42158A0>,<function corrupt_address.<locals>.<lambda> at 0x00000255D42160C0>,Phoenix,Arizona,85509,<function corrupt_phone.<locals>.<lambda> at 0x00000255D4215BC0>,<function corrupt_email.<locals>.<lambda> at 0x00000255D4215DA0>,<function corrupt_website.<locals>.<lambda> at 0x00000255D42162A0>
B00825,<function corrupt_name.<locals>.<lambda> at 0x00000255D4216340>,<function corrupt_address.<locals>.<lambda> at 0x00000255D4216660>,Philadelphia,Pennsylvania,19544,<function corrupt_phone.<locals>.<lambda> at 0x00000255D4216160>,<function corrupt_email.<locals>.<lambda> at 0x00000255D4216520>,<function corrupt_website.<locals>.<lambda> at 0x00000255D4215EE0>
B00826,<function corrupt_name.<locals>.<lambda> at 0x00000255D4216020>,<function corrupt_address.<locals>.<lambda> at 0x00000255D4216700>,,Texas,78743,<function corrupt_phone.<locals>.<lambda> at 0x00000255D4216480>,<function corrupt_email.<locals>.<lambda> at 0x00000255D42168E0>,<function corrupt_website.<locals>.<lambda> at 0x00000255D4216980>
B00827,<function corrupt_name.<locals>.<lambda> at 0x00000255D42167A0>,<function corrupt_address.<locals>.<lambda> at 0x00000255D4216C00>,San Diego,California,92660,<function corrupt_phone.<locals>.<lambda> at 0x00000255D42165C0>,<function corrupt_email.<locals>.<lambda> at 0x00000255D4216200>,<function corrupt_website.<locals>.<lambda> at 0x00000255D4216B60>
B00828,<function corrupt_name.<locals>.<lambda> at 0x00000255D4216AC0>,<function corrupt_address.<locals>.<lambda> at 0x00000255D4216D40>,Dallas,Texas,75777,<function corrupt_phone.<locals>.<lambda> at 0x00000255D4216A20>,<function corrupt_email.<locals>.<lambda> at 0x00000255D4216F20>,<function corrupt_website.<locals>.<lambda> at 0x00000255D4216FC0>
B00829,<function corrupt_name.<locals>.<lambda> at 0x00000255D42171A0>,<function corrupt_address.<locals>.<lambda> at 0x00000255D4216DE0>,San Jose,California,95694,<function corrupt_phone.<locals>.<lambda> at 0x00000255D4217100>,,<function corrupt_website.<locals>.<lambda> at 0x00000255D4216E80>
B00830,<function corrupt_name.<locals>.<lambda> at 0x00000255D4217420>,<function corrupt_address.<locals>.<lambda> at 0x00000255D4216CA0>,Austin,Texas,73911,<function corrupt_phone.<locals>.<lambda> at 0x00000255D4217240>,<function corrupt_email.<locals>.<lambda> at 0x00000255D4217060>,<function corrupt_website.<locals>.<lambda> at 0x00000255D4216840>
B00831,<function corrupt_name.<locals>.<lambda> at 0x00000255D4217560>,<function corrupt_address.<locals>.<lambda> at 0x00000255D42177E0>,Jacksonville,Florida,32726,<function corrupt_phone.<locals>.<lambda> at 0x00000255D42176A0>,<function corrupt_email.<locals>.<lambda> at 0x00000255D42174C0>,
B00832,<function corrupt_name.<locals>.<lambda> at 0x00000255D4217920>,<function corrupt_address.<locals>.<lambda> at 0x00000255D4217880>,Seattle,Washington,98745,<function corrupt_phone.<locals>.<lambda> at 0x00000255D42172E0>,<function corrupt_email.<locals>.<lambda> at 0x00000255D42179C0>,<function corrupt_website.<locals>.<lambda> at 0x00000255D4217B00>
B00833,<function corrupt_name.<locals>.<lambda> at 0x00000255D4217CE0>,<function corrupt_address.<locals>.<lambda> at 0x00000255D4217E20>,Denver,Colorado,80862,<function corrupt_phone.<locals>.<lambda> at 0x00000255D4217380>,<function corrupt_email.<locals>.<lambda> at 0x00000255D4217600>,
B00834,<function corrupt_name.<locals>.<lambda> at 0x00000255D42202C0>,<function corrupt_address.<locals>.<lambda> at 0x00000255D4217EC0>,Boston,Massachusetts,02786,<function corrupt_phone.<locals>.<lambda> at 0x00000255D4217C40>,<function corrupt_email.<locals>.<lambda> at 0x00000255D4217A60>,<function corrupt_website.<locals>.<lambda> at 0x00000255D4220040>
B00835,<function corrupt_name.<locals>.<lambda> at 0x00000255D4220220>,<function corrupt_address.<locals>.<lambda> at 0x00000255D4217F60>,Atlanta,Georgia,30996,<function corrupt_phone.<locals>.<lambda> at 0x00000255D42200E0>,<function corrupt_email.<locals>.<lambda> at 0x00000255D4217BA0>,<function corrupt_website.<locals>.<lambda> at 0x00000255D4217740>
B00836,<function corrupt_name.<locals>.<lambda> at 0x00000255D4220180>,<function corrupt_address.<locals>.<lambda> at 0x00000255D4220400>,Miami,Florida,33813,<function corrupt_phone.<locals>.<lambda> at 0x00000255D4220540>,<function corrupt_email.<locals>.<lambda> at 0x00000255D4217D80>,<function corrupt_website.<locals>.<lambda> at 0x00000255D4220680>
B00837,<function corrupt_name.<locals>.<lambda> at 0x00000255D4220C20>,<function corrupt_address.<locals>.<lambda> at 0x00000255D42205E0>,Portland,Oregon,97930,<function corrupt_phone.<locals>.<lambda> at 0x00000255D4220860>,,<function corrupt_website.<locals>.<lambda> at 0x00000255D4220360>
B00838,<function corrupt_name.<locals>.<lambda> at 0x00000255D4220EA0>,<function corrupt_address.<locals>.<lambda> at 0x00000255D42207C0>,Detroit,Michigan,48947,<function corrupt_phone.<locals>.<lambda> at 0x00000255D4220720>,<function corrupt_email.<locals>.<lambda> at 0x00000255D4220AE0>,<function corrupt_website.<locals>.<lambda> at 0x00000255D42204A0>
B00839,<function corrupt_name.<locals>.<lambda> at 0x00000255D4220A40>,<function corrupt_address.<locals>.<lambda> at 0x00000255D4220CC0>,Minneapolis,Minnesota,56164,<function corrupt_phone.<locals>.<lambda> at 0x00000255D4220B80>,<function corrupt_email.<locals>.<lambda> at 0x00000255D4220E00>,<function corrupt_website.<locals>.<lambda> at 0x00000255D42209A0>
B00840,<function corrupt_name.<locals>.<lambda> at 0x00000255D4220D60>,<function corrupt_address.<locals>.<lambda> at 0x00000255D42211C0>,New York,New York,10781,<function corrupt_phone.<locals>.<lambda> at 0x00000255D4220900>,<function corrupt_email.<locals>.<lambda> at 0x00000255D4221120>,
B00841,<function corrupt_name.<locals>.<lambda> at 0x00000255D42216C0>,<function corrupt_address.<locals>.<lambda> at 0x00000255D4221440>,Los Angeles,California,90798,<function corrupt_phone.<locals>.<lambda> at 0x00000255D4221300>,<function corrupt_email.<locals>.<lambda> at 0x00000255D4220FE0>,<function corrupt_website.<locals>.<lambda> at 0x00000255D42214E0>
B00842,<function corrupt_name.<locals>.<lambda> at 0x00000255D4220F40>,<function corrupt_address.<locals>.<lambda> at 0x00000255D4221760>,,Illinois,61415,,<function corrupt_email.<locals>.<lambda> at 0x00000255D4221260>,
B00843,<function corrupt_name.<locals>.<lambda> at 0x00000255D42219E0>,<function corrupt_address.<locals>.<lambda> at 0x00000255D4221620>,Houston,Texas,77832,<function corrupt_phone.<locals>.<lambda> at 0x00000255D4221080>,<function corrupt_email.<locals>.<lambda> at 0x00000255D42213A0>,<function corrupt_website.<locals>.<lambda> at 0x00000255D42218A0>
B00844,<function corrupt_name.<locals>.<lambda> at 0x00000255D4221C60>,<function corrupt_address.<locals>.<lambda> at 0x00000255D4221BC0>,Phoenix,Arizona,85849,<function corrupt_phone.<locals>.<lambda> at 0x00000255D4221940>,<function corrupt_email.<locals>.<lambda> at 0x00000255D4221B20>,<function corrupt_website.<locals>.<lambda> at 0x00000255D4221D00>
B00845,<function corrupt_name.<locals>.<lambda> at 0x00000255D4221EE0>,<function corrupt_address.<locals>.<lambda> at 0x00000255D4222020>,,Pennsylvania,19884,<function corrupt_phone.<locals>.<lambda> at 0x00000255D4221580>,,<function corrupt_website.<locals>.<lambda> at 0x00000255D4221E40>
B00846,<function corrupt_name.<locals>.<lambda> at 0x00000255D4221800>,<function corrupt_address.<locals>.<lambda> at 0x00000255D4221F80>,San Antonio,Texas,79083,<function corrupt_phone.<locals>.<lambda> at 0x00000255D42220C0>,<function corrupt_email.<locals>.<lambda> at 0x00000255D4222200>,<function corrupt_website.<locals>.<lambda> at 0x00000255D4221DA0>
B00847,<function corrupt_name.<locals>.<lambda> at 0x00000255D42228E0>,<function corrupt_address.<locals>.<lambda> at 0x00000255D4222520>,San Diego,California,93000,<function corrupt_phone.<locals>.<lambda> at 0x00000255D4222340>,<function corrupt_email.<locals>.<lambda> at 0x00000255D4221A80>,<function corrupt_website.<locals>.<lambda> at 0x00000255D42222A0>
B00848,<function corrupt_name.<locals>.<lambda> at 0x00000255D4222980>,<function corrupt_address.<locals>.<lambda> at 0x00000255D4222160>,Dallas,Texas,75217,<function corrupt_phone.<locals>.<lambda> at 0x00000255D42225C0>,<function corrupt_email.<locals>.<lambda> at 0x00000255D42227A0>,<function corrupt_website.<locals>.<lambda> at 0x00000255D4222700>
B00849,<function corrupt_name.<locals>.<lambda> at 0x00000255D4222A20>,<function corrupt_address.<locals>.<lambda> at 0x00000255D4222CA0>,San Jose,California,95134,<function corrupt_phone.<locals>.<lambda> at 0x00000255D4222AC0>,<function corrupt_email.<locals>.<lambda> at 0x00000255D4222660>,<function corrupt_website.<locals>.<lambda> at 0x00000255D4222840>
B00850,<function corrupt_name.<locals>.<lambda> at 0x00000255D4222C00>,<function corrupt_address.<locals>.<lambda> at 0x00000255D4222F20>,Austin,Texas,73351,<function corrupt_phone.<locals>.<lambda> at 0x00000255D4222DE0>,<function corrupt_email.<locals>.<lambda> at 0x00000255D4222480>,<function corrupt_website.<locals>.<lambda> at 0x00000255D4222FC0>
B00851,<function corrupt_name.<locals>.<lambda> at 0x00000255D4222D40>,<function corrupt_address.<locals>.<lambda> at 0x00000255D4223060>,Jacksonville,Florida,32166,<function corrupt_phone.<locals>.<lambda> at 0x00000255D4222B60>,,
B00852,<function corrupt_name.<locals>.<lambda> at 0x00000255D42223E0>,<function corrupt_address.<locals>.<lambda> at 0x00000255D4223420>,Seattle,Washington,98185,<function corrupt_phone.<locals>.<lambda> at 0x00000255D4222E80>,<function corrupt_email.<locals>.<lambda> at 0x00000255D42232E0>,<function corrupt_website.<locals>.<lambda> at 0x00000255D42234C0>
B00853,<function corrupt_name.<locals>.<lambda> at 0x00000255D42231A0>,<function corrupt_address.<locals>.<lambda> at 0x00000255D4223600>,Denver,Colorado,80302,<function corrupt_phone.<locals>.<lambda> at 0x00000255D4223560>,<function corrupt_email.<locals>.<lambda> at 0x00000255D4223100>,
B00854,<function corrupt_name.<locals>.<lambda> at 0x00000255D4223C40>,<function corrupt_address.<locals>.<lambda> at 0x00000255D4223880>,Boston,Massachusetts,02226,<function corrupt_phone.<locals>.<lambda> at 0x00000255D4223240>,<function corrupt_email.<locals>.<lambda> at 0x00000255D4223740>,<function corrupt_website.<locals>.<lambda> at 0x00000255D42237E0>
B00855,<function corrupt_name.<locals>.<lambda> at 0x00000255D42236A0>,<function corrupt_address.<locals>.<lambda> at 0x00000255D4223920>,Atlanta,Georgia,30436,<function corrupt_phone.<locals>.<lambda> at 0x00000255D42239C0>,<function corrupt_email.<locals>.<lambda> at 0x00000255D4223B00>,<function corrupt_website.<locals>.<lambda> at 0x00000255D4223D80>
B00856,<function corrupt_name.<locals>.<lambda> at 0x00000255D4223EC0>,<function corrupt_address.<locals>.<lambda> at 0x00000255D4223CE0>,Miami,Florida,33253,<function corrupt_phone.<locals>.<lambda> at 0x00000255D4223380>,,<function corrupt_website.<locals>.<lambda> at 0x00000255D422C040>
B00857,<function corrupt_name.<locals>.<lambda> at 0x00000255D422C4A0>,<function corrupt_address.<locals>.<lambda> at 0x00000255D4223F60>,Portland,Oregon,,<function corrupt_phone.<locals>.<lambda> at 0x00000255D422C180>,<function corrupt_email.<locals>.<lambda> at 0x00000255D4223E20>,<function corrupt_website.<locals>.<lambda> at 0x00000255D4223BA0>
B00858,<function corrupt_name.<locals>.<lambda> at 0x00000255D422C220>,<function corrupt_address.<locals>.<lambda> at 0x00000255D4223A60>,Detroit,Michigan,48387,<function corrupt_phone.<locals>.<lambda> at 0x00000255D422C540>,<function corrupt_email.<locals>.<lambda> at 0x00000255D422C360>,<function corrupt_website.<locals>.<lambda> at 0x00000255D422C0E0>
B00859,<function corrupt_name.<locals>.<lambda> at 0x00000255D422C400>,<function corrupt_address.<locals>.<lambda> at 0x00000255D422C9A0>,Minneapolis,Minnesota,55604,<function corrupt_phone.<locals>.<lambda> at 0x00000255D422C2C0>,<function corrupt_email.<locals>.<lambda> at 0x00000255D422C720>,<function corrupt_website.<locals>.<lambda> at 0x00000255D422C680>
B00860,<function corrupt_name.<locals>.<lambda> at 0x00000255D422CD60>,<function corrupt_address.<locals>.<lambda> at 0x00000255D422C5E0>,New York,New York,10221,<function corrupt_phone.<locals>.<lambda> at 0x00000255D422CA40>,<function corrupt_email.<locals>.<lambda> at 0x00000255D422CB80>,<function corrupt_website.<locals>.<lambda> at 0x00000255D422C7C0>
B00861,<function corrupt_name.<locals>.<lambda> at 0x00000255D422D260>,<function corrupt_address.<locals>.<lambda> at 0x00000255D422CEA0>,Los Angeles,California,90238,<function corrupt_phone.<locals>.<lambda> at 0x00000255D422C900>,<function corrupt_email.<locals>.<lambda> at 0x00000255D422CAE0>,<function corrupt_website.<locals>.<lambda> at 0x00000255D422CF40>
B00862,<function corrupt_name.<locals>.<lambda> at 0x00000255D422D580>,<function corrupt_address.<locals>.<lambda> at 0x00000255D422D1C0>,Chicago,Illinois,60855,<function corrupt_phone.<locals>.<lambda> at 0x00000255D422CC20>,<function corrupt_email.<locals>.<lambda> at 0x00000255D422CE00>,<function corrupt_website.<locals>.<lambda> at 0x00000255D422CCC0>
B00863,<function corrupt_name.<locals>.<lambda> at 0x00000255D422D620>,<function corrupt_address.<locals>.<lambda> at 0x00000255D422D120>,Houston,Texas,77272,<function corrupt_phone.<locals>.<lambda> at 0x00000255D422D080>,<function corrupt_email.<locals>.<lambda> at 0x00000255D422D300>,<function corrupt_website.<locals>.<lambda> at 0x00000255D422C860>
B00864,<function corrupt_name.<locals>.<lambda> at 0x00000255D422D4E0>,<function corrupt_address.<locals>.<lambda> at 0x00000255D422D6C0>,Phoenix,,85289,<function corrupt_phone.<locals>.<lambda> at 0x00000255D422D800>,,<function corrupt_website.<locals>.<lambda> at 0x00000255D422D8A0>
B00865,<function corrupt_name.<locals>.<lambda> at 0x00000255D422D3A0>,<function corrupt_address.<locals>.<lambda> at 0x00000255D422DB20>,Philadelphia,Pennsylvania,19324,<function corrupt_phone.<locals>.<lambda> at 0x00000255D422D440>,<function corrupt_email.<locals>.<lambda> at 0x00000255D422D760>,<function corrupt_website.<locals>.<lambda> at 0x00000255D422D9E0>
B00866,<function corrupt_name.<locals>.<lambda> at 0x00000255D422CFE0>,<function corrupt_address.<locals>.<lambda> at 0x00000255D422DA80>,San Antonio,Texas,78523,<function corrupt_phone.<locals>.<lambda> at 0x00000255D422DC60>,<function corrupt_email.<locals>.<lambda> at 0x00000255D422DE40>,<function corrupt_website.<locals>.<lambda> at 0x00000255D422DDA0>
B00867,<function corrupt_name.<locals>.<lambda> at 0x00000255D422DF80>,<function corrupt_address.<locals>.<lambda> at 0x00000255D422DEE0>,San Diego,California,92440,<function corrupt_phone.<locals>.<lambda> at 0x00000255D422DBC0>,<function corrupt_email.<locals>.<lambda> at 0x00000255D422E0C0>,
B00868,<function corrupt_name.<locals>.<lambda> at 0x00000255D422DD00>,<function corrupt_address.<locals>.<lambda> at 0x00000255D422E480>,Dallas,Texas,75557,<function corrupt_phone.<locals>.<lambda> at 0x00000255D422E200>,<function corrupt_email.<locals>.<lambda> at 0x00000255D422D940>,<function corrupt_website.<locals>.<lambda> at 0x00000255D422E160>
B00869,<function corrupt_name.<locals>.<lambda> at 0x00000255D422E340>,<function corrupt_address.<locals>.<lambda> at 0x00000255D422E700>,San Jose,California,95474,<function corrupt_phone.<locals>.<lambda> at 0x00000255D422E520>,,
B00870,<function corrupt_name.<locals>.<lambda> at 0x00000255D422EC00>,<function corrupt_address.<locals>.<lambda> at 0x00000255D422E660>,Austin,Texas,,<function corrupt_phone.<locals>.<lambda> at 0x00000255D422E5C0>,,<function corrupt_website.<locals>.<lambda> at 0x00000255D422E020>
B00871,<function corrupt_name.<locals>.<lambda> at 0x00000255D422ED40>,<function corrupt_address.<locals>.<lambda> at 0x00000255D422E2A0>,Jacksonville,,32506,<function corrupt_phone.<locals>.<lambda> at 0x00000255D422E980>,<function corrupt_email.<locals>.<lambda> at 0x00000255D422E840>,<function corrupt_website.<locals>.<lambda> at 0x00000255D422E3E0>
B00872,<function corrupt_name.<locals>.<lambda> at 0x00000255D422EE80>,<function corrupt_address.<locals>.<lambda> at 0x00000255D422EF20>,Seattle,Washington,98525,,<function corrupt_email.<locals>.<lambda> at 0x00000255D422EA20>,
B00873,<function corrupt_name.<locals>.<lambda> at 0x00000255D422E8E0>,<function corrupt_address.<locals>.<lambda> at 0x00000255D422EAC0>,Denver,Colorado,80642,<function corrupt_phone.<locals>.<lambda> at 0x00000255D422EDE0>,,<function corrupt_website.<locals>.<lambda> at 0x00000255D422EFC0>
B00874,<function corrupt_name.<locals>.<lambda> at 0x00000255D422F1A0>,<function corrupt_address.<locals>.<lambda> at 0x00000255D422F100>,Boston,Massachusetts,02566,<function corrupt_phone.<locals>.<lambda> at 0x00000255D422EB60>,<function corrupt_email.<locals>.<lambda> at 0x00000255D422E7A0>,<function corrupt_website.<locals>.<lambda> at 0x00000255D422F240>
B00875,<function corrupt_name.<locals>.<lambda> at 0x00000255D422F740>,<function corrupt_address.<locals>.<lambda> at 0x00000255D422F4C0>,Atlanta,Georgia,30776,<function corrupt_phone.<locals>.<lambda> at 0x00000255D422ECA0>,<function corrupt_email.<locals>.<lambda> at 0x00000255D422F2E0>,<function corrupt_website.<locals>.<lambda> at 0x00000255D422F420>
B00876,<function corrupt_name.<locals>.<lambda> at 0x00000255D422FB00>,<function corrupt_address.<locals>.<lambda> at 0x00000255D422F880>,Miami,Florida,33593,<function corrupt_phone.<locals>.<lambda> at 0x00000255D422F560>,<function corrupt_email.<locals>.<lambda> at 0x00000255D422F060>,<function corrupt_website.<locals>.<lambda> at 0x00000255D422F7E0>
B00877,<function corrupt_name.<locals>.<lambda> at 0x00000255D422F9C0>,<function corrupt_address.<locals>.<lambda> at 0x00000255D422F600>,Portland,Oregon,97710,<function corrupt_phone.<locals>.<lambda> at 0x00000255D422F6A0>,<function corrupt_email.<locals>.<lambda> at 0x00000255D422FBA0>,<function corrupt_website.<locals>.<lambda> at 0x00000255D422FC40>
B00878,<function corrupt_name.<locals>.<lambda> at 0x00000255D422F920>,<function corrupt_address.<locals>.<lambda> at 0x00000255D422FF60>,Detroit,Michigan,,<function corrupt_phone.<locals>.<lambda> at 0x00000255D422FA60>,<function corrupt_email.<locals>.<lambda> at 0x00000255D422FE20>,<function corrupt_website.<locals>.<lambda> at 0x00000255D422FEC0>
B00879,<function corrupt_name.<locals>.<lambda> at 0x00000255D4234540>,<function corrupt_address.<locals>.<lambda> at 0x00000255D4234220>,Minneapolis,Minnesota,55944,<function corrupt_phone.<locals>.<lambda> at 0x00000255D422FCE0>,<function corrupt_email.<locals>.<lambda> at 0x00000255D4234180>,<function corrupt_website.<locals>.<lambda> at 0x00000255D42342C0>
B00880,<function corrupt_name.<locals>.<lambda> at 0x00000255D4234680>,<function corrupt_address.<locals>.<lambda> at 0x00000255D42340E0>,New York,New York,10561,<function corrupt_phone.<locals>.<lambda> at 0x00000255D4234400>,<function corrupt_email.<locals>.<lambda> at 0x00000255D422FD80>,<function corrupt_website.<locals>.<lambda> at 0x00000255D4234040>
B00881,<function corrupt_name.<locals>.<lambda> at 0x00000255D42345E0>,<function corrupt_address.<locals>.<lambda> at 0x00000255D422F380>,Los Angeles,California,90578,,<function corrupt_email.<locals>.<lambda> at 0x00000255D4234720>,<function corrupt_website.<locals>.<lambda> at 0x00000255D42344A0>
B00882,<function corrupt_name.<locals>.<lambda> at 0x00000255D4234860>,<function corrupt_address.<locals>.<lambda> at 0x00000255D4234B80>,Chicago,Illinois,,<function corrupt_phone.<locals>.<lambda> at 0x00000255D42347C0>,<function corrupt_email.<locals>.<lambda> at 0x00000255D4234900>,<function corrupt_website.<locals>.<lambda> at 0x00000255D4234360>
B00883,<function corrupt_name.<locals>.<lambda> at 0x00000255D4234E00>,<function corrupt_address.<locals>.<lambda> at 0x00000255D4234D60>,Houston,Texas,77612,<function corrupt_phone.<locals>.<lambda> at 0x00000255D4234C20>,,
B00884,<function corrupt_name.<locals>.<lambda> at 0x00000255D4234CC0>,<function corrupt_address.<locals>.<lambda> at 0x00000255D4234A40>,,Arizona,85629,<function corrupt_phone.<locals>.<lambda> at 0x00000255D42349A0>,<function corrupt_email.<locals>.<lambda> at 0x00000255D4234EA0>,<function corrupt_website.<locals>.<lambda> at 0x00000255D4234FE0>
B00885,<function corrupt_name.<locals>.<lambda> at 0x00000255D4235620>,<function corrupt_address.<locals>.<lambda> at 0x00000255D4235260>,Philadelphia,Pennsylvania,,<function corrupt_phone.<locals>.<lambda> at 0x00000255D4234AE0>,<function corrupt_email.<locals>.<lambda> at 0x00000255D4234F40>,<function corrupt_website.<locals>.<lambda> at 0x00000255D4235120>
B00886,<function corrupt_name.<locals>.<lambda> at 0x00000255D4235080>,<function corrupt_address.<locals>.<lambda> at 0x00000255D42356C0>,San Antonio,Texas,78863,<function corrupt_phone.<locals>.<lambda> at 0x00000255D42354E0>,<function corrupt_email.<locals>.<lambda> at 0x00000255D42353A0>,<function corrupt_website.<locals>.<lambda> at 0x00000255D4235760>
B00887,<function corrupt_name.<locals>.<lambda> at 0x00000255D4235580>,<function corrupt_address.<locals>.<lambda> at 0x00000255D42359E0>,San Diego,California,,<function corrupt_phone.<locals>.<lambda> at 0x00000255D4235800>,<function corrupt_email.<locals>.<lambda> at 0x00000255D4235300>,<function corrupt_website.<locals>.<lambda> at 0x00000255D4235940>
B00888,<function corrupt_name.<locals>.<lambda> at 0x00000255D4235A80>,<function corrupt_address.<locals>.<lambda> at 0x00000255D4235D00>,Dallas,Texas,75897,<function corrupt_phone.<locals>.<lambda> at 0x00000255D42351C0>,<function corrupt_email.<locals>.<lambda> at 0x00000255D4235BC0>,<function corrupt_website.<locals>.<lambda> at 0x00000255D4235C60>
B00889,<function corrupt_name.<locals>.<lambda> at 0x00000255D4235B20>,<function corrupt_address.<locals>.<lambda> at 0x00000255D4235440>,San Jose,California,95814,<function corrupt_phone.<locals>.<lambda> at 0x00000255D42358A0>,<function corrupt_email.<locals>.<lambda> at 0x00000255D4235EE0>,
B00890,<function corrupt_name.<locals>.<lambda> at 0x00000255D42360C0>,<function corrupt_address.<locals>.<lambda> at 0x00000255D4235E40>,Austin,Texas,74031,<function corrupt_phone.<locals>.<lambda> at 0x00000255D4236020>,<function corrupt_email.<locals>.<lambda> at 0x00000255D4235DA0>,<function corrupt_website.<locals>.<lambda> at 0x00000255D4235F80>
B00891,<function corrupt_name.<locals>.<lambda> at 0x00000255D4236200>,<function corrupt_address.<locals>.<lambda> at 0x00000255D4236160>,Jacksonville,Florida,,,,<function corrupt_website.<locals>.<lambda> at 0x00000255D42362A0>
B00892,<function corrupt_name.<locals>.<lambda> at 0x00000255D4236700>,<function corrupt_address.<locals>.<lambda> at 0x00000255D4236520>,Seattle,Washington,98865,<function corrupt_phone.<locals>.<lambda> at 0x00000255D42363E0>,<function corrupt_email.<locals>.<lambda> at 0x00000255D4236340>,
B00893,<function corrupt_name.<locals>.<lambda> at 0x00000255D4236D40>,<function corrupt_address.<locals>.<lambda> at 0x00000255D42365C0>,,Colorado,80982,<function corrupt_phone.<locals>.<lambda> at 0x00000255D4236840>,<function corrupt_email.<locals>.<lambda> at 0x00000255D4236660>,<function corrupt_website.<locals>.<lambda> at 0x00000255D4236480>
B00894,<function corrupt_name.<locals>.<lambda> at 0x00000255D42368E0>,<function corrupt_address.<locals>.<lambda> at 0x00000255D4236AC0>,Boston,Massachusetts,02906,<function corrupt_phone.<locals>.<lambda> at 0x00000255D4236980>,<function corrupt_email.<locals>.<lambda> at 0x00000255D4236CA0>,<function corrupt_website.<locals>.<lambda> at 0x00000255D4236DE0>
B00895,<function corrupt_name.<locals>.<lambda> at 0x00000255D4237380>,<function corrupt_address.<locals>.<lambda> at 0x00000255D4236F20>,Atlanta,Georgia,31116,<function corrupt_phone.<locals>.<lambda> at 0x00000255D4236E80>,,<function corrupt_website.<locals>.<lambda> at 0x00000255D4236B60>
B00896,<function corrupt_name.<locals>.<lambda> at 0x00000255D4237420>,<function corrupt_address.<locals>.<lambda> at 0x00000255D42367A0>,Miami,Florida,33933,<function corrupt_phone.<locals>.<lambda> at 0x00000255D4236C00>,<function corrupt_email.<locals>.<lambda> at 0x00000255D4236FC0>,<function corrupt_website.<locals>.<lambda> at 0x00000255D4237100>
B00897,<function corrupt_name.<locals>.<lambda> at 0x00000255D4237920>,<function corrupt_address.<locals>.<lambda> at 0x00000255D4237060>,Portland,Oregon,98050,<function corrupt_phone.<locals>.<lambda> at 0x00000255D4237240>,<function corrupt_email.<locals>.<lambda> at 0x00000255D42372E0>,
B00898,<function corrupt_name.<locals>.<lambda> at 0x00000255D42371A0>,<function corrupt_address.<locals>.<lambda> at 0x00000255D4237880>,Detroit,Michigan,49067,<function corrupt_phone.<locals>.<lambda> at 0x00000255D4237600>,<function corrupt_email.<locals>.<lambda> at 0x00000255D4236A20>,<function corrupt_website.<locals>.<lambda> at 0x00000255D42377E0>
B00899,<function corrupt_name.<locals>.<lambda> at 0x00000255D4237A60>,<function corrupt_address.<locals>.<lambda> at 0x00000255D42379C0>,Minneapolis,Minnesota,56284,<function corrupt_phone.<locals>.<lambda> at 0x00000255D4237560>,<function corrupt_email.<locals>.<lambda> at 0x00000255D4237BA0>,<function corrupt_website.<locals>.<lambda> at 0x00000255D4237740>
B00900,<function corrupt_name.<locals>.<lambda> at 0x00000255D42400E0>,<function corrupt_address.<locals>.<lambda> at 0x00000255D4237E20>,New York,New York,10001,<function corrupt_phone.<locals>.<lambda> at 0x00000255D42374C0>,<function corrupt_email.<locals>.<lambda> at 0x00000255D42376A0>,<function corrupt_website.<locals>.<lambda> at 0x00000255D4237C40>
B00901,<function corrupt_name.<locals>.<lambda> at 0x00000255D42402C0>,<function corrupt_address.<locals>.<lambda> at 0x00000255D4237B00>,Los Angeles,California,90018,<function corrupt_phone.<locals>.<lambda> at 0x00000255D4240040>,<function corrupt_email.<locals>.<lambda> at 0x00000255D4237CE0>,<function corrupt_website.<locals>.<lambda> at 0x00000255D4240180>
B00902,<function corrupt_name.<locals>.<lambda> at 0x00000255D4240400>,<function corrupt_address.<locals>.<lambda> at 0x00000255D42405E0>,Chicago,Illinois,60635,,<function corrupt_email.<locals>.<lambda> at 0x00000255D4237D80>,<function corrupt_website.<locals>.<lambda> at 0x00000255D4240360>
B00903,<function corrupt_name.<locals>.<lambda> at 0x00000255D42404A0>,<function corrupt_address.<locals>.<lambda> at 0x00000255D42407C0>,Houston,Texas,77052,<function corrupt_phone.<locals>.<lambda> at 0x00000255D4240540>,,
B00904,<function corrupt_name.<locals>.<lambda> at 0x00000255D4240220>,<function corrupt_address.<locals>.<lambda> at 0x00000255D4240A40>,Phoenix,Arizona,85069,<function corrupt_phone.<locals>.<lambda> at 0x00000255D4240860>,<function corrupt_email.<locals>.<lambda> at 0x00000255D4237EC0>,<function corrupt_website.<locals>.<lambda> at 0x00000255D4240720>
B00905,<function corrupt_name.<locals>.<lambda> at 0x00000255D4240CC0>,<function corrupt_address.<locals>.<lambda> at 0x00000255D42409A0>,Philadelphia,Pennsylvania,19104,<function corrupt_phone.<locals>.<lambda> at 0x00000255D4240AE0>,,<function corrupt_website.<locals>.<lambda> at 0x00000255D4237F60>
B00906,<function corrupt_name.<locals>.<lambda> at 0x00000255D4240900>,<function corrupt_address.<locals>.<lambda> at 0x00000255D4240E00>,San Antonio,Texas,78303,<function corrupt_phone.<locals>.<lambda> at 0x00000255D4240B80>,<function corrupt_email.<locals>.<lambda> at 0x00000255D4240D60>,
B00907,<function corrupt_name.<locals>.<lambda> at 0x00000255D4241120>,<function corrupt_address.<locals>.<lambda> at 0x00000255D4241080>,San Diego,California,92220,<function corrupt_phone.<locals>.<lambda> at 0x00000255D4240F40>,<function corrupt_email.<locals>.<lambda> at 0x00000255D42411C0>,<function corrupt_website.<locals>.<lambda> at 0x00000255D4240C20>
B00908,<function corrupt_name.<locals>.<lambda> at 0x00000255D4241440>,<function corrupt_address.<locals>.<lambda> at 0x00000255D42413A0>,Dallas,Texas,75337,<function corrupt_phone.<locals>.<lambda> at 0x00000255D4241300>,<function corrupt_email.<locals>.<lambda> at 0x00000255D42414E0>,<function corrupt_website.<locals>.<lambda> at 0x00000255D4241580>
B00909,<function corrupt_name.<locals>.<lambda> at 0x00000255D42416C0>,<function corrupt_address.<locals>.<lambda> at 0x00000255D4241760>,,California,95254,<function corrupt_phone.<locals>.<lambda> at 0x00000255D4241260>,<function corrupt_email.<locals>.<lambda> at 0x00000255D4240680>,<function corrupt_website.<locals>.<lambda> at 0x00000255D4241800>
B00910,<function corrupt_name.<locals>.<lambda> at 0x00000255D4241DA0>,<function corrupt_address.<locals>.<lambda> at 0x00000255D4240EA0>,Austin,Texas,73471,<function corrupt_phone.<locals>.<lambda> at 0x00000255D4241940>,,<function corrupt_website.<locals>.<lambda> at 0x00000255D4240FE0>
B00911,<function corrupt_name.<locals>.<lambda> at 0x00000255D42419E0>,<function corrupt_address.<locals>.<lambda> at 0x00000255D4241D00>,Jacksonville,Florida,32286,<function corrupt_phone.<locals>.<lambda> at 0x00000255D4241620>,<function corrupt_email.<locals>.<lambda> at 0x00000255D42418A0>,<function corrupt_website.<locals>.<lambda> at 0x00000255D4241E40>
B00912,<function corrupt_name.<locals>.<lambda> at 0x00000255D4241F80>,<function corrupt_address.<locals>.<lambda> at 0x00000255D4242020>,,Washington,98305,<function corrupt_phone.<locals>.<lambda> at 0x00000255D4241A80>,<function corrupt_email.<locals>.<lambda> at 0x00000255D4241EE0>,<function corrupt_website.<locals>.<lambda> at 0x00000255D4241C60>
B00913,<function corrupt_name.<locals>.<lambda> at 0x00000255D4242480>,<function corrupt_address.<locals>.<lambda> at 0x00000255D4242340>,Denver,Colorado,80422,<function corrupt_phone.<locals>.<lambda> at 0x00000255D4241BC0>,<function corrupt_email.<locals>.<lambda> at 0x00000255D4242160>,<function corrupt_website.<locals>.<lambda> at 0x00000255D42423E0>
B00914,<function corrupt_name.<locals>.<lambda> at 0x00000255D4242660>,<function corrupt_address.<locals>.<lambda> at 0x00000255D4242700>,Boston,Massachusetts,02346,<function corrupt_phone.<locals>.<lambda> at 0x00000255D4242200>,<function corrupt_email.<locals>.<lambda> at 0x00000255D4241B20>,
B00915,<function corrupt_name.<locals>.<lambda> at 0x00000255D42420C0>,<function corrupt_address.<locals>.<lambda> at 0x00000255D4242980>,Atlanta,Georgia,30556,,<function corrupt_email.<locals>.<lambda> at 0x00000255D42425C0>,<function corrupt_website.<locals>.<lambda> at 0x00000255D4242840>
B00916,<function corrupt_name.<locals>.<lambda> at 0x00000255D4242B60>,<function corrupt_address.<locals>.<lambda> at 0x00000255D42428E0>,Miami,Florida,33373,<function corrupt_phone.<locals>.<lambda> at 0x00000255D4242520>,<function corrupt_email.<locals>.<lambda> at 0x00000255D42422A0>,<function corrupt_website.<locals>.<lambda> at 0x00000255D4242C00>
B00917,<function corrupt_name.<locals>.<lambda> at 0x00000255D4243100>,<function corrupt_address.<locals>.<lambda> at 0x00000255D4242E80>,,Oregon,97490,<function corrupt_phone.<locals>.<lambda> at 0x00000255D4242AC0>,<function corrupt_email.<locals>.<lambda> at 0x00000255D4242CA0>,<function corrupt_website.<locals>.<lambda> at 0x00000255D4242DE0>
B00918,<function corrupt_name.<locals>.<lambda> at 0x00000255D42427A0>,<function corrupt_address.<locals>.<lambda> at 0x00000255D4243240>,,,48507,<function corrupt_phone.<locals>.<lambda> at 0x00000255D4243060>,<function corrupt_email.<locals>.<lambda> at 0x00000255D42431A0>,<function corrupt_website.<locals>.<lambda> at 0x00000255D4242D40>
B00919,<function corrupt_name.<locals>.<lambda> at 0x00000255D42434C0>,<function corrupt_address.<locals>.<lambda> at 0x00000255D42432E0>,Minneapolis,Minnesota,55724,<function corrupt_phone.<locals>.<lambda> at 0x00000255D4243380>,<function corrupt_email.<locals>.<lambda> at 0x00000255D4243560>,<function corrupt_website.<locals>.<lambda> at 0x00000255D4243420>
B00920,<function corrupt_name.<locals>.<lambda> at 0x00000255D4242FC0>,<function corrupt_address.<locals>.<lambda> at 0x00000255D4243880>,New York,New York,10341,<function corrupt_phone.<locals>.<lambda> at 0x00000255D4242A20>,<function corrupt_email.<locals>.<lambda> at 0x00000255D4243600>,<function corrupt_website.<locals>.<lambda> at 0x00000255D4243920>
B00921,<function corrupt_name.<locals>.<lambda> at 0x00000255D4243EC0>,<function corrupt_address.<locals>.<lambda> at 0x00000255D42439C0>,Los Angeles,California,90358,,,<function corrupt_website.<locals>.<lambda> at 0x00000255D4243A60>
B00922,<function corrupt_name.<locals>.<lambda> at 0x00000255D4243E20>,<function corrupt_address.<locals>.<lambda> at 0x00000255D4242F20>,Chicago,,60975,<function corrupt_phone.<locals>.<lambda> at 0x00000255D4243B00>,<function corrupt_email.<locals>.<lambda> at 0x00000255D4243740>,<function corrupt_website.<locals>.<lambda> at 0x00000255D42436A0>
B00923,<function corrupt_name.<locals>.<lambda> at 0x00000255D4248180>,<function corrupt_address.<locals>.<lambda> at 0x00000255D4243CE0>,Houston,Texas,77392,<function corrupt_phone.<locals>.<lambda> at 0x00000255D4243C40>,,<function corrupt_website.<locals>.<lambda> at 0x00000255D42437E0>
B00924,<function corrupt_name.<locals>.<lambda> at 0x00000255D4248540>,<function corrupt_address.<locals>.<lambda> at 0x00000255D4243BA0>,Phoenix,Arizona,85409,<function corrupt_phone.<locals>.<lambda> at 0x00000255D4243F60>,,<function corrupt_website.<locals>.<lambda> at 0x00000255D4248220>
B00925,<function corrupt_name.<locals>.<lambda> at 0x00000255D42482C0>,<function corrupt_address.<locals>.<lambda> at 0x00000255D42485E0>,Philadelphia,Pennsylvania,19444,<function corrupt_phone.<locals>.<lambda> at 0x00000255D4248360>,<function corrupt_email.<locals>.<lambda> at 0x00000255D4243D80>,<function corrupt_website.<locals>.<lambda> at 0x00000255D42484A0>
B00926,<function corrupt_name.<locals>.<lambda> at 0x00000255D42487C0>,<function corrupt_address.<locals>.<lambda> at 0x00000255D42489A0>,San Antonio,Texas,,<function corrupt_phone.<locals>.<lambda> at 0x00000255D42480E0>,<function corrupt_email.<locals>.<lambda> at 0x00000255D4248860>,<function corrupt_website.<locals>.<lambda> at 0x00000255D4248040>
B00927,<function corrupt_name.<locals>.<lambda> at 0x00000255D4248AE0>,<function corrupt_address.<locals>.<lambda> at 0x00000255D4248CC0>,San Diego,California,,<function corrupt_phone.<locals>.<lambda> at 0x00000255D4248A40>,<function corrupt_email.<locals>.<lambda> at 0x00000255D4248400>,<function corrupt_website.<locals>.<lambda> at 0x00000255D4248680>
B00928,<function corrupt_name.<locals>.<lambda> at 0x00000255D4248FE0>,<function corrupt_address.<locals>.<lambda> at 0x00000255D4248B80>,Dallas,Texas,75677,<function corrupt_phone.<locals>.<lambda> at 0x00000255D4248720>,,<function corrupt_website.<locals>.<lambda> at 0x00000255D4248900>
B00929,<function corrupt_name.<locals>.<lambda> at 0x00000255D42491C0>,<function corrupt_address.<locals>.<lambda> at 0x00000255D4248EA0>,San Jose,California,95594,<function corrupt_phone.<locals>.<lambda> at 0x00000255D4248E00>,<function corrupt_email.<locals>.<lambda> at 0x00000255D4249080>,<function corrupt_website.<locals>.<lambda> at 0x00000255D4249120>
B00930,<function corrupt_name.<locals>.<lambda> at 0x00000255D4249300>,<function corrupt_address.<locals>.<lambda> at 0x00000255D4248F40>,Austin,Texas,73811,<function corrupt_phone.<locals>.<lambda> at 0x00000255D42493A0>,<function corrupt_email.<locals>.<lambda> at 0x00000255D42494E0>,<function corrupt_website.<locals>.<lambda> at 0x00000255D4248D60>
B00931,<function corrupt_name.<locals>.<lambda> at 0x00000255D4249800>,<function corrupt_address.<locals>.<lambda> at 0x00000255D4249760>,Jacksonville,Florida,32626,<function corrupt_phone.<locals>.<lambda> at 0x00000255D4249440>,<function corrupt_email.<locals>.<lambda> at 0x00000255D42496C0>,<function corrupt_website.<locals>.<lambda> at 0x00000255D4249260>
B00932,<function corrupt_name.<locals>.<lambda> at 0x00000255D42499E0>,<function corrupt_address.<locals>.<lambda> at 0x00000255D4249580>,Seattle,Washington,98645,<function corrupt_phone.<locals>.<lambda> at 0x00000255D42498A0>,<function corrupt_email.<locals>.<lambda> at 0x00000255D4249940>,<function corrupt_website.<locals>.<lambda> at 0x00000255D4249BC0>
B00933,<function corrupt_name.<locals>.<lambda> at 0x00000255D4248C20>,<function corrupt_address.<locals>.<lambda> at 0x00000255D4249A80>,Denver,Colorado,80762,<function corrupt_phone.<locals>.<lambda> at 0x00000255D4249C60>,<function corrupt_email.<locals>.<lambda> at 0x00000255D4249B20>,
B00934,<function corrupt_name.<locals>.<lambda> at 0x00000255D4249F80>,<function corrupt_address.<locals>.<lambda> at 0x00000255D4249620>,,Massachusetts,02686,<function corrupt_phone.<locals>.<lambda> at 0x00000255D4249D00>,<function corrupt_email.<locals>.<lambda> at 0x00000255D4249EE0>,
B00935,<function corrupt_name.<locals>.<lambda> at 0x00000255D424A0C0>,<function corrupt_address.<locals>.<lambda> at 0x00000255D424A020>,Atlanta,Georgia,30896,<function corrupt_phone.<locals>.<lambda> at 0x00000255D424A2A0>,<function corrupt_email.<locals>.<lambda> at 0x00000255D424A160>,<function corrupt_website.<locals>.<lambda> at 0x00000255D424A340>
B00936,<function corrupt_name.<locals>.<lambda> at 0x00000255D424A5C0>,<function corrupt_address.<locals>.<lambda> at 0x00000255D424A520>,Miami,Florida,,<function corrupt_phone.<locals>.<lambda> at 0x00000255D424A3E0>,<function corrupt_email.<locals>.<lambda> at 0x00000255D424A200>,<function corrupt_website.<locals>.<lambda> at 0x00000255D4249DA0>
B00937,<function corrupt_name.<locals>.<lambda> at 0x00000255D424AAC0>,<function corrupt_address.<locals>.<lambda> at 0x00000255D424A840>,Portland,Oregon,,<function corrupt_phone.<locals>.<lambda> at 0x00000255D4249E40>,<function corrupt_email.<locals>.<lambda> at 0x00000255D424A8E0>,<function corrupt_website.<locals>.<lambda> at 0x00000255D424A7A0>
B00938,<function corrupt_name.<locals>.<lambda> at 0x00000255D424AC00>,<function corrupt_address.<locals>.<lambda> at 0x00000255D424A480>,Detroit,Michigan,,,<function corrupt_email.<locals>.<lambda> at 0x00000255D424A660>,<function corrupt_website.<locals>.<lambda> at 0x00000255D424AB60>
B00939,<function corrupt_name.<locals>.<lambda> at 0x00000255D424AD40>,<function corrupt_address.<locals>.<lambda> at 0x00000255D424AE80>,Minneapolis,Minnesota,56064,<function corrupt_phone.<locals>.<lambda> at 0x00000255D424AA20>,<function corrupt_email.<locals>.<lambda> at 0x00000255D424A700>,<function corrupt_website.<locals>.<lambda> at 0x00000255D424AF20>
B00940,<function corrupt_name.<locals>.<lambda> at 0x00000255D424B420>,<function corrupt_address.<locals>.<lambda> at 0x00000255D424ACA0>,New York,New York,10681,,,<function corrupt_website.<locals>.<lambda> at 0x00000255D424AFC0>
B00941,<function corrupt_name.<locals>.<lambda> at 0x00000255D424B6A0>,<function corrupt_address.<locals>.<lambda> at 0x00000255D424B2E0>,Los Angeles,California,90698,<function corrupt_phone.<locals>.<lambda> at 0x00000255D424B060>,<function corrupt_email.<locals>.<lambda> at 0x00000255D424B240>,<function corrupt_website.<locals>.<lambda> at 0x00000255D424ADE0>
B00942,<function corrupt_name.<locals>.<lambda> at 0x00000255D424BA60>,<function corrupt_address.<locals>.<lambda> at 0x00000255D424A980>,Chicago,Illinois,,<function corrupt_phone.<locals>.<lambda> at 0x00000255D424B380>,<function corrupt_email.<locals>.<lambda> at 0x00000255D424B560>,<function corrupt_website.<locals>.<lambda> at 0x00000255D424B1A0>
B00943,<function corrupt_name.<locals>.<lambda> at 0x00000255D424BBA0>,<function corrupt_address.<locals>.<lambda> at 0x00000255D424B9C0>,Houston,Texas,77732,<function corrupt_phone.<locals>.<lambda> at 0x00000255D424B7E0>,<function corrupt_email.<locals>.<lambda> at 0x00000255D424B740>,<function corrupt_website.<locals>.<lambda> at 0x00000255D424B100>
B00944,<function corrupt_name.<locals>.<lambda> at 0x00000255D424B920>,<function corrupt_address.<locals>.<lambda> at 0x00000255D424BE20>,Phoenix,Arizona,85749,<function corrupt_phone.<locals>.<lambda> at 0x00000255D424BB00>,<function corrupt_email.<locals>.<lambda> at 0x00000255D424B880>,<function corrupt_website.<locals>.<lambda> at 0x00000255D424B4C0>
B00945,<function corrupt_name.<locals>.<lambda> at 0x00000255D424BD80>,<function corrupt_address.<locals>.<lambda> at 0x00000255D424BEC0>,Philadelphia,Pennsylvania,19784,,<function corrupt_email.<locals>.<lambda> at 0x00000255D424B600>,<function corrupt_website.<locals>.<lambda> at 0x00000255D424C040>
B00946,<function corrupt_name.<locals>.<lambda> at 0x00000255D424BCE0>,<function corrupt_address.<locals>.<lambda> at 0x00000255D424C2C0>,San Antonio,Texas,78983,<function corrupt_phone.<locals>.<lambda> at 0x00000255D424C0E0>,<function corrupt_email.<locals>.<lambda> at 0x00000255D424C180>,<function corrupt_website.<locals>.<lambda> at 0x00000255D424BF60>
B00947,<function corrupt_name.<locals>.<lambda> at 0x00000255D424C220>,<function corrupt_address.<locals>.<lambda> at 0x00000255D424C400>,San Diego,California,92900,<function corrupt_phone.<locals>.<lambda> at 0x00000255D424C5E0>,<function corrupt_email.<locals>.<lambda> at 0x00000255D424C540>,<function corrupt_website.<locals>.<lambda> at 0x00000255D424C4A0>
B00948,<function corrupt_name.<locals>.<lambda> at 0x00000255D424CB80>,<function corrupt_address.<locals>.<lambda> at 0x00000255D424C7C0>,Dallas,Texas,76017,<function corrupt_phone.<locals>.<lambda> at 0x00000255D424C720>,<function corrupt_email.<locals>.<lambda> at 0x00000255D424BC40>,<function corrupt_website.<locals>.<lambda> at 0x00000255D424C900>
B00949,<function corrupt_name.<locals>.<lambda> at 0x00000255D424C360>,<function corrupt_address.<locals>.<lambda> at 0x00000255D424CD60>,San Jose,California,95934,,<function corrupt_email.<locals>.<lambda> at 0x00000255D424C9A0>,<function corrupt_website.<locals>.<lambda> at 0x00000255D424CA40>
B00950,<function corrupt_name.<locals>.<lambda> at 0x00000255D424CFE0>,<function corrupt_address.<locals>.<lambda> at 0x00000255D424CE00>,Austin,Texas,,<function corrupt_phone.<locals>.<lambda> at 0x00000255D424CC20>,<function corrupt_email.<locals>.<lambda> at 0x00000255D424CCC0>,<function corrupt_website.<locals>.<lambda> at 0x00000255D424C680>
B00951,<function corrupt_name.<locals>.<lambda> at 0x00000255D424D3A0>,<function corrupt_address.<locals>.<lambda> at 0x00000255D424D080>,Jacksonville,Florida,32966,<function corrupt_phone.<locals>.<lambda> at 0x00000255D424CAE0>,<function corrupt_email.<locals>.<lambda> at 0x00000255D424C860>,<function corrupt_website.<locals>.<lambda> at 0x00000255D424CEA0>
B00952,<function corrupt_name.<locals>.<lambda> at 0x00000255D424D6C0>,<function corrupt_address.<locals>.<lambda> at 0x00000255D424D300>,Seattle,Washington,98985,<function corrupt_phone.<locals>.<lambda> at 0x00000255D424D440>,<function corrupt_email.<locals>.<lambda> at 0x00000255D424D260>,<function corrupt_website.<locals>.<lambda> at 0x00000255D424CF40>
B00953,<function corrupt_name.<locals>.<lambda> at 0x00000255D424DB20>,<function corrupt_address.<locals>.<lambda> at 0x00000255D424D620>,Denver,Colorado,80202,<function corrupt_phone.<locals>.<lambda> at 0x00000255D424D4E0>,<function corrupt_email.<locals>.<lambda> at 0x00000255D424D580>,<function corrupt_website.<locals>.<lambda> at 0x00000255D424D120>
B00954,<function corrupt_name.<locals>.<lambda> at 0x00000255D424DE40>,<function corrupt_address.<locals>.<lambda> at 0x00000255D424DBC0>,Boston,Massachusetts,02126,<function corrupt_phone.<locals>.<lambda> at 0x00000255D424D760>,<function corrupt_email.<locals>.<lambda> at 0x00000255D424D1C0>,<function corrupt_website.<locals>.<lambda> at 0x00000255D424D940>
B00955,<function corrupt_name.<locals>.<lambda> at 0x00000255D424D9E0>,<function corrupt_address.<locals>.<lambda> at 0x00000255D424D800>,Atlanta,Georgia,,<function corrupt_phone.<locals>.<lambda> at 0x00000255D424DC60>,<function corrupt_email.<locals>.<lambda> at 0x00000255D424DA80>,<function corrupt_website.<locals>.<lambda> at 0x00000255D424D8A0>
B00956,<function corrupt_name.<locals>.<lambda> at 0x00000255D424E200>,<function corrupt_address.<locals>.<lambda> at 0x00000255D424DD00>,Miami,Florida,33153,<function corrupt_phone.<locals>.<lambda> at 0x00000255D424DDA0>,<function corrupt_email.<locals>.<lambda> at 0x00000255D424E020>,<function corrupt_website.<locals>.<lambda> at 0x00000255D424E2A0>
B00957,<function corrupt_name.<locals>.<lambda> at 0x00000255D424E840>,<function corrupt_address.<locals>.<lambda> at 0x00000255D424E0C0>,Portland,Oregon,97270,<function corrupt_phone.<locals>.<lambda> at 0x00000255D424E160>,<function corrupt_email.<locals>.<lambda> at 0x00000255D424E340>,<function corrupt_website.<locals>.<lambda> at 0x00000255D424E3E0>
B00958,<function corrupt_name.<locals>.<lambda> at 0x00000255D424E5C0>,<function corrupt_address.<locals>.<lambda> at 0x00000255D424E700>,Detroit,Michigan,48287,<function corrupt_phone.<locals>.<lambda> at 0x00000255D424E480>,<function corrupt_email.<locals>.<lambda> at 0x00000255D424E7A0>,<function corrupt_website.<locals>.<lambda> at 0x00000255D424E520>
B00959,<function corrupt_name.<locals>.<lambda> at 0x00000255D424EDE0>,<function corrupt_address.<locals>.<lambda> at 0x00000255D424DEE0>,Minneapolis,Minnesota,55504,<function corrupt_phone.<locals>.<lambda> at 0x00000255D424E660>,<function corrupt_email.<locals>.<lambda> at 0x00000255D424DF80>,<function corrupt_website.<locals>.<lambda> at 0x00000255D424EAC0>
B00960,<function corrupt_name.<locals>.<lambda> at 0x00000255D424F100>,<function corrupt_address.<locals>.<lambda> at 0x00000255D424E980>,New York,New York,10121,<function corrupt_phone.<locals>.<lambda> at 0x00000255D424EB60>,<function corrupt_email.<locals>.<lambda> at 0x00000255D424ED40>,<function corrupt_website.<locals>.<lambda> at 0x00000255D424ECA0>
B00961,<function corrupt_name.<locals>.<lambda> at 0x00000255D424F240>,<function corrupt_address.<locals>.<lambda> at 0x00000255D424EC00>,Los Angeles,California,90138,<function corrupt_phone.<locals>.<lambda> at 0x00000255D424EF20>,<function corrupt_email.<locals>.<lambda> at 0x00000255D424EE80>,<function corrupt_website.<locals>.<lambda> at 0x00000255D424E8E0>
B00962,<function corrupt_name.<locals>.<lambda> at 0x00000255D424F740>,<function corrupt_address.<locals>.<lambda> at 0x00000255D424F380>,Chicago,Illinois,60755,<function corrupt_phone.<locals>.<lambda> at 0x00000255D424F2E0>,<function corrupt_email.<locals>.<lambda> at 0x00000255D424F060>,<function corrupt_website.<locals>.<lambda> at 0x00000255D424EA20>
B00963,<function corrupt_name.<locals>.<lambda> at 0x00000255D424F9C0>,<function corrupt_address.<locals>.<lambda> at 0x00000255D424F420>,Houston,Texas,77172,<function corrupt_phone.<locals>.<lambda> at 0x00000255D424F600>,<function corrupt_email.<locals>.<lambda> at 0x00000255D424F1A0>,
B00964,<function corrupt_name.<locals>.<lambda> at 0x00000255D424F7E0>,<function corrupt_address.<locals>.<lambda> at 0x00000255D424F560>,Phoenix,Arizona,85189,,,<function corrupt_website.<locals>.<lambda> at 0x00000255D424F4C0>
B00965,<function corrupt_name.<locals>.<lambda> at 0x00000255D424F6A0>,<function corrupt_address.<locals>.<lambda> at 0x00000255D424EFC0>,Philadelphia,Pennsylvania,19224,<function corrupt_phone.<locals>.<lambda> at 0x00000255D424FBA0>,<function corrupt_email.<locals>.<lambda> at 0x00000255D424FC40>,<function corrupt_website.<locals>.<lambda> at 0x00000255D424F880>
B00966,<function corrupt_name.<locals>.<lambda> at 0x00000255D424FB00>,<function corrupt_address.<locals>.<lambda> at 0x00000255D424FD80>,San Antonio,Texas,78423,<function corrupt_phone.<locals>.<lambda> at 0x00000255D424F920>,<function corrupt_email.<locals>.<lambda> at 0x00000255D424FE20>,<function corrupt_website.<locals>.<lambda> at 0x00000255D424FF60>
B00967,<function corrupt_name.<locals>.<lambda> at 0x00000255D424FCE0>,<function corrupt_address.<locals>.<lambda> at 0x00000255D4254180>,San Diego,California,92340,<function corrupt_phone.<locals>.<lambda> at 0x00000255D42540E0>,<function corrupt_email.<locals>.<lambda> at 0x00000255D4254040>,<function corrupt_website.<locals>.<lambda> at 0x00000255D424FEC0>
B00968,<function corrupt_name.<locals>.<lambda> at 0x00000255D4254360>,<function corrupt_address.<locals>.<lambda> at 0x00000255D42544A0>,Dallas,Texas,75457,<function corrupt_phone.<locals>.<lambda> at 0x00000255D424FA60>,<function corrupt_email.<locals>.<lambda> at 0x00000255D4254540>,<function corrupt_website.<locals>.<lambda> at 0x00000255D42545E0>
B00969,<function corrupt_name.<locals>.<lambda> at 0x00000255D4254860>,<function corrupt_address.<locals>.<lambda> at 0x00000255D42542C0>,San Jose,California,95374,<function corrupt_phone.<locals>.<lambda> at 0x00000255D4254680>,<function corrupt_email.<locals>.<lambda> at 0x00000255D42547C0>,<function corrupt_website.<locals>.<lambda> at 0x00000255D4254900>
B00970,<function corrupt_name.<locals>.<lambda> at 0x00000255D4254CC0>,<function corrupt_address.<locals>.<lambda> at 0x00000255D4254220>,Austin,Texas,73591,<function corrupt_phone.<locals>.<lambda> at 0x00000255D4254AE0>,<function corrupt_email.<locals>.<lambda> at 0x00000255D4254720>,
B00971,<function corrupt_name.<locals>.<lambda> at 0x00000255D4254F40>,<function corrupt_address.<locals>.<lambda> at 0x00000255D4254C20>,Jacksonville,Florida,32406,<function corrupt_phone.<locals>.<lambda> at 0x00000255D4254A40>,<function corrupt_email.<locals>.<lambda> at 0x00000255D4254E00>,
B00972,<function corrupt_name.<locals>.<lambda> at 0x00000255D4254EA0>,<function corrupt_address.<locals>.<lambda> at 0x00000255D42549A0>,Seattle,Washington,98425,<function corrupt_phone.<locals>.<lambda> at 0x00000255D4254FE0>,,<function corrupt_website.<locals>.<lambda> at 0x00000255D4255120>
B00973,<function corrupt_name.<locals>.<lambda> at 0x00000255D4255620>,<function corrupt_address.<locals>.<lambda> at 0x00000255D4254400>,Denver,Colorado,80542,<function corrupt_phone.<locals>.<lambda> at 0x00000255D42551C0>,<function corrupt_email.<locals>.<lambda> at 0x00000255D4254D60>,<function corrupt_website.<locals>.<lambda> at 0x00000255D4255260>
B00974,<function corrupt_name.<locals>.<lambda> at 0x00000255D4254B80>,<function corrupt_address.<locals>.<lambda> at 0x00000255D4255760>,Boston,Massachusetts,,<function corrupt_phone.<locals>.<lambda> at 0x00000255D4255300>,<function corrupt_email.<locals>.<lambda> at 0x00000255D4255080>,<function corrupt_website.<locals>.<lambda> at 0x00000255D4255440>
B00975,<function corrupt_name.<locals>.<lambda> at 0x00000255D42559E0>,<function corrupt_address.<locals>.<lambda> at 0x00000255D42553A0>,Atlanta,Georgia,,<function corrupt_phone.<locals>.<lambda> at 0x00000255D42554E0>,<function corrupt_email.<locals>.<lambda> at 0x00000255D42558A0>,<function corrupt_website.<locals>.<lambda> at 0x00000255D42556C0>
B00976,<function corrupt_name.<locals>.<lambda> at 0x00000255D4255DA0>,<function corrupt_address.<locals>.<lambda> at 0x00000255D4255B20>,Miami,Florida,33493,<function corrupt_phone.<locals>.<lambda> at 0x00000255D4255BC0>,<function corrupt_email.<locals>.<lambda> at 0x00000255D4255800>,
B00977,<function corrupt_name.<locals>.<lambda> at 0x00000255D4256200>,<function corrupt_address.<locals>.<lambda> at 0x00000255D4255C60>,Portland,Oregon,97610,<function corrupt_phone.<locals>.<lambda> at 0x00000255D4255D00>,<function corrupt_email.<locals>.<lambda> at 0x00000255D4255A80>,<function corrupt_website.<locals>.<lambda> at 0x00000255D4255F80>
B00978,<function corrupt_name.<locals>.<lambda> at 0x00000255D4256480>,<function corrupt_address.<locals>.<lambda> at 0x00000255D4256020>,Detroit,Michigan,48627,<function corrupt_phone.<locals>.<lambda> at 0x00000255D4255EE0>,,
B00979,<function corrupt_name.<locals>.<lambda> at 0x00000255D4256340>,<function corrupt_address.<locals>.<lambda> at 0x00000255D42560C0>,Minneapolis,,55844,<function corrupt_phone.<locals>.<lambda> at 0x00000255D42562A0>,<function corrupt_email.<locals>.<lambda> at 0x00000255D4255E40>,<function corrupt_website.<locals>.<lambda> at 0x00000255D42563E0>
B00980,<function corrupt_name.<locals>.<lambda> at 0x00000255D42567A0>,<function corrupt_address.<locals>.<lambda> at 0x00000255D42565C0>,,New York,10461,<function corrupt_phone.<locals>.<lambda> at 0x00000255D4256660>,<function corrupt_email.<locals>.<lambda> at 0x00000255D4256700>,<function corrupt_website.<locals>.<lambda> at 0x00000255D4255580>
B00981,<function corrupt_name.<locals>.<lambda> at 0x00000255D4256520>,<function corrupt_address.<locals>.<lambda> at 0x00000255D4256A20>,Los Angeles,California,90478,<function corrupt_phone.<locals>.<lambda> at 0x00000255D4256160>,<function corrupt_email.<locals>.<lambda> at 0x00000255D42568E0>,<function corrupt_website.<locals>.<lambda> at 0x00000255D4255940>
B00982,<function corrupt_name.<locals>.<lambda> at 0x00000255D4256FC0>,<function corrupt_address.<locals>.<lambda> at 0x00000255D4256DE0>,Chicago,Illinois,61095,<function corrupt_phone.<locals>.<lambda> at 0x00000255D4256C00>,<function corrupt_email.<locals>.<lambda> at 0x00000255D4256CA0>,<function corrupt_website.<locals>.<lambda> at 0x00000255D4256D40>
B00983,<function corrupt_name.<locals>.<lambda> at 0x00000255D4257380>,<function corrupt_address.<locals>.<lambda> at 0x00000255D4256F20>,Houston,Texas,77512,,<function corrupt_email.<locals>.<lambda> at 0x00000255D4256B60>,<function corrupt_website.<locals>.<lambda> at 0x00000255D4256980>
B00984,<function corrupt_name.<locals>.<lambda> at 0x00000255D4257560>,<function corrupt_address.<locals>.<lambda> at 0x00000255D4256AC0>,Phoenix,Arizona,85529,<function corrupt_phone.<locals>.<lambda> at 0x00000255D4256E80>,,<function corrupt_website.<locals>.<lambda> at 0x00000255D4256840>
B00985,<function corrupt_name.<locals>.<lambda> at 0x00000255D42574C0>,<function corrupt_address.<locals>.<lambda> at 0x00000255D4257600>,Philadelphia,Pennsylvania,19564,<function corrupt_phone.<locals>.<lambda> at 0x00000255D4257060>,<function corrupt_email.<locals>.<lambda> at 0x00000255D4257100>,<function corrupt_website.<locals>.<lambda> at 0x00000255D42572E0>
B00986,<function corrupt_name.<locals>.<lambda> at 0x00000255D42571A0>,<function corrupt_address.<locals>.<lambda> at 0x00000255D42576A0>,San Antonio,Texas,78763,<function corrupt_phone.<locals>.<lambda> at 0x00000255D4257880>,<function corrupt_email.<locals>.<lambda> at 0x00000255D4257420>,<function corrupt_website.<locals>.<lambda> at 0x00000255D4257920>
B00987,<function corrupt_name.<locals>.<lambda> at 0x00000255D42579C0>,<function corrupt_address.<locals>.<lambda> at 0x00000255D4257A60>,San Diego,California,92680,,<function corrupt_email.<locals>.<lambda> at 0x00000255D4257740>,<function corrupt_website.<locals>.<lambda> at 0x00000255D4257240>
B00988,<function corrupt_name.<locals>.<lambda> at 0x00000255D4260220>,<function corrupt_address.<locals>.<lambda> at 0x00000255D4257BA0>,Dallas,Texas,75797,<function corrupt_phone.<locals>.<lambda> at 0x00000255D4257D80>,<function corrupt_email.<locals>.<lambda> at 0x00000255D4257C40>,<function corrupt_website.<locals>.<lambda> at 0x00000255D4257EC0>
B00989,<function corrupt_name.<locals>.<lambda> at 0x00000255D4257E20>,<function corrupt_address.<locals>.<lambda> at 0x00000255D42602C0>,San Jose,California,95714,<function corrupt_phone.<locals>.<lambda> at 0x00000255D4257B00>,<function corrupt_email.<locals>.<lambda> at 0x00000255D4260040>,<function corrupt_website.<locals>.<lambda> at 0x00000255D42600E0>
B00990,<function corrupt_name.<locals>.<lambda> at 0x00000255D4260680>,<function corrupt_address.<locals>.<lambda> at 0x00000255D4257CE0>,Austin,Texas,73931,<function corrupt_phone.<locals>.<lambda> at 0x00000255D4260360>,<function corrupt_email.<locals>.<lambda> at 0x00000255D42604A0>,<function corrupt_website.<locals>.<lambda> at 0x00000255D42577E0>
B00991,<function corrupt_name.<locals>.<lambda> at 0x00000255D42605E0>,<function corrupt_address.<locals>.<lambda> at 0x00000255D4260720>,Jacksonville,Florida,32746,<function corrupt_phone.<locals>.<lambda> at 0x00000255D4260180>,<function corrupt_email.<locals>.<lambda> at 0x00000255D4257F60>,<function corrupt_website.<locals>.<lambda> at 0x00000255D4260540>
B00992,<function corrupt_name.<locals>.<lambda> at 0x00000255D4260CC0>,<function corrupt_address.<locals>.<lambda> at 0x00000255D42609A0>,Seattle,Washington,98765,<function corrupt_phone.<locals>.<lambda> at 0x00000255D4260400>,<function corrupt_email.<locals>.<lambda> at 0x00000255D4260900>,<function corrupt_website.<locals>.<lambda> at 0x00000255D42607C0>
B00993,<function corrupt_name.<locals>.<lambda> at 0x00000255D4260C20>,<function corrupt_address.<locals>.<lambda> at 0x00000255D4260B80>,Denver,Colorado,80882,<function corrupt_phone.<locals>.<lambda> at 0x00000255D4260E00>,<function corrupt_email.<locals>.<lambda> at 0x00000255D4260AE0>,<function corrupt_website.<locals>.<lambda> at 0x00000255D4260860>
B00994,<function corrupt_name.<locals>.<lambda> at 0x00000255D4260D60>,<function corrupt_address.<locals>.<lambda> at 0x00000255D4260A40>,Boston,Massachusetts,02806,<function corrupt_phone.<locals>.<lambda> at 0x00000255D4261120>,<function corrupt_email.<locals>.<lambda> at 0x00000255D42611C0>,<function corrupt_website.<locals>.<lambda> at 0x00000255D4260F40>
B00995,<function corrupt_name.<locals>.<lambda> at 0x00000255D4260EA0>,<function corrupt_address.<locals>.<lambda> at 0x00000255D4261080>,,Georgia,31016,<function corrupt_phone.<locals>.<lambda> at 0x00000255D42613A0>,,
B00996,<function corrupt_name.<locals>.<lambda> at 0x00000255D42619E0>,<function corrupt_address.<locals>.<lambda> at 0x00000255D4261440>,Miami,Florida,33833,<function corrupt_phone.<locals>.<lambda> at 0x00000255D4261260>,<function corrupt_email.<locals>.<lambda> at 0x00000255D4260FE0>,<function corrupt_website.<locals>.<lambda> at 0x00000255D4261620>
B00997,<function corrupt_name.<locals>.<lambda> at 0x00000255D42618A0>,<function corrupt_address.<locals>.<lambda> at 0x00000255D4261940>,Portland,Oregon,97950,<function corrupt_phone.<locals>.<lambda> at 0x00000255D4261760>,<function corrupt_email.<locals>.<lambda> at 0x00000255D4261580>,<function corrupt_website.<locals>.<lambda> at 0x00000255D42616C0>
B00998,<function corrupt_name.<locals>.<lambda> at 0x00000255D4261300>,<function corrupt_address.<locals>.<lambda> at 0x00000255D4261B20>,Detroit,Michigan,48967,<function corrupt_phone.<locals>.<lambda> at 0x00000255D4261C60>,<function corrupt_email.<locals>.<lambda> at 0x00000255D42614E0>,<function corrupt_website.<locals>.<lambda> at 0x00000255D4261A80>
B00999,<function corrupt_name.<locals>.<lambda> at 0x00000255D4261BC0>,<function corrupt_address.<locals>.<lambda> at 0x00000255D4261800>,Minneapolis,Minnesota,,<function corrupt_phone.<locals>.<lambda> at 0x00000255D4261E40>,<function corrupt_email.<locals>.<lambda> at 0x00000255D4261DA0>,<function corrupt_website.<locals>.<lambda> at 0x00000255D4261EE0>
