record_id_a,record_id_b,probability,actual,prediction,name_similarity,name_fuzzy,name_token_similarity,name_token_sort,address_similarity,address_token_similarity,city_similarity,state_similarity,postal_similarity,phone_similarity,email_similarity,website_similarity,website_domain_exact,missing_field_count,strong_identifier_count,identity_evidence_score,geographic_evidence_score,geographic_only_match,name_contact_agreement,strong_conflict_count,error_type
A00410,B00462,3.2857031607427788e-09,0,0,0.1999999999999999,0.2918918918918919,0.1666666666666667,0.1666666666666666,0.1764705882352941,0.2195121951219512,0.1538461538461538,0.1538461538461538,0.1818181818181817,0.4615384615384615,0.0,0.202247191011236,0.0,1.0,0,0.2541147775513355,0.1608391608391608,0.0,0.071598028451961,1,correct
A00543,B00975,3.758137683627005e-05,0,0,0.2666666666666667,0.4714285714285715,0.2696629213483146,0.2696629213483146,0.1515151515151515,0.2,0.2857142857142857,0.3333333333333333,0.0,0.3846153846153846,0.28,0.276595744680851,0.0,1.0,0,0.341841010053776,0.2285714285714285,0.0,0.1512460135609072,2,correct
A00548,B00783,3.759160063169516e-05,0,0,0.2465753424657534,0.45,0.2758620689655173,0.2758620689655172,0.2028985507246377,0.1927710843373493,0.1538461538461538,1.0,0.3636363636363636,0.0,0.2653061224489795,0.2608695652173913,0.0,1.0,0,0.2524805700174255,0.4601398601398602,0.0,0.07103371783496,2,correct
A00436,B00787,2.8725171979966557e-05,0,0,0.2571428571428571,0.3891891891891892,0.2380952380952381,0.2380952380952381,0.2597402597402597,0.2197802197802197,0.3076923076923077,0.0,0.0,0.3846153846153846,0.2736842105263157,0.2471910112359551,0.0,1.0,0,0.3157671609002182,0.1384615384615384,0.0,0.120690961443179,3,correct
A00200,B00750,4.801717994558629e-09,0,0,0.2191780821917808,0.315,0.1839080459770115,0.1839080459770115,0.1764705882352941,0.2439024390243902,0.1538461538461538,0.1666666666666666,0.3636363636363636,0.3703703703703704,0.2448979591836735,0.217391304347826,0.0,0.0,0,0.286697951408677,0.2101398601398601,0.0,0.0903530020703933,2,correct
A00966,B00706,0.281550368524459,0,0,0.2249999999999999,0.3033870967741935,0.2340425531914893,0.2340425531914893,0.2597402597402597,0.2417582417582417,1.0,1.0,0.0,0.3478260869565217,0.0,0.2222222222222222,0.0,2.0,0,0.2422663281085441,0.75,1.0,0.0624361851332398,1,correct
A00131,B00131,0.9984518442976664,1,1,0.1944444444444444,0.3345652173913043,0.2325581395348837,0.2325581395348837,0.1428571428571429,0.1904761904761905,1.0,1.0,0.9090909090909092,0.0,0.2680412371134021,0.0,0.0,2.0,0,0.1786709888796397,0.9772727272727272,1.0,0.0269031824294038,1,correct
A00624,B00799,0.0004740400289816606,0,0,0.1944444444444444,0.3692307692307692,0.2093023255813953,0.2093023255813954,0.2162162162162162,0.1818181818181818,0.3333333333333333,0.0,0.3636363636363636,0.3703703703703704,0.0,0.2197802197802197,0.0,2.0,0,0.2541739741739742,0.2409090909090909,0.0,0.0790457405842021,1,correct
A00597,B00012,1.7287601129569342e-06,0,0,0.2162162162162162,0.351219512195122,0.2045454545454545,0.2045454545454546,0.1818181818181817,0.175,0.2666666666666667,0.375,0.5454545454545454,0.3846153846153846,0.2424242424242424,0.0,0.0,1.0,0,0.2536525669452499,0.3688636363636364,0.0,0.0795770083574961,1,correct
A00109,B00723,2.3364470387571597e-06,0,0,0.1944444444444444,0.3345652173913043,0.2093023255813953,0.2093023255813954,0.1690140845070422,0.1647058823529411,0.2857142857142857,0.1333333333333333,0.0,0.3478260869565217,0.2680412371134021,0.1978021978021977,0.0,1.0,0,0.2727524743166238,0.1685714285714285,0.0,0.093304707180645,2,correct
A00708,B00128,0.5974229970947914,0,0,0.2058823529411765,0.4114285714285715,0.1951219512195122,0.1951219512195121,0.1999999999999999,0.1904761904761905,1.0,1.0,0.7272727272727273,0.2962962962962963,0.0,0.2298850574712644,0.0,1.0,0,0.2552658274037584,0.931818181818182,1.0,0.0771362889983579,2,correct
A00760,B00560,0.9300356655129781,0,1,0.2432432432432432,0.4390243902439025,0.2954545454545454,0.2954545454545454,0.1764705882352941,0.2439024390243902,1.0,1.0,0.7272727272727273,0.0,0.2626262626262626,0.2580645161290322,0.0,1.0,0,0.258591421691343,0.931818181818182,1.0,0.0685787854945998,2,false_positive
A00816,B00736,0.5598938252898198,0,0,0.2337662337662337,0.3063829787234043,0.2197802197802197,0.2197802197802197,0.2631578947368421,0.2222222222222223,1.0,1.0,0.5454545454545454,0.4615384615384615,0.2745098039215686,0.25,0.0,0.0,0,0.3073435009573933,0.8863636363636364,1.0,0.1047732742851641,2,correct
A00403,B00701,3.336461223344209e-09,0,0,0.2058823529411765,0.36,0.1707317073170732,0.1707317073170732,0.1492537313432835,0.2222222222222223,0.3529411764705882,0.1333333333333333,0.1818181818181817,0.3199999999999999,0.2795698924731182,0.0,0.0,1.0,0,0.2583799283154122,0.2442780748663101,0.0,0.0762735483870967,1,correct
A00676,B00036,0.45827153163087386,0,0,0.2222222222222222,0.4153846153846154,0.2093023255813953,0.2093023255813954,0.2597402597402597,0.2197802197802197,1.0,1.0,0.7272727272727273,0.3846153846153846,0.2474226804123711,0.2417582417582418,0.0,0.0,0,0.3188716438200974,0.931818181818182,1.0,0.1248647942065864,2,correct
A00200,B00840,0.4686077497650458,0,0,0.2191780821917808,0.315,0.1839080459770115,0.1839080459770115,0.1764705882352941,0.2195121951219512,1.0,1.0,0.7272727272727273,0.3703703703703704,0.2448979591836735,0.0,0.0,1.0,0,0.2492112069760153,0.931818181818182,1.0,0.0698095238095238,1,correct
A00409,B00601,2.917043000341735e-06,0,0,0.1690140845070422,0.3497727272727273,0.2117647058823529,0.2117647058823529,0.1690140845070422,0.1411764705882353,0.4705882352941176,1.0,0.1818181818181817,0.3333333333333333,0.0,0.0,0.0,2.0,0,0.1998337789661319,0.5572192513368983,0.0,0.0466363636363636,0,correct
A00781,B00696,4.130700478773431e-09,0,0,0.2666666666666667,0.4714285714285715,0.2921348314606742,0.2921348314606742,0.1999999999999999,0.2142857142857143,0.1333333333333333,0.5882352941176471,0.1818181818181817,0.3199999999999999,0.26,0.276595744680851,0.0,0.0,0,0.3287750759878419,0.2819251336898395,0.0,0.1362328267477203,2,correct
A00655,B00715,0.01851869407338392,0,0,0.24,0.3857142857142858,0.2247191011235955,0.2247191011235955,0.1470588235294118,0.1707317073170732,1.0,1.0,0.5454545454545454,0.3199999999999999,0.26,0.2340425531914893,0.0,0.0,0,0.2879670101564238,0.8863636363636364,1.0,0.1065392097264437,2,correct
A00622,B00602,0.5487350185162664,0,0,0.1621621621621621,0.3073170731707316,0.159090909090909,0.159090909090909,0.1194029850746268,0.1728395061728395,1.0,1.0,0.0,0.4166666666666666,0.2424242424242424,0.1935483870967742,0.0,1.0,0,0.2754922509472732,0.75,1.0,0.0914140619412059,2,correct
A00477,B00863,1.796080958570458e-06,0,0,0.282051282051282,0.3832758620689654,0.3043478260869565,0.3043478260869565,0.1818181818181817,0.175,0.4,0.1818181818181817,0.5454545454545454,0.2307692307692307,0.2912621359223301,0.2680412371134021,0.0,0.0,0,0.2800321107298956,0.3709090909090909,0.0,0.0996895550823327,3,correct
A00644,B00924,0.5134974197008589,0,0,0.2253521126760563,0.4263157894736842,0.1882352941176471,0.188235294117647,0.2162162162162162,0.2045454545454545,1.0,1.0,0.7272727272727273,0.3846153846153846,0.0,0.2444444444444444,0.0,1.0,0,0.2823935713409398,0.931818181818182,1.0,0.0968502024291498,1,correct
A00217,B00750,1.1807023620669277e-07,0,0,0.1999999999999999,0.3891891891891892,0.2142857142857143,0.2142857142857143,0.1818181818181817,0.175,0.2857142857142857,0.1818181818181817,0.3636363636363636,0.2962962962962963,0.2736842105263157,0.2247191011235955,0.0,0.0,0,0.2857765127635027,0.274025974025974,0.0,0.1043180803511968,3,correct
A00394,B00027,1.9352383269119394e-06,0,0,0.2077922077922077,0.3681818181818182,0.2197802197802197,0.2197802197802197,0.2162162162162162,0.1818181818181818,0.2857142857142857,0.1739130434782608,0.6,0.4,0.2549019607843137,0.2291666666666666,0.0,0.0,0,0.2994284759358289,0.3307453416149068,0.0,0.1123766711229946,2,correct
A00161,B00161,0.8359641647085051,1,1,0.2337662337662337,0.4,0.217391304347826,0.217391304347826,0.1714285714285713,0.2380952380952381,1.0,1.0,0.9090909090909092,0.3076923076923077,0.2745098039215686,0.25,0.0,0.0,0,0.3078339797457444,0.9772727272727272,1.0,0.1121719457013574,2,correct
A00215,B00470,2.6037628341178657e-07,0,0,0.2133333333333333,0.3857142857142858,0.2247191011235955,0.2247191011235955,0.088235294117647,0.1951219512195122,0.4615384615384615,0.3333333333333333,0.1818181818181817,0.48,0.26,0.0,0.0,1.0,0,0.2897386759581882,0.3531468531468531,0.0,0.1041428571428571,1,correct
A00474,B00793,0.020779795687413546,0,0,0.2784810126582279,0.33,0.2365591397849462,0.2365591397849462,0.2162162162162162,0.1818181818181818,0.1666666666666666,0.0,0.0,0.3076923076923077,0.2884615384615384,0.2653061224489795,0.0,2.0,0,0.2799672470386756,0.0749999999999999,0.0,0.0954383830455259,2,correct
A00192,B00725,9.258770219357933e-08,0,0,0.1999999999999999,0.3405405405405405,0.1904761904761905,0.1904761904761904,0.1194029850746268,0.1728395061728395,0.2105263157894736,0.1818181818181817,0.3636363636363636,0.4166666666666666,0.2526315789473684,0.0,0.0,1.0,0,0.2579581335721686,0.2401913875598086,0.0,0.0825661450924609,1,correct
A00664,B00450,3.591013631412047e-05,0,0,0.2253521126760563,0.4263157894736842,0.1882352941176471,0.188235294117647,0.2162162162162162,0.2272727272727273,0.1538461538461538,0.1666666666666666,0.0,0.48,0.2916666666666666,0.0,0.0,2.0,0,0.3130992822966508,0.1192307692307692,0.0,0.1191552631578947,1,correct
A00531,B00751,0.9195543233658038,0,1,0.2597402597402597,0.45,0.3076923076923077,0.3076923076923077,0.1714285714285713,0.1904761904761905,1.0,1.0,0.7272727272727273,0.4615384615384615,0.2745098039215686,0.2708333333333333,0.0,0.0,0,0.3472044009911657,0.931818181818182,1.0,0.1566982466063348,2,false_positive
A00465,B00865,0.4160438299465916,0,0,0.2564102564102564,0.3358928571428572,0.2391304347826087,0.2391304347826086,0.088235294117647,0.1707317073170732,1.0,1.0,0.7272727272727273,0.3076923076923077,0.2912621359223301,0.2474226804123711,0.0,0.0,0,0.2772553825949385,0.931818181818182,1.0,0.0956227739581007,2,correct
A00995,B00913,1.2711961087632464e-09,0,0,0.2597402597402597,0.3358928571428572,0.2417582417582417,0.2417582417582418,0.088235294117647,0.1707317073170732,0.1538461538461538,0.4,0.1818181818181817,0.3199999999999999,0.2549019607843137,0.25,0.0,0.0,0,0.2746494927239188,0.2346853146853146,0.0,0.0938721743697479,2,correct
A00703,B00788,9.503639319803222e-06,0,0,0.2285714285714285,0.4378378378378379,0.2142857142857143,0.2142857142857143,0.1492537313432835,0.1728395061728395,0.1538461538461538,1.0,0.3636363636363636,0.4615384615384615,0.2526315789473684,0.2471910112359551,0.0,0.0,0,0.3332003334211101,0.4601398601398602,0.0,0.146483973488113,2,correct
A00117,B00670,5.212183703159348e-06,0,0,0.2465753424657534,0.36,0.2528735632183908,0.2528735632183908,0.1818181818181817,0.2,0.2857142857142857,0.1818181818181817,0.7272727272727273,0.4,0.2653061224489795,0.217391304347826,0.0,0.0,0,0.3004046140195208,0.3649350649350649,0.0,0.109731322094055,2,correct
A00301,B00301,0.9025805123729219,1,1,0.1866666666666666,0.3428571428571428,0.2247191011235955,0.2247191011235955,0.1428571428571429,0.1904761904761905,1.0,1.0,0.9090909090909092,0.3076923076923077,0.26,0.0,0.0,1.0,0,0.2414908424908425,0.9772727272727272,1.0,0.0689406593406593,1,correct
A00946,B00946,0.5177948210047214,1,0,0.25,0.3,0.2093023255813953,0.2093023255813954,0.2597402597402597,0.2637362637362638,1.0,1.0,0.9090909090909092,0.3199999999999999,0.3092783505154639,0.2197802197802197,0.0,0.0,0,0.2861060382916053,0.9772727272727272,1.0,0.0860152713266115,1,false_negative
A00685,B00323,4.862442511473721e-09,0,0,0.2222222222222222,0.3692307692307692,0.255813953488372,0.2558139534883721,0.088235294117647,0.1951219512195122,0.1052631578947368,0.2352941176470588,0.1818181818181817,0.4615384615384615,0.2474226804123711,0.2417582417582418,0.0,0.0,0,0.3154784516464174,0.1634112018012946,0.0,0.1223518749291945,2,correct
A00513,B00513,0.955368460548296,1,1,0.2318840579710145,0.4,0.1686746987951806,0.1686746987951807,0.1492537313432835,0.1975308641975308,1.0,1.0,0.9090909090909092,0.4,0.0,0.25,0.0,1.0,0,0.2770061728395062,0.9772727272727272,1.0,0.094,1,correct
A00678,B00795,1.1241981729581249e-09,0,0,0.2777777777777778,0.4615384615384615,0.2325581395348837,0.2325581395348837,0.1999999999999999,0.2142857142857143,0.2857142857142857,0.2666666666666667,0.0,0.3199999999999999,0.0,0.2857142857142857,0.0,1.0,0,0.2881758241758241,0.2085714285714285,0.0,0.0986373626373626,2,correct
A00830,B00307,1.2966597712343813e-09,0,0,0.2191780821917808,0.2930232558139535,0.2298850574712644,0.2298850574712644,0.1764705882352941,0.2195121951219512,0.2857142857142857,0.1333333333333333,0.1818181818181817,0.3199999999999999,0.0,0.0,0.0,2.0,0,0.1958094157685763,0.2140259740259739,0.0,0.037506976744186,0,correct
A00681,B00806,9.488813193165228e-07,0,0,0.2432432432432432,0.4285714285714285,0.2247191011235955,0.2247191011235955,0.1428571428571429,0.2142857142857143,0.3,0.1333333333333333,0.3636363636363636,0.0,0.2828282828282829,0.2580645161290322,0.0,1.0,0,0.2525624912721687,0.2659090909090909,0.0,0.0695433598659405,2,correct
A00212,B00092,0.1850259494332265,0,0,0.1666666666666666,0.323076923076923,0.186046511627907,0.1860465116279069,0.1194029850746268,0.148148148148148,1.0,1.0,0.5454545454545454,0.2608695652173913,0.2474226804123711,0.0,0.0,1.0,0,0.2158400216580404,0.8863636363636364,1.0,0.0576933420680619,2,correct
A00718,B00873,3.676636622696513e-06,0,0,0.2816901408450704,0.4736842105263159,0.2588235294117646,0.2588235294117647,0.1999999999999999,0.1666666666666667,0.4615384615384615,0.25,0.3636363636363636,0.5,0.0,0.2888888888888888,0.0,1.0,0,0.3187719298245615,0.3736013986013986,0.0,0.1357894736842105,1,correct
A00667,B00667,0.9598597003114192,1,1,0.2285714285714285,0.3891891891891892,0.1904761904761905,0.1904761904761904,0.1818181818181817,0.175,1.0,1.0,0.9090909090909092,0.4,0.2526315789473684,0.2471910112359551,0.0,0.0,0,0.3067301452842553,0.9772727272727272,1.0,0.1206279348538367,2,correct
A00062,B00848,1.5593655497307386e-08,0,0,0.1714285714285713,0.2918918918918919,0.1428571428571429,0.1428571428571429,0.1194029850746268,0.1728395061728395,0.1538461538461538,0.1538461538461538,0.3636363636363636,0.3846153846153846,0.2526315789473684,0.202247191011236,0.0,0.0,0,0.267290361219003,0.2062937062937063,0.0,0.084739072329847,2,correct
A00959,B00010,8.943487937587206e-10,0,0,0.3055555555555556,0.3375,0.2325581395348837,0.2325581395348837,0.1690140845070422,0.1411764705882353,0.2352941176470588,0.2857142857142857,0.1818181818181817,0.3076923076923077,0.0,0.2637362637362637,0.0,1.0,0,0.2305841952165482,0.2370511841100076,0.0,0.0682417582417582,1,correct
A00719,B00641,1.0302010622241211e-08,0,0,0.2352941176470588,0.36,0.2195121951219512,0.2195121951219512,0.1690140845070422,0.1647058823529411,0.3809523809523809,0.3157894736842105,0.1818181818181817,0.3333333333333333,0.2580645161290322,0.2528735632183908,0.0,0.0,0,0.2842485550393683,0.31161995898838,0.0,0.1031813125695216,2,correct
A00965,B00965,0.9387792219970258,1,1,0.2531645569620253,0.3135,0.2365591397849462,0.2365591397849462,0.1176470588235294,0.1707317073170732,1.0,1.0,0.9090909090909092,0.25,0.25,0.2653061224489795,0.0,0.0,0,0.2554922598307615,0.9772727272727272,1.0,0.0798145408163265,3,correct
A00830,B00111,5.050617226673988e-08,0,0,0.2191780821917808,0.2930232558139535,0.2298850574712644,0.2298850574712644,0.1764705882352941,0.1951219512195122,0.3333333333333333,0.1666666666666666,0.3636363636363636,0.3333333333333333,0.2653061224489795,0.2391304347826086,0.0,0.0,0,0.2692635172394934,0.2909090909090909,0.0,0.0834132601473349,2,correct
A00045,B00310,2.3493723562258792e-07,0,0,0.2285714285714285,0.3405405405405405,0.1666666666666667,0.1666666666666666,0.088235294117647,0.1707317073170732,0.2222222222222222,0.2352941176470588,0.3636363636363636,0.4615384615384615,0.2526315789473684,0.2471910112359551,0.0,0.0,0,0.3035895844607676,0.2614973262032085,0.0,0.1139319793796434,2,correct
A00133,B00497,6.5134338654742575e-09,0,0,0.1944444444444444,0.3345652173913043,0.2325581395348837,0.2325581395348837,0.1492537313432835,0.2469135802469135,0.1428571428571429,0.4285714285714286,0.1818181818181817,0.3846153846153846,0.2680412371134021,0.2197802197802197,0.0,0.0,0,0.2998485767238942,0.2383116883116883,0.0,0.1004339994384817,2,correct
A00764,B00764,0.9861716869424222,1,1,0.25,0.4615384615384615,0.2790697674418605,0.2790697674418605,0.2162162162162162,0.1818181818181818,1.0,1.0,0.9090909090909092,0.4444444444444444,0.2886597938144329,0.0,0.0,1.0,0,0.3070130327862286,0.9772727272727272,1.0,0.1220195611948189,1,correct
A00826,B00570,0.00018145901876848527,0,0,0.2432432432432432,0.288,0.2045454545454545,0.2045454545454546,0.2631578947368421,0.2222222222222223,0.375,1.0,0.3636363636363636,0.48,0.2828282828282829,0.2365591397849462,0.0,0.0,0,0.3047525578364288,0.5596590909090909,0.0,0.1001710733137829,2,correct
A00537,B00899,2.884191110814013e-07,0,0,0.2432432432432432,0.4390243902439025,0.25,0.25,0.1846153846153846,0.1772151898734176,0.3157894736842105,0.2666666666666667,0.1818181818181817,0.5185185185185186,0.2828282828282829,0.2580645161290322,0.0,0.0,0,0.3519879785951552,0.2675598086124402,0.0,0.1622964499439716,2,correct
A00205,B00505,0.20480964276520958,0,0,0.2191780821917808,0.36,0.2298850574712644,0.2298850574712644,0.1176470588235294,0.1463414634146342,1.0,1.0,0.7272727272727273,0.3076923076923077,0.2448979591836735,0.2391304347826086,0.0,0.0,0,0.2714110133163307,0.931818181818182,1.0,0.0965827588560507,2,correct
A00959,B00719,0.594147519546375,0,0,0.3055555555555556,0.3375,0.2325581395348837,0.2325581395348837,0.1690140845070422,0.1411764705882353,1.0,1.0,0.5454545454545454,0.0,0.2680412371134021,0.2637362637362637,0.0,1.0,0,0.2092519192450969,0.8863636363636364,1.0,0.0538424719610286,2,correct
A00422,B00453,6.57748276695379e-10,0,0,0.1971830985915492,0.3109090909090909,0.1882352941176471,0.188235294117647,0.1194029850746268,0.1728395061728395,0.0,0.25,0.1818181818181817,0.3846153846153846,0.2708333333333333,0.1999999999999999,0.0,0.0,0,0.2753887054303721,0.1204545454545454,0.0,0.0917480769230769,2,correct
A00185,B00185,0.8369292445556638,1,1,0.1643835616438356,0.315,0.1839080459770115,0.1839080459770115,0.088235294117647,0.1463414634146342,1.0,1.0,0.0,0.2962962962962963,0.2448979591836735,0.0,0.0,2.0,0,0.2197622458197371,0.75,1.0,0.0604761904761904,2,correct
A00434,B00127,2.9371173238495743e-08,0,0,0.2285714285714285,0.3428571428571428,0.1666666666666667,0.1666666666666666,0.2162162162162162,0.2272727272727273,0.2857142857142857,0.1739130434782608,0.4,0.3076923076923077,0.2736842105263157,0.0,0.0,1.0,0,0.2509027814290972,0.2807453416149068,0.0,0.0703481781376518,1,correct
A00020,B00970,2.5159170545825588e-08,0,0,0.2465753424657534,0.315,0.1839080459770115,0.1839080459770115,0.1791044776119402,0.2222222222222223,0.1538461538461538,0.1666666666666666,0.3636363636363636,0.4,0.2653061224489795,0.0,0.0,1.0,0,0.2587403628117914,0.2101398601398601,0.0,0.0754714285714285,1,correct
A00662,B00542,0.016412257823563058,0,0,0.1643835616438356,0.315,0.160919540229885,0.1609195402298851,0.1194029850746268,0.1728395061728395,1.0,1.0,0.5454545454545454,0.3199999999999999,0.2448979591836735,0.1956521739130434,0.0,0.0,0,0.2591504211990754,0.8863636363636364,1.0,0.0819519875776397,2,correct
A00579,B00579,0.9972354417837436,1,1,0.1944444444444444,0.323076923076923,0.186046511627907,0.1860465116279069,0.1690140845070422,0.1411764705882353,1.0,1.0,0.9090909090909092,0.5,0.2474226804123711,0.0,0.0,1.0,0,0.2622717731025796,0.9772727272727272,1.0,0.0885963521015067,1,correct
A00094,B00394,0.7689986077053625,0,1,0.16,0.3,0.2022471910112359,0.202247191011236,0.2162162162162162,0.2045454545454545,1.0,1.0,0.6666666666666667,0.4444444444444444,0.0,0.2127659574468084,0.0,1.0,0,0.2517128734150011,0.9166666666666669,1.0,0.0724822695035461,1,false_positive
A00337,B00235,4.955260169707861e-06,0,0,0.1944444444444444,0.3717391304347825,0.2325581395348837,0.2325581395348837,0.1818181818181817,0.2,0.5333333333333333,0.4615384615384615,0.3636363636363636,0.4615384615384615,0.2474226804123711,0.2197802197802197,0.0,0.0,0,0.3139098664670157,0.4693706293706293,0.0,0.1207320424980667,2,correct
A00888,B00567,6.882544153032391e-08,0,0,0.2337662337662337,0.2680851063829787,0.1758241758241757,0.1758241758241758,0.1999999999999999,0.2142857142857143,0.1428571428571429,0.1333333333333333,0.3636363636363636,0.48,0.2745098039215686,0.2083333333333333,0.0,0.0,0,0.2917091453602717,0.1951948051948052,0.0,0.0903052565707134,2,correct
A00087,B00147,0.10165869674497686,0,0,0.2368421052631578,0.3166666666666666,0.2444444444444444,0.2444444444444444,0.1818181818181817,0.2,1.0,1.0,0.7272727272727273,0.3076923076923077,0.2574257425742574,0.2105263157894736,0.0,0.0,0,0.2667312702930212,0.931818181818182,1.0,0.0834298045189134,2,correct
A00880,B00675,1.806976455699523e-08,0,0,0.3037974683544303,0.3,0.2150537634408601,0.2150537634408602,0.1764705882352941,0.2195121951219512,0.1428571428571429,0.4285714285714286,0.3636363636363636,0.3199999999999999,0.3076923076923077,0.2857142857142857,0.0,0.0,0,0.2869134280353793,0.2837662337662338,0.0,0.0918065934065934,1,correct
A00142,B00142,0.8848085603021646,1,1,0.1944444444444444,0.297391304347826,0.2325581395348837,0.2325581395348837,0.1194029850746268,0.1975308641975308,1.0,1.0,0.9090909090909092,0.3199999999999999,0.2680412371134021,0.2197802197802197,0.0,0.0,0,0.2658967826778973,0.9772727272727272,1.0,0.081588244762857,2,correct
A00013,B00053,0.8192186325338322,0,1,0.2162162162162162,0.3073170731707316,0.2045454545454545,0.2045454545454546,0.1515151515151515,0.2,1.0,1.0,0.7272727272727273,0.4615384615384615,0.2626262626262626,0.2150537634408602,0.0,0.0,0,0.2961548181689803,0.931818181818182,1.0,0.100775227919209,2,false_positive
A00687,B00687,0.9804510030110188,1,1,0.2191780821917808,0.320625,0.2298850574712644,0.2298850574712644,0.1818181818181817,0.2,1.0,1.0,0.9090909090909092,0.48,0.2448979591836735,0.217391304347826,0.0,0.0,0,0.3015308895297249,0.9772727272727272,1.0,0.1060264485359361,2,correct
A00917,B00917,0.9269671907098594,1,1,0.2857142857142857,0.3214285714285714,0.2417582417582417,0.2417582417582418,0.1818181818181817,0.2,0.0,1.0,0.9090909090909092,0.3199999999999999,0.2941176470588235,0.2291666666666666,0.0,1.0,0,0.2789212184873949,0.5272727272727272,0.0,0.0916024159663865,2,correct
A00338,B00578,0.8599119117767858,0,1,0.1971830985915492,0.3497727272727273,0.2588235294117646,0.2588235294117647,0.2285714285714285,0.2142857142857143,1.0,1.0,0.0,0.0,0.2291666666666666,0.2222222222222222,0.0,2.0,0,0.2154972943722943,0.75,1.0,0.0473650568181818,2,false_positive
A00998,B00670,5.2311794833535444e-08,0,0,0.3076923076923077,0.3832758620689654,0.2826086956521739,0.2826086956521739,0.2285714285714285,0.1904761904761905,0.3076923076923077,0.1538461538461538,0.3636363636363636,0.3199999999999999,0.2912621359223301,0.2886597938144329,0.0,0.0,0,0.3040662861764421,0.2755244755244755,0.0,0.1157403336105943,2,correct
A00133,B00913,0.14224638293165534,0,0,0.1944444444444444,0.3345652173913043,0.2325581395348837,0.2325581395348837,0.1492537313432835,0.2222222222222223,1.0,1.0,0.5454545454545454,0.4,0.2680412371134021,0.2197802197802197,0.0,0.0,0,0.297987228195879,0.8863636363636364,1.0,0.1024928623147359,2,correct
A00825,B00867,2.1408781193875756e-06,0,0,0.2368421052631578,0.285,0.2,0.1999999999999999,0.1492537313432835,0.1728395061728395,0.3,0.3636363636363636,0.5454545454545454,0.3333333333333333,0.2772277227722772,0.0,0.0,1.0,0,0.2283187263170761,0.3804545454545455,0.0,0.0617029702970297,1,correct
A00402,B00502,0.27877159104022997,0,0,0.1690140845070422,0.3315789473684211,0.2117647058823529,0.2117647058823529,0.1194029850746268,0.1728395061728395,1.0,1.0,0.7272727272727273,0.3076923076923077,0.2708333333333333,0.1999999999999999,0.0,0.0,0,0.2662050469835557,0.931818181818182,1.0,0.0876452429149797,2,correct
A00775,B00700,4.366352254946797e-06,0,0,0.2368421052631578,0.4186046511627907,0.3555555555555555,0.3555555555555555,0.1470588235294118,0.1463414634146342,0.1428571428571429,0.0,0.1818181818181817,0.3199999999999999,0.2574257425742574,0.2526315789473684,0.0,1.0,0,0.2953582862600079,0.1097402597402597,0.0,0.1176351054934134,2,correct
A00824,B00990,2.7751548901510342e-08,0,0,0.2368421052631578,0.3521739130434782,0.2444444444444444,0.2444444444444444,0.2191780821917808,0.160919540229885,0.1538461538461538,0.1666666666666666,0.1818181818181817,0.4444444444444444,0.297029702970297,0.2526315789473684,0.0,0.0,0,0.3091741631355592,0.1646853146853146,0.0,0.1206816050026055,2,correct
A00223,B00480,9.73095484940412e-10,0,0,0.2253521126760563,0.4263157894736842,0.1882352941176471,0.188235294117647,0.1492537313432835,0.2222222222222223,0.1428571428571429,0.1666666666666666,0.1818181818181817,0.4,0.25,0.2444444444444444,0.0,0.0,0,0.3265058479532164,0.1597402597402597,0.0,0.1314473684210526,2,correct
A00326,B00125,5.991354006631581e-08,0,0,0.1842105263157895,0.3166666666666666,0.2222222222222223,0.2222222222222222,0.2597402597402597,0.2197802197802197,0.1818181818181817,0.2352941176470588,0.3636363636363636,0.4444444444444444,0.2376237623762376,0.2105263157894736,0.0,0.0,0,0.2950674445697895,0.2433155080213903,0.0,0.0988705537220388,2,correct
A00760,B00038,3.071091042694146e-09,0,0,0.2432432432432432,0.4390243902439025,0.3181818181818181,0.3181818181818182,0.1764705882352941,0.2195121951219512,0.2857142857142857,0.1333333333333333,0.1818181818181817,0.3846153846153846,0.2626262626262626,0.2580645161290322,0.0,0.0,0,0.3306364498339321,0.2140259740259739,0.0,0.1361209993782771,2,correct
A00937,B00161,3.4940924658458092e-06,0,0,0.273972602739726,0.3375,0.2298850574712644,0.2298850574712644,0.1818181818181817,0.2,0.3333333333333333,0.375,0.5454545454545454,0.3846153846153846,0.2857142857142857,0.2391304347826086,0.0,0.0,0,0.2968997849976111,0.3988636363636363,0.0,0.1050636048733874,2,correct
A00624,B00624,0.9735150901856031,1,1,0.1944444444444444,0.3692307692307692,0.2093023255813953,0.2093023255813954,0.2162162162162162,0.159090909090909,1.0,1.0,0.9090909090909092,0.4,0.2680412371134021,0.2197802197802197,0.0,0.0,0,0.2957606311214559,0.9772727272727272,1.0,0.113112530609755,2,correct
A00041,B00041,0.9960029019846105,1,1,0.2222222222222222,0.4049999999999999,0.160919540229885,0.1609195402298851,0.1428571428571429,0.1904761904761905,1.0,1.0,0.9090909090909092,0.0,0.2680412371134021,0.2417582417582418,0.0,1.0,0,0.2360651599259846,0.9772727272727272,1.0,0.0619406366829047,2,correct
A00194,B00454,0.019302900439021994,0,0,0.2162162162162162,0.3951219512195121,0.2045454545454545,0.2045454545454546,0.2162162162162162,0.2045454545454545,1.0,1.0,0.4444444444444444,0.3703703703703704,0.2626262626262626,0.2365591397849462,0.0,0.0,0,0.3083975607106999,0.8611111111111112,1.0,0.1177083184321579,2,correct
A00245,B00218,2.9167837685942558e-08,0,0,0.24,0.3428571428571428,0.2247191011235955,0.2247191011235955,0.088235294117647,0.1707317073170732,0.3157894736842105,0.1999999999999999,0.1818181818181817,0.0,0.24,0.2340425531914893,0.0,1.0,0,0.2081098672992809,0.2475598086124401,0.0,0.0487586626139817,2,correct
A00470,B00050,0.19112280055594685,0,0,0.2133333333333333,0.3617307692307692,0.2696629213483146,0.2696629213483146,0.1764705882352941,0.2439024390243902,1.0,1.0,0.5454545454545454,0.0,0.3,0.2127659574468084,0.0,1.0,0,0.2342146121911301,0.8863636363636364,1.0,0.0556449672667757,1,correct
A00416,B00875,2.756084081732476e-07,0,0,0.1999999999999999,0.3405405405405405,0.1666666666666667,0.1666666666666666,0.2597402597402597,0.2637362637362638,0.1666666666666666,0.5714285714285714,0.3636363636363636,0.4166666666666666,0.2736842105263157,0.202247191011236,0.0,0.0,0,0.309632458473381,0.3373376623376622,0.0,0.1053789377787012,2,correct
A00970,B00887,4.6561464190968135e-06,0,0,0.2307692307692307,0.2948275862068966,0.2391304347826087,0.2391304347826086,0.1764705882352941,0.2439024390243902,0.2857142857142857,0.1333333333333333,0.0,0.3703703703703704,0.2718446601941747,0.2268041237113401,0.0,1.0,0,0.2861001553268483,0.1685714285714285,0.0,0.0877827861167004,2,correct
A00202,B00382,0.001027712524260275,0,0,0.1643835616438356,0.315,0.2068965517241379,0.2068965517241379,0.1194029850746268,0.1728395061728395,1.0,1.0,0.3636363636363636,0.3076923076923077,0.2448979591836735,0.1956521739130434,0.0,0.0,0,0.256688882737537,0.8409090909090909,1.0,0.0804012183468705,2,correct
A00010,B00411,4.118355464545916e-07,0,0,0.1917808219178082,0.27,0.1839080459770115,0.1839080459770115,0.1791044776119402,0.2469135802469135,0.3333333333333333,0.1666666666666666,0.3636363636363636,0.4615384615384615,0.2653061224489795,0.217391304347826,0.0,0.0,0,0.2950950223765958,0.2909090909090909,0.0,0.0889446454166951,2,correct
A00830,B00218,9.638469471192078e-08,0,0,0.2191780821917808,0.2930232558139535,0.2298850574712644,0.2298850574712644,0.1764705882352941,0.2195121951219512,0.3076923076923077,0.1538461538461538,0.1818181818181817,0.0,0.2653061224489795,0.2391304347826086,0.0,1.0,0,0.2074748993533145,0.23006993006993,0.0,0.0443434927054745,2,correct
A00064,B00266,1.6758176582424438e-05,0,0,0.2058823529411765,0.4114285714285715,0.1463414634146342,0.1463414634146341,0.2162162162162162,0.2272727272727273,0.3529411764705882,0.1666666666666666,0.0,0.3846153846153846,0.2795698924731182,0.2298850574712644,0.0,1.0,0,0.3222244362978512,0.2088235294117646,0.0,0.1261779999755528,2,correct
A00259,B00508,1.085363410389927e-06,0,0,0.1971830985915492,0.3789473684210526,0.2117647058823529,0.2117647058823529,0.1690140845070422,0.1176470588235294,0.3529411764705882,0.2857142857142857,0.3636363636363636,0.48,0.25,0.2222222222222222,0.0,0.0,0,0.3040469556243549,0.3354469060351412,0.0,0.1264421052631578,2,correct
A00778,B00871,1.65974439810178e-05,0,0,0.2571428571428571,0.4864864864864865,0.3095238095238095,0.3095238095238095,0.1999999999999999,0.1904761904761905,0.2105263157894736,0.0,0.1818181818181817,0.3846153846153846,0.2526315789473684,0.2696629213483146,0.0,1.0,0,0.3393084360086134,0.1401913875598086,0.0,0.1510708397520934,2,correct
A00471,B00471,0.562790585258539,1,0,0.2368421052631578,0.38,0.2888888888888888,0.2888888888888888,0.1428571428571429,0.1904761904761905,1.0,1.0,0.0,0.3703703703703704,0.2772277227722772,0.0,0.0,2.0,0,0.2677534705851537,0.75,1.0,0.0879002566923359,1,false_negative
A00911,B00635,1.0820078430329707e-06,0,0,0.24,0.2959615384615384,0.2247191011235955,0.2247191011235955,0.1714285714285713,0.2380952380952381,0.2105263157894736,0.5714285714285714,0.3636363636363636,0.4166666666666666,0.28,0.0,0.0,1.0,0,0.2617408424908424,0.3570745044429254,0.0,0.0741876923076923,1,correct
A00584,B00584,0.8972651877655018,1,1,0.1891891891891891,0.351219512195122,0.1818181818181818,0.1818181818181817,0.2162162162162162,0.2045454545454545,1.0,1.0,0.9090909090909092,0.3478260869565217,0.2626262626262626,0.2150537634408602,0.0,0.0,0,0.2874921658690003,0.9772727272727272,1.0,0.0991964871580374,2,correct
A00651,B00682,4.5266213166446696e-09,0,0,0.1917808219178082,0.36,0.2068965517241379,0.2068965517241379,0.1714285714285713,0.2142857142857143,0.2105263157894736,0.4,0.1818181818181817,0.3846153846153846,0.2448979591836735,0.217391304347826,0.0,0.0,0,0.2971236093099447,0.2601913875598086,0.0,0.1053118558460173,2,correct
A00594,B00498,3.193479479802506e-05,0,0,0.1866666666666666,0.3428571428571428,0.2247191011235955,0.2247191011235955,0.2162162162162162,0.2045454545454545,0.0,0.2857142857142857,0.1999999999999999,0.3703703703703704,0.24,0.0,0.0,2.0,0,0.2538403078403078,0.1357142857142856,0.0,0.075479365079365,1,correct
A00037,B00763,2.596753547466585e-05,0,0,0.25,0.323076923076923,0.255813953488372,0.2558139534883721,0.1818181818181817,0.175,0.4,0.1818181818181817,0.5454545454545454,0.0,0.2886597938144329,0.2197802197802197,0.0,1.0,0,0.2081890789622748,0.3709090909090909,0.0,0.0492795705484047,2,correct
A00720,B00672,6.884820255774228e-09,0,0,0.2162162162162162,0.3077999999999999,0.2272727272727273,0.2272727272727273,0.1764705882352941,0.2195121951219512,0.1428571428571429,0.2352941176470588,0.1818181818181817,0.4615384615384615,0.2424242424242424,0.2365591397849462,0.0,0.0,0,0.3003976386634608,0.1803284950343774,0.0,0.1010539408978118,2,correct
A00463,B00463,0.9847309013008835,1,1,0.282051282051282,0.36,0.217391304347826,0.217391304347826,0.1492537313432835,0.1975308641975308,1.0,1.0,0.9090909090909092,0.2962962962962963,0.2912621359223301,0.2680412371134021,0.0,0.0,0,0.2906609380541253,0.9772727272727272,1.0,0.1030714309545257,3,correct
A00268,B00268,0.8335331559237295,1,1,0.2253521126760563,0.3789473684210526,0.2352941176470588,0.2352941176470588,0.2028985507246377,0.216867469879518,1.0,1.0,0.9090909090909092,0.3703703703703704,0.25,0.2222222222222222,0.0,0.0,0,0.3019651119096267,0.9772727272727272,1.0,0.1098245614035087,2,correct
A00903,B00152,1.7386911766250187e-09,0,0,0.2597402597402597,0.3446808510638298,0.2197802197802197,0.2197802197802197,0.1492537313432835,0.2222222222222223,0.2857142857142857,0.2666666666666667,0.1818181818181817,0.3076923076923077,0.2745098039215686,0.25,0.0,0.0,0,0.2880636318902902,0.254025974025974,0.0,0.0966588042745739,2,correct
A00923,B00453,1.8118658194461657e-08,0,0,0.3013698630136986,0.3348837209302326,0.2298850574712644,0.2298850574712644,0.1492537313432835,0.2469135802469135,0.1538461538461538,0.1538461538461538,0.3636363636363636,0.3846153846153846,0.2857142857142857,0.2608695652173913,0.0,0.0,0,0.308758486891281,0.2062937062937063,0.0,0.1064331825909176,2,correct
A00776,B00384,2.1734187688405627e-09,0,0,0.2465753424657534,0.45,0.2988505747126437,0.2988505747126436,0.2597402597402597,0.2417582417582417,0.1666666666666666,0.4285714285714286,0.1818181818181817,0.3199999999999999,0.2653061224489795,0.2608695652173913,0.0,0.0,0,0.3262780015016039,0.249025974025974,0.0,0.12863371783496,2,correct
A00932,B00932,0.971909607096041,1,1,0.24,0.28,0.2022471910112359,0.202247191011236,0.1194029850746268,0.1728395061728395,1.0,1.0,0.9090909090909092,0.3846153846153846,0.28,0.2340425531914893,0.0,0.0,0,0.2725973611363682,0.9772727272727272,1.0,0.0862564975450081,2,correct
A00991,B00991,0.9257348482842339,1,1,0.2133333333333333,0.3288461538461538,0.247191011235955,0.2471910112359551,0.1428571428571429,0.2380952380952381,1.0,1.0,0.9090909090909092,0.2962962962962963,0.26,0.2127659574468084,0.0,0.0,0,0.2764470466491743,0.9772727272727272,1.0,0.0856145390070921,3,correct
A00199,B00739,0.32426976434251525,0,0,0.2253521126760563,0.3315789473684211,0.1882352941176471,0.188235294117647,0.1690140845070422,0.1411764705882353,1.0,1.0,0.5454545454545454,0.4347826086956521,0.0,0.2444444444444444,0.0,1.0,0,0.2513321667339705,0.8863636363636364,1.0,0.0819816933638444,1,correct
A00365,B00705,0.17559581183760878,0,0,0.2307692307692307,0.36,0.217391304347826,0.217391304347826,0.1470588235294118,0.1707317073170732,1.0,1.0,0.5454545454545454,0.4166666666666666,0.2524271844660194,0.2474226804123711,0.0,0.0,0,0.3004571545285065,0.8863636363636364,1.0,0.1139837854068661,2,correct
A00258,B00058,0.9168452896207755,0,1,0.1971830985915492,0.3886363636363636,0.2352941176470588,0.2352941176470588,0.1999999999999999,0.1904761904761905,1.0,1.0,0.7272727272727273,0.5,0.0,0.2222222222222222,0.0,1.0,0,0.2880194805194805,0.931818181818182,1.0,0.1036363636363636,1,false_positive
A00021,B00101,0.7556942124753044,0,1,0.1866666666666666,0.3,0.2022471910112359,0.202247191011236,0.1739130434782608,0.1927710843373493,1.0,1.0,0.5454545454545454,0.0,0.28,0.2127659574468084,0.0,1.0,0,0.2024691104844911,0.8863636363636364,1.0,0.0443489361702127,2,false_positive
A00898,B00410,1.617043781126135e-08,0,0,0.2133333333333333,0.2959615384615384,0.2022471910112359,0.202247191011236,0.1999999999999999,0.1904761904761905,0.3076923076923077,0.1538461538461538,0.3636363636363636,0.2222222222222222,0.3,0.0,0.0,1.0,0,0.2163281440781441,0.2755244755244755,0.0,0.0529442307692307,1,correct
A00138,B00277,1.6662013212367195e-08,0,0,0.1764705882352941,0.3599999999999999,0.1951219512195122,0.1951219512195121,0.1999999999999999,0.2142857142857143,0.2666666666666667,0.2857142857142857,0.3636363636363636,0.3199999999999999,0.2795698924731182,0.1839080459770115,0.0,0.0,0,0.2843788336246622,0.2966233766233767,0.0,0.096135617352614,2,correct
A00588,B00224,1.4186913210903322e-07,0,0,0.1944444444444444,0.323076923076923,0.2093023255813953,0.2093023255813954,0.1999999999999999,0.2380952380952381,0.0,0.1666666666666666,0.5454545454545454,0.3846153846153846,0.0,0.0,0.0,2.0,0,0.2214652014652014,0.1863636363636363,0.0,0.0497041420118343,0,correct
A00457,B00818,0.0009265005217307511,0,0,0.2597402597402597,0.3969642857142857,0.2857142857142857,0.2857142857142857,0.1818181818181817,0.2,0.0,0.2857142857142857,0.3636363636363636,0.2962962962962963,0.2941176470588235,0.25,0.0,1.0,0,0.2999661920323684,0.1766233766233766,0.0,0.1118462009803921,3,correct
A00095,B00471,0.00014115314308038715,0,0,0.2337662337662337,0.3681818181818182,0.2417582417582417,0.2417582417582418,0.088235294117647,0.1463414634146342,0.2105263157894736,0.5714285714285714,0.0,0.4444444444444444,0.2549019607843137,0.0,0.0,2.0,0,0.2668470211440082,0.2661654135338345,0.0,0.0936096256684492,1,correct
A00198,B00919,5.576326606863373e-08,0,0,0.2702702702702703,0.4390243902439025,0.25,0.25,0.1999999999999999,0.2142857142857143,0.3333333333333333,0.3529411764705882,0.1818181818181817,0.2962962962962963,0.2828282828282829,0.2795698924731182,0.0,0.0,0,0.318183445484783,0.3013368983957218,0.0,0.1261044751209975,3,correct
A00064,B00668,6.738092801973963e-09,0,0,0.2058823529411765,0.4114285714285715,0.1463414634146342,0.1463414634146341,0.2162162162162162,0.2045454545454545,0.0,0.1666666666666666,0.1818181818181817,0.48,0.2795698924731182,0.0,0.0,1.0,0,0.30227314620863,0.0954545454545454,0.0,0.113501198156682,1,correct
A00556,B00922,0.00011535721040809758,0,0,0.2631578947368421,0.4186046511627907,0.2444444444444444,0.2444444444444444,0.2631578947368421,0.2222222222222223,0.3333333333333333,0.0,0.1818181818181817,0.3846153846153846,0.2772277227722772,0.2736842105263157,0.0,1.0,0,0.3295857067111475,0.1954545454545454,0.0,0.1335850048614691,2,correct
A00930,B00695,3.500518748427467e-07,0,0,0.2666666666666667,0.28,0.2022471910112359,0.202247191011236,0.1764705882352941,0.2439024390243902,0.4615384615384615,0.3333333333333333,0.3636363636363636,0.4166666666666666,0.3199999999999999,0.2340425531914893,0.0,0.0,0,0.2992202041169348,0.3986013986013986,0.0,0.0932062411347517,1,correct
A00423,B00423,0.9392433483513348,1,1,0.2318840579710145,0.4,0.1686746987951806,0.1686746987951807,0.1492537313432835,0.2469135802469135,1.0,1.0,0.9090909090909092,0.2962962962962963,0.276595744680851,0.2272727272727273,0.0,0.0,0,0.3042222461016787,0.9772727272727272,1.0,0.1078716240418368,3,correct
A00286,B00344,2.1436592876129718e-08,0,0,0.1866666666666666,0.3288461538461538,0.247191011235955,0.2471910112359551,0.2631578947368421,0.2222222222222223,0.3529411764705882,0.1666666666666666,0.3636363636363636,0.3199999999999999,0.0,0.2127659574468084,0.0,1.0,0,0.2390131842153118,0.2997326203208555,0.0,0.0630824877250409,1,correct
A00336,B00499,1.406777730071142e-08,0,0,0.1891891891891891,0.3077999999999999,0.25,0.25,0.2597402597402597,0.2417582417582417,0.5,0.25,0.1818181818181817,0.3703703703703704,0.2424242424242424,0.2150537634408602,0.0,0.0,0,0.2833874233054879,0.3454545454545454,0.0,0.0878435190615835,2,correct
A00902,B00644,4.893786544983181e-09,0,0,0.2278481012658227,0.285,0.2150537634408601,0.2150537634408602,0.1194029850746268,0.148148148148148,0.2857142857142857,0.2666666666666667,0.1818181818181817,0.3199999999999999,0.2692307692307693,0.0,0.0,1.0,0,0.2195142450142449,0.254025974025974,0.0,0.0594992307692307,1,correct
A00292,B00270,1.4590348392494911e-08,0,0,0.1917808219178082,0.35625,0.2758620689655173,0.2758620689655172,0.1194029850746268,0.1975308641975308,0.3076923076923077,0.2666666666666667,0.1818181818181817,0.4444444444444444,0.2448979591836735,0.217391304347826,0.0,0.0,0,0.30461345125812,0.2639160839160839,0.0,0.1127404983732623,2,correct
A00583,B00939,1.4652749979052505e-09,0,0,0.2162162162162162,0.351219512195122,0.2045454545454545,0.2045454545454546,0.1492537313432835,0.1975308641975308,0.2222222222222222,0.2857142857142857,0.1818181818181817,0.24,0.2424242424242424,0.2365591397849462,0.0,0.0,0,0.264719533829421,0.2311688311688311,0.0,0.0841855661254559,3,correct
A00012,B00220,1.6387448572297536e-08,0,0,0.1643835616438356,0.285,0.1839080459770115,0.1839080459770115,0.1212121212121212,0.2,0.1428571428571429,0.2352941176470588,0.1818181818181817,0.4615384615384615,0.0,0.217391304347826,0.0,1.0,0,0.2504163879598662,0.1803284950343774,0.0,0.0712023411371237,1,correct
A00896,B00896,0.9874716747598159,1,1,0.2307692307692307,0.3,0.1956521739130434,0.1956521739130434,0.2597402597402597,0.2637362637362638,1.0,1.0,0.9090909090909092,0.4615384615384615,0.2718446601941747,0.2268041237113401,0.0,0.0,0,0.3098522626407723,0.9772727272727272,1.0,0.1002630059361117,2,correct
A00162,B00342,0.014391186036964944,0,0,0.1866666666666666,0.3,0.1797752808988764,0.1797752808988764,0.1194029850746268,0.1728395061728395,1.0,1.0,0.5454545454545454,0.3076923076923077,0.24,0.2127659574468084,0.0,0.0,0,0.2540212563900507,0.8863636363636364,1.0,0.0776720130932897,2,correct
A00416,B00023,1.4114934920105186e-08,0,0,0.1999999999999999,0.3405405405405405,0.1666666666666667,0.1666666666666666,0.2597402597402597,0.2637362637362638,0.0,0.1666666666666666,0.3636363636363636,0.3846153846153846,0.2736842105263157,0.0,0.0,1.0,0,0.2728851234114392,0.1409090909090909,0.0,0.0803510230878652,1,correct
A00196,B00196,0.9981715631904295,1,1,0.2162162162162162,0.3951219512195121,0.2272727272727273,0.2272727272727273,0.2597402597402597,0.2417582417582417,0.0,1.0,0.9090909090909092,0.5185185185185186,0.0,0.2365591397849462,0.0,2.0,0,0.3060758083889476,0.5272727272727272,0.0,0.1099921321793863,1,correct
A00696,B00496,0.8331563458522763,0,1,0.1971830985915492,0.3789473684210526,0.1882352941176471,0.188235294117647,0.2597402597402597,0.2417582417582417,1.0,1.0,0.7272727272727273,0.4444444444444444,0.2708333333333333,0.2222222222222222,0.0,0.0,0,0.3248830811001864,0.931818181818182,1.0,0.1234210526315789,2,false_positive
A00282,B00629,1.1805600024563738e-07,0,0,0.1891891891891891,0.342,0.2272727272727273,0.2272727272727273,0.1212121212121212,0.15,0.2857142857142857,0.4444444444444444,0.3636363636363636,0.3333333333333333,0.2626262626262626,0.2150537634408602,0.0,0.0,0,0.2709186705767351,0.3528138528138528,0.0,0.0946099706744868,2,correct
A00038,B00021,2.7446637375019074e-08,0,0,0.273972602739726,0.4049999999999999,0.2298850574712644,0.2298850574712644,0.1999999999999999,0.2380952380952381,0.1176470588235294,0.3333333333333333,0.1818181818181817,0.48,0.2857142857142857,0.2608695652173913,0.0,0.0,0,0.3471066252587991,0.1983957219251337,0.0,0.1441699378881987,2,correct
A00471,B00578,0.0001125248540888479,0,0,0.2368421052631578,0.38,0.3111111111111111,0.3111111111111111,0.1999999999999999,0.1904761904761905,0.2105263157894736,0.2666666666666667,0.0,0.0,0.2772277227722772,0.2315789473684211,0.0,2.0,0,0.2284162386163428,0.1747368421052632,0.0,0.0580039603960396,2,correct
A00297,B00247,2.4523799979667e-05,0,0,0.1971830985915492,0.3497727272727273,0.2117647058823529,0.2117647058823529,0.1818181818181817,0.175,0.375,0.375,0.5454545454545454,0.48,0.25,0.2222222222222222,0.0,0.0,0,0.3067651515151515,0.4176136363636363,0.0,0.1167075,2,correct
A00550,B00913,6.88563411502983e-09,0,0,0.25,0.4615384615384615,0.2790697674418605,0.2790697674418605,0.1791044776119402,0.2222222222222223,0.1666666666666666,0.1538461538461538,0.0,0.48,0.2680412371134021,0.2637362637362637,0.0,0.0,0,0.3586726080334327,0.1211538461538461,0.0,0.1622461155022614,3,correct
A00334,B00964,5.865982946607254e-08,0,0,0.2133333333333333,0.3,0.247191011235955,0.2471910112359551,0.2162162162162162,0.2272727272727273,0.3076923076923077,0.1999999999999999,0.1999999999999999,0.0,0.0,0.2127659574468084,0.0,2.0,0,0.1673694390715667,0.2484615384615384,0.0,0.0191489361702127,1,correct
A00803,B00965,2.4688813766068254e-08,0,0,0.24,0.3199999999999999,0.2247191011235955,0.2247191011235955,0.1515151515151515,0.175,0.1052631578947368,0.2352941176470588,0.3636363636363636,0.3333333333333333,0.28,0.2553191489361702,0.0,0.0,0,0.2779645390070922,0.2088657472558401,0.0,0.094057304964539,2,correct
A00480,B00460,0.9560767584340248,0,1,0.1971830985915492,0.2842105263157894,0.1882352941176471,0.188235294117647,0.1764705882352941,0.2195121951219512,1.0,1.0,0.7272727272727273,0.0,0.0,0.2222222222222222,0.0,2.0,0,0.1624989302524604,0.931818181818182,1.0,0.0189473684210526,1,false_positive
A00467,B00224,2.2816234197698368e-07,0,0,0.2857142857142857,0.342,0.2417582417582417,0.2417582417582418,0.1818181818181817,0.175,0.2666666666666667,0.5882352941176471,0.3636363636363636,0.3846153846153846,0.0,0.0,0.0,2.0,0,0.2145230769230769,0.3873796791443851,0.0,0.0526153846153846,0,correct
A00190,B00076,5.5209403901107525e-08,0,0,0.1714285714285713,0.2918918918918919,0.1904761904761905,0.1904761904761904,0.1764705882352941,0.1951219512195122,0.3636363636363636,0.1666666666666666,0.3636363636363636,0.4,0.2315789473684211,0.202247191011236,0.0,0.0,0,0.2716658785684186,0.3045454545454545,0.0,0.0846918023878402,2,correct
A00162,B00162,0.8192838253739994,1,1,0.1866666666666666,0.3,0.1797752808988764,0.1797752808988764,0.1194029850746268,0.1728395061728395,1.0,1.0,0.9090909090909092,0.2307692307692307,0.24,0.2127659574468084,0.0,0.0,0,0.2386366410054353,0.9772727272727272,1.0,0.0684412438625204,3,correct
A00629,B00629,0.9822045963391693,1,1,0.1690140845070422,0.3315789473684211,0.1882352941176471,0.188235294117647,0.1690140845070422,0.1411764705882353,1.0,1.0,0.9090909090909092,0.4166666666666666,0.2708333333333333,0.1999999999999999,0.0,0.0,0,0.2816673116615067,0.9772727272727272,1.0,0.1020986842105263,2,correct
A00619,B00509,3.924530927382423e-06,0,0,0.1999999999999999,0.3405405405405405,0.1666666666666667,0.1666666666666666,0.1690140845070422,0.1647058823529411,0.3333333333333333,0.3157894736842105,0.5454545454545454,0.3846153846153846,0.2526315789473684,0.0,0.0,1.0,0,0.2499211523979325,0.3811004784688995,0.0,0.0782002407265565,1,correct
A00498,B00498,0.994307181017808,1,1,0.1492537313432835,0.3325,0.1728395061728395,0.1728395061728395,0.1999999999999999,0.2142857142857143,0.0,1.0,0.9090909090909092,0.2962962962962963,0.2391304347826086,0.0,0.0,2.0,0,0.2377359673337934,0.5272727272727272,0.0,0.0632606682769726,2,correct
A00032,B00552,0.9825402944032646,0,1,0.2028985507246377,0.3,0.1686746987951806,0.1686746987951807,0.1194029850746268,0.1728395061728395,1.0,1.0,0.7272727272727273,0.5384615384615384,0.2553191489361702,0.0,0.0,1.0,0,0.2705580812673011,0.931818181818182,1.0,0.0875941080196399,1,false_positive
A00686,B00686,0.9953640352414732,1,1,0.1917808219178082,0.36,0.1839080459770115,0.1839080459770115,0.2597402597402597,0.2417582417582417,1.0,1.0,0.9090909090909092,0.0,0.2653061224489795,0.217391304347826,0.0,1.0,0,0.2287562623711692,0.9772727272727272,1.0,0.052131322094055,2,correct
A00274,B00876,1.618767615800969e-10,0,0,0.2432432432432432,0.3761999999999999,0.25,0.25,0.2191780821917808,0.1839080459770115,0.0,0.0999999999999999,0.0,0.3846153846153846,0.2626262626262626,0.2365591397849462,0.0,0.0,0,0.3014424964801604,0.0299999999999999,0.0,0.1142149875930521,3,correct
A00461,B00516,6.069171366974796e-09,0,0,0.2469135802469135,0.34734375,0.2736842105263157,0.2736842105263157,0.1428571428571429,0.2142857142857143,0.1333333333333333,0.5882352941176471,0.1818181818181817,0.3199999999999999,0.2830188679245283,0.24,0.0,0.0,0,0.289513098045822,0.2819251336898395,0.0,0.0989602004716981,2,correct
A00230,B00168,6.719277924598616e-06,0,0,0.1764705882352941,0.315,0.1951219512195122,0.1951219512195121,0.1764705882352941,0.2195121951219512,0.3333333333333333,1.0,0.3636363636363636,0.3703703703703704,0.2580645161290322,0.2068965517241379,0.0,0.0,0,0.2822206732764398,0.5409090909090909,0.0,0.0906054875787912,2,correct
A00716,B00716,0.9931125088653344,1,1,0.2535211267605634,0.4263157894736842,0.2823529411764706,0.2823529411764706,0.2597402597402597,0.2197802197802197,1.0,1.0,0.9090909090909092,0.5,0.2708333333333333,0.2444444444444444,0.0,0.0,0,0.3491424474648159,0.9772727272727272,1.0,0.1511644736842105,2,correct
A00505,B00505,0.8123968027902407,1,1,0.1739130434782608,0.3,0.144578313253012,0.144578313253012,0.1176470588235294,0.1463414634146342,1.0,1.0,0.9090909090909092,0.3076923076923077,0.2553191489361702,0.2045454545454546,0.0,0.0,0,0.2497864447436321,0.9772727272727272,1.0,0.0783108912364231,2,correct
A00382,B00302,0.031983928603961445,0,0,0.2051282051282051,0.36,0.1739130434782609,0.1739130434782608,0.1194029850746268,0.1728395061728395,1.0,1.0,0.3636363636363636,0.4444444444444444,0.2524271844660194,0.0,0.0,1.0,0,0.2693208677933597,0.8409090909090909,1.0,0.0912621359223301,1,correct
A00081,B00680,4.068853026912149e-07,0,0,0.2337662337662337,0.4,0.1956521739130434,0.1956521739130434,0.1714285714285713,0.1904761904761905,0.2352941176470588,0.2352941176470588,0.3636363636363636,0.4615384615384615,0.2745098039215686,0.25,0.0,0.0,0,0.3290794009911656,0.2673796791443851,0.0,0.1367873303167421,2,correct
A00467,B00670,1.6161232687930407e-08,0,0,0.2857142857142857,0.342,0.2417582417582417,0.2417582417582418,0.1818181818181817,0.175,0.2857142857142857,0.1333333333333333,0.3636363636363636,0.24,0.3137254901960784,0.2708333333333333,0.0,0.0,0,0.2732838235294118,0.2594805194805194,0.0,0.0928077352941176,2,correct
A00033,B00783,1.8299105740291128e-07,0,0,0.25,0.3692307692307692,0.186046511627907,0.1860465116279069,0.1492537313432835,0.1975308641975308,0.1538461538461538,0.1538461538461538,0.3636363636363636,0.0,0.2680412371134021,0.2417582417582418,0.0,1.0,0,0.2267453254394835,0.2062937062937063,0.0,0.0564700961211667,2,correct
A00749,B00129,0.6226690275535796,0,0,0.1971830985915492,0.3315789473684211,0.1882352941176471,0.188235294117647,0.1690140845070422,0.1647058823529411,1.0,1.0,0.0,0.3703703703703704,0.25,0.0,0.0,2.0,0,0.2439889347551886,0.75,1.0,0.0739912280701754,1,correct
A00939,B00402,3.296253781582346e-07,0,0,0.2777777777777778,0.297391304347826,0.2093023255813953,0.2093023255813954,0.1690140845070422,0.1882352941176471,0.3333333333333333,0.3529411764705882,0.3636363636363636,0.3846153846153846,0.2886597938144329,0.2417582417582418,0.0,0.0,0,0.2833502323868553,0.3467914438502674,0.0,0.0930750217957748,2,correct
A00069,B00069,0.9956346786862978,1,1,0.1791044776119402,0.3325,0.1975308641975308,0.1975308641975308,0.1690140845070422,0.1647058823529411,1.0,1.0,0.9090909090909092,0.5384615384615384,0.2391304347826086,0.2093023255813954,0.0,0.0,0,0.3076483982174965,0.9772727272727272,1.0,0.116346552461694,2,correct
A00015,B00976,6.058542329750769e-08,0,0,0.2368421052631578,0.3348837209302326,0.2222222222222223,0.2222222222222222,0.0895522388059701,0.1728395061728395,0.1666666666666666,0.5714285714285714,0.3636363636363636,0.3199999999999999,0.2574257425742574,0.0,0.0,1.0,0,0.2376468788997763,0.3373376623376622,0.0,0.0687274234400184,1,correct
A00172,B00124,0.00011604974083662876,0,0,0.1621621621621621,0.3073170731707316,0.1818181818181818,0.1818181818181817,0.1194029850746268,0.1728395061728395,0.1428571428571429,0.4705882352941176,0.0,0.0,0.2424242424242424,0.1935483870967742,0.0,2.0,0,0.1921589176139398,0.2054621848739495,0.0,0.0401945497460839,2,correct
A00521,B00421,0.8972972153633103,0,1,0.2784810126582279,0.4212765957446809,0.2765957446808511,0.276595744680851,0.1428571428571429,0.2142857142857143,1.0,1.0,0.7272727272727273,0.0,0.0,0.2653061224489795,0.0,2.0,0,0.209036039947894,0.931818181818182,1.0,0.0335301780286582,1,false_positive
A00106,B00255,1.4903821671965093e-06,0,0,0.1690140845070422,0.3497727272727273,0.2117647058823529,0.2117647058823529,0.2597402597402597,0.2417582417582417,0.4705882352941176,0.3333333333333333,0.3636363636363636,0.4,0.25,0.0,0.0,1.0,0,0.2707834665334665,0.4026737967914439,0.0,0.0821965909090909,1,correct
A00227,B00227,0.8076471580462616,1,1,0.2285714285714285,0.3891891891891892,0.1904761904761905,0.1904761904761904,0.1818181818181817,0.175,1.0,1.0,0.9090909090909092,0.3076923076923077,0.0,0.2471910112359551,0.0,1.0,0,0.2503738699806115,0.9772727272727272,1.0,0.076761428671541,1,correct
A00778,B00778,0.7755447572712928,1,1,0.2571428571428571,0.4864864864864865,0.2857142857142857,0.2857142857142857,0.1999999999999999,0.2142857142857143,1.0,1.0,0.9090909090909092,0.3199999999999999,0.0,0.2696629213483146,0.0,1.0,0,0.293252527005336,0.9772727272727272,1.0,0.1016264804129972,1,correct
A00306,B00522,1.0451690066483753e-07,0,0,0.1999999999999999,0.3664285714285714,0.2380952380952381,0.2380952380952381,0.2597402597402597,0.2417582417582417,0.2352941176470588,0.1538461538461538,0.3636363636363636,0.4615384615384615,0.2526315789473684,0.2247191011235955,0.0,0.0,0,0.3221905140985567,0.2429452900041135,0.0,0.1201228299790097,2,correct
A00352,B00295,1.0765132692058384e-07,0,0,0.1999999999999999,0.3664285714285714,0.2380952380952381,0.2380952380952381,0.1194029850746268,0.1728395061728395,0.4285714285714286,0.2352941176470588,0.3636363636363636,0.3333333333333333,0.2526315789473684,0.0,0.0,1.0,0,0.2490578761719112,0.3543544690603514,0.0,0.0766285714285714,1,correct
A00756,B00502,4.6241087073407424e-08,0,0,0.2191780821917808,0.36,0.2528735632183908,0.2528735632183908,0.2597402597402597,0.2197802197802197,0.3333333333333333,0.4,0.3636363636363636,0.3076923076923077,0.2448979591836735,0.2391304347826086,0.0,0.0,0,0.2860987645894478,0.3609090909090909,0.0,0.0965827588560507,2,correct
A00340,B00358,1.6925254021799133e-08,0,0,0.2432432432432432,0.3077999999999999,0.25,0.25,0.1764705882352941,0.2195121951219512,0.2857142857142857,0.1333333333333333,0.1818181818181817,0.4444444444444444,0.2828282828282829,0.2365591397849462,0.0,0.0,0,0.3030394413052635,0.2140259740259739,0.0,0.1026802346041055,2,correct
A00840,B00852,1.0371903804543706e-08,0,0,0.2432432432432432,0.288,0.2045454545454545,0.2045454545454546,0.1764705882352941,0.2195121951219512,0.1428571428571429,0.2352941176470588,0.3636363636363636,0.3076923076923077,0.2828282828282829,0.2365591397849462,0.0,0.0,0,0.2697490139548361,0.2257830404889228,0.0,0.0803212271599368,2,correct
A00235,B00635,0.2439278063407861,0,0,0.2253521126760563,0.3789473684210526,0.1882352941176471,0.188235294117647,0.1176470588235294,0.1463414634146342,1.0,1.0,0.5454545454545454,0.4166666666666666,0.2708333333333333,0.0,0.0,1.0,0,0.2669108365425759,0.8863636363636364,1.0,0.0939473684210526,1,correct
A00692,B00512,0.02346678667499188,0,0,0.1690140845070422,0.3315789473684211,0.1882352941176471,0.188235294117647,0.1194029850746268,0.1728395061728395,1.0,1.0,0.5454545454545454,0.3199999999999999,0.0,0.1999999999999999,0.0,1.0,0,0.2280415854450942,0.8863636363636364,1.0,0.0623368421052631,1,correct
A00404,B00742,2.457335172513908e-09,0,0,0.2608695652173913,0.36,0.1927710843373493,0.1927710843373493,0.2162162162162162,0.2045454545454545,0.2857142857142857,0.2666666666666667,0.1818181818181817,0.25,0.3191489361702128,0.25,0.0,0.0,0,0.2842814313346228,0.254025974025974,0.0,0.0974680851063829,2,correct
A00596,B00116,0.4858043736523285,0,0,0.2133333333333333,0.3428571428571428,0.1797752808988764,0.1797752808988764,0.2597402597402597,0.2417582417582417,1.0,1.0,0.5454545454545454,0.0,0.24,0.0,0.0,2.0,0,0.1872087912087912,0.8863636363636364,1.0,0.0246857142857142,1,correct
A00137,B00674,1.4436499255956048e-07,0,0,0.2028985507246377,0.35,0.2409638554216867,0.2409638554216867,0.1818181818181817,0.2,0.4285714285714286,0.1052631578947368,0.4,0.3846153846153846,0.276595744680851,0.2045454545454546,0.0,0.0,0,0.2940942568070228,0.3244360902255639,0.0,0.1043659797649159,2,correct
A00391,B00103,1.3075530661835118e-09,0,0,0.2162162162162162,0.3951219512195121,0.2045454545454545,0.2045454545454546,0.1428571428571429,0.1904761904761905,0.3157894736842105,0.1666666666666666,0.1818181818181817,0.3199999999999999,0.2626262626262626,0.2365591397849462,0.0,0.0,0,0.295509633822773,0.2375598086124401,0.0,0.1097473428224018,2,correct
A00528,B00608,0.05948079500291974,0,0,0.24,0.4285714285714285,0.3146067415730337,0.3146067415730337,0.1999999999999999,0.1666666666666667,1.0,1.0,0.5454545454545454,0.3478260869565217,0.26,0.2553191489361702,0.0,0.0,0,0.3087678516364918,0.8863636363636364,1.0,0.1258826483414827,2,correct
A00454,B00918,0.12231907385189825,0,0,0.25,0.3243103448275862,0.2340425531914893,0.2340425531914893,0.2162162162162162,0.159090909090909,0.0,0.0,0.0,0.4444444444444444,0.3047619047619048,0.2424242424242424,0.0,2.0,0,0.3000780962332686,0.0,0.0,0.1108926108374384,2,correct
A00097,B00257,0.7178906432026536,0,1,0.2222222222222222,0.3692307692307692,0.2325581395348837,0.2325581395348837,0.1818181818181817,0.15,1.0,1.0,0.7272727272727273,0.3846153846153846,0.2680412371134021,0.0,0.0,1.0,0,0.257898493259318,0.931818181818182,1.0,0.0864954553772951,1,false_positive
A00319,B00134,1.987469740708182e-08,0,0,0.2285714285714285,0.3664285714285714,0.2380952380952381,0.2380952380952381,0.1690140845070422,0.1647058823529411,0.2352941176470588,0.2727272727272727,0.1999999999999999,0.4444444444444444,0.2526315789473684,0.0,0.0,1.0,0,0.2696533736301538,0.2377005347593583,0.0,0.0929142857142857,1,correct
A00770,B00628,3.623906672220222e-06,0,0,0.2465753424657534,0.45,0.2988505747126437,0.2988505747126436,0.1764705882352941,0.2195121951219512,0.3333333333333333,1.0,0.3636363636363636,0.4,0.2448979591836735,0.0,0.0,1.0,0,0.2956371329019412,0.5409090909090909,0.0,0.1050612244897959,1,correct
A00549,B00549,0.7887304858118205,1,1,0.2432432432432432,0.4390243902439025,0.2727272727272726,0.2727272727272727,0.1714285714285713,0.1428571428571429,1.0,1.0,0.9090909090909092,0.3199999999999999,0.2626262626262626,0.0,0.0,1.0,0,0.2636726850385387,0.9772727272727272,1.0,0.0907849223946785,1,correct
A00326,B00681,2.452627373751943e-07,0,0,0.2105263157894736,0.3166666666666666,0.2222222222222223,0.2222222222222222,0.2597402597402597,0.2637362637362638,0.3,0.1333333333333333,0.3636363636363636,0.5384615384615384,0.2376237623762376,0.2105263157894736,0.0,0.0,0,0.3226620721644171,0.2659090909090909,0.0,0.1107793856308707,2,correct
A00707,B00147,0.08790498138972612,0,0,0.2318840579710145,0.4,0.1927710843373493,0.1927710843373493,0.1818181818181817,0.2,1.0,1.0,0.5454545454545454,0.3846153846153846,0.2553191489361702,0.25,0.0,0.0,0,0.3127209492635024,0.8863636363636364,1.0,0.1221767594108019,2,correct
A00369,B00369,0.7783042146946206,1,1,0.2051282051282051,0.36,0.1956521739130434,0.1956521739130434,0.1690140845070422,0.1647058823529411,1.0,1.0,0.9090909090909092,0.3076923076923077,0.2524271844660194,0.2268041237113401,0.0,0.0,0,0.2743643342356537,0.9772727272727272,1.0,0.0960646735908471,2,correct
A00419,B00499,0.011082008249426224,0,0,0.208955223880597,0.38,0.2222222222222223,0.2222222222222222,0.1690140845070422,0.1882352941176471,1.0,1.0,0.3636363636363636,0.2962962962962963,0.2826086956521739,0.2093023255813954,0.0,0.0,0,0.284692971267824,0.8409090909090909,1.0,0.1011148934576639,3,correct
A00459,B00459,0.9957976268881552,1,1,0.2631578947368421,0.38,0.2666666666666667,0.2666666666666667,0.1690140845070422,0.1411764705882353,0.0,1.0,0.9090909090909092,0.2962962962962963,0.297029702970297,0.2526315789473684,0.0,1.0,0,0.2839437456645561,0.5272727272727272,0.0,0.1076984231756509,3,correct
A00086,B00086,0.9300656227663061,1,1,0.2105263157894736,0.3348837209302326,0.2,0.1999999999999999,0.2597402597402597,0.2197802197802197,1.0,1.0,0.9090909090909092,0.4,0.2574257425742574,0.2105263157894736,0.0,0.0,0,0.2946139689896734,0.9772727272727272,1.0,0.1005942533053795,2,correct
A00863,B00605,5.057255611419486e-10,0,0,0.25,0.3857142857142858,0.2325581395348837,0.2325581395348837,0.1492537313432835,0.2222222222222223,0.1052631578947368,0.2352941176470588,0.0,0.3333333333333333,0.2680412371134021,0.2637362637362637,0.0,0.0,0,0.3065920219528467,0.1179566563467492,0.0,0.1129628250983185,3,correct
A00273,B00231,5.259261929524929e-06,0,0,0.2465753424657534,0.4049999999999999,0.2298850574712644,0.2298850574712644,0.1515151515151515,0.225,0.3333333333333333,0.5333333333333333,0.5454545454545454,0.3703703703703704,0.0,0.2608695652173913,0.0,1.0,0,0.2797045088566827,0.4463636363636364,0.0,0.091695652173913,1,correct
A00132,B00892,0.7548106009782253,0,1,0.1690140845070422,0.3109090909090909,0.1882352941176471,0.188235294117647,0.1194029850746268,0.148148148148148,1.0,1.0,0.5454545454545454,0.4615384615384615,0.2708333333333333,0.0,0.0,1.0,0,0.2558350492100492,0.8863636363636364,1.0,0.082659965034965,1,false_positive
A00743,B00791,6.433040295185527e-08,0,0,0.2222222222222222,0.3692307692307692,0.186046511627907,0.1860465116279069,0.1492537313432835,0.1975308641975308,0.3157894736842105,0.1666666666666666,0.3636363636363636,0.2962962962962963,0.2474226804123711,0.2417582417582418,0.0,0.0,0,0.2829118011935881,0.2830143540669856,0.0,0.0979468782165055,3,correct
A00819,B00019,0.48890015113926216,0,0,0.2432432432432432,0.288,0.2045454545454545,0.2045454545454546,0.1714285714285713,0.1428571428571429,1.0,1.0,0.7272727272727273,0.3199999999999999,0.0,0.2580645161290322,0.0,1.0,0,0.2176811059907833,0.931818181818182,1.0,0.0591607741935483,1,correct
A00546,B00420,6.929195972769696e-09,0,0,0.2465753424657534,0.45,0.2758620689655173,0.2758620689655172,0.2631578947368421,0.2444444444444444,0.2352941176470588,0.1666666666666666,0.3636363636363636,0.3199999999999999,0.0,0.2608695652173913,0.0,1.0,0,0.2870193236714976,0.2467914438502673,0.0,0.0928173913043478,1,correct
A00009,B00009,0.9592524624068451,1,1,0.1891891891891891,0.2735999999999999,0.2272727272727273,0.2272727272727273,0.1714285714285713,0.1428571428571429,1.0,1.0,0.9090909090909092,0.4,0.2626262626262626,0.1935483870967742,0.0,0.0,0,0.2590776260298841,0.9772727272727272,1.0,0.0812188152492668,2,correct
A00012,B00770,0.044095434632463036,0,0,0.1643835616438356,0.285,0.1839080459770115,0.1839080459770115,0.1212121212121212,0.175,0.3076923076923077,0.0,0.3636363636363636,0.5185185185185186,0.2653061224489795,0.0,0.0,2.0,0,0.2639996220710506,0.2293706293706293,0.0,0.0817947845804988,1,correct
A00433,B00369,1.2474633883079675e-08,0,0,0.2318840579710145,0.4,0.216867469879518,0.2168674698795181,0.1492537313432835,0.2222222222222223,0.3076923076923077,0.5555555555555556,0.1818181818181817,0.2307692307692307,0.276595744680851,0.2272727272727273,0.0,0.0,0,0.2861785613913273,0.3505827505827505,0.0,0.0973872935575063,3,correct
A00967,B00947,0.07519058687657448,0,0,0.25,0.3033870967741935,0.2553191489361703,0.2553191489361702,0.1818181818181817,0.15,1.0,1.0,0.5454545454545454,0.24,0.2666666666666667,0.2424242424242424,0.0,0.0,0,0.2453797653958944,0.8863636363636364,1.0,0.0754606451612903,3,correct
A00203,B00163,0.620134420027041,0,0,0.1999999999999999,0.3891891891891892,0.1904761904761905,0.1904761904761904,0.1492537313432835,0.2222222222222223,1.0,1.0,0.7272727272727273,0.4166666666666666,0.0,0.2247191011235955,0.0,1.0,0,0.2782423997030738,0.931818181818182,1.0,0.0911023382933495,1,correct
A00090,B00090,0.9922665379427663,1,1,0.1891891891891891,0.3077999999999999,0.2045454545454545,0.2045454545454546,0.1764705882352941,0.2195121951219512,1.0,1.0,0.9090909090909092,0.0,0.2626262626262626,0.1935483870967742,0.0,1.0,0,0.2046686364828457,0.9772727272727272,1.0,0.0421231671554252,2,correct
A00264,B00404,0.7443809715425994,0,1,0.2465753424657534,0.36,0.2068965517241379,0.2068965517241379,0.2162162162162162,0.1818181818181818,1.0,1.0,0.0,0.4444444444444444,0.0,0.2391304347826086,0.0,2.0,0,0.2691220904699166,0.75,1.0,0.0898260869565217,1,false_positive
A00904,B00297,4.302105042621321e-07,0,0,0.2597402597402597,0.3446808510638298,0.2197802197802197,0.2197802197802197,0.2162162162162162,0.1818181818181818,0.4,0.4615384615384615,0.3636363636363636,0.3076923076923077,0.2941176470588235,0.25,0.0,0.0,0,0.2829240002800703,0.4093706293706294,0.0,0.0986863386925965,2,correct
A00169,B00478,5.5102775474517834e-08,0,0,0.16,0.3,0.2022471910112359,0.202247191011236,0.1690140845070422,0.1647058823529411,0.1428571428571429,0.3333333333333333,0.3636363636363636,0.3076923076923077,0.0,0.0,0.0,2.0,0,0.1844796380090498,0.2551948051948052,0.0,0.0369230769230769,0,correct
A00295,B00555,0.9588053095673973,0,1,0.2368421052631578,0.3483333333333334,0.2888888888888888,0.2888888888888888,0.088235294117647,0.1707317073170732,1.0,0.0,0.0,0.4166666666666666,0.0,0.0,0.0,4.0,0,0.221979674796748,0.45,0.0,0.0580555555555555,0,false_positive
A00547,B00028,3.169607265307068e-10,0,0,0.2702702702702703,0.4390243902439025,0.2954545454545454,0.2954545454545454,0.1846153846153846,0.1772151898734176,0.1428571428571429,0.1333333333333333,0.1818181818181817,0.2307692307692307,0.2828282828282829,0.0,0.0,1.0,0,0.2557284436259429,0.1497402597402597,0.0,0.0777758826539314,2,correct
A00568,B00789,8.496554062660138e-10,0,0,0.1891891891891891,0.3073170731707316,0.2272727272727273,0.2272727272727273,0.1999999999999999,0.1666666666666667,0.3076923076923077,0.1333333333333333,0.1818181818181817,0.3199999999999999,0.2424242424242424,0.2150537634408602,0.0,0.0,0,0.2581501561643182,0.2239160839160839,0.0,0.0815138259065874,2,correct
A00173,B00807,3.5068149621956463e-09,0,0,0.1866666666666666,0.3428571428571428,0.2022471910112359,0.202247191011236,0.1492537313432835,0.2222222222222223,0.2857142857142857,0.5555555555555556,0.1818181818181817,0.3076923076923077,0.24,0.2127659574468084,0.0,0.0,0,0.2767549424570701,0.3406926406926406,0.0,0.0887680149637596,2,correct
A00202,B00202,0.9950192917829913,1,1,0.1643835616438356,0.315,0.1839080459770115,0.1839080459770115,0.1194029850746268,0.1728395061728395,1.0,1.0,0.9090909090909092,0.0,0.0,0.1956521739130434,0.0,2.0,0,0.1584157273215244,0.9772727272727272,1.0,0.0184891304347826,1,correct
A00570,B00115,1.971633988895157e-08,0,0,0.1866666666666666,0.3,0.2022471910112359,0.202247191011236,0.1764705882352941,0.2195121951219512,0.4615384615384615,0.3333333333333333,0.1818181818181817,0.3333333333333333,0.24,0.0,0.0,1.0,0,0.2365691056910569,0.3531468531468531,0.0,0.0616,1,correct
A00629,B00274,8.735369407461335e-06,0,0,0.1690140845070422,0.3315789473684211,0.1882352941176471,0.188235294117647,0.1690140845070422,0.1647058823529411,0.0,0.1739130434782608,0.0,0.3703703703703704,0.2708333333333333,0.1999999999999999,0.0,1.0,0,0.2771139347551886,0.0521739130434782,0.0,0.0959583333333333,3,correct
A00088,B00588,0.9060873255870344,0,1,0.1643835616438356,0.315,0.2068965517241379,0.2068965517241379,0.1999999999999999,0.2142857142857143,1.0,1.0,0.7272727272727273,0.0,0.2448979591836735,0.1956521739130434,0.0,1.0,0,0.2034396628216504,0.931818181818182,1.0,0.0416319875776397,2,false_positive
A00331,B00851,0.023726285100296094,0,0,0.2133333333333333,0.3617307692307692,0.2696629213483146,0.2696629213483146,0.1428571428571429,0.2142857142857143,1.0,1.0,0.5454545454545454,0.3076923076923077,0.0,0.0,0.0,2.0,0,0.2129148351648351,0.8863636363636364,1.0,0.0445207100591716,0,correct
A00836,B00512,2.3557703197890257e-09,0,0,0.2597402597402597,0.3446808510638298,0.2637362637362638,0.2637362637362637,0.2597402597402597,0.2417582417582417,0.1666666666666666,0.1176470588235294,0.1818181818181817,0.4,0.0,0.2708333333333333,0.0,1.0,0,0.2723809036707973,0.1557486631016042,0.0,0.0831542553191489,1,correct
A00432,B00432,0.9679570850269179,1,1,0.2121212121212121,0.3520588235294117,0.175,0.175,0.1194029850746268,0.1728395061728395,1.0,1.0,0.9090909090909092,0.4,0.2857142857142857,0.2117647058823529,0.0,0.0,0,0.2948073970328873,0.9772727272727272,1.0,0.1088719723183391,2,correct
A00136,B00136,0.8999323908728838,1,1,0.1971830985915492,0.3315789473684211,0.1882352941176471,0.188235294117647,0.2597402597402597,0.2417582417582417,1.0,1.0,0.9090909090909092,0.2962962962962963,0.25,0.1999999999999999,0.0,0.0,0,0.2745845918214339,0.9772727272727272,1.0,0.0840614035087719,3,correct
A00489,B00709,0.14806429346532035,0,0,0.1690140845070422,0.2842105263157894,0.1647058823529411,0.1647058823529411,0.1971830985915492,0.1411764705882353,1.0,1.0,0.5454545454545454,0.3333333333333333,0.25,0.0,0.0,1.0,0,0.2176651186790505,0.8863636363636364,1.0,0.0592105263157894,1,correct
A00610,B00070,0.11145584183870398,0,0,0.1643835616438356,0.315,0.1839080459770115,0.1839080459770115,0.1764705882352941,0.2439024390243902,1.0,1.0,0.5454545454545454,0.4166666666666666,0.0,0.1956521739130434,0.0,1.0,0,0.2559616472251679,0.8863636363636364,1.0,0.0709891304347826,1,correct
A00864,B00844,0.7948851398307635,0,1,0.2222222222222222,0.3428571428571428,0.2325581395348837,0.2325581395348837,0.2162162162162162,0.1818181818181818,1.0,1.0,0.7272727272727273,0.3703703703703704,0.2886597938144329,0.2417582417582418,0.0,0.0,0,0.2928575586307545,0.931818181818182,1.0,0.1053509344525545,2,false_positive
A00572,B00326,3.0039441733922535e-07,0,0,0.1866666666666666,0.3,0.247191011235955,0.2471910112359551,0.1194029850746268,0.148148148148148,0.3529411764705882,0.2666666666666667,0.1818181818181817,0.0,0.24,0.0,0.0,2.0,0,0.1556296296296296,0.2842780748663102,0.0,0.0216,1,correct
A00994,B00893,0.0003918683568043796,0,0,0.2564102564102564,0.3537931034482759,0.2608695652173912,0.2608695652173913,0.2162162162162162,0.159090909090909,0.0,0.0952380952380952,0.4,0.2962962962962963,0.2718446601941747,0.2474226804123711,0.0,1.0,0,0.2751054732029057,0.1285714285714285,0.0,0.0970449956685154,3,correct
A00723,B00410,0.00017749938367477266,0,0,0.2253521126760563,0.3315789473684211,0.1882352941176471,0.188235294117647,0.1492537313432835,0.2469135802469135,0.6153846153846154,1.0,0.3636363636363636,0.4444444444444444,0.25,0.0,0.0,1.0,0,0.2752452891487979,0.6678321678321678,0.0,0.0838157894736842,1,correct
A00128,B00227,1.617940657940612e-09,0,0,0.1999999999999999,0.2918918918918919,0.1904761904761905,0.1904761904761904,0.1999999999999999,0.2380952380952381,0.1428571428571429,0.1333333333333333,0.0,0.4615384615384615,0.0,0.202247191011236,0.0,1.0,0,0.2578313861459929,0.1042857142857142,0.0,0.071598028451961,2,correct
A00808,B00388,0.34965591708147586,0,0,0.2105263157894736,0.2739130434782609,0.2,0.1999999999999999,0.2028985507246377,0.216867469879518,1.0,1.0,0.7272727272727273,0.3199999999999999,0.2574257425742574,0.2315789473684211,0.0,0.0,0,0.2628981105107836,0.931818181818182,1.0,0.0752442984344201,2,correct
A00613,B00613,0.8151167119624315,1,1,0.1891891891891891,0.351219512195122,0.1818181818181818,0.1818181818181817,0.1492537313432835,0.2222222222222223,1.0,1.0,0.9090909090909092,0.3333333333333333,0.0,0.2150537634408602,0.0,1.0,0,0.2487350292857767,0.9772727272727272,1.0,0.0694885916601101,1,correct
A00940,B00040,0.38762431106895395,0,0,0.3199999999999999,0.3288461538461538,0.2247191011235955,0.2247191011235955,0.1764705882352941,0.2439024390243902,1.0,1.0,0.9090909090909092,0.3199999999999999,0.3,0.2553191489361702,0.0,0.0,0,0.2947322062991497,0.9772727272727272,1.0,0.0968766775777413,1,correct
A00877,B00317,0.0080922123814536,0,0,0.25,0.3428571428571428,0.2093023255813953,0.2093023255813954,0.1818181818181817,0.2,1.0,1.0,0.3636363636363636,0.2962962962962963,0.0,0.2417582417582418,0.0,1.0,0,0.2383801383801383,0.8409090909090909,1.0,0.0655014826443397,2,correct
A00995,B00214,9.922313897807742e-09,0,0,0.2597402597402597,0.3358928571428572,0.2417582417582417,0.2417582417582418,0.088235294117647,0.1951219512195122,0.3076923076923077,0.0999999999999999,0.4,0.3076923076923077,0.2549019607843137,0.25,0.0,0.0,0,0.2770660030428682,0.2684615384615385,0.0,0.0922185479961215,2,correct
A00725,B00725,0.9720374676937386,1,1,0.2162162162162162,0.3077999999999999,0.2045454545454545,0.2045454545454546,0.1176470588235294,0.1707317073170732,1.0,1.0,0.9090909090909092,0.4166666666666666,0.2424242424242424,0.0,0.0,1.0,0,0.2461833111603843,0.9772727272727272,1.0,0.0736854545454545,1,correct
A00041,B00881,0.623754009244943,0,0,0.2222222222222222,0.4049999999999999,0.160919540229885,0.1609195402298851,0.1428571428571429,0.1666666666666667,1.0,1.0,0.5454545454545454,0.0,0.2680412371134021,0.2417582417582418,0.0,1.0,0,0.2313032551640799,0.8863636363636364,1.0,0.0619406366829047,2,correct
A00473,B00653,0.19387202820551783,0,0,0.3076923076923077,0.3664285714285714,0.2608695652173912,0.2608695652173913,0.1492537313432835,0.2222222222222223,1.0,1.0,0.5454545454545454,0.0,0.0,0.0,0.0,3.0,0,0.1543730158730158,0.8863636363636364,1.0,0.0,0,correct
A00488,B00448,0.4215397712977756,0,0,0.1739130434782608,0.3,0.1927710843373493,0.1927710843373493,0.1999999999999999,0.2380952380952381,1.0,1.0,0.0,0.3703703703703704,0.2553191489361702,0.2045454545454546,0.0,1.0,0,0.2806728122153654,0.75,1.0,0.0858322587577907,2,correct
A00867,B00307,0.0298849584192096,0,0,0.2535211267605634,0.351219512195122,0.2352941176470588,0.2352941176470588,0.1818181818181817,0.2,1.0,1.0,0.5454545454545454,0.24,0.0,0.0,0.0,2.0,0,0.1933658536585366,0.8863636363636364,1.0,0.0337170731707317,1,correct
A00470,B00470,0.9820358801213602,1,1,0.2133333333333333,0.3617307692307692,0.2696629213483146,0.2696629213483146,0.1764705882352941,0.2439024390243902,1.0,1.0,0.9090909090909092,0.48,0.3,0.0,0.0,1.0,0,0.2982997185741088,0.9772727272727272,1.0,0.1020080769230769,0,correct
A00265,B00361,1.6158814533358805e-07,0,0,0.1917808219178082,0.36,0.2068965517241379,0.2068965517241379,0.088235294117647,0.1707317073170732,0.3636363636363636,0.3636363636363636,0.3636363636363636,0.3846153846153846,0.2448979591836735,0.217391304347826,0.0,0.0,0,0.2884128079162165,0.3636363636363636,0.0,0.1053118558460173,2,correct
A00412,B00011,4.94834805649545e-09,0,0,0.1714285714285713,0.2918918918918919,0.1904761904761905,0.1904761904761904,0.1194029850746268,0.1975308641975308,0.3157894736842105,0.1176470588235294,0.3636363636363636,0.3199999999999999,0.2526315789473684,0.1797752808988764,0.0,0.0,0,0.2559347693840105,0.2683084717140445,0.0,0.0752269790784279,2,correct
A00155,B00720,0.0009636051748095303,0,0,0.2285714285714285,0.3405405405405405,0.1904761904761905,0.1904761904761904,0.1176470588235294,0.1707317073170732,0.0,0.4285714285714286,0.3636363636363636,0.4,0.2526315789473684,0.0,0.0,2.0,0,0.2542032404676821,0.2194805194805195,0.0,0.0802958748221906,1,correct
A00104,B00104,0.9807470046963924,1,1,0.2191780821917808,0.4049999999999999,0.1839080459770115,0.1839080459770115,0.2162162162162162,0.2045454545454545,1.0,1.0,0.9090909090909092,0.4,0.2857142857142857,0.2391304347826086,0.0,0.0,0,0.3211357989836251,0.9772727272727272,1.0,0.1285686335403726,2,correct
A00200,B00717,1.3981342667314079e-08,0,0,0.2191780821917808,0.315,0.1839080459770115,0.1839080459770115,0.1764705882352941,0.2195121951219512,0.2666666666666667,0.3076923076923077,0.3636363636363636,0.3333333333333333,0.2448979591836735,0.217391304347826,0.0,0.0,0,0.2744124952207818,0.3032167832167832,0.0,0.0856863354037267,2,correct
A00010,B00832,6.186117175260075e-07,0,0,0.1917808219178082,0.27,0.1839080459770115,0.1839080459770115,0.1791044776119402,0.2469135802469135,0.3076923076923077,0.2666666666666667,0.3636363636363636,0.4615384615384615,0.2653061224489795,0.217391304347826,0.0,0.0,0,0.2950950223765958,0.3093706293706294,0.0,0.0889446454166951,2,correct
A00903,B00692,6.299484017287772e-06,0,0,0.2597402597402597,0.3446808510638298,0.2197802197802197,0.2197802197802197,0.1492537313432835,0.1975308641975308,0.0,0.2666666666666667,0.1818181818181817,0.3076923076923077,0.2745098039215686,0.25,0.0,1.0,0,0.2831253602853519,0.1254545454545454,0.0,0.0966588042745739,2,correct
A00749,B00749,0.6547036447968833,1,0,0.1971830985915492,0.3315789473684211,0.1882352941176471,0.188235294117647,0.1690140845070422,0.1411764705882353,1.0,1.0,0.0,0.2962962962962963,0.25,0.2222222222222222,0.0,1.0,0,0.257801570920766,0.75,1.0,0.0862719298245614,3,false_negative
A00521,B00072,0.00018431865785132422,0,0,0.2784810126582279,0.4212765957446809,0.2765957446808511,0.276595744680851,0.1428571428571429,0.2142857142857143,0.4705882352941176,0.4,0.0,0.3846153846153846,0.2884615384615384,0.2653061224489795,0.0,1.0,0,0.3292283476402017,0.3317647058823529,0.0,0.1347985904672834,2,correct
A00315,B00195,0.07511715385885988,0,0,0.2222222222222222,0.3692307692307692,0.2325581395348837,0.2325581395348837,0.088235294117647,0.1707317073170732,1.0,1.0,0.5454545454545454,0.3846153846153846,0.2474226804123711,0.2417582417582418,0.0,0.0,0,0.2952157874813142,0.8863636363636364,1.0,0.1109909281836323,2,correct
A00502,B00502,0.8713698343105585,1,1,0.1690140845070422,0.2842105263157894,0.1411764705882353,0.1411764705882353,0.1194029850746268,0.148148148148148,1.0,1.0,0.9090909090909092,0.2307692307692307,0.25,0.1999999999999999,0.0,0.0,0,0.2285466336782126,0.9772727272727272,1.0,0.0646032388663967,3,correct
A00632,B00347,0.00025720749501003407,0,0,0.2028985507246377,0.35,0.1927710843373493,0.1927710843373493,0.1194029850746268,0.148148148148148,0.0,0.4,0.1818181818181817,0.4615384615384615,0.0,0.2272727272727273,0.0,2.0,0,0.261028231028231,0.1654545454545454,0.0,0.0884790209790209,1,correct
A00209,B00209,0.992651361733903,1,1,0.1643835616438356,0.320625,0.2068965517241379,0.2068965517241379,0.1690140845070422,0.1176470588235294,1.0,1.0,0.9090909090909092,0.4,0.0,0.0,0.0,2.0,0,0.1997169117647059,0.9772727272727272,1.0,0.0513,0,correct
A00000,B00693,2.3453367276739373e-05,0,0,0.2432432432432432,0.2735999999999999,0.2045454545454545,0.2045454545454546,0.1791044776119402,0.2222222222222223,0.4615384615384615,0.2666666666666667,0.3636363636363636,0.56,0.2828282828282829,0.0,0.0,1.0,0,0.2809486868686869,0.3786013986013986,0.0,0.0845009454545454,1,correct
A00457,B00636,1.4693167070186292e-09,0,0,0.2597402597402597,0.3969642857142857,0.2857142857142857,0.2857142857142857,0.1818181818181817,0.2,0.1538461538461538,0.3076923076923077,0.1818181818181817,0.3076923076923077,0.2941176470588235,0.25,0.0,0.0,0,0.3022453943115707,0.206993006993007,0.0,0.1136557247899159,2,correct
A00947,B00110,3.103835637156423e-10,0,0,0.3287671232876712,0.3348837209302326,0.2298850574712644,0.2298850574712644,0.1818181818181817,0.225,0.2857142857142857,0.1333333333333333,0.1818181818181817,0.3199999999999999,0.3061224489795918,0.2826086956521739,0.0,0.0,0,0.2977747879738346,0.2140259740259739,0.0,0.1020120591816099,1,correct
A00849,B00109,0.9714167826834561,0,1,0.1891891891891891,0.288,0.1818181818181818,0.1818181818181817,0.1690140845070422,0.1176470588235294,1.0,1.0,0.0,0.0,0.2626262626262626,0.2150537634408602,0.0,2.0,0,0.1815814156747743,0.75,1.0,0.0412715542521994,2,false_positive
A00554,B00983,6.881150527991386e-05,0,0,0.2631578947368421,0.4186046511627907,0.2888888888888888,0.2888888888888888,0.2191780821917808,0.160919540229885,0.7692307692307692,0.2222222222222222,0.4,0.0,0.2772277227722772,0.2526315789473684,0.0,1.0,0,0.237244198652761,0.5128205128205128,0.0,0.0665404704485136,2,correct
A00225,B00259,7.107131984150728e-08,0,0,0.1690140845070422,0.3315789473684211,0.1882352941176471,0.188235294117647,0.088235294117647,0.1707317073170732,0.3478260869565217,0.3809523809523809,0.3636363636363636,0.2307692307692307,0.25,0.1999999999999999,0.0,0.0,0,0.2472738718277871,0.36171654432524,0.0,0.0753704453441295,3,correct
A00009,B00657,4.295031850745598e-06,0,0,0.2162162162162162,0.2735999999999999,0.2045454545454545,0.2045454545454546,0.1714285714285713,0.1428571428571429,0.2666666666666667,0.375,0.3636363636363636,0.5,0.2626262626262626,0.0,0.0,1.0,0,0.2500453679653679,0.3234090909090909,0.0,0.0762763636363636,1,correct
A00885,B00265,0.4823006649772066,0,0,0.2531645569620253,0.3135,0.2365591397849462,0.2365591397849462,0.1176470588235294,0.1951219512195122,1.0,1.0,0.5454545454545454,0.4615384615384615,0.2884615384615384,0.0,0.0,1.0,0,0.2686513133208255,0.8863636363636364,1.0,0.0850067307692307,1,correct
A00251,B00136,3.5991112961864407e-06,0,0,0.2133333333333333,0.3857142857142858,0.2696629213483146,0.2696629213483146,0.1428571428571429,0.1904761904761905,0.2352941176470588,1.0,0.3636363636363636,0.2962962962962963,0.24,0.2340425531914893,0.0,0.0,0,0.2841751660475065,0.4967914438502674,0.0,0.1005677811550152,3,correct
A00872,B00720,4.076234724549252e-05,0,0,0.2028985507246377,0.342,0.2409638554216867,0.2409638554216867,0.1194029850746268,0.1728395061728395,0.0,0.2352941176470588,0.1818181818181817,0.4,0.2553191489361702,0.0,0.0,2.0,0,0.2554657735749934,0.1160427807486631,0.0,0.080915744680851,1,correct
A00182,B00160,3.791166868178862e-08,0,0,0.16,0.3,0.1797752808988764,0.1797752808988764,0.1194029850746268,0.148148148148148,0.1428571428571429,0.2666666666666667,0.1818181818181817,0.0,0.24,0.2127659574468084,0.0,1.0,0,0.1875445232466508,0.1897402597402597,0.0,0.0407489361702127,2,correct
A00156,B00431,0.00033194218124257905,0,0,0.2535211267605634,0.3886363636363636,0.2823529411764706,0.2823529411764706,0.2597402597402597,0.2417582417582417,0.2352941176470588,1.0,0.0,0.3846153846153846,0.25,0.2444444444444444,0.0,1.0,0,0.316032301032301,0.4058823529411764,0.0,0.117437937062937,2,correct
A00442,B00599,1.975869741692598e-07,0,0,0.25,0.3309677419354838,0.2553191489361703,0.2553191489361702,0.1194029850746268,0.1975308641975308,0.3333333333333333,0.3529411764705882,0.3636363636363636,0.4615384615384615,0.3047619047619048,0.2222222222222222,0.0,0.0,0,0.3101518067754626,0.3467914438502674,0.0,0.1134261609358383,1,correct
A00449,B00449,0.9672411251296383,1,1,0.2249999999999999,0.3585483870967741,0.2978723404255319,0.2978723404255319,0.1690140845070422,0.1647058823529411,1.0,1.0,0.9090909090909092,0.3846153846153846,0.2857142857142857,0.2222222222222222,0.0,0.0,0,0.2936192457131735,0.9772727272727272,1.0,0.1097972350230414,2,correct
A00427,B00926,2.0095239350978124e-05,0,0,0.2352941176470588,0.36,0.1707317073170732,0.1707317073170732,0.1818181818181817,0.2,0.5555555555555556,0.1333333333333333,0.0,0.2307692307692307,0.2795698924731182,0.2298850574712644,0.0,1.0,0,0.2705720886455036,0.29,0.0,0.0882519038247625,3,correct
A00191,B00559,4.580307236482191e-08,0,0,0.1690140845070422,0.3315789473684211,0.2352941176470588,0.2352941176470588,0.1428571428571429,0.1904761904761905,0.2608695652173913,0.25,0.1818181818181817,0.48,0.2291666666666666,0.0,0.0,1.0,0,0.2679439223057644,0.2378458498023715,0.0,0.0864592105263157,1,correct
A00527,B00857,1.0162929673986352e-05,0,0,0.2307692307692307,0.4,0.2608695652173912,0.2608695652173913,0.1818181818181817,0.175,0.375,0.375,0.0,0.3076923076923077,0.2524271844660194,0.2474226804123711,0.0,1.0,0,0.2915159412702201,0.28125,0.0,0.1092127530161761,2,correct
A00313,B00165,1.1730526054650098e-06,0,0,0.25,0.4153846153846154,0.2325581395348837,0.2325581395348837,0.1492537313432835,0.2222222222222223,0.2222222222222222,0.1999999999999999,0.0,0.3333333333333333,0.2680412371134021,0.0,0.0,2.0,0,0.275932681293506,0.1599999999999999,0.0,0.0887866772402855,1,correct
A00587,B00587,0.8909674155811882,1,1,0.2465753424657534,0.36,0.2298850574712644,0.2298850574712644,0.1818181818181817,0.225,1.0,1.0,0.9090909090909092,0.25,0.2448979591836735,0.2608695652173913,0.0,0.0,0,0.2788651286601597,0.9772727272727272,1.0,0.090622892635315,3,correct
A00936,B00065,3.6913031911116098e-09,0,0,0.2666666666666667,0.3199999999999999,0.2247191011235955,0.2247191011235955,0.2597402597402597,0.2417582417582417,0.3529411764705882,0.3157894736842105,0.1818181818181817,0.3199999999999999,0.28,0.2340425531914893,0.0,0.0,0,0.2854580313303717,0.2990149169715732,0.0,0.0903080851063829,2,correct
A00821,B00341,0.5946225476378668,0,0,0.2278481012658227,0.2938775510204082,0.2150537634408601,0.2150537634408602,0.2028985507246377,0.1686746987951806,0.0,1.0,0.5454545454545454,0.3846153846153846,0.2884615384615384,0.2448979591836735,0.0,1.0,0,0.2788252066350173,0.4363636363636363,0.0,0.0922346458206516,2,correct
A00318,B00073,3.697744858903037e-06,0,0,0.273972602739726,0.4049999999999999,0.2758620689655173,0.2758620689655172,0.1999999999999999,0.1904761904761905,0.4615384615384615,0.25,0.5454545454545454,0.3846153846153846,0.2653061224489795,0.2608695652173913,0.0,0.0,0,0.3154446681682706,0.419055944055944,0.0,0.1262380383591563,2,correct
A00288,B00920,2.380199592969582e-10,0,0,0.1944444444444444,0.3345652173913043,0.2790697674418605,0.2790697674418605,0.2028985507246377,0.1927710843373493,0.0,0.1666666666666666,0.0,0.3846153846153846,0.2474226804123711,0.2197802197802197,0.0,0.0,0,0.2859272940368267,0.0499999999999999,0.0,0.0983645238669891,3,correct
A00420,B00566,5.408367374939748e-09,0,0,0.2571428571428571,0.3405405405405405,0.1666666666666667,0.1666666666666666,0.1764705882352941,0.2439024390243902,0.2352941176470588,0.1666666666666666,0.1818181818181817,0.4615384615384615,0.3157894736842105,0.2471910112359551,0.0,0.0,0,0.3276974150127573,0.2013368983957219,0.0,0.1203843264635695,1,correct
A00830,B00552,1.5281469109561178e-08,0,0,0.2191780821917808,0.2930232558139535,0.2298850574712644,0.2298850574712644,0.1764705882352941,0.2195121951219512,0.3076923076923077,0.2666666666666667,0.1818181818181817,0.3846153846153846,0.2653061224489795,0.0,0.0,1.0,0,0.2485284110590001,0.2639160839160839,0.0,0.068402760030667,1,correct
A00821,B00821,0.9877484834955607,1,1,0.2278481012658227,0.2938775510204082,0.2150537634408601,0.2150537634408602,0.144927536231884,0.1686746987951806,1.0,1.0,0.9090909090909092,0.3846153846153846,0.2884615384615384,0.2448979591836735,0.0,0.0,0,0.2788252066350173,0.9772727272727272,1.0,0.0922346458206516,2,correct
A00153,B00245,4.436330825192827e-08,0,0,0.2571428571428571,0.3891891891891892,0.2142857142857143,0.2142857142857143,0.1492537313432835,0.2222222222222223,0.2222222222222222,0.1999999999999999,0.3636363636363636,0.4,0.2736842105263157,0.2471910112359551,0.0,0.0,0,0.3193324844655418,0.2509090909090908,0.0,0.1230859718381894,2,correct
A00271,B00871,0.8244282919646143,0,1,0.1971830985915492,0.3789473684210526,0.2117647058823529,0.2117647058823529,0.1739130434782608,0.216867469879518,1.0,0.0,0.7272727272727273,0.3846153846153846,0.2291666666666666,0.2222222222222222,0.0,1.0,0,0.3016891147586296,0.6318181818181818,0.0,0.1096153846153845,2,false_positive
A00771,B00696,0.0004795950654744663,0,0,0.2702702702702703,0.4829268292682927,0.3409090909090909,0.3409090909090909,0.1999999999999999,0.2142857142857143,0.2352941176470588,1.0,0.5454545454545454,0.48,0.2626262626262626,0.2795698924731182,0.0,0.0,0,0.3650646149025379,0.5422459893048128,0.0,0.1712742722265932,2,correct
A00239,B00125,2.0314360227546714e-08,0,0,0.2028985507246377,0.35,0.1927710843373493,0.1927710843373493,0.1690140845070422,0.1411764705882353,0.3478260869565217,0.3809523809523809,0.1818181818181817,0.3703703703703704,0.2553191489361702,0.2272727272727273,0.0,0.0,0,0.2796981496230558,0.3162619988706945,0.0,0.1025239988537861,2,correct
A00022,B00271,8.950445639496342e-07,0,0,0.1891891891891891,0.2634146341463415,0.1818181818181818,0.1818181818181817,0.1212121212121212,0.175,0.2105263157894736,0.4,0.3636363636363636,0.4615384615384615,0.2424242424242424,0.2365591397849462,0.0,0.0,0,0.278179589882973,0.305645933014354,0.0,0.0864817637122909,2,correct
A00183,B00639,1.0223620016915051e-09,0,0,0.2191780821917808,0.4049999999999999,0.2068965517241379,0.2068965517241379,0.1492537313432835,0.1975308641975308,0.2222222222222222,0.2857142857142857,0.1818181818181817,0.3199999999999999,0.0,0.2391304347826086,0.0,1.0,0,0.2608757380568974,0.2311688311688311,0.0,0.0808943478260869,1,correct
A00738,B00569,4.4625841050782e-07,0,0,0.1714285714285713,0.3405405405405405,0.1904761904761905,0.1904761904761904,0.1999999999999999,0.1904761904761905,0.1428571428571429,0.3333333333333333,0.3636363636363636,0.0,0.2526315789473684,0.202247191011236,0.0,1.0,0,0.2084892157511909,0.2551948051948052,0.0,0.0464713986606358,2,correct
A00804,B00802,5.830690158658479e-09,0,0,0.2631578947368421,0.3521739130434782,0.2222222222222223,0.2222222222222222,0.2191780821917808,0.1839080459770115,0.2857142857142857,0.2666666666666667,0.1818181818181817,0.2307692307692307,0.297029702970297,0.0,0.0,1.0,0,0.2331420847078364,0.254025974025974,0.0,0.0638901950395708,2,correct
A00286,B00887,3.478660093787185e-05,0,0,0.1866666666666666,0.3288461538461538,0.2247191011235955,0.2247191011235955,0.2631578947368421,0.2222222222222223,0.5555555555555556,0.1333333333333333,0.0,0.3703703703703704,0.26,0.2127659574468084,0.0,1.0,0,0.2880872582893859,0.29,0.0,0.0953581287506819,2,correct
A00345,B00905,0.1254071402273534,0,0,0.1917808219178082,0.320625,0.2068965517241379,0.2068965517241379,0.088235294117647,0.1707317073170732,1.0,1.0,0.5454545454545454,0.4,0.0,0.217391304347826,0.0,1.0,0,0.2429425371155885,0.8863636363636364,1.0,0.0722103260869565,1,correct
A00572,B00072,0.44477252611062035,0,0,0.1866666666666666,0.3,0.247191011235955,0.2471910112359551,0.1194029850746268,0.1728395061728395,1.0,1.0,0.0,0.3846153846153846,0.24,0.2127659574468084,0.0,1.0,0,0.2694058717746661,0.75,1.0,0.0869027823240589,2,correct
A00055,B00055,0.990224526404279,1,1,0.1944444444444444,0.3692307692307692,0.2325581395348837,0.2325581395348837,0.088235294117647,0.1707317073170732,1.0,1.0,0.9090909090909092,0.4615384615384615,0.2474226804123711,0.0,0.0,1.0,0,0.2743366666021933,0.9772727272727272,1.0,0.0955725004575123,1,correct
A00212,B00706,8.227579052721353e-06,0,0,0.1944444444444444,0.323076923076923,0.186046511627907,0.1860465116279069,0.1194029850746268,0.1728395061728395,0.3529411764705882,0.2666666666666667,0.0,0.2608695652173913,0.0,0.1978021978021977,0.0,2.0,0,0.2133352208714527,0.2388235294117647,0.0,0.0528839722150758,2,correct
A00231,B00442,3.931459755111928e-09,0,0,0.1739130434782608,0.3847499999999999,0.2409638554216867,0.2409638554216867,0.1428571428571429,0.1904761904761905,0.2105263157894736,0.4,0.1818181818181817,0.3076923076923077,0.2553191489361702,0.0,0.0,1.0,0,0.2533565719741251,0.2601913875598086,0.0,0.0768240589198036,1,correct
A00871,B00871,0.9756912549926441,1,1,0.1999999999999999,0.315,0.1904761904761905,0.1904761904761904,0.1714285714285713,0.2142857142857143,1.0,0.0,0.9090909090909092,0.3076923076923077,0.2526315789473684,0.2247191011235955,0.0,1.0,0,0.270498206406249,0.6772727272727272,0.0,0.0838788700359368,2,correct
A00335,B00735,0.6058395982873186,0,0,0.2337662337662337,0.3358928571428572,0.3076923076923077,0.3076923076923077,0.1176470588235294,0.1951219512195122,1.0,1.0,0.7272727272727273,0.4166666666666666,0.2549019607843137,0.2291666666666666,0.0,0.0,0,0.2957358748377399,0.931818181818182,1.0,0.1047607011554622,2,correct
A00474,B00207,6.878102797163363e-08,0,0,0.2784810126582279,0.33,0.2365591397849462,0.2365591397849462,0.2162162162162162,0.159090909090909,0.2857142857142857,0.1739130434782608,0.4,0.3076923076923077,0.2884615384615384,0.2653061224489795,0.0,0.0,0,0.2754217924932211,0.2807453416149068,0.0,0.0954383830455259,2,correct
A00896,B00278,9.063950919195535e-09,0,0,0.2307692307692307,0.3,0.1956521739130434,0.1956521739130434,0.2597402597402597,0.2417582417582417,0.1666666666666666,0.2666666666666667,0.0,0.4615384615384615,0.2718446601941747,0.2268041237113401,0.0,0.0,0,0.3054566582451679,0.155,0.0,0.1002630059361117,3,correct
A00088,B00528,0.10564033489768133,0,0,0.2191780821917808,0.315,0.2068965517241379,0.2068965517241379,0.1999999999999999,0.2142857142857143,1.0,1.0,0.0,0.3478260869565217,0.2448979591836735,0.1956521739130434,0.0,1.0,0,0.2730048802129547,0.75,1.0,0.0854580745341615,2,correct
A00682,B00682,0.9829227142157745,1,1,0.1944444444444444,0.323076923076923,0.2325581395348837,0.2325581395348837,0.1194029850746268,0.1975308641975308,1.0,1.0,0.9090909090909092,0.4615384615384615,0.2474226804123711,0.2197802197802197,0.0,0.0,0,0.298817377099164,0.9772727272727272,1.0,0.1049277130482522,2,correct
A00623,B00513,3.963487414098859e-10,0,0,0.2222222222222222,0.4153846153846154,0.186046511627907,0.1860465116279069,0.1492537313432835,0.2222222222222223,0.1538461538461538,0.1538461538461538,0.1818181818181817,0.24,0.0,0.2417582417582418,0.0,1.0,0,0.2533235653235653,0.1608391608391608,0.0,0.0700037193575655,2,correct
A00527,B00409,4.1109368650291184e-05,0,0,0.2307692307692307,0.4,0.2608695652173912,0.2608695652173913,0.1818181818181817,0.175,0.5333333333333333,1.0,0.3636363636363636,0.3846153846153846,0.2524271844660194,0.2474226804123711,0.0,0.0,0,0.3069005566548355,0.630909090909091,0.0,0.1215204453238684,2,correct
A00191,B00776,6.039474813297299e-06,0,0,0.1690140845070422,0.3315789473684211,0.2117647058823529,0.2117647058823529,0.1428571428571429,0.1666666666666667,0.2352941176470588,1.0,0.3636363636363636,0.4444444444444444,0.2291666666666666,0.1999999999999999,0.0,0.0,0,0.2860709064327485,0.4967914438502674,0.0,0.1016381578947368,2,correct
A00321,B00993,1.8103615369379858e-07,0,0,0.2337662337662337,0.36,0.1956521739130434,0.1956521739130434,0.1428571428571429,0.2142857142857143,0.25,0.5555555555555556,0.3636363636363636,0.3846153846153846,0.2549019607843137,0.2291666666666666,0.0,0.0,0,0.3003905138978668,0.3700757575757576,0.0,0.1076640271493212,2,correct
A00989,B00829,0.16937874541374917,0,0,0.2105263157894736,0.3483333333333334,0.2444444444444444,0.2444444444444444,0.1690140845070422,0.1411764705882353,1.0,1.0,0.5454545454545454,0.2962962962962963,0.0,0.2315789473684211,0.0,1.0,0,0.2267313954821695,0.8863636363636364,1.0,0.0654839506172839,2,correct
A00245,B00800,1.1344733319776644e-09,0,0,0.24,0.3617307692307692,0.247191011235955,0.2471910112359551,0.088235294117647,0.1463414634146342,0.1052631578947368,0.2105263157894736,0.1818181818181817,0.3846153846153846,0.0,0.0,0.0,2.0,0,0.2147106003752345,0.1559808612440191,0.0,0.0556508875739645,0,correct
A00997,B00537,0.030358114632861484,0,0,0.2597402597402597,0.3358928571428572,0.2417582417582417,0.2417582417582418,0.1818181818181817,0.175,1.0,1.0,0.5454545454545454,0.3333333333333333,0.2745098039215686,0.2291666666666666,0.0,0.0,0,0.2779859943977591,0.8863636363636364,1.0,0.095540112920168,2,correct
A00310,B00894,3.428577077482642e-07,0,0,0.2028985507246377,0.3847499999999999,0.2409638554216867,0.2409638554216867,0.1764705882352941,0.2195121951219512,0.5,0.2222222222222222,0.1999999999999999,0.5185185185185186,0.2553191489361702,0.2272727272727273,0.0,0.0,0,0.3354199241594286,0.3416666666666667,0.0,0.135503167311412,2,correct
A00192,B00209,1.3765355510019445e-06,0,0,0.1999999999999999,0.3405405405405405,0.1904761904761905,0.1904761904761904,0.1194029850746268,0.1728395061728395,0.4285714285714286,0.4,0.3636363636363636,0.4,0.0,0.0,0.0,2.0,0,0.21673006339673,0.4037662337662338,0.0,0.0544864864864865,0,correct
A00115,B00615,0.79341064426639,0,1,0.2191780821917808,0.36,0.1839080459770115,0.1839080459770115,0.1176470588235294,0.1707317073170732,1.0,1.0,0.7272727272727273,0.4166666666666666,0.2653061224489795,0.0,0.0,1.0,0,0.2652755931640949,0.931818181818182,1.0,0.0886530612244897,1,false_positive
A00039,B00295,1.1264749752056404e-06,0,0,0.2285714285714285,0.3405405405405405,0.1904761904761905,0.1904761904761904,0.1690140845070422,0.1647058823529411,0.2222222222222222,0.375,0.3636363636363636,0.5,0.2526315789473684,0.0,0.0,1.0,0,0.2729980754748556,0.3034090909090908,0.0,0.0939174964438122,1,correct
A00732,B00732,0.9460290699170067,1,1,0.1643835616438356,0.315,0.2068965517241379,0.2068965517241379,0.1194029850746268,0.148148148148148,1.0,1.0,0.9090909090909092,0.3846153846153846,0.0,0.1956521739130434,0.0,1.0,0,0.230400532639663,0.9772727272727272,1.0,0.066950668896321,1,correct
A00355,B00081,4.288398903034067e-08,0,0,0.2191780821917808,0.36,0.2298850574712644,0.2298850574712644,0.088235294117647,0.1463414634146342,0.3529411764705882,0.4705882352941176,0.1818181818181817,0.4,0.2448979591836735,0.2391304347826086,0.0,0.0,0,0.2898725517778692,0.3454545454545453,0.0,0.1098750665483584,2,correct
A00653,B00653,0.9969608446666185,1,1,0.1917808219178082,0.36,0.1839080459770115,0.1839080459770115,0.1492537313432835,0.2222222222222223,1.0,1.0,0.9090909090909092,0.0,0.0,0.0,0.0,3.0,0,0.1524444444444444,0.9772727272727272,1.0,0.0,0,correct
A00494,B00666,1.5136007085418973e-07,0,0,0.1690140845070422,0.2842105263157894,0.2117647058823529,0.2117647058823529,0.2162162162162162,0.1818181818181818,0.5,0.2222222222222222,0.4,0.3199999999999999,0.25,0.1999999999999999,0.0,0.0,0,0.2531267942583732,0.3916666666666667,0.0,0.0747473684210526,2,correct
A00953,B00553,0.6747311981085697,0,0,0.3243243243243243,0.3705882352941176,0.2272727272727273,0.2272727272727273,0.1492537313432835,0.2222222222222223,1.0,1.0,0.7272727272727273,0.4,0.2828282828282829,0.2795698924731182,0.0,0.0,0,0.3199806413278899,0.931818181818182,1.0,0.1218195618423322,2,correct
A00906,B00866,0.20074635241020014,0,0,0.24,0.3288461538461538,0.2247191011235955,0.2247191011235955,0.2597402597402597,0.2417582417582417,1.0,1.0,0.7272727272727273,0.3199999999999999,0.28,0.2127659574468084,0.0,0.0,0,0.2849203881225157,0.931818181818182,1.0,0.0907055646481178,2,correct
A00440,B00281,3.558981429009565e-07,0,0,0.3,0.3309677419354838,0.2553191489361703,0.2553191489361702,0.1764705882352941,0.2195121951219512,0.2352941176470588,0.2352941176470588,0.5454545454545454,0.4166666666666666,0.0,0.0,0.0,2.0,0,0.2265260949383687,0.3128342245989305,0.0,0.0551612903225806,0,correct
A00237,B00270,1.6685123439575424e-06,0,0,0.1971830985915492,0.3886363636363636,0.2352941176470588,0.2352941176470588,0.1818181818181817,0.175,0.2857142857142857,0.1818181818181817,0.5454545454545454,0.4444444444444444,0.25,0.2222222222222222,0.0,0.0,0,0.3113131313131312,0.3194805194805195,0.0,0.1241477272727272,2,correct
A00533,B00393,0.12505990644047796,0,0,0.2337662337662337,0.4090909090909091,0.2637362637362638,0.2637362637362637,0.1492537313432835,0.2222222222222223,1.0,1.0,0.5454545454545454,0.3846153846153846,0.2745098039215686,0.25,0.0,0.0,0,0.3227712646830294,0.8863636363636364,1.0,0.1273087206910736,2,correct
A00980,B00460,0.9207682451820227,0,1,0.282051282051282,0.3,0.2391304347826087,0.2391304347826086,0.1764705882352941,0.1951219512195122,1.0,1.0,0.7272727272727273,0.0,0.0,0.2474226804123711,0.0,2.0,0,0.1661377923057581,0.931818181818182,1.0,0.0222680412371134,1,false_positive
A00168,B00808,0.15086461457545577,0,0,0.1643835616438356,0.315,0.160919540229885,0.1609195402298851,0.1999999999999999,0.1904761904761905,1.0,1.0,0.7272727272727273,0.3076923076923077,0.2448979591836735,0.1956521739130434,0.0,0.0,0,0.2602162195982072,0.931818181818182,1.0,0.0804012183468705,2,correct
A00879,B00879,0.8917592522879173,1,1,0.2285714285714285,0.3257142857142857,0.2380952380952381,0.2380952380952381,0.1690140845070422,0.1882352941176471,1.0,1.0,0.9090909090909092,0.3333333333333333,0.2526315789473684,0.2471910112359551,0.0,0.0,0,0.2770013997319803,0.9772727272727272,1.0,0.092268378812199,2,correct
A00128,B00128,0.8996654962770618,1,1,0.1999999999999999,0.2918918918918919,0.1904761904761905,0.1904761904761904,0.1999999999999999,0.1904761904761905,1.0,1.0,0.9090909090909092,0.3703703703703704,0.0,0.202247191011236,0.0,1.0,0,0.2300739583885651,0.9772727272727272,1.0,0.0609535378074704,1,correct
A00260,B00228,4.072432141972195e-06,0,0,0.2432432432432432,0.351219512195122,0.25,0.25,0.1764705882352941,0.2195121951219512,0.0,0.1666666666666666,0.0,0.4444444444444444,0.2828282828282829,0.2365591397849462,0.0,1.0,0,0.3160652949638001,0.0499999999999999,0.0,0.1171647235533939,2,correct
A00281,B00504,3.2601161210141215e-07,0,0,0.2368421052631578,0.3681818181818182,0.2197802197802197,0.2197802197802197,0.144927536231884,0.1927710843373493,0.2352941176470588,0.5882352941176471,0.3636363636363636,0.4,0.2574257425742574,0.2315789473684211,0.0,0.0,0,0.3023594658134171,0.3732620320855615,0.0,0.1129218816618504,2,correct
A00107,B00107,0.750410338904693,1,1,0.25,0.3692307692307692,0.2093023255813953,0.2093023255813954,0.1818181818181817,0.225,1.0,1.0,0.9090909090909092,0.3076923076923077,0.2680412371134021,0.2417582417582418,0.0,0.0,0,0.2937776141384389,0.9772727272727272,1.0,0.1019138831034152,2,correct
A00245,B00203,8.135061424870464e-10,0,0,0.24,0.3428571428571428,0.2247191011235955,0.2247191011235955,0.088235294117647,0.1707317073170732,0.1052631578947368,0.2352941176470588,0.1818181818181817,0.4,0.24,0.2340425531914893,0.0,0.0,0,0.2881098672992809,0.1634112018012946,0.0,0.1036158054711246,2,correct
A00831,B00713,1.074047398138948e-06,0,0,0.2162162162162162,0.288,0.2045454545454545,0.2045454545454546,0.1999999999999999,0.1904761904761905,0.3333333333333333,0.5333333333333333,0.3636363636363636,0.3478260869565217,0.2828282828282829,0.2365591397849462,0.0,0.0,0,0.2719685688785268,0.400909090909091,0.0,0.0849446385311743,2,correct
A00005,B00005,0.9973258493990543,1,1,0.2162162162162162,0.3073170731707316,0.2045454545454545,0.2045454545454546,0.0895522388059701,0.1728395061728395,1.0,1.0,0.9090909090909092,0.48,0.2626262626262626,0.2580645161290322,0.0,0.0,0,0.3008666399990816,0.9772727272727272,1.0,0.1070100278950003,2,correct
A00461,B00104,1.677573972933723e-07,0,0,0.2469135802469135,0.34734375,0.2736842105263157,0.2736842105263157,0.1428571428571429,0.2142857142857143,0.2352941176470588,0.5882352941176471,0.3636363636363636,0.3199999999999999,0.2830188679245283,0.24,0.0,0.0,0,0.289513098045822,0.3732620320855615,0.0,0.0989602004716981,2,correct
A00042,B00500,2.997069087349327e-07,0,0,0.1714285714285713,0.2918918918918919,0.1428571428571429,0.1428571428571429,0.1194029850746268,0.1728395061728395,0.1428571428571429,0.2666666666666667,0.3636363636363636,0.5384615384615384,0.2315789473684211,0.202247191011236,0.0,0.0,0,0.2949016972513917,0.2351948051948052,0.0,0.1008581225541604,2,correct
A00599,B00945,4.199521574713662e-06,0,0,0.2222222222222222,0.323076923076923,0.2093023255813953,0.2093023255813954,0.1690140845070422,0.1647058823529411,0.3478260869565217,0.3809523809523809,0.3636363636363636,0.0,0.2474226804123711,0.2417582417582418,0.0,1.0,0,0.203241391719257,0.36171654432524,0.0,0.047412920148844,2,correct
A00677,B00142,1.2346585877586486e-08,0,0,0.1971830985915492,0.3789473684210526,0.2117647058823529,0.2117647058823529,0.1818181818181817,0.2,0.1333333333333333,0.1428571428571429,0.3636363636363636,0.4,0.25,0.2222222222222222,0.0,0.0,0,0.3045175438596491,0.1937662337662337,0.0,0.1143157894736842,2,correct
A00577,B00754,9.919308883234737e-09,0,0,0.1917808219178082,0.315,0.1839080459770115,0.1839080459770115,0.1818181818181817,0.2,0.4285714285714286,0.1052631578947368,0.1999999999999999,0.2962962962962963,0.2448979591836735,0.217391304347826,0.0,0.0,0,0.2631026487889842,0.2744360902255639,0.0,0.08101966873706,3,correct
A00606,B00226,0.011246194834454003,0,0,0.1866666666666666,0.3428571428571428,0.1797752808988764,0.1797752808988764,0.2597402597402597,0.2197802197802197,1.0,1.0,0.5454545454545454,0.3076923076923077,0.24,0.2127659574468084,0.0,0.0,0,0.2762665419686696,0.8863636363636364,1.0,0.0887680149637596,2,correct
A00659,B00661,2.914031648889324e-07,0,0,0.1739130434782608,0.3,0.1927710843373493,0.1927710843373493,0.1690140845070422,0.1647058823529411,0.3809523809523809,0.3157894736842105,0.3636363636363636,0.3846153846153846,0.0,0.2045454545454546,0.0,1.0,0,0.2305460715754833,0.3570745044429255,0.0,0.064562937062937,1,correct
A00194,B00194,0.7509229435185256,1,1,0.2162162162162162,0.3951219512195121,0.2045454545454545,0.2045454545454546,0.2162162162162162,0.2045454545454545,1.0,1.0,0.8888888888888888,0.3076923076923077,0.2626262626262626,0.2365591397849462,0.0,0.0,0,0.2958619481750874,0.9722222222222222,1.0,0.1078021270625519,2,correct
A00823,B00841,1.2562536162756436e-07,0,0,0.2631578947368421,0.3521739130434782,0.2222222222222223,0.2222222222222222,0.1515151515151515,0.225,0.3529411764705882,0.1333333333333333,0.3636363636363636,0.3703703703703704,0.2772277227722772,0.2736842105263157,0.0,0.0,0,0.3073630379819064,0.2897326203208555,0.0,0.1103789564311122,2,correct
A00583,B00502,5.001930526495854e-10,0,0,0.2162162162162162,0.351219512195122,0.2272727272727273,0.2272727272727273,0.1492537313432835,0.1975308641975308,0.2857142857142857,0.1538461538461538,0.1818181818181817,0.3076923076923077,0.2424242424242424,0.2365591397849462,0.0,0.0,0,0.2782579953678826,0.2201798201798201,0.0,0.0936955098402777,2,correct
A00301,B00820,1.7728681257044315e-07,0,0,0.1866666666666666,0.3428571428571428,0.2247191011235955,0.2247191011235955,0.1428571428571429,0.1904761904761905,0.2352941176470588,0.2352941176470588,0.3636363636363636,0.2962962962962963,0.26,0.0,0.0,1.0,0,0.2392116402116402,0.2673796791443851,0.0,0.0673777777777777,2,correct
A00241,B00241,0.7658446379395646,1,1,0.2597402597402597,0.36,0.2391304347826087,0.2391304347826086,0.1714285714285713,0.2142857142857143,1.0,1.0,0.9090909090909092,0.3199999999999999,0.0,0.25,0.0,1.0,0,0.2523571428571428,0.9772727272727272,1.0,0.0730799999999999,1,correct
A00801,B00041,0.8182832451235049,0,1,0.25,0.3529411764705882,0.2526315789473684,0.2526315789473684,0.1428571428571429,0.1904761904761905,1.0,1.0,0.5454545454545454,0.0,0.2857142857142857,0.2626262626262626,0.0,1.0,0,0.2262286732874968,0.8863636363636364,1.0,0.0580595874713521,2,false_positive
A00569,B00509,0.4739766956415049,0,0,0.1842105263157895,0.2930232558139535,0.1777777777777777,0.1777777777777778,0.1690140845070422,0.1647058823529411,1.0,1.0,0.5454545454545454,0.4615384615384615,0.2376237623762376,0.0,0.0,1.0,0,0.2487994098789022,0.8863636363636364,1.0,0.0749853876264191,1,correct
A00402,B00242,0.3272099401204798,0,0,0.1690140845070422,0.3315789473684211,0.1882352941176471,0.188235294117647,0.1194029850746268,0.1728395061728395,1.0,1.0,0.7272727272727273,0.3199999999999999,0.2708333333333333,0.1999999999999999,0.0,0.0,0,0.2686665854450942,0.931818181818182,1.0,0.0892776315789473,2,correct
A00820,B00480,0.648982322434541,0,0,0.2597402597402597,0.3063829787234043,0.2197802197802197,0.2197802197802197,0.1791044776119402,0.2222222222222223,1.0,1.0,0.5454545454545454,0.48,0.2941176470588235,0.25,0.0,0.0,0,0.3139769851202892,0.8863636363636364,1.0,0.1088380475594493,2,correct
A00475,B00992,1.1355052621367429e-06,0,0,0.282051282051282,0.3243103448275862,0.2608695652173912,0.2608695652173913,0.088235294117647,0.1463414634146342,0.4285714285714286,0.2352941176470588,0.3636363636363636,0.2962962962962963,0.2912621359223301,0.2680412371134021,0.0,0.0,0,0.2697161613458218,0.3543544690603514,0.0,0.0928531425409305,3,correct
A00962,B00662,0.29468413968889107,0,0,0.2278481012658227,0.3135,0.2580645161290323,0.2580645161290322,0.1194029850746268,0.1728395061728395,1.0,1.0,0.7272727272727273,0.3199999999999999,0.2692307692307693,0.2244897959183674,0.0,0.0,0,0.2666759860069383,0.931818181818182,1.0,0.0865624191522763,2,correct
A00893,B00173,0.18841756305178875,0,0,0.2278481012658227,0.3135,0.2365591397849462,0.2365591397849462,0.1492537313432835,0.2222222222222223,1.0,1.0,0.0,0.3076923076923077,0.2692307692307693,0.2244897959183674,0.0,1.0,0,0.2740909907552765,0.75,1.0,0.0850190345368916,2,correct
A00040,B00180,0.9606469557582215,0,1,0.1999999999999999,0.2918918918918919,0.1904761904761905,0.1904761904761904,0.1764705882352941,0.2439024390243902,1.0,1.0,0.7272727272727273,0.5384615384615384,0.2526315789473684,0.2247191011235955,0.0,0.0,0,0.3156429650753979,0.931818181818182,1.0,0.1046694607995613,2,false_positive
A00530,B00290,0.9350671734521128,0,1,0.2368421052631578,0.4186046511627907,0.2666666666666667,0.2666666666666667,0.1764705882352941,0.2195121951219512,1.0,1.0,0.7272727272727273,0.48,0.2772277227722772,0.2526315789473684,0.0,0.0,0,0.3449627296311743,0.931818181818182,1.0,0.1469125634717694,2,false_positive
A00985,B00837,3.2963413474702785e-08,0,0,0.2337662337662337,0.3053571428571428,0.2417582417582417,0.2417582417582418,0.1176470588235294,0.1707317073170732,0.4,0.2222222222222222,0.1818181818181817,0.4444444444444444,0.0,0.2291666666666666,0.0,1.0,0,0.2490173732094464,0.2921212121212121,0.0,0.0752790178571428,1,correct
A00210,B00210,0.396518825324407,1,0,0.1666666666666666,0.323076923076923,0.186046511627907,0.1860465116279069,0.1764705882352941,0.2195121951219512,1.0,1.0,0.0,0.3703703703703704,0.0,0.1978021978021977,0.0,2.0,0,0.2445699196918709,0.75,1.0,0.0670348454963839,1,false_negative
A00514,B00382,8.685206433510259e-10,0,0,0.1999999999999999,0.3891891891891892,0.2142857142857143,0.2142857142857143,0.2162162162162162,0.2045454545454545,0.1538461538461538,0.0952380952380952,0.1999999999999999,0.3846153846153846,0.2526315789473684,0.2247191011235955,0.0,0.0,0,0.3061915265995691,0.1478021978021977,0.0,0.1156091771159778,2,correct
A00666,B00739,2.8379475453572456e-08,0,0,0.1739130434782608,0.35,0.144578313253012,0.144578313253012,0.2597402597402597,0.2417582417582417,0.3809523809523809,0.2857142857142857,0.1818181818181817,0.4347826086956521,0.0,0.2045454545454546,0.0,1.0,0,0.2709899882725969,0.3025974025974025,0.0,0.082346837944664,1,correct
A00378,B00586,1.4076035630063422e-08,0,0,0.2162162162162162,0.3951219512195121,0.2272727272727273,0.2272727272727273,0.1999999999999999,0.2142857142857143,0.3529411764705882,0.1538461538461538,0.3636363636363636,0.3333333333333333,0.2424242424242424,0.2365591397849462,0.0,0.0,0,0.2999079022210414,0.2958864664747017,0.0,0.109459981403333,2,correct
A00200,B00580,0.016172700581972777,0,0,0.2191780821917808,0.315,0.1839080459770115,0.1839080459770115,0.1764705882352941,0.2195121951219512,1.0,1.0,0.5454545454545454,0.3199999999999999,0.0,0.217391304347826,0.0,1.0,0,0.2350111346765641,0.8863636363636364,1.0,0.0608634782608695,1,correct
A00854,B00854,0.9686223568041609,1,1,0.1891891891891891,0.288,0.1818181818181818,0.1818181818181817,0.2162162162162162,0.1818181818181818,1.0,1.0,0.8888888888888888,0.2962962962962963,0.2626262626262626,0.2150537634408602,0.0,0.0,0,0.253674899532964,0.9722222222222222,1.0,0.0754048875855327,3,correct
A00621,B00001,0.010861550292220587,0,0,0.1866666666666666,0.3428571428571428,0.1797752808988764,0.1797752808988764,0.1428571428571429,0.1904761904761905,1.0,1.0,0.5454545454545454,0.3076923076923077,0.24,0.2127659574468084,0.0,0.0,0,0.2704057361078638,0.8863636363636364,1.0,0.0887680149637596,2,correct
A00020,B00986,2.6520729808486022e-08,0,0,0.2191780821917808,0.315,0.1839080459770115,0.1839080459770115,0.1791044776119402,0.2222222222222223,0.2352941176470588,0.1666666666666666,0.1818181818181817,0.5185185185185186,0.2653061224489795,0.217391304347826,0.0,0.0,0,0.315052762167669,0.2013368983957219,0.0,0.1109482401656314,2,correct
A00310,B00310,0.9958648612507714,1,1,0.2028985507246377,0.3847499999999999,0.2409638554216867,0.2409638554216867,0.1764705882352941,0.2439024390243902,1.0,1.0,0.9090909090909092,0.5384615384615384,0.2553191489361702,0.2272727272727273,0.0,0.0,0,0.3442865769285204,0.9772727272727272,1.0,0.1385723980806427,2,correct
A00017,B00877,0.11629478060833992,0,0,0.1971830985915492,0.3315789473684211,0.2117647058823529,0.2117647058823529,0.1846153846153846,0.1772151898734176,1.0,1.0,0.5454545454545454,0.4,0.25,0.2222222222222222,0.0,0.0,0,0.2857500555185432,0.8863636363636364,1.0,0.1000263157894737,2,correct
A00659,B00660,2.106995224648342e-06,0,0,0.1739130434782608,0.3,0.1686746987951806,0.1686746987951807,0.1690140845070422,0.1411764705882353,0.3333333333333333,0.375,0.3636363636363636,0.0,0.2340425531914893,0.2045454545454546,0.0,1.0,0,0.1840234952781886,0.3534090909090909,0.0,0.0394729206963249,2,correct
A00655,B00717,5.171114310482942e-08,0,0,0.2133333333333333,0.3857142857142858,0.2247191011235955,0.2247191011235955,0.1470588235294118,0.1707317073170732,0.5333333333333333,0.4615384615384615,0.1818181818181817,0.3333333333333333,0.26,0.2340425531914893,0.0,0.0,0,0.2906336768230905,0.4239160839160838,0.0,0.1085963525835866,2,correct
A00627,B00536,4.6114193957533104e-07,0,0,0.2253521126760563,0.3789473684210526,0.1882352941176471,0.188235294117647,0.1818181818181817,0.175,0.3076923076923077,0.5882352941176471,0.3636363636363636,0.3333333333333333,0.2708333333333333,0.2444444444444444,0.0,0.0,0,0.2926425438596491,0.4058412176059235,0.0,0.1091052631578947,2,correct
A00520,B00577,1.509107089231869e-07,0,0,0.2337662337662337,0.4090909090909091,0.2857142857142857,0.2857142857142857,0.1764705882352941,0.2195121951219512,0.2666666666666667,0.3076923076923077,0.3636363636363636,0.4166666666666666,0.2549019607843137,0.25,0.0,0.0,0,0.3256983392026433,0.3032167832167832,0.0,0.1301470588235294,2,correct
A00551,B00667,4.4857651448439254e-07,0,0,0.2465753424657534,0.45,0.2528735632183908,0.2528735632183908,0.1739130434782608,0.1927710843373493,0.4,0.5882352941176471,0.3636363636363636,0.3199999999999999,0.2653061224489795,0.2608695652173913,0.0,0.0,0,0.3164805700174254,0.447379679144385,0.0,0.12863371783496,2,correct
A00047,B00527,0.9927123358190351,0,1,0.1971830985915492,0.2842105263157894,0.1882352941176471,0.188235294117647,0.1818181818181817,0.175,1.0,1.0,0.9090909090909092,0.48,0.25,0.2222222222222222,0.0,0.0,0,0.2870964912280701,0.9772727272727272,1.0,0.0948315789473684,2,false_positive
A00745,B00333,4.650996469463667e-07,0,0,0.1944444444444444,0.323076923076923,0.1627906976744185,0.1627906976744185,0.1470588235294118,0.1463414634146342,0.2222222222222222,0.1999999999999999,0.3636363636363636,0.0,0.2474226804123711,0.2197802197802197,0.0,1.0,0,0.1962718046348923,0.2509090909090908,0.0,0.0452827426340511,2,correct
A00356,B00976,0.014115355202519246,0,0,0.2432432432432432,0.351219512195122,0.2272727272727273,0.2272727272727273,0.2597402597402597,0.2197802197802197,1.0,1.0,0.5454545454545454,0.3199999999999999,0.2424242424242424,0.0,0.0,1.0,0,0.2496855339782169,0.8863636363636364,1.0,0.0704993348115299,1,correct
A00600,B00320,0.8716501506830927,0,1,0.2432432432432432,0.3077999999999999,0.2272727272727273,0.2272727272727273,0.1764705882352941,0.2439024390243902,1.0,1.0,0.7272727272727273,0.0,0.2626262626262626,0.2150537634408602,0.0,1.0,0,0.2127724917149464,0.931818181818182,1.0,0.0441089736070381,2,false_positive
A00793,B00436,7.805099909488117e-08,0,0,0.2777777777777778,0.5076923076923077,0.2790697674418605,0.2790697674418605,0.1492537313432835,0.2222222222222223,0.0,0.5333333333333333,0.3636363636363636,0.2962962962962963,0.2680412371134021,0.2857142857142857,0.0,0.0,0,0.3390747244355492,0.2509090909090909,0.0,0.1445121659554649,3,correct
A00256,B00055,4.16219083366223e-06,0,0,0.2162162162162162,0.351219512195122,0.2727272727272726,0.2727272727272727,0.2597402597402597,0.2417582417582417,0.1666666666666666,0.5714285714285714,0.5454545454545454,0.3846153846153846,0.2626262626262626,0.0,0.0,1.0,0,0.2700345183272012,0.3827922077922077,0.0,0.081705611461709,1,correct
A00744,B00267,5.409568341782823e-08,0,0,0.1944444444444444,0.3692307692307692,0.186046511627907,0.1860465116279069,0.2162162162162162,0.1818181818181818,0.2666666666666667,0.5882352941176471,0.1818181818181817,0.3846153846153846,0.2680412371134021,0.2197802197802197,0.0,0.0,0,0.2972291625899873,0.3419251336898395,0.0,0.1108403412606426,2,correct
A00792,B00477,3.768572763331725e-09,0,0,0.2608695652173913,0.5,0.2891566265060241,0.2891566265060241,0.1194029850746268,0.1728395061728395,0.2666666666666667,0.375,0.1818181818181817,0.2962962962962963,0.0,0.0,0.0,2.0,0,0.2438271604938271,0.2779545454545454,0.0,0.0592592592592592,1,correct
A00747,B00455,1.6797490433463761e-07,0,0,0.2535211267605634,0.3315789473684211,0.1882352941176471,0.188235294117647,0.1818181818181817,0.175,0.2666666666666667,0.4705882352941176,0.3636363636363636,0.3846153846153846,0.25,0.0,0.0,1.0,0,0.2488967611336032,0.3520855614973261,0.0,0.0758805668016194,1,correct
A00788,B00788,0.9334780178861362,1,1,0.2571428571428571,0.4864864864864865,0.3095238095238095,0.3095238095238095,0.1999999999999999,0.1904761904761905,1.0,1.0,0.9090909090909092,0.3846153846153846,0.2526315789473684,0.2696629213483146,0.0,0.0,0,0.3393084360086134,0.9772727272727272,1.0,0.1510708397520934,2,correct
A00565,B00295,4.871148924372246e-08,0,0,0.2105263157894736,0.2930232558139535,0.1777777777777777,0.1777777777777778,0.088235294117647,0.1951219512195122,0.3157894736842105,0.3157894736842105,0.3636363636363636,0.3333333333333333,0.2376237623762376,0.0,0.0,1.0,0,0.2292415980111908,0.3277511961722488,0.0,0.0599585539949343,1,correct
A00746,B00226,0.0609353435766747,0,0,0.1714285714285713,0.3405405405405405,0.1904761904761905,0.1904761904761904,0.2597402597402597,0.2417582417582417,1.0,1.0,0.5454545454545454,0.3846153846153846,0.2526315789473684,0.202247191011236,0.0,0.0,0,0.2956687029306781,0.8863636363636364,1.0,0.0988622510514881,2,correct
A00244,B00694,1.9740668466796856e-06,0,0,0.2465753424657534,0.36,0.2298850574712644,0.2298850574712644,0.2162162162162162,0.2045454545454545,0.3076923076923077,0.1999999999999999,0.0,0.3199999999999999,0.0,0.2391304347826086,0.0,2.0,0,0.2487786561264821,0.1984615384615384,0.0,0.0719060869565217,1,correct
A00110,B00406,7.046743866014875e-06,0,0,0.1714285714285713,0.3257142857142857,0.2142857142857143,0.2142857142857143,0.1764705882352941,0.2682926829268293,0.375,1.0,0.3636363636363636,0.3846153846153846,0.2526315789473684,0.202247191011236,0.0,0.0,0,0.2965277147165191,0.5596590909090909,0.0,0.094558044202988,2,correct
A00625,B00415,1.489184350755856e-09,0,0,0.1666666666666666,0.323076923076923,0.1627906976744185,0.1627906976744185,0.088235294117647,0.1707317073170732,0.3157894736842105,0.3157894736842105,0.1818181818181817,0.3076923076923077,0.2474226804123711,0.1978021978021977,0.0,0.0,0,0.2593916116571384,0.2822966507177033,0.0,0.0829158787287256,2,correct
A00258,B00398,0.6249131651649907,0,0,0.1971830985915492,0.3886363636363636,0.2588235294117646,0.2588235294117647,0.1999999999999999,0.1904761904761905,1.0,1.0,0.5454545454545454,0.0,0.2708333333333333,0.2222222222222222,0.0,1.0,0,0.2286444805194805,0.8863636363636364,1.0,0.0574857954545454,2,correct
A00890,B00730,0.98667580767993,0,1,0.2307692307692307,0.2653448275862068,0.1956521739130434,0.1956521739130434,0.1764705882352941,0.1951219512195122,1.0,1.0,0.7272727272727273,0.5384615384615384,0.2912621359223301,0.2268041237113401,0.0,0.0,0,0.3040300851571227,0.931818181818182,1.0,0.0983910543361704,2,false_positive
A00999,B00431,3.101400754220867e-06,0,0,0.2666666666666667,0.3288461538461538,0.2696629213483146,0.2696629213483146,0.1690140845070422,0.1411764705882353,0.2608695652173913,0.25,0.0,0.3076923076923077,0.26,0.2553191489361702,0.0,1.0,0,0.2657254741503803,0.1923913043478261,0.0,0.0913115888203449,2,correct
A00604,B00415,2.4200389568218235e-07,0,0,0.2222222222222222,0.3692307692307692,0.186046511627907,0.1860465116279069,0.2162162162162162,0.2272727272727273,0.1428571428571429,0.4285714285714286,0.3636363636363636,0.4615384615384615,0.2680412371134021,0.2197802197802197,0.0,0.0,0,0.3217046870655118,0.2837662337662338,0.0,0.1222012880062047,2,correct
A00708,B00628,0.034062775489291,0,0,0.2058823529411765,0.4114285714285715,0.1951219512195122,0.1951219512195121,0.2285714285714285,0.1904761904761905,1.0,1.0,0.5454545454545454,0.3199999999999999,0.2580645161290322,0.0,0.0,1.0,0,0.2642334869431643,0.8863636363636364,1.0,0.0845153917050691,1,correct
A00111,B00963,5.1492856044928046e-09,0,0,0.1971830985915492,0.3497727272727273,0.2352941176470588,0.2352941176470588,0.1428571428571429,0.2380952380952381,0.3157894736842105,0.1666666666666666,0.1818181818181817,0.3846153846153846,0.25,0.0,0.0,1.0,0,0.2669739427239427,0.2375598086124401,0.0,0.0800441433566433,1,correct
A00572,B00572,0.7675223867256741,1,1,0.1866666666666666,0.3,0.247191011235955,0.2471910112359551,0.1194029850746268,0.1728395061728395,1.0,1.0,0.9090909090909092,0.3199999999999999,0.24,0.2127659574468084,0.0,0.0,0,0.2564827948515892,0.9772727272727272,1.0,0.0791489361702127,2,correct
A00584,B00624,0.652837890741222,0,0,0.1891891891891891,0.351219512195122,0.1818181818181818,0.1818181818181817,0.2162162162162162,0.2045454545454545,1.0,1.0,0.7272727272727273,0.4,0.2626262626262626,0.2150537634408602,0.0,0.0,0,0.297926948477696,0.931818181818182,1.0,0.1065262856734139,2,correct
A00205,B00982,3.389772512180129e-07,0,0,0.2191780821917808,0.36,0.2298850574712644,0.2298850574712644,0.1176470588235294,0.1463414634146342,0.3157894736842105,0.3,0.5454545454545454,0.3076923076923077,0.2448979591836735,0.2391304347826086,0.0,0.0,0,0.2714110133163307,0.3684688995215311,0.0,0.0965827588560507,2,correct
A00456,B00462,2.1225652770597925e-07,0,0,0.2531645569620253,0.33,0.2580645161290323,0.2580645161290322,0.2597402597402597,0.2417582417582417,0.3333333333333333,0.4,0.3636363636363636,0.3846153846153846,0.0,0.2448979591836735,0.0,1.0,0,0.2610094191522763,0.3609090909090909,0.0,0.0750141287284144,1,correct
A00282,B00282,0.9467172050657253,1,1,0.1891891891891891,0.3077999999999999,0.2045454545454545,0.2045454545454546,0.1212121212121212,0.15,1.0,1.0,0.9090909090909092,0.3199999999999999,0.2626262626262626,0.0,0.0,1.0,0,0.2257339393939393,0.9772727272727272,1.0,0.063649309090909,1,correct
A00823,B00388,2.4357114189233025e-05,0,0,0.2631578947368421,0.3521739130434782,0.2222222222222223,0.2222222222222222,0.1515151515151515,0.225,0.1538461538461538,1.0,0.5454545454545454,0.3199999999999999,0.2772277227722772,0.2736842105263157,0.0,0.0,0,0.2972889639078324,0.5055944055944056,0.0,0.1032833042571991,2,correct
A00256,B00864,0.00019374932817891547,0,0,0.2162162162162162,0.351219512195122,0.25,0.25,0.2597402597402597,0.2417582417582417,0.1666666666666666,0.0,0.3636363636363636,0.3846153846153846,0.0,0.2365591397849462,0.0,2.0,0,0.2661244499010038,0.1659090909090909,0.0,0.0789590268111118,1,correct
A00925,B00067,4.890755538574281e-07,0,0,0.2894736842105263,0.3130434782608696,0.2222222222222223,0.2222222222222222,0.088235294117647,0.1707317073170732,0.3,0.3636363636363636,0.3636363636363636,0.4615384615384615,0.0,0.2526315789473684,0.0,1.0,0,0.2582618140914731,0.3350000000000001,0.0,0.0815180425981341,1,correct
A00082,B00115,3.6383821032823284e-08,0,0,0.1866666666666666,0.3,0.2022471910112359,0.202247191011236,0.1194029850746268,0.1728395061728395,0.1428571428571429,0.2666666666666667,0.3636363636363636,0.3333333333333333,0.26,0.0,0.0,1.0,0,0.2302345679012346,0.2351948051948052,0.0,0.0634,1,correct
A00373,B00784,6.004390706228384e-08,0,0,0.2051282051282051,0.36,0.1956521739130434,0.1956521739130434,0.1492537313432835,0.2469135802469135,0.3076923076923077,0.2666666666666667,0.3636363636363636,0.3846153846153846,0.2524271844660194,0.2268041237113401,0.0,0.0,0,0.3061904891990635,0.3093706293706294,0.0,0.1071415966677702,2,correct
A00335,B00195,0.7784151131601217,0,1,0.2337662337662337,0.3358928571428572,0.2857142857142857,0.2857142857142857,0.088235294117647,0.1951219512195122,1.0,1.0,0.7272727272727273,0.4615384615384615,0.2549019607843137,0.2291666666666666,0.0,0.0,0,0.3047102338120989,0.931818181818182,1.0,0.1107895473093083,2,false_positive
A00697,B00195,1.201912708586383e-05,0,0,0.2028985507246377,0.4,0.2409638554216867,0.2409638554216867,0.1818181818181817,0.2,0.5333333333333333,0.4615384615384615,0.3636363636363636,0.4615384615384615,0.276595744680851,0.2272727272727273,0.0,0.0,0,0.3278879631007291,0.4693706293706293,0.0,0.1343103704805832,2,correct
A00127,B00624,5.2669296379973366e-06,0,0,0.2191780821917808,0.35625,0.2528735632183908,0.2528735632183908,0.1818181818181817,0.175,0.2666666666666667,0.5882352941176471,0.3636363636363636,0.48,0.2857142857142857,0.217391304347826,0.0,0.0,0,0.3133408385093167,0.3873796791443851,0.0,0.1221694099378881,2,correct
A00294,B00245,1.0346992456169496e-09,0,0,0.1891891891891891,0.3077999999999999,0.25,0.25,0.2162162162162162,0.2045454545454545,0.0,0.16,0.1999999999999999,0.4,0.2626262626262626,0.2150537634408602,0.0,0.0,0,0.2849010948191594,0.098,0.0,0.0933569736070381,2,correct
A00208,B00172,2.0540453536131343e-08,0,0,0.1690140845070422,0.3315789473684211,0.1647058823529411,0.1647058823529411,0.1999999999999999,0.1666666666666667,0.3076923076923077,0.2666666666666667,0.1818181818181817,0.4444444444444444,0.25,0.1999999999999999,0.0,0.0,0,0.2891959064327485,0.2639160839160839,0.0,0.1037105263157894,2,correct
A00467,B00265,3.7196553583895278e-06,0,0,0.2857142857142857,0.342,0.2417582417582417,0.2417582417582418,0.1818181818181817,0.175,0.3,0.3636363636363636,0.7272727272727273,0.2307692307692307,0.3137254901960784,0.0,0.0,1.0,0,0.2308126696832579,0.4259090909090909,0.0,0.0637574660633484,1,correct
A00423,B00241,4.463086602393666e-10,0,0,0.2318840579710145,0.4,0.1686746987951806,0.1686746987951807,0.1492537313432835,0.2469135802469135,0.3529411764705882,0.1333333333333333,0.1818181818181817,0.3199999999999999,0.0,0.2272727272727273,0.0,1.0,0,0.2674736251402918,0.2442780748663101,0.0,0.0784727272727272,1,correct
A00138,B00138,0.7256056528278587,1,1,0.1764705882352941,0.3599999999999999,0.1951219512195122,0.1951219512195121,0.1999999999999999,0.2142857142857143,1.0,1.0,0.9090909090909092,0.3076923076923077,0.2795698924731182,0.1839080459770115,0.0,0.0,0,0.2819172951631238,0.9772727272727272,1.0,0.0943633096603063,2,correct
A00056,B00770,0.002728904938518013,0,0,0.1739130434782608,0.35,0.1927710843373493,0.1927710843373493,0.2597402597402597,0.2417582417582417,0.3636363636363636,0.0,0.3636363636363636,0.2962962962962963,0.2553191489361702,0.0,0.0,2.0,0,0.2509087799513331,0.2545454545454545,0.0,0.0682899921197793,2,correct
A00949,B00069,0.4549477144215355,0,0,0.273972602739726,0.320625,0.2298850574712644,0.2298850574712644,0.1690140845070422,0.1647058823529411,1.0,1.0,0.7272727272727273,0.3846153846153846,0.326530612244898,0.2391304347826086,0.0,0.0,0,0.2909009104477911,0.931818181818182,1.0,0.1037364450378813,1,correct
A00139,B00139,0.9945662938745355,1,1,0.2058823529411765,0.3599999999999999,0.2439024390243902,0.2439024390243902,0.1690140845070422,0.1647058823529411,0.0,1.0,0.9090909090909092,0.4444444444444444,0.2795698924731182,0.2068965517241379,0.0,1.0,0,0.3028000319890655,0.5272727272727272,0.0,0.1165383759733036,2,correct
A00516,B00323,4.7902426258631855e-09,0,0,0.2285714285714285,0.3891891891891892,0.1904761904761905,0.1904761904761904,0.2597402597402597,0.2417582417582417,0.0,0.1666666666666666,0.3636363636363636,0.3846153846153846,0.2526315789473684,0.2471910112359551,0.0,0.0,0,0.3170048705589806,0.1409090909090909,0.0,0.1182329244588263,2,correct
A00016,B00303,3.6849397662736346e-10,0,0,0.1917808219178082,0.315,0.1839080459770115,0.1839080459770115,0.2631578947368421,0.2222222222222223,0.0,0.1666666666666666,0.1818181818181817,0.3703703703703704,0.0,0.217391304347826,0.0,1.0,0,0.2456272141706924,0.0954545454545454,0.0,0.0672101449275362,1,correct
A00922,B00624,6.467819508540411e-09,0,0,0.2894736842105263,0.3,0.2,0.1999999999999999,0.1194029850746268,0.1728395061728395,0.2857142857142857,0.2666666666666667,0.3636363636363636,0.3199999999999999,0.3168316831683168,0.2315789473684211,0.0,0.0,0,0.2708294958150786,0.2994805194805194,0.0,0.0877569567483064,1,correct
A00366,B00550,0.0015804384920024915,0,0,0.2025316455696202,0.3521739130434782,0.2150537634408601,0.2150537634408602,0.2597402597402597,0.2197802197802197,0.375,0.0,0.3636363636363636,0.4166666666666666,0.0,0.2244897959183674,0.0,2.0,0,0.2666150205901758,0.2596590909090909,0.0,0.082413487133984,1,correct
A00099,B00199,0.25235266737817047,0,0,0.1971830985915492,0.3497727272727273,0.2117647058823529,0.2117647058823529,0.1690140845070422,0.1176470588235294,1.0,1.0,0.7272727272727273,0.3076923076923077,0.25,0.2222222222222222,0.0,0.0,0,0.2608330248183189,0.931818181818182,1.0,0.0926000874125874,2,correct
A00286,B00377,1.227388522461401e-07,0,0,0.1866666666666666,0.3288461538461538,0.2247191011235955,0.2247191011235955,0.2631578947368421,0.2222222222222223,0.2222222222222222,0.1818181818181817,0.3636363636363636,0.4,0.26,0.0,0.0,1.0,0,0.2620982905982906,0.2454545454545454,0.0,0.0782653846153846,1,correct
A00509,B00509,0.9744743035017417,1,1,0.1764705882352941,0.315,0.1951219512195122,0.1951219512195121,0.1690140845070422,0.1411764705882353,1.0,1.0,0.9090909090909092,0.3846153846153846,0.2365591397849462,0.0,0.0,1.0,0,0.2351422420084659,0.9772727272727272,1.0,0.0708163771712158,1,correct
A00535,B00835,0.2375569562255229,0,0,0.2531645569620253,0.391304347826087,0.3225806451612903,0.3225806451612903,0.088235294117647,0.1463414634146342,1.0,1.0,0.7272727272727273,0.3076923076923077,0.2692307692307693,0.2448979591836735,0.0,0.0,0,0.2853173678313809,0.931818181818182,1.0,0.1085147771483175,2,correct
A00657,B00386,1.4159974096970576e-08,0,0,0.1999999999999999,0.3891891891891892,0.1904761904761905,0.1904761904761904,0.1818181818181817,0.225,0.2222222222222222,0.1818181818181817,0.3636363636363636,0.3333333333333333,0.2736842105263157,0.2247191011235955,0.0,0.0,0,0.3031839201709101,0.2454545454545454,0.0,0.1100838461169626,2,correct
A00509,B00859,3.687726951840839e-07,0,0,0.1764705882352941,0.315,0.1707317073170732,0.1707317073170732,0.1690140845070422,0.1647058823529411,0.3333333333333333,0.3157894736842105,0.5454545454545454,0.3199999999999999,0.2365591397849462,0.2068965517241379,0.0,0.0,0,0.2579595301969508,0.3811004784688995,0.0,0.0822265628476084,2,correct
A00471,B00910,3.0338951436078825e-08,0,0,0.2368421052631578,0.38,0.3111111111111111,0.3111111111111111,0.1714285714285713,0.1904761904761905,0.3333333333333333,0.1666666666666666,0.3636363636363636,0.3703703703703704,0.0,0.2315789473684211,0.0,1.0,0,0.2609061542745753,0.2909090909090909,0.0,0.0826962962962963,1,correct
A00846,B00687,1.0333920138234969e-07,0,0,0.2133333333333333,0.28,0.2022471910112359,0.202247191011236,0.2597402597402597,0.2417582417582417,0.5555555555555556,0.1333333333333333,0.3636363636363636,0.24,0.26,0.2127659574468084,0.0,0.0,0,0.2512665419686696,0.3809090909090908,0.0,0.0665923404255319,3,correct
A00048,B00568,0.0101855328070225,0,0,0.1764705882352941,0.3085714285714285,0.1951219512195122,0.1951219512195121,0.1999999999999999,0.2142857142857143,1.0,1.0,0.3636363636363636,0.4,0.0,0.2068965517241379,0.0,1.0,0,0.2464630541871921,0.8409090909090909,1.0,0.0685241379310344,1,correct
A00888,B00888,0.9298582953750271,1,1,0.2337662337662337,0.2680851063829787,0.1758241758241757,0.1758241758241758,0.1999999999999999,0.2142857142857143,1.0,1.0,0.9090909090909092,0.3846153846153846,0.2745098039215686,0.2083333333333333,0.0,0.0,0,0.2726322222833487,0.9772727272727272,1.0,0.0800767786656397,2,correct
A00066,B00324,3.8929639923769466e-08,0,0,0.1818181818181817,0.3272727272727273,0.175,0.175,0.2597402597402597,0.2637362637362638,0.3529411764705882,0.1666666666666666,0.1818181818181817,0.48,0.2637362637362637,0.2117647058823529,0.0,0.0,0,0.3182542163718634,0.2542780748663101,0.0,0.1095219133807369,2,correct
A00554,B00433,4.724582105457465e-10,0,0,0.2631578947368421,0.4186046511627907,0.2888888888888888,0.2888888888888888,0.2191780821917808,0.1839080459770115,0.1666666666666666,0.0952380952380952,0.1999999999999999,0.3199999999999999,0.2772277227722772,0.2526315789473684,0.0,0.0,0,0.3058418998021863,0.1535714285714285,0.0,0.1201218657973508,2,correct
A00451,B00600,3.4714748003123925e-05,0,0,0.25,0.3537931034482759,0.2553191489361703,0.2553191489361702,0.1428571428571429,0.1904761904761905,0.2105263157894736,0.0,0.1818181818181817,0.3846153846153846,0.2857142857142857,0.0,0.0,2.0,0,0.2640133889099407,0.1401913875598086,0.0,0.084754831375521,1,correct
A00585,B00414,8.355875456505058e-11,0,0,0.1891891891891891,0.3073170731707316,0.1818181818181818,0.1818181818181817,0.088235294117647,0.1707317073170732,0.0,0.16,0.1999999999999999,0.3076923076923077,0.2424242424242424,0.2150537634408602,0.0,0.0,0,0.2565016258328611,0.098,0.0,0.0800008803155931,2,correct
A00581,B00941,0.06282076655187775,0,0,0.2077922077922077,0.3272727272727273,0.1978021978021978,0.1978021978021977,0.1714285714285713,0.1666666666666667,1.0,1.0,0.5454545454545454,0.3846153846153846,0.2352941176470588,0.2291666666666666,0.0,0.0,0,0.2781073460852873,0.8863636363636364,1.0,0.0959512546277252,2,correct
A00230,B00742,2.9067534861564085e-08,0,0,0.1764705882352941,0.315,0.1951219512195122,0.1951219512195121,0.1764705882352941,0.2195121951219512,0.1538461538461538,0.1538461538461538,0.3636363636363636,0.4166666666666666,0.2580645161290322,0.2068965517241379,0.0,0.0,0,0.2914799325356991,0.2062937062937063,0.0,0.0964388209121245,2,correct
A00227,B00645,8.15455698887436e-08,0,0,0.2285714285714285,0.3891891891891892,0.1904761904761905,0.1904761904761904,0.1818181818181817,0.175,0.3,0.3636363636363636,0.3636363636363636,0.24,0.2526315789473684,0.2471910112359551,0.0,0.0,0,0.2747301452842552,0.3350000000000001,0.0,0.0957198267457286,3,correct
A00421,B00581,0.15697139757097875,0,0,0.1944444444444444,0.323076923076923,0.2093023255813953,0.2093023255813954,0.1428571428571429,0.1904761904761905,1.0,1.0,0.7272727272727273,0.3199999999999999,0.0,0.1978021978021977,0.0,1.0,0,0.2286886446886446,0.931818181818182,1.0,0.0605254437869822,1,correct
A00048,B00948,0.9096262972750847,0,1,0.1764705882352941,0.3085714285714285,0.1951219512195122,0.1951219512195121,0.1999999999999999,0.1904761904761905,1.0,1.0,0.9090909090909092,0.3846153846153846,0.2365591397849462,0.2068965517241379,0.0,0.0,0,0.2741080973161062,0.9772727272727272,1.0,0.0885238543436541,2,false_positive
A00548,B00548,0.20419383483719936,1,0,0.2465753424657534,0.45,0.2758620689655173,0.2758620689655172,0.2028985507246377,0.216867469879518,1.0,1.0,0.0,0.3199999999999999,0.0,0.2608695652173913,0.0,2.0,0,0.2815039287585123,0.75,1.0,0.0928173913043478,1,false_negative
A00555,B00555,0.5748534788947625,1,0,0.2666666666666667,0.4714285714285715,0.2696629213483146,0.2696629213483146,0.0895522388059701,0.148148148148148,1.0,0.0,0.0,0.3333333333333333,0.0,0.0,0.0,4.0,0,0.2377248677248677,0.45,0.0,0.0628571428571428,0,false_negative
A00687,B00477,4.052417234749804e-06,0,0,0.2191780821917808,0.320625,0.2528735632183908,0.2528735632183908,0.1818181818181817,0.225,0.375,0.375,0.5454545454545454,0.3703703703703704,0.0,0.0,0.0,2.0,0,0.2152615740740741,0.4176136363636363,0.0,0.0475,0,correct
A00321,B00166,6.759948189398411e-09,0,0,0.2597402597402597,0.36,0.1956521739130434,0.1956521739130434,0.1428571428571429,0.2142857142857143,0.3,0.1333333333333333,0.1818181818181817,0.48,0.2549019607843137,0.2291666666666666,0.0,0.0,0,0.3194674369747899,0.2204545454545454,0.0,0.1213994117647058,2,correct
A00692,B00663,2.0864276494293553e-09,0,0,0.1971830985915492,0.3315789473684211,0.1882352941176471,0.188235294117647,0.1194029850746268,0.1975308641975308,0.2857142857142857,0.2666666666666667,0.0,0.4,0.25,0.1999999999999999,0.0,0.0,0,0.2864798570500325,0.2085714285714285,0.0,0.0978157894736842,3,correct
A00800,B00013,1.2579136491143104e-05,0,0,0.282051282051282,0.2948275862068966,0.217391304347826,0.217391304347826,0.1764705882352941,0.2439024390243902,0.4615384615384615,0.2666666666666667,0.3636363636363636,0.0,0.2912621359223301,0.2680412371134021,0.0,1.0,0,0.2211242696223068,0.3786013986013986,0.0,0.0494694190288501,2,correct
A00640,B00909,2.5876496837493003e-05,0,0,0.2191780821917808,0.315,0.1839080459770115,0.1839080459770115,0.1764705882352941,0.1951219512195122,0.0,0.2352941176470588,0.1818181818181817,0.4444444444444444,0.2448979591836735,0.217391304347826,0.0,1.0,0,0.2917566686625162,0.1160427807486631,0.0,0.0996863354037267,2,correct
A00015,B00570,8.984850887521057e-06,0,0,0.2368421052631578,0.3348837209302326,0.2222222222222223,0.2222222222222222,0.0895522388059701,0.1728395061728395,0.4615384615384615,0.3333333333333333,0.3636363636363636,0.48,0.2574257425742574,0.2736842105263157,0.0,0.0,0,0.3106995104787236,0.3986013986013986,0.0,0.117655697613825,2,correct
A00625,B00293,3.3367806972296177e-10,0,0,0.1666666666666666,0.323076923076923,0.1627906976744185,0.1627906976744185,0.1470588235294118,0.1707317073170732,0.2222222222222222,0.1999999999999999,0.0,0.3199999999999999,0.2474226804123711,0.1978021978021977,0.0,0.0,0,0.2618531501186768,0.1599999999999999,0.0,0.0845064112731043,3,correct
A00245,B00245,0.9192547944271044,1,1,0.24,0.3428571428571428,0.2247191011235955,0.2247191011235955,0.1176470588235294,0.1463414634146342,1.0,1.0,0.9090909090909092,0.4,0.24,0.2340425531914893,0.0,0.0,0,0.2832318185187931,0.9772727272727272,1.0,0.1036158054711246,2,correct
A00049,B00331,6.87892369731863e-08,0,0,0.1714285714285713,0.2918918918918919,0.1904761904761905,0.1904761904761904,0.1690140845070422,0.1411764705882353,0.3157894736842105,0.5882352941176471,0.1818181818181817,0.3846153846153846,0.2526315789473684,0.202247191011236,0.0,0.0,0,0.2609577541020822,0.3640303968477343,0.0,0.084739072329847,2,correct
A00730,B00819,7.593454014568695e-09,0,0,0.1643835616438356,0.315,0.1839080459770115,0.1839080459770115,0.1764705882352941,0.2195121951219512,0.2352941176470588,0.2857142857142857,0.3636363636363636,0.3076923076923077,0.2448979591836735,0.1956521739130434,0.0,0.0,0,0.2660234205273593,0.2825057295645531,0.0,0.0804012183468705,2,correct
A00223,B00503,0.8830331257736234,0,1,0.2253521126760563,0.4263157894736842,0.1882352941176471,0.188235294117647,0.1492537313432835,0.2222222222222223,1.0,1.0,0.0,0.0,0.25,0.2444444444444444,0.0,2.0,0,0.2465058479532164,0.75,1.0,0.0632368421052631,2,false_positive
A00252,B00732,0.21179634084146665,0,0,0.1891891891891891,0.351219512195122,0.2954545454545454,0.2954545454545454,0.1194029850746268,0.1728395061728395,1.0,1.0,0.7272727272727273,0.3076923076923077,0.0,0.2150537634408602,0.0,1.0,0,0.233730280947695,0.931818181818182,1.0,0.0658863402529807,1,correct
A00490,B00230,0.0746267256234564,0,0,0.1714285714285713,0.2918918918918919,0.1666666666666667,0.1666666666666666,0.1764705882352941,0.2195121951219512,1.0,1.0,0.5454545454545454,0.3846153846153846,0.2526315789473684,0.202247191011236,0.0,0.0,0,0.2766248990088254,0.8863636363636364,1.0,0.084739072329847,2,correct
A00996,B00296,0.10692605650395624,0,0,0.282051282051282,0.3375,0.2391304347826087,0.2391304347826086,0.2597402597402597,0.2417582417582417,1.0,1.0,0.7272727272727273,0.3076923076923077,0.2524271844660194,0.2474226804123711,0.0,0.0,0,0.2861175896218684,0.931818181818182,1.0,0.0921482603573985,2,correct
A00163,B00144,2.407796847244443e-09,0,0,0.1944444444444444,0.3692307692307692,0.2093023255813953,0.2093023255813954,0.1492537313432835,0.2222222222222223,0.4285714285714286,0.1666666666666666,0.1818181818181817,0.3076923076923077,0.2474226804123711,0.0,0.0,1.0,0,0.2538655388139924,0.2883116883116883,0.0,0.072850606966388,1,correct
A00898,B00898,0.8966136629104906,1,1,0.2133333333333333,0.2959615384615384,0.2022471910112359,0.202247191011236,0.1999999999999999,0.1904761904761905,1.0,1.0,0.9090909090909092,0.2962962962962963,0.3,0.2127659574468084,0.0,0.0,0,0.2630578525099802,0.9772727272727272,1.0,0.0806046235679214,2,correct
A00662,B00662,0.7647564777534086,1,1,0.1643835616438356,0.315,0.160919540229885,0.1609195402298851,0.1194029850746268,0.148148148148148,1.0,1.0,0.9090909090909092,0.3199999999999999,0.2448979591836735,0.1956521739130434,0.0,0.0,0,0.2542121495941371,0.9772727272727272,1.0,0.0819519875776397,2,correct
A00728,B00752,5.239622098794074e-09,0,0,0.1666666666666666,0.323076923076923,0.186046511627907,0.1860465116279069,0.1999999999999999,0.1904761904761905,0.3076923076923077,0.2666666666666667,0.1818181818181817,0.3846153846153846,0.2474226804123711,0.1978021978021977,0.0,0.0,0,0.2787251236735772,0.2639160839160839,0.0,0.0928567071310925,2,correct
A00999,B00134,6.996211846868708e-08,0,0,0.2666666666666667,0.3288461538461538,0.2696629213483146,0.2696629213483146,0.1690140845070422,0.1411764705882353,0.2352941176470588,0.2727272727272727,0.4,0.3703703703703704,0.26,0.0,0.0,1.0,0,0.2399632143455673,0.2877005347593583,0.0,0.0743679487179487,1,correct
A00274,B00879,9.193891918970335e-10,0,0,0.2432432432432432,0.3761999999999999,0.25,0.25,0.2191780821917808,0.1839080459770115,0.2352941176470588,0.2727272727272727,0.0,0.3333333333333333,0.2626262626262626,0.2365591397849462,0.0,0.0,0,0.2911860862237502,0.1877005347593583,0.0,0.106498064516129,3,correct
A00150,B00531,1.449676790635925e-09,0,0,0.1791044776119402,0.3325,0.2222222222222223,0.2222222222222222,0.1764705882352941,0.2439024390243902,0.3333333333333333,0.1666666666666666,0.1818181818181817,0.3333333333333333,0.2826086956521739,0.1860465116279069,0.0,0.0,0,0.2854954355635568,0.2454545454545454,0.0,0.0910816902595214,2,correct
A00107,B00888,1.271855055535881e-08,0,0,0.25,0.3692307692307692,0.2093023255813953,0.2093023255813954,0.1818181818181817,0.2,0.1428571428571429,0.1333333333333333,0.3636363636363636,0.3846153846153846,0.2680412371134021,0.2417582417582418,0.0,0.0,0,0.3041622295230543,0.1951948051948052,0.0,0.1132748298489773,2,correct
A00493,B00493,0.9820585816392973,1,1,0.1971830985915492,0.3315789473684211,0.1647058823529411,0.1647058823529411,0.1492537313432835,0.2222222222222223,1.0,1.0,0.9090909090909092,0.4615384615384615,0.25,0.2222222222222222,0.0,0.0,0,0.3070591542959964,0.9772727272727272,1.0,0.1081882591093117,2,correct
A00288,B00690,1.3153641428748227e-06,0,0,0.1944444444444444,0.3345652173913043,0.255813953488372,0.2558139534883721,0.2318840579710145,0.1927710843373493,0.3333333333333333,1.0,0.1818181818181817,0.3846153846153846,0.2474226804123711,0.0,0.0,1.0,0,0.2529602610697937,0.4954545454545455,0.0,0.0763052787642657,1,correct
A00831,B00666,7.358378378951823e-08,0,0,0.2162162162162162,0.288,0.2045454545454545,0.2045454545454546,0.1714285714285713,0.2142857142857143,0.3636363636363636,0.1666666666666666,0.3636363636363636,0.3199999999999999,0.2828282828282829,0.2365591397849462,0.0,0.0,0,0.2711652562491272,0.3045454545454545,0.0,0.0817390733137829,2,correct
A00652,B00653,3.765568768486147e-06,0,0,0.1666666666666666,0.323076923076923,0.1627906976744185,0.1627906976744185,0.1194029850746268,0.1728395061728395,0.3076923076923077,0.2222222222222222,0.3636363636363636,0.0,0.0,0.0,0.0,3.0,0,0.1314909781576448,0.296037296037296,0.0,0.0,0,correct
A00591,B00874,6.737063511422437e-08,0,0,0.1944444444444444,0.3345652173913043,0.2093023255813953,0.2093023255813954,0.1428571428571429,0.2142857142857143,0.3333333333333333,0.0999999999999999,0.4,0.4,0.2474226804123711,0.2197802197802197,0.0,0.0,0,0.2933071431034227,0.28,0.0,0.1004233867432433,2,correct
A00675,B00675,0.9437263528245531,1,1,0.1971830985915492,0.3789473684210526,0.1647058823529411,0.1647058823529411,0.1470588235294118,0.1707317073170732,1.0,1.0,0.9090909090909092,0.4,0.25,0.2222222222222222,0.0,0.0,0,0.2986638853230637,0.9772727272727272,1.0,0.1143157894736842,2,correct
A00131,B00914,5.755242755956729e-08,0,0,0.1944444444444444,0.3345652173913043,0.2325581395348837,0.2325581395348837,0.1428571428571429,0.2380952380952381,0.3333333333333333,0.0999999999999999,0.4,0.2222222222222222,0.2680412371134021,0.0,0.0,1.0,0,0.2326392428478936,0.28,0.0,0.0566423128641864,2,correct
A00338,B00237,2.7891936083427793e-09,0,0,0.1971830985915492,0.3497727272727273,0.2352941176470588,0.2352941176470588,0.1999999999999999,0.2142857142857143,0.2666666666666667,0.2857142857142857,0.1818181818181817,0.25,0.25,0.2222222222222222,0.0,0.0,0,0.2686222943722944,0.2511688311688311,0.0,0.084528409090909,3,correct
A00934,B00400,2.75315611832604e-10,0,0,0.2631578947368421,0.2739130434782609,0.1777777777777777,0.1777777777777778,0.2162162162162162,0.2045454545454545,0.1538461538461538,0.0999999999999999,0.0,0.3076923076923077,0.297029702970297,0.2315789473684211,0.0,0.0,0,0.2639127630418384,0.0992307692307692,0.0,0.077150215848904,3,correct
A00887,B00344,1.7544676506771307e-05,0,0,0.25,0.2758064516129033,0.2127659574468084,0.2127659574468084,0.1818181818181817,0.2,0.2666666666666667,0.5882352941176471,0.3636363636363636,0.56,0.0,0.2424242424242424,0.0,1.0,0,0.2711055718475074,0.3873796791443851,0.0,0.0818392961876833,1,correct
A00605,B00745,0.4521705479689653,0,0,0.1891891891891891,0.3073170731707316,0.2045454545454545,0.2045454545454546,0.088235294117647,0.1707317073170732,1.0,1.0,0.7272727272727273,0.3478260869565217,0.2626262626262626,0.2150537634408602,0.0,0.0,0,0.2675586847160069,0.931818181818182,1.0,0.0867969262632827,2,correct
A00288,B00048,0.008542538336682528,0,0,0.1944444444444444,0.3345652173913043,0.255813953488372,0.2558139534883721,0.2028985507246377,0.1927710843373493,1.0,1.0,0.3636363636363636,0.4,0.2474226804123711,0.2197802197802197,0.0,0.0,0,0.2890042171137498,0.8409090909090909,1.0,0.1004233867432433,2,correct
A00954,B00701,3.8714985285395565e-06,0,0,0.2933333333333333,0.36,0.2247191011235955,0.2247191011235955,0.2162162162162162,0.1818181818181818,0.375,0.1739130434782608,0.4,0.56,0.28,0.0,0.0,1.0,0,0.2983636363636363,0.3209239130434783,0.0,0.11088,1,correct
A00448,B00448,0.6756536347011991,1,0,0.2564102564102564,0.3358928571428572,0.2391304347826087,0.2391304347826086,0.1999999999999999,0.2142857142857143,1.0,1.0,0.0,0.3703703703703704,0.2912621359223301,0.2474226804123711,0.0,1.0,0,0.2985017965242793,0.75,1.0,0.1040440193793462,2,false_negative
A00045,B00257,1.626846402623432e-07,0,0,0.2285714285714285,0.3405405405405405,0.1666666666666667,0.1666666666666666,0.088235294117647,0.1463414634146342,0.4,0.2222222222222222,0.3636363636363636,0.3846153846153846,0.2526315789473684,0.0,0.0,1.0,0,0.2462482686102712,0.3375757575757576,0.0,0.0782002407265565,1,correct
A00374,B00374,0.9358109063198781,1,1,0.2051282051282051,0.36,0.217391304347826,0.217391304347826,0.2162162162162162,0.2045454545454545,1.0,1.0,0.8888888888888888,0.4,0.2524271844660194,0.2268041237113401,0.0,0.0,0,0.3007937871356949,0.9722222222222222,1.0,0.1093569812831548,2,correct
A00313,B00322,4.506321860981774e-09,0,0,0.25,0.4153846153846154,0.2325581395348837,0.2325581395348837,0.1492537313432835,0.2222222222222223,0.0,0.25,0.1818181818181817,0.4615384615384615,0.2680412371134021,0.2637362637362637,0.0,0.0,0,0.3411341464949712,0.1204545454545454,0.0,0.1429540483307335,2,correct
A00894,B00894,0.9827349544898596,1,1,0.2278481012658227,0.2571428571428571,0.1935483870967742,0.1935483870967742,0.2162162162162162,0.1818181818181818,1.0,1.0,0.8888888888888888,0.3703703703703704,0.2884615384615384,0.2448979591836735,0.0,0.0,0,0.2675844922273493,0.9722222222222222,1.0,0.0792401136278687,2,correct
A00112,B00112,0.9732151955727966,1,1,0.2285714285714285,0.3405405405405405,0.2142857142857143,0.2142857142857143,0.1194029850746268,0.1728395061728395,1.0,1.0,0.9090909090909092,0.4166666666666666,0.0,0.0,0.0,2.0,0,0.2200633967300633,0.9772727272727272,1.0,0.0567567567567567,0,correct
A00058,B00378,0.8861620878623773,0,1,0.1818181818181817,0.3017647058823529,0.175,0.175,0.1999999999999999,0.2380952380952381,1.0,1.0,0.7272727272727273,0.4166666666666666,0.2637362637362637,0.0,0.0,1.0,0,0.2610422322775263,0.931818181818182,1.0,0.074170006464124,1,false_positive
A00842,B00911,3.7956853520950495e-09,0,0,0.1891891891891891,0.2863636363636364,0.2045454545454545,0.2045454545454546,0.1194029850746268,0.1975308641975308,0.2105263157894736,0.4,0.1818181818181817,0.2222222222222222,0.2626262626262626,0.2150537634408602,0.0,0.0,0,0.2415117121031099,0.2601913875598086,0.0,0.0664916022394028,3,correct
A00955,B00383,7.37987976687547e-09,0,0,0.2972972972972972,0.3272727272727273,0.2045454545454545,0.2045454545454546,0.1176470588235294,0.1707317073170732,0.2857142857142857,0.3333333333333333,0.1818181818181817,0.3846153846153846,0.2626262626262626,0.2580645161290322,0.0,0.0,0,0.287354853381604,0.274025974025974,0.0,0.101472017718352,2,correct
A00670,B00680,6.823125065067358e-09,0,0,0.1470588235294118,0.3085714285714285,0.1707317073170732,0.1707317073170732,0.1764705882352941,0.2195121951219512,0.1538461538461538,0.1666666666666666,0.3636363636363636,0.3846153846153846,0.2365591397849462,0.1839080459770115,0.0,0.0,0,0.2764670223831894,0.2101398601398601,0.0,0.0863957755259201,2,correct
A00782,B00448,1.1647801692102099e-06,0,0,0.2432432432432432,0.4390243902439025,0.25,0.25,0.1194029850746268,0.1728395061728395,0.1538461538461538,0.1538461538461538,0.0,0.3703703703703704,0.2424242424242424,0.2580645161290322,0.0,1.0,0,0.3154226061648039,0.1153846153846153,0.0,0.1309586820208378,2,correct
A00151,B00151,0.8917455416879732,1,1,0.2058823529411765,0.315,0.2439024390243902,0.2439024390243902,0.1428571428571429,0.2142857142857143,1.0,1.0,0.9090909090909092,0.3199999999999999,0.2580645161290322,0.0,0.0,1.0,0,0.2400668202764976,0.9772727272727272,1.0,0.0647070967741935,1,correct
A00096,B00835,7.462322560955558e-08,0,0,0.1891891891891891,0.351219512195122,0.2272727272727273,0.2272727272727273,0.2597402597402597,0.2417582417582417,0.1666666666666666,0.5714285714285714,0.1818181818181817,0.4615384615384615,0.2626262626262626,0.2150537634408602,0.0,0.0,0,0.3176771982279457,0.2918831168831168,0.0,0.1151716890505246,2,correct
A00768,B00923,5.7047880779126e-07,0,0,0.25,0.4615384615384615,0.3023255813953489,0.3023255813953488,0.1999999999999999,0.1666666666666667,0.1538461538461538,1.0,0.3636363636363636,0.3076923076923077,0.0,0.2637362637362637,0.0,1.0,0,0.2728937728937728,0.4601398601398602,0.0,0.0933220625528317,1,correct
A00413,B00738,6.944119892432055e-05,0,0,0.1971830985915492,0.3315789473684211,0.2117647058823529,0.2117647058823529,0.1492537313432835,0.2469135802469135,0.0,0.25,0.1818181818181817,0.5,0.0,0.1999999999999999,0.0,2.0,0,0.278856400259909,0.1204545454545454,0.0,0.0862105263157894,1,correct
A00858,B00094,5.7528356189668345e-09,0,0,0.1999999999999999,0.3257142857142857,0.2142857142857143,0.2142857142857143,0.1999999999999999,0.2142857142857143,0.3076923076923077,0.2857142857142857,0.1999999999999999,0.3199999999999999,0.2736842105263157,0.2247191011235955,0.0,0.0,0,0.2793319253189152,0.2741758241758241,0.0,0.0903925521669341,2,correct
A00298,B00298,0.8787021393650095,1,1,0.1999999999999999,0.3664285714285714,0.2619047619047619,0.2619047619047618,0.1999999999999999,0.2142857142857143,1.0,1.0,0.9090909090909092,0.3199999999999999,0.2736842105263157,0.2247191011235955,0.0,0.0,0,0.291546211033201,0.9772727272727272,1.0,0.1016916211878009,2,correct
A00284,B00112,1.2317915380917332e-07,0,0,0.25,0.3717391304347825,0.255813953488372,0.2558139534883721,0.2191780821917808,0.2068965517241379,0.1428571428571429,0.4705882352941176,0.3636363636363636,0.4166666666666666,0.0,0.0,0.0,2.0,0,0.2362343828085956,0.2963712757830404,0.0,0.0619565217391304,0,correct
A00179,B00382,9.070533981800496e-09,0,0,0.1971830985915492,0.3109090909090909,0.1882352941176471,0.188235294117647,0.1690140845070422,0.1647058823529411,0.3333333333333333,0.3529411764705882,0.1818181818181817,0.3846153846153846,0.2291666666666666,0.2222222222222222,0.0,0.0,0,0.2708453139997258,0.3013368983957218,0.0,0.0899344405594405,2,correct
A00743,B00912,3.937916434805313e-06,0,0,0.2222222222222222,0.3692307692307692,0.186046511627907,0.1860465116279069,0.1492537313432835,0.1728395061728395,0.0,0.2666666666666667,0.1818181818181817,0.3076923076923077,0.2474226804123711,0.2417582417582418,0.0,1.0,0,0.2802527318678521,0.1254545454545454,0.0,0.0996299814380702,2,correct
A00855,B00855,0.8399967211834312,1,1,0.2368421052631578,0.3483333333333334,0.2888888888888888,0.2888888888888888,0.088235294117647,0.1707317073170732,1.0,1.0,0.9090909090909092,0.3076923076923077,0.2574257425742574,0.2526315789473684,0.0,0.0,0,0.2766934012301201,0.9772727272727272,1.0,0.0961727849708048,2,correct
A00411,B00011,0.8493042176074226,0,1,0.1971830985915492,0.3315789473684211,0.2117647058823529,0.2117647058823529,0.1428571428571429,0.2380952380952381,1.0,1.0,0.7272727272727273,0.48,0.25,0.2222222222222222,0.0,0.0,0,0.3139260651629073,0.931818181818182,1.0,0.1106368421052631,2,false_positive
A00284,B00709,1.677821281156187e-08,0,0,0.25,0.3717391304347825,0.2325581395348837,0.2325581395348837,0.2191780821917808,0.1839080459770115,0.2857142857142857,0.5882352941176471,0.1818181818181817,0.3333333333333333,0.2680412371134021,0.0,0.0,1.0,0,0.255176200559514,0.3504965622612681,0.0,0.0794576423128641,1,correct
A00322,B00207,1.0150263345082139e-06,0,0,0.1866666666666666,0.3288461538461538,0.2247191011235955,0.2247191011235955,0.1194029850746268,0.1728395061728395,0.4,0.4444444444444444,0.1818181818181817,0.5384615384615384,0.26,0.2127659574468084,0.0,0.0,0,0.3118289486977429,0.3587878787878787,0.0,0.1174685823995971,2,correct
A00486,B00058,1.7049592668316444e-09,0,0,0.1666666666666666,0.323076923076923,0.1627906976744185,0.1627906976744185,0.2597402597402597,0.2197802197802197,0.3529411764705882,0.1538461538461538,0.1818181818181817,0.3333333333333333,0.0,0.1978021978021977,0.0,1.0,0,0.2372161172161171,0.2504319210201563,0.0,0.0622485207100591,1,correct
A00872,B00872,0.9973111538166379,1,1,0.2028985507246377,0.342,0.216867469879518,0.2168674698795181,0.1194029850746268,0.1728395061728395,1.0,1.0,0.9090909090909092,0.0,0.2553191489361702,0.0,0.0,2.0,0,0.1754657735749934,0.9772727272727272,1.0,0.026195744680851,1,correct
A00101,B00241,0.015841119584110903,0,0,0.2105263157894736,0.3348837209302326,0.2222222222222223,0.2222222222222222,0.1714285714285713,0.1904761904761905,1.0,1.0,0.5454545454545454,0.3199999999999999,0.0,0.2105263157894736,0.0,1.0,0,0.2341393017427289,0.8863636363636364,1.0,0.0640156670746634,1,correct
A00923,B00806,0.00036856102435269434,0,0,0.3013698630136986,0.3348837209302326,0.2298850574712644,0.2298850574712644,0.1492537313432835,0.2469135802469135,0.4705882352941176,1.0,0.3636363636363636,0.0,0.2857142857142857,0.2608695652173913,0.0,1.0,0,0.231835409968204,0.6026737967914438,0.0,0.0549126101401126,2,correct
A00665,B00950,1.3172136438495767e-06,0,0,0.1690140845070422,0.3315789473684211,0.1647058823529411,0.1647058823529411,0.1176470588235294,0.1707317073170732,0.2222222222222222,0.2352941176470588,0.0,0.3199999999999999,0.25,0.1999999999999999,0.0,1.0,0,0.2651200256739409,0.1705882352941176,0.0,0.0872052631578947,2,correct
A00489,B00249,0.222331520216975,0,0,0.1690140845070422,0.2842105263157894,0.1647058823529411,0.1647058823529411,0.1690140845070422,0.1647058823529411,1.0,1.0,0.7272727272727273,0.3076923076923077,0.25,0.1999999999999999,0.0,0.0,0,0.2472427959037866,0.931818181818182,1.0,0.0733481781376518,2,correct
A00762,B00483,7.639017587043049e-07,0,0,0.2432432432432432,0.4390243902439025,0.25,0.25,0.1194029850746268,0.1975308641975308,0.2857142857142857,0.1538461538461538,0.0,0.3076923076923077,0.2424242424242424,0.2580645161290322,0.0,1.0,0,0.3078252652341297,0.1747252747252747,0.0,0.1199518027212755,2,correct
A00417,B00991,3.744262551188773e-08,0,0,0.2058823529411765,0.36,0.2195121951219512,0.2195121951219512,0.1818181818181817,0.225,0.1999999999999999,0.3076923076923077,0.3636363636363636,0.3703703703703704,0.2795698924731182,0.2068965517241379,0.0,0.0,0,0.3000440407036625,0.2732167832167832,0.0,0.105871709306637,2,correct
A00835,B00423,4.421078056960353e-08,0,0,0.2631578947368421,0.3521739130434782,0.2222222222222223,0.2222222222222222,0.088235294117647,0.1707317073170732,0.2857142857142857,0.3333333333333333,0.1818181818181817,0.2962962962962963,0.2772277227722772,0.2736842105263157,0.0,0.0,0,0.2816945646305063,0.274025974025974,0.0,0.0999441738224165,3,correct
A00491,B00491,0.9980339443883468,1,1,0.1971830985915492,0.3315789473684211,0.2117647058823529,0.2117647058823529,0.1428571428571429,0.1666666666666667,1.0,0.0,0.9090909090909092,0.2962962962962963,0.25,0.0,0.0,2.0,0,0.2295662768031189,0.6772727272727272,0.0,0.0641666666666666,2,correct
A00487,B00547,0.014307373110331234,0,0,0.1944444444444444,0.2769230769230769,0.1627906976744185,0.1627906976744185,0.1818181818181817,0.2,1.0,1.0,0.5454545454545454,0.3199999999999999,0.2268041237113401,0.2197802197802197,0.0,0.0,0,0.254064574600657,0.8863636363636364,1.0,0.0725470069977603,2,correct
A00734,B00512,1.0721966844349078e-07,0,0,0.1621621621621621,0.3073170731707316,0.1818181818181818,0.1818181818181817,0.2162162162162162,0.1818181818181818,0.3076923076923077,0.3478260869565217,0.1999999999999999,0.48,0.0,0.1935483870967742,0.0,1.0,0,0.253591016379372,0.292809364548495,0.0,0.0768490952006294,1,correct
A00975,B00540,2.4578255612530604e-08,0,0,0.2716049382716049,0.320625,0.2526315789473684,0.2526315789473684,0.088235294117647,0.1463414634146342,0.1428571428571429,0.4285714285714286,0.1818181818181817,0.4,0.2641509433962264,0.28,0.0,0.0,0,0.2870784341923608,0.2383116883116883,0.0,0.1036405188679245,2,correct
A00510,B00510,0.5976688481477033,1,0,0.1515151515151515,0.2727272727272727,0.175,0.175,0.1764705882352941,0.2195121951219512,1.0,1.0,0.0,0.4,0.0,0.188235294117647,0.0,2.0,0,0.2339559149602191,0.75,1.0,0.0590374331550802,1,false_negative
A00389,B00389,0.9935021669393098,1,1,0.2133333333333333,0.3857142857142858,0.2247191011235955,0.2247191011235955,0.1690140845070422,0.1411764705882353,1.0,1.0,0.9090909090909092,0.48,0.26,0.2340425531914893,0.0,0.0,0,0.3140559628106562,0.9772727272727272,1.0,0.131224924012158,2,correct
A00246,B00246,0.9879048682270553,1,1,0.2105263157894736,0.3348837209302326,0.2222222222222223,0.2222222222222222,0.2597402597402597,0.2417582417582417,1.0,1.0,0.9090909090909092,0.4615384615384615,0.2574257425742574,0.2315789473684211,0.0,0.0,0,0.3144751604298122,0.9772727272727272,1.0,0.1109525999770676,2,correct
A00484,B00084,0.3233375595693976,0,0,0.2028985507246377,0.4,0.1686746987951806,0.1686746987951807,0.2162162162162162,0.1818181818181818,1.0,1.0,0.7272727272727273,0.3076923076923077,0.276595744680851,0.2272727272727273,0.0,0.0,0,0.2934823686951346,0.931818181818182,1.0,0.1096949858651986,2,correct
A00605,B00705,0.4059464108339059,0,0,0.1891891891891891,0.3073170731707316,0.2045454545454545,0.2045454545454546,0.1470588235294118,0.1707317073170732,1.0,1.0,0.7272727272727273,0.3333333333333333,0.2626262626262626,0.2150537634408602,0.0,0.0,0,0.2646601339913693,0.931818181818182,1.0,0.0850153780130176,2,correct
A00784,B00234,5.748927995088594e-09,0,0,0.25,0.4615384615384615,0.255813953488372,0.2558139534883721,0.2162162162162162,0.2045454545454545,0.3076923076923077,0.1999999999999999,0.1999999999999999,0.3846153846153846,0.0,0.2637362637362637,0.0,1.0,0,0.2958541458541458,0.2484615384615384,0.0,0.1075232459847844,1,correct
A00293,B00293,0.9091874509617429,1,1,0.1891891891891891,0.342,0.2272727272727273,0.2272727272727273,0.1492537313432835,0.2469135802469135,1.0,1.0,0.9090909090909092,0.4,0.2424242424242424,0.2150537634408602,0.0,0.0,0,0.3006044169291482,0.9772727272727272,1.0,0.1016572434017595,2,correct
A00444,B00836,2.457228106511816e-07,0,0,0.3076923076923077,0.3413793103448276,0.217391304347826,0.217391304347826,0.2162162162162162,0.1818181818181818,0.1666666666666666,0.4285714285714286,0.3636363636363636,0.2962962962962963,0.3300970873786407,0.2886597938144329,0.0,0.0,0,0.290850220905305,0.2944805194805194,0.0,0.1038290093267849,2,correct
A00533,B00403,1.380039311158982e-09,0,0,0.2337662337662337,0.4090909090909091,0.2637362637362638,0.2637362637362637,0.1492537313432835,0.2222222222222223,0.1538461538461538,0.1538461538461538,0.1818181818181817,0.3703703703703704,0.2745098039215686,0.25,0.0,0.0,0,0.3199222618340265,0.1608391608391608,0.0,0.1249777183600713,2,correct
A00645,B00814,9.097523146394201e-07,0,0,0.2191780821917808,0.36,0.2068965517241379,0.2068965517241379,0.1176470588235294,0.1707317073170732,0.0,0.16,0.0,0.4,0.2448979591836735,0.2391304347826086,0.0,1.0,0,0.294750600558357,0.048,0.0,0.1098750665483584,2,correct
A00023,B00776,6.1749022680735756e-09,0,0,0.2222222222222222,0.3692307692307692,0.1627906976744185,0.1627906976744185,0.1515151515151515,0.2,0.0,0.1666666666666666,0.3636363636363636,0.2962962962962963,0.2474226804123711,0.2417582417582418,0.0,0.0,0,0.2834056283540819,0.1409090909090909,0.0,0.0979468782165055,3,correct
A00986,B00923,0.00025589879427611055,0,0,0.2133333333333333,0.2959615384615384,0.247191011235955,0.2471910112359551,0.2597402597402597,0.2197802197802197,0.4705882352941176,1.0,0.5454545454545454,0.3846153846153846,0.0,0.2127659574468084,0.0,1.0,0,0.2415824760346036,0.6481283422459893,0.0,0.0644237064081581,1,correct
A00014,B00070,1.9333044809861455e-07,0,0,0.1891891891891891,0.2634146341463415,0.159090909090909,0.159090909090909,0.2191780821917808,0.1839080459770115,0.5,0.2222222222222222,0.1999999999999999,0.4166666666666666,0.0,0.2365591397849462,0.0,1.0,0,0.23462320374038,0.3416666666666667,0.0,0.0625963808025177,1,correct
A00176,B00176,0.8822023081746393,1,1,0.1891891891891891,0.351219512195122,0.1818181818181818,0.1818181818181817,0.2597402597402597,0.2417582417582417,1.0,1.0,0.9090909090909092,0.24,0.2626262626262626,0.2150537634408602,0.0,0.0,0,0.2733695059202534,0.9772727272727272,1.0,0.0840482368929261,3,correct
A00445,B00445,0.9511844964480628,1,1,0.275,0.3585483870967741,0.2765957446808511,0.276595744680851,0.1470588235294118,0.1463414634146342,1.0,1.0,0.9090909090909092,0.3846153846153846,0.0,0.2626262626262626,0.0,1.0,0,0.2531498251289754,0.9772727272727272,1.0,0.0834105571847507,1,correct
A00850,B00741,7.282610364669846e-10,0,0,0.1917808219178082,0.3,0.2298850574712644,0.2298850574712644,0.1764705882352941,0.2195121951219512,0.25,0.1333333333333333,0.0,0.3333333333333333,0.2653061224489795,0.217391304347826,0.0,0.0,0,0.2729737197105777,0.1525,0.0,0.0834427684117125,3,correct
A00173,B00553,0.020098485863333227,0,0,0.1866666666666666,0.3428571428571428,0.2022471910112359,0.202247191011236,0.1492537313432835,0.2222222222222223,1.0,1.0,0.5454545454545454,0.24,0.24,0.2127659574468084,0.0,0.0,0,0.2632164809186086,0.8863636363636364,1.0,0.0794844984802431,3,correct
A00188,B00605,1.8645972150721993e-09,0,0,0.1971830985915492,0.3789473684210526,0.1882352941176471,0.188235294117647,0.2285714285714285,0.2142857142857143,0.3333333333333333,0.2352941176470588,0.1818181818181817,0.3333333333333333,0.25,0.2222222222222222,0.0,0.0,0,0.2940413533834586,0.2660427807486631,0.0,0.1042105263157894,2,correct
A00019,B00639,0.5408036409377237,0,0,0.1999999999999999,0.2918918918918919,0.1904761904761905,0.1904761904761904,0.1714285714285713,0.1428571428571429,1.0,1.0,0.5454545454545454,0.48,0.0,0.2247191011235955,0.0,1.0,0,0.2458468613075355,0.8863636363636364,1.0,0.0757213483146067,1,correct
A00385,B00678,1.0589640863424275e-07,0,0,0.2105263157894736,0.3767441860465116,0.1555555555555555,0.1555555555555555,0.1176470588235294,0.1463414634146342,0.3157894736842105,0.1999999999999999,0.3636363636363636,0.4,0.2574257425742574,0.2315789473684211,0.0,0.0,0,0.2956422519882821,0.2930143540669856,0.0,0.1155479719330562,2,correct
A00759,B00812,8.171363552134085e-06,0,0,0.2285714285714285,0.3405405405405405,0.1904761904761905,0.1904761904761904,0.1690140845070422,0.1411764705882353,0.3333333333333333,0.3157894736842105,0.3636363636363636,0.56,0.2526315789473684,0.2471910112359551,0.0,0.0,0,0.3173708448073077,0.3356459330143541,0.0,0.1273440375917017,2,correct
A00986,B00541,3.5969318826753664e-09,0,0,0.2133333333333333,0.2959615384615384,0.247191011235955,0.2471910112359551,0.2597402597402597,0.2197802197802197,0.3,0.1333333333333333,0.1818181818181817,0.4,0.26,0.2127659574468084,0.0,0.0,0,0.2836593991115267,0.2204545454545454,0.0,0.089330008183306,2,correct
A00570,B00570,0.9846380198551463,1,1,0.1866666666666666,0.3,0.2022471910112359,0.202247191011236,0.1764705882352941,0.2195121951219512,1.0,1.0,0.9090909090909092,0.48,0.24,0.2127659574468084,0.0,0.0,0,0.2978173326414115,0.9772727272727272,1.0,0.0983489361702127,2,correct
A00807,B00807,0.8683367832247094,1,1,0.2531645569620253,0.2571428571428571,0.1935483870967742,0.1935483870967742,0.1846153846153846,0.2025316455696202,1.0,1.0,0.9090909090909092,0.3076923076923077,0.2692307692307693,0.2448979591836735,0.0,0.0,0,0.2563069570574091,0.9772727272727272,1.0,0.0713097106974657,2,correct
A00399,B00853,1.331898388309714e-09,0,0,0.2432432432432432,0.3951219512195121,0.2272727272727273,0.2272727272727273,0.1690140845070422,0.1647058823529411,0.2352941176470588,0.2352941176470588,0.1818181818181817,0.3703703703703704,0.2424242424242424,0.0,0.0,1.0,0,0.2619154722741523,0.2219251336898396,0.0,0.0872727272727272,1,correct
A00039,B00418,9.798016230155976e-08,0,0,0.2285714285714285,0.3405405405405405,0.1904761904761905,0.1904761904761904,0.1690140845070422,0.1647058823529411,0.3333333333333333,0.3529411764705882,0.1818181818181817,0.4615384615384615,0.2526315789473684,0.2471910112359551,0.0,0.0,0,0.3023844194679412,0.3013368983957218,0.0,0.1139319793796434,2,correct
A00741,B00913,7.768663750123881e-09,0,0,0.1866666666666666,0.3428571428571428,0.2022471910112359,0.202247191011236,0.1428571428571429,0.1666666666666667,0.25,0.5555555555555556,0.1818181818181817,0.24,0.24,0.2127659574468084,0.0,0.0,0,0.2521053698074975,0.3246212121212121,0.0,0.0794844984802431,3,correct
A00527,B00474,5.531840535234923e-06,0,0,0.2307692307692307,0.4,0.2391304347826087,0.2391304347826086,0.1818181818181817,0.2,0.2857142857142857,0.1739130434782608,0.8,0.3199999999999999,0.2524271844660194,0.2474226804123711,0.0,0.0,0,0.2989774797317585,0.3807453416149068,0.0,0.1111819837854068,2,correct
A00680,B00135,2.5574582220643478e-06,0,0,0.25,0.3345652173913043,0.2325581395348837,0.2325581395348837,0.1764705882352941,0.2682926829268293,0.1428571428571429,0.4285714285714286,0.5454545454545454,0.4444444444444444,0.2680412371134021,0.0,0.0,1.0,0,0.2831231762586563,0.3292207792207792,0.0,0.086381443298969,1,correct
A00374,B00554,0.026527633953465694,0,0,0.2051282051282051,0.36,0.217391304347826,0.217391304347826,0.2162162162162162,0.2045454545454545,1.0,1.0,0.4444444444444444,0.4,0.2524271844660194,0.2268041237113401,0.0,0.0,0,0.3007937871356949,0.8611111111111112,1.0,0.1093569812831548,2,correct
A00368,B00701,1.0666349762752246e-08,0,0,0.2105263157894736,0.3767441860465116,0.2222222222222223,0.2222222222222222,0.1999999999999999,0.1904761904761905,0.375,0.1333333333333333,0.1818181818181817,0.4,0.2574257425742574,0.0,0.0,1.0,0,0.2697323552953302,0.2542045454545454,0.0,0.0893741653235091,1,correct
A00993,B00470,2.0387179082299208e-10,0,0,0.2857142857142857,0.3446808510638298,0.2417582417582417,0.2417582417582418,0.1492537313432835,0.2222222222222223,0.1666666666666666,0.1538461538461538,0.1818181818181817,0.24,0.2549019607843137,0.0,0.0,1.0,0,0.2340839938812404,0.1666083916083915,0.0,0.0594473091364205,2,correct
A00967,B00047,0.06564758518365069,0,0,0.25,0.3033870967741935,0.2340425531914893,0.2340425531914893,0.1818181818181817,0.175,1.0,1.0,0.5454545454545454,0.24,0.2666666666666667,0.2424242424242424,0.0,0.0,0,0.2503797653958944,0.8863636363636364,1.0,0.0754606451612903,3,correct
A00348,B00248,0.821171436213687,0,1,0.1971830985915492,0.3497727272727273,0.2588235294117646,0.2588235294117647,0.1999999999999999,0.2142857142857143,1.0,1.0,0.7272727272727273,0.4615384615384615,0.25,0.2222222222222222,0.0,0.0,0,0.3109299866799866,0.931818181818182,1.0,0.1141245629370629,2,false_positive
A00815,B00815,0.9154815850550607,1,1,0.275,0.324,0.2765957446808511,0.276595744680851,0.0895522388059701,0.1728395061728395,1.0,1.0,0.9090909090909092,0.3076923076923077,0.2666666666666667,0.2828282828282829,0.0,0.0,0,0.2757306051972719,0.9772727272727272,1.0,0.0932878321678321,2,correct
A00880,B00960,0.019585272218301527,0,0,0.3037974683544303,0.3,0.2150537634408601,0.2150537634408602,0.1764705882352941,0.2439024390243902,1.0,1.0,0.5454545454545454,0.3199999999999999,0.3076923076923077,0.2857142857142857,0.0,0.0,0,0.2917914768158671,0.8863636363636364,1.0,0.0918065934065934,1,correct
A00261,B00222,1.7014530360158294e-05,0,0,0.2105263157894736,0.3767441860465116,0.2222222222222223,0.2222222222222222,0.1428571428571429,0.1904761904761905,0.2352941176470588,0.0,0.1818181818181817,0.2962962962962963,0.2376237623762376,0.2315789473684211,0.0,1.0,0,0.2807581596301496,0.1513368983957219,0.0,0.0976819806827684,3,correct
A00344,B00344,0.9855973362765663,1,1,0.2191780821917808,0.36,0.2068965517241379,0.2068965517241379,0.2162162162162162,0.1818181818181818,1.0,1.0,0.9090909090909092,0.48,0.0,0.217391304347826,0.0,1.0,0,0.2729723320158103,0.9772727272727272,1.0,0.0925982608695652,1,correct
A00738,B00738,0.9389001810665945,1,1,0.1714285714285713,0.3405405405405405,0.1904761904761905,0.1904761904761904,0.1999999999999999,0.1904761904761905,0.0,1.0,0.9090909090909092,0.3333333333333333,0.0,0.202247191011236,0.0,2.0,0,0.2372611455757523,0.5272727272727272,0.0,0.0660674157303371,1,correct
A00795,B00795,0.9564841216852135,1,1,0.2777777777777778,0.5076923076923077,0.2790697674418605,0.2790697674418605,0.088235294117647,0.1463414634146342,1.0,1.0,0.9090909090909092,0.4,0.0,0.2857142857142857,0.0,1.0,0,0.304433127847762,0.9772727272727272,1.0,0.1247472527472527,1,correct
A00225,B00124,0.00041068921477748914,0,0,0.1690140845070422,0.3315789473684211,0.1882352941176471,0.188235294117647,0.088235294117647,0.1707317073170732,0.4210526315789473,0.3157894736842105,0.0,0.0,0.25,0.1999999999999999,0.0,2.0,0,0.2011200256739409,0.2842105263157894,0.0,0.0447631578947368,2,correct
A00351,B00651,0.5824766351386288,0,0,0.2253521126760563,0.3497727272727273,0.2117647058823529,0.2117647058823529,0.1428571428571429,0.2142857142857143,1.0,1.0,0.7272727272727273,0.4,0.2708333333333333,0.2222222222222222,0.0,0.0,0,0.3017472943722944,0.931818181818182,1.0,0.1077008522727272,2,correct
A00089,B00398,2.2126731144401132e-08,0,0,0.2133333333333333,0.3288461538461538,0.247191011235955,0.2471910112359551,0.1690140845070422,0.1176470588235294,0.1428571428571429,0.3333333333333333,0.1818181818181817,0.0,0.26,0.1914893617021277,0.0,1.0,0,0.1899066621738711,0.2097402597402597,0.0,0.0445411620294598,2,correct
A00297,B00002,2.2942076445933514e-08,0,0,0.1971830985915492,0.3497727272727273,0.2117647058823529,0.2117647058823529,0.1818181818181817,0.15,0.1333333333333333,0.1428571428571429,0.3636363636363636,0.4,0.0,0.2222222222222222,0.0,1.0,0,0.2482651515151515,0.1937662337662337,0.0,0.0792818181818181,1,correct
A00313,B00221,3.740418756354757e-07,0,0,0.25,0.4153846153846154,0.2325581395348837,0.2325581395348837,0.1492537313432835,0.1975308641975308,0.25,0.5555555555555556,0.3636363636363636,0.3846153846153846,0.0,0.2637362637362637,0.0,1.0,0,0.2806050739384073,0.3700757575757576,0.0,0.096770921386306,1,correct
A00182,B00182,0.9763600031865074,1,1,0.16,0.3,0.1797752808988764,0.1797752808988764,0.1194029850746268,0.148148148148148,1.0,1.0,0.9090909090909092,0.3703703703703704,0.24,0.0,0.0,1.0,0,0.2297037037037037,0.9772727272727272,1.0,0.0660444444444444,1,correct
A00837,B00557,0.28486781201009637,0,0,0.2631578947368421,0.3130434782608696,0.2222222222222223,0.2222222222222222,0.1818181818181817,0.175,1.0,1.0,0.5454545454545454,0.3846153846153846,0.297029702970297,0.2526315789473684,0.0,0.0,0,0.2882853126889876,0.8863636363636364,1.0,0.0997808989841071,2,correct
A00835,B00692,0.00016291501459164237,0,0,0.2631578947368421,0.3521739130434782,0.2222222222222223,0.2222222222222222,0.1176470588235294,0.1707317073170732,0.0,0.2352941176470588,0.3636363636363636,0.3076923076923077,0.2772277227722772,0.2736842105263157,0.0,1.0,0,0.2839737669097086,0.1614973262032085,0.0,0.1015495249929851,2,correct
A00324,B00291,1.375207000230413e-06,0,0,0.273972602739726,0.36,0.2298850574712644,0.2298850574712644,0.2162162162162162,0.2045454545454545,0.3157894736842105,0.4285714285714286,0.3636363636363636,0.4615384615384615,0.2857142857142857,0.2391304347826086,0.0,0.0,0,0.3199434912913174,0.3615857826384142,0.0,0.123144768275203,2,correct
A00862,B00862,0.9240572883590285,1,1,0.1891891891891891,0.288,0.1818181818181818,0.1818181818181817,0.1194029850746268,0.1728395061728395,1.0,1.0,0.9090909090909092,0.24,0.2626262626262626,0.2150537634408602,0.0,0.0,0,0.2406199051446363,0.9772727272727272,1.0,0.0689195542521994,3,correct
A00916,B00436,0.7784039991992289,0,1,0.282051282051282,0.3537931034482759,0.2826086956521739,0.2826086956521739,0.2597402597402597,0.2197802197802197,1.0,1.0,0.7272727272727273,0.4444444444444444,0.2718446601941747,0.2474226804123711,0.0,0.0,0,0.3168729649703975,0.931818181818182,1.0,0.1180105129098948,2,false_positive
A00728,B00951,4.1522127475018464e-09,0,0,0.1666666666666666,0.323076923076923,0.186046511627907,0.1860465116279069,0.1999999999999999,0.1904761904761905,0.3333333333333333,0.1666666666666666,0.0,0.4166666666666666,0.2474226804123711,0.1978021978021977,0.0,0.0,0,0.2851353800838336,0.2,0.0,0.096998718965412,3,correct
A00341,B00341,0.8613320112544924,1,1,0.2105263157894736,0.3348837209302326,0.2222222222222223,0.2222222222222222,0.1999999999999999,0.2142857142857143,0.0,1.0,0.9090909090909092,0.3076923076923077,0.2376237623762376,0.2315789473684211,0.0,1.0,0,0.275241127136373,0.5272727272727272,0.0,0.0883549627535957,2,correct
A00848,B00256,4.5535753840295515e-05,0,0,0.1944444444444444,0.28125,0.186046511627907,0.1860465116279069,0.1999999999999999,0.2142857142857143,0.0,0.1666666666666666,0.1818181818181817,0.2962962962962963,0.0,0.0,0.0,3.0,0,0.1864914021164021,0.0954545454545454,0.0,0.0333333333333333,1,correct
A00161,B00941,0.03319355238990813,0,0,0.2337662337662337,0.4,0.2391304347826087,0.2391304347826086,0.1714285714285713,0.2142857142857143,1.0,1.0,0.5454545454545454,0.3076923076923077,0.2745098039215686,0.25,0.0,0.0,0,0.3030720749838397,0.8863636363636364,1.0,0.1121719457013574,2,correct
A00903,B00915,2.254384986245116e-06,0,0,0.2597402597402597,0.3446808510638298,0.2197802197802197,0.2197802197802197,0.1492537313432835,0.1975308641975308,0.2857142857142857,0.3333333333333333,0.3636363636363636,0.0,0.2745098039215686,0.25,0.0,1.0,0,0.2215868987468904,0.3194805194805195,0.0,0.0542365456821026,2,correct
A00680,B00609,1.2710259433624462e-05,0,0,0.25,0.3345652173913043,0.2325581395348837,0.2325581395348837,0.1764705882352941,0.2439024390243902,0.2857142857142857,0.2352941176470588,0.0,0.4,0.2680412371134021,0.0,0.0,2.0,0,0.2693562385892796,0.1991596638655462,0.0,0.0804336172120125,1,correct
A00008,B00388,0.10151887473610921,0,0,0.1666666666666666,0.2769230769230769,0.1627906976744185,0.1627906976744185,0.2028985507246377,0.1927710843373493,1.0,1.0,0.5454545454545454,0.4,0.2474226804123711,0.1978021978021977,0.0,0.0,0,0.2684148716765783,0.8863636363636364,1.0,0.0812956052670565,2,correct
A00243,B00243,0.4639338268042312,1,0,0.2222222222222222,0.4153846153846154,0.255813953488372,0.2558139534883721,0.1492537313432835,0.2222222222222223,1.0,1.0,0.0,0.4,0.2474226804123711,0.2417582417582418,0.0,1.0,0,0.322436967385421,0.75,1.0,0.1274210072243379,2,false_negative
A00561,B00361,0.45404353920042634,0,0,0.2051282051282051,0.3521739130434782,0.1935483870967742,0.1935483870967742,0.1428571428571429,0.2380952380952381,1.0,1.0,0.7272727272727273,0.3846153846153846,0.2524271844660194,0.2268041237113401,0.0,0.0,0,0.3020789946817719,0.931818181818182,1.0,0.1048124315228186,2,correct
A00750,B00903,0.0005280268126523876,0,0,0.1739130434782608,0.35,0.1927710843373493,0.1927710843373493,0.1764705882352941,0.2439024390243902,0.6153846153846154,1.0,0.3636363636363636,0.4444444444444444,0.0,0.0,0.0,2.0,0,0.2426693766937669,0.6678321678321678,0.0,0.0622222222222222,0,correct
A00091,B00176,3.2166400513662314e-07,0,0,0.2133333333333333,0.3428571428571428,0.2247191011235955,0.2247191011235955,0.1999999999999999,0.1904761904761905,0.2352941176470588,1.0,0.1818181818181817,0.4,0.26,0.2127659574468084,0.0,0.0,0,0.2918672745694022,0.4513368983957219,0.0,0.1034844984802431,2,correct
A00661,B00201,0.07103898734784414,0,0,0.1891891891891891,0.351219512195122,0.1818181818181818,0.1818181818181817,0.1714285714285713,0.1904761904761905,1.0,1.0,0.5454545454545454,0.4,0.2424242424242424,0.2150537634408602,0.0,0.0,0,0.2920827926335401,0.8863636363636364,1.0,0.104397682569201,2,correct
A00772,B00172,0.583607716780051,0,0,0.2465753424657534,0.45,0.32183908045977,0.3218390804597702,0.1194029850746268,0.148148148148148,1.0,1.0,0.7272727272727273,0.2962962962962963,0.2448979591836735,0.2608695652173913,0.0,0.0,0,0.2997540175490486,0.931818181818182,1.0,0.121611949127477,3,correct
A00454,B00943,1.672313790755486e-07,0,0,0.25,0.3243103448275862,0.2340425531914893,0.2340425531914893,0.2162162162162162,0.1818181818181818,0.7692307692307692,0.2222222222222222,0.1999999999999999,0.4,0.3047619047619048,0.2424242424242424,0.0,0.0,0,0.2957346618898343,0.4628205128205128,0.0,0.1051270935960591,1,correct
A00272,B00272,0.9569881310184567,1,1,0.2285714285714285,0.3891891891891892,0.2380952380952381,0.2380952380952381,0.1212121212121212,0.175,1.0,1.0,0.9090909090909092,0.4,0.2526315789473684,0.2471910112359551,0.0,0.0,0,0.3067301452842553,0.9772727272727272,1.0,0.1206279348538367,2,correct
A00466,B00950,0.02743913390665266,0,0,0.2368421052631578,0.3483333333333334,0.2444444444444444,0.2444444444444444,0.2597402597402597,0.2417582417582417,0.375,1.0,0.0,0.48,0.297029702970297,0.2315789473684211,0.0,1.0,0,0.3281429459024561,0.46875,0.0,0.1221196039603961,2,correct
A00039,B00729,1.4788840798529854e-06,0,0,0.2285714285714285,0.3405405405405405,0.1904761904761905,0.1904761904761904,0.1690140845070422,0.1647058823529411,0.3333333333333333,0.3157894736842105,0.3636363636363636,0.48,0.2526315789473684,0.2471910112359551,0.0,0.0,0,0.3060767271602489,0.3356459330143541,0.0,0.1164467402944044,2,correct
A00848,B00168,0.07383316219013365,0,0,0.1944444444444444,0.28125,0.186046511627907,0.1860465116279069,0.1999999999999999,0.1904761904761905,1.0,1.0,0.5454545454545454,0.3703703703703704,0.2474226804123711,0.2197802197802197,0.0,0.0,0,0.2666247471982008,0.8863636363636364,1.0,0.0810869113704165,2,correct
A00263,B00358,2.4445689189425372e-08,0,0,0.2465753424657534,0.4049999999999999,0.2298850574712644,0.2298850574712644,0.1492537313432835,0.1975308641975308,0.2857142857142857,0.1538461538461538,0.3636363636363636,0.3703703703703704,0.2448979591836735,0.2608695652173913,0.0,0.0,0,0.3109453755737399,0.2656343656343656,0.0,0.1214507542147293,2,correct
A00157,B00212,2.6794527081499992e-05,0,0,0.2571428571428571,0.3664285714285714,0.2619047619047619,0.2619047619047618,0.1818181818181817,0.2,0.2666666666666667,0.375,0.7272727272727273,0.4444444444444444,0.0,0.2247191011235955,0.0,1.0,0,0.2725253254859996,0.4143181818181818,0.0,0.0898459069020866,1,correct
A00383,B00183,0.22342647758556664,0,0,0.2368421052631578,0.4186046511627907,0.2222222222222223,0.2222222222222222,0.1492537313432835,0.2222222222222223,1.0,1.0,0.7272727272727273,0.3199999999999999,0.2574257425742574,0.2526315789473684,0.0,0.0,0,0.3105344380215255,0.931818181818182,1.0,0.1176351054934134,2,correct
A00529,B00475,2.1023247164920926e-08,0,0,0.2337662337662337,0.4090909090909091,0.2417582417582417,0.2417582417582418,0.1690140845070422,0.1647058823529411,0.2857142857142857,0.4705882352941176,0.0,0.3703703703703704,0.2745098039215686,0.25,0.0,0.0,0,0.3084189938601703,0.2697478991596638,0.0,0.1249777183600713,3,correct
A00625,B00652,8.184908879393607e-10,0,0,0.1666666666666666,0.323076923076923,0.1627906976744185,0.1627906976744185,0.088235294117647,0.1707317073170732,0.2105263157894736,0.1818181818181817,0.1818181818181817,0.25,0.2474226804123711,0.1978021978021977,0.0,0.0,0,0.2478531501186768,0.1947368421052631,0.0,0.0754602574269504,3,correct
A00051,B00093,8.929276528918766e-08,0,0,0.1999999999999999,0.3405405405405405,0.2142857142857143,0.2142857142857143,0.1428571428571429,0.1666666666666667,0.3333333333333333,0.5333333333333333,0.1818181818181817,0.4166666666666666,0.2526315789473684,0.2247191011235955,0.0,0.0,0,0.2904314308394734,0.3554545454545454,0.0,0.1055239343423849,2,correct
A00082,B00990,1.8161617503618518e-08,0,0,0.1866666666666666,0.3,0.2022471910112359,0.202247191011236,0.1194029850746268,0.148148148148148,0.1538461538461538,0.1538461538461538,0.3636363636363636,0.3703703703703704,0.26,0.2127659574468084,0.0,0.0,0,0.264618597320725,0.2062937062937063,0.0,0.0869933806146572,2,correct
A00299,B00684,2.0606050710389012e-05,0,0,0.1999999999999999,0.3664285714285714,0.2142857142857143,0.2142857142857143,0.1690140845070422,0.1411764705882353,0.3333333333333333,0.375,0.0,0.3199999999999999,0.2736842105263157,0.2247191011235955,0.0,1.0,0,0.2769243622937052,0.2625,0.0,0.1016916211878009,2,correct
A00424,B00741,3.5764830217582716e-07,0,0,0.2318840579710145,0.36,0.1927710843373493,0.1927710843373493,0.2162162162162162,0.1818181818181818,0.2352941176470588,0.5882352941176471,0.3636363636363636,0.3333333333333333,0.2978723404255319,0.2272727272727273,0.0,0.0,0,0.2898020631850419,0.3732620320855615,0.0,0.104715667311412,2,correct
A00221,B00761,0.06883888484107618,0,0,0.1891891891891891,0.351219512195122,0.2045454545454545,0.2045454545454546,0.1428571428571429,0.1904761904761905,1.0,1.0,0.5454545454545454,0.4,0.2424242424242424,0.2150537634408602,0.0,0.0,0,0.2920827926335401,0.8863636363636364,1.0,0.104397682569201,2,correct
A00442,B00971,9.559704891123187e-09,0,0,0.25,0.3309677419354838,0.2553191489361703,0.2553191489361702,0.1194029850746268,0.1975308641975308,0.2105263157894736,0.4,0.3636363636363636,0.3076923076923077,0.3047619047619048,0.0,0.0,1.0,0,0.2460492426728985,0.305645933014354,0.0,0.0709943991492378,0,correct
A00969,B00889,0.02364402516950312,0,0,0.2278481012658227,0.3135,0.2580645161290323,0.2580645161290322,0.1690140845070422,0.1882352941176471,1.0,1.0,0.5454545454545454,0.3076923076923077,0.25,0.0,0.0,1.0,0,0.2307355203619909,0.8863636363636364,1.0,0.0620971153846153,1,correct
A00780,B00676,1.6669043425633552e-09,0,0,0.2465753424657534,0.45,0.32183908045977,0.3218390804597702,0.1764705882352941,0.2439024390243902,0.0,0.2857142857142857,0.1818181818181817,0.3846153846153846,0.2857142857142857,0.2608695652173913,0.0,0.0,0,0.3426911423677065,0.1311688311688311,0.0,0.1430195891065456,2,correct
A00882,B00882,0.251150879388127,1,0,0.2531645569620253,0.285,0.2150537634408601,0.2150537634408602,0.1194029850746268,0.1975308641975308,1.0,1.0,0.0,0.3076923076923077,0.2884615384615384,0.2244897959183674,0.0,1.0,0,0.2634873345349535,0.75,1.0,0.078934262166405,2,false_negative
A00825,B00309,1.7382491754898602e-05,0,0,0.2368421052631578,0.285,0.2,0.1999999999999999,0.0895522388059701,0.1728395061728395,0.2105263157894736,0.3636363636363636,0.0,0.3846153846153846,0.0,0.0,0.0,3.0,0,0.1969909781576448,0.2038277511961722,0.0,0.0438461538461538,0,correct
A00452,B00744,7.646009481046366e-08,0,0,0.2278481012658227,0.3135,0.2365591397849462,0.2365591397849462,0.1194029850746268,0.1728395061728395,0.1428571428571429,0.4705882352941176,0.3636363636363636,0.3333333333333333,0.2884615384615384,0.2244897959183674,0.0,0.0,0,0.2722272680582204,0.2963712757830404,0.0,0.0900430729984301,2,correct
A00921,B00924,4.353526580595952e-08,0,0,0.3076923076923077,0.3673469387755102,0.2580645161290323,0.2580645161290322,0.1428571428571429,0.2142857142857143,0.2352941176470588,0.5882352941176471,0.3636363636363636,0.3076923076923077,0.0,0.2680412371134021,0.0,1.0,0,0.2548058715952678,0.3732620320855615,0.0,0.0747511693019793,1,correct
A00964,B00248,1.1478687103339753e-08,0,0,0.2857142857142857,0.3446808510638298,0.2417582417582417,0.2417582417582418,0.2162162162162162,0.1818181818181818,0.0,0.1666666666666666,0.3636363636363636,0.3846153846153846,0.2941176470588235,0.25,0.0,0.0,0,0.2983086156646857,0.1409090909090909,0.0,0.1092919033407143,2,correct
A00706,B00315,3.9793384637193777e-07,0,0,0.1764705882352941,0.36,0.1951219512195122,0.1951219512195121,0.2597402597402597,0.2197802197802197,0.4705882352941176,0.3333333333333333,0.3636363636363636,0.3846153846153846,0.0,0.2068965517241379,0.0,1.0,0,0.2599136036377416,0.4026737967914439,0.0,0.0777294429708222,1,correct
A00840,B00106,1.5763334159638841e-06,0,0,0.2432432432432432,0.288,0.2272727272727273,0.2272727272727273,0.1764705882352941,0.2195121951219512,0.2352941176470588,0.1666666666666666,0.0,0.3333333333333333,0.0,0.2365591397849462,0.0,2.0,0,0.2324529766587988,0.1558823529411764,0.0,0.0588387096774193,1,correct
A00687,B00337,1.9510286587616488e-07,0,0,0.2191780821917808,0.320625,0.2528735632183908,0.2528735632183908,0.1818181818181817,0.2,0.375,0.375,0.3636363636363636,0.4,0.2448979591836735,0.217391304347826,0.0,0.0,0,0.2855308895297249,0.3721590909090909,0.0,0.0957664485359361,2,correct
A00148,B00148,0.9540326292522974,1,1,0.2058823529411765,0.36,0.1707317073170732,0.1707317073170732,0.1999999999999999,0.2142857142857143,1.0,1.0,0.9090909090909092,0.4,0.2795698924731182,0.2068965517241379,0.0,0.0,0,0.3038271094867313,0.9772727272727272,1.0,0.1101383759733036,2,correct
A00995,B00797,4.8652818330654577e-05,0,0,0.2597402597402597,0.3358928571428572,0.2417582417582417,0.2417582417582418,0.1176470588235294,0.1707317073170732,0.5333333333333333,0.4615384615384615,0.0,0.3076923076923077,0.2549019607843137,0.25,0.0,1.0,0,0.2721879542623804,0.3784615384615384,0.0,0.0922185479961215,2,correct
A00559,B00350,4.2616189469055e-08,0,0,0.273972602739726,0.45,0.2988505747126437,0.2988505747126436,0.1714285714285713,0.1190476190476189,0.2352941176470588,0.2857142857142857,0.3636363636363636,0.3199999999999999,0.2653061224489795,0.2826086956521739,0.0,0.0,0,0.3049967465246967,0.2825057295645531,0.0,0.1315685004436557,2,correct
A00859,B00980,0.0025295696566678574,0,0,0.1999999999999999,0.3,0.1904761904761905,0.1904761904761904,0.1690140845070422,0.1411764705882353,0.0,0.375,0.3636363636363636,0.4444444444444444,0.2526315789473684,0.2247191011235955,0.0,1.0,0,0.2787267850171805,0.2034090909090909,0.0,0.0962948945397201,2,correct
A00118,B00798,0.15812214353854268,0,0,0.2702702702702703,0.4390243902439025,0.2272727272727273,0.2272727272727273,0.1999999999999999,0.2142857142857143,1.0,1.0,0.5454545454545454,0.3703703703703704,0.2828282828282829,0.2795698924731182,0.0,0.0,0,0.3329982602995978,0.8863636363636364,1.0,0.1391126052022984,2,correct
A00826,B00067,2.1056043126264092e-08,0,0,0.2432432432432432,0.288,0.2045454545454545,0.2045454545454546,0.2631578947368421,0.2222222222222223,0.5555555555555556,0.1333333333333333,0.1818181818181817,0.3846153846153846,0.0,0.2365591397849462,0.0,1.0,0,0.2432513923352633,0.3354545454545454,0.0,0.0647464019851116,1,correct
A00973,B00116,4.607364556852652e-08,0,0,0.2278481012658227,0.3135,0.2365591397849462,0.2365591397849462,0.1492537313432835,0.2222222222222223,0.0,0.5333333333333333,0.1818181818181817,0.0,0.25,0.0,0.0,2.0,0,0.1759944444444444,0.2054545454545454,0.0,0.0235125,1,correct
A00340,B00111,1.8481205407539685e-07,0,0,0.2432432432432432,0.3077999999999999,0.2727272727272726,0.2727272727272727,0.1764705882352941,0.2195121951219512,0.2105263157894736,0.2857142857142857,0.3636363636363636,0.4166666666666666,0.2828282828282829,0.2365591397849462,0.0,0.0,0,0.2974838857497079,0.2713602187286398,0.0,0.0992602346041055,2,correct
A00260,B00370,1.1661142104330836e-07,0,0,0.2432432432432432,0.351219512195122,0.25,0.25,0.1764705882352941,0.2195121951219512,0.1538461538461538,0.1666666666666666,0.3636363636363636,0.4615384615384615,0.2828282828282829,0.2365591397849462,0.0,0.0,0,0.3194840983826035,0.2101398601398601,0.0,0.1195662244914802,2,correct
A00632,B00570,3.3408639990019634e-06,0,0,0.2028985507246377,0.35,0.1927710843373493,0.1927710843373493,0.1194029850746268,0.1728395061728395,0.3076923076923077,0.2666666666666667,0.3636363636363636,0.56,0.2553191489361702,0.2272727272727273,0.0,0.0,0,0.3239566826659025,0.3093706293706294,0.0,0.1290721470019342,2,correct
A00618,B00339,3.417011422321992e-08,0,0,0.1714285714285713,0.3405405405405405,0.1666666666666667,0.1666666666666666,0.1999999999999999,0.1904761904761905,0.3333333333333333,0.3529411764705882,0.3636363636363636,0.3076923076923077,0.2526315789473684,0.202247191011236,0.0,0.0,0,0.2700276772896525,0.3467914438502674,0.0,0.0883840805733177,2,correct
A00111,B00111,0.9038831732036403,1,1,0.1971830985915492,0.3497727272727273,0.2588235294117646,0.2588235294117647,0.1428571428571429,0.2380952380952381,1.0,1.0,0.9090909090909092,0.4166666666666666,0.25,0.1999999999999999,0.0,0.0,0,0.303384199134199,0.9772727272727272,1.0,0.1055147727272727,2,correct
A00600,B00600,0.9988102352184203,1,1,0.2432432432432432,0.3077999999999999,0.2272727272727273,0.2272727272727273,0.1764705882352941,0.2439024390243902,1.0,0.0,0.9090909090909092,0.4615384615384615,0.2626262626262626,0.0,0.0,2.0,0,0.2728221195065097,0.6772727272727272,0.0,0.0810755244755244,1,correct
A00054,B00214,0.1036924897132573,0,0,0.1714285714285713,0.2918918918918919,0.1904761904761905,0.1904761904761904,0.2162162162162162,0.2045454545454545,1.0,1.0,0.6666666666666667,0.3076923076923077,0.2526315789473684,0.202247191011236,0.0,0.0,0,0.2582469355089107,0.9166666666666669,1.0,0.075757783348558,2,correct
A00150,B00366,1.0117997457865537e-05,0,0,0.1791044776119402,0.3325,0.2222222222222223,0.2222222222222222,0.1764705882352941,0.2439024390243902,0.375,1.0,0.3636363636363636,0.3846153846153846,0.2826086956521739,0.1860465116279069,0.0,0.0,0,0.2957518458199671,0.5596590909090909,0.0,0.0979022030800342,2,correct
A00636,B00328,5.584745072525207e-10,0,0,0.2191780821917808,0.4049999999999999,0.2068965517241379,0.2068965517241379,0.2597402597402597,0.2197802197802197,0.1818181818181817,0.1666666666666666,0.1818181818181817,0.3199999999999999,0.2653061224489795,0.0,0.0,1.0,0,0.2692519623233908,0.1772727272727272,0.0,0.0840746938775509,1,correct
A00010,B00210,0.8212230931692468,0,1,0.1917808219178082,0.27,0.1839080459770115,0.1839080459770115,0.1791044776119402,0.2222222222222223,1.0,1.0,0.0,0.4444444444444444,0.0,0.217391304347826,0.0,2.0,0,0.2469420289855072,0.75,1.0,0.0656086956521739,1,false_positive
A00852,B00852,0.8560522379206714,1,1,0.1917808219178082,0.3,0.2068965517241379,0.2068965517241379,0.1194029850746268,0.1728395061728395,1.0,1.0,0.9090909090909092,0.3076923076923077,0.2653061224489795,0.217391304347826,0.0,0.0,0,0.2585109767925502,0.9772727272727272,1.0,0.0803658453347894,2,correct
A00669,B00389,0.011995849387006615,0,0,0.1714285714285713,0.3405405405405405,0.1904761904761905,0.1904761904761904,0.1690140845070422,0.1647058823529411,1.0,1.0,0.5454545454545454,0.3199999999999999,0.2315789473684211,0.202247191011236,0.0,0.0,0,0.2641772593896989,0.8863636363636364,1.0,0.0879098054885163,2,correct
A00502,B00383,1.7539999585266653e-08,0,0,0.1690140845070422,0.2842105263157894,0.1411764705882353,0.1411764705882353,0.1194029850746268,0.148148148148148,0.2857142857142857,0.1538461538461538,0.3636363636363636,0.2307692307692307,0.25,0.1999999999999999,0.0,0.0,0,0.2285466336782126,0.2656343656343656,0.0,0.0646032388663967,3,correct
A00321,B00270,4.808395570012704e-08,0,0,0.2337662337662337,0.36,0.1956521739130434,0.1956521739130434,0.1428571428571429,0.2142857142857143,0.25,0.1333333333333333,0.3636363636363636,0.4444444444444444,0.2549019607843137,0.2291666666666666,0.0,0.0,0,0.3123563258636788,0.2434090909090909,0.0,0.1162794117647058,2,correct
A00269,B00870,2.1657975502978463e-06,0,0,0.1944444444444444,0.3717391304347825,0.255813953488372,0.2558139534883721,0.1714285714285713,0.1428571428571429,0.3076923076923077,0.1333333333333333,0.0,0.3199999999999999,0.0,0.2197802197802197,0.0,2.0,0,0.2370602006688963,0.1784615384615384,0.0,0.0720928810320114,1,correct
A00094,B00262,1.0993431523543914e-09,0,0,0.1866666666666666,0.3,0.2022471910112359,0.202247191011236,0.2162162162162162,0.2045454545454545,0.1538461538461538,0.0952380952380952,0.1999999999999999,0.3703703703703704,0.26,0.2127659574468084,0.0,0.0,0,0.2758980586001863,0.1478021978021977,0.0,0.0869933806146572,2,correct
A00789,B00437,2.7488972287382054e-05,0,0,0.2535211267605634,0.4736842105263159,0.3058823529411765,0.3058823529411765,0.1690140845070422,0.1411764705882353,0.2666666666666667,0.375,0.0,0.4444444444444444,0.25,0.0,0.0,2.0,0,0.2967294461644307,0.2325,0.0,0.1197368421052631,1,correct
A00179,B00179,0.959590084884762,1,1,0.1971830985915492,0.3109090909090909,0.1882352941176471,0.188235294117647,0.1690140845070422,0.1647058823529411,1.0,1.0,0.9090909090909092,0.3846153846153846,0.0,0.2222222222222222,0.0,1.0,0,0.2364703139997257,0.9772727272727272,1.0,0.0685594405594405,1,correct
A00538,B00419,5.919308844091418e-08,0,0,0.2465753424657534,0.45,0.2758620689655173,0.2758620689655172,0.2028985507246377,0.216867469879518,0.3333333333333333,0.3529411764705882,0.1818181818181817,0.4444444444444444,0.2653061224489795,0.2608695652173913,0.0,0.0,0,0.3461887360147481,0.3013368983957218,0.0,0.15103371783496,2,correct
A00334,B00894,0.012533258102248089,0,0,0.2133333333333333,0.3,0.247191011235955,0.2471910112359551,0.2162162162162162,0.2272727272727273,1.0,1.0,0.4444444444444444,0.3703703703703704,0.26,0.2127659574468084,0.0,0.0,0,0.2804435131456408,0.8611111111111112,1.0,0.0869933806146572,2,correct
A00841,B00198,1.39112774325128e-09,0,0,0.2368421052631578,0.3446808510638298,0.2197802197802197,0.2197802197802197,0.1428571428571429,0.2142857142857143,0.1176470588235294,0.3333333333333333,0.1818181818181817,0.3076923076923077,0.2772277227722772,0.2526315789473684,0.0,0.0,0,0.2872787549727002,0.1983957219251337,0.0,0.0972119651107155,2,correct
A00529,B00689,0.16168455279790933,0,0,0.2337662337662337,0.4090909090909091,0.2637362637362638,0.2637362637362637,0.1690140845070422,0.1176470588235294,1.0,1.0,0.5454545454545454,0.4,0.0,0.25,0.0,1.0,0,0.2637566844919786,0.8863636363636364,1.0,0.0961363636363636,1,correct
A00536,B00536,0.9818523188793234,1,1,0.2368421052631578,0.4186046511627907,0.2888888888888888,0.2888888888888888,0.2631578947368421,0.2444444444444444,1.0,1.0,0.9090909090909092,0.4166666666666666,0.2772277227722772,0.2526315789473684,0.0,0.0,0,0.3372825128290063,0.9772727272727272,1.0,0.1363079123089787,2,correct
A00737,B00389,1.516988686191856e-07,0,0,0.1971830985915492,0.3497727272727273,0.2117647058823529,0.2117647058823529,0.1818181818181817,0.2,0.2666666666666667,0.375,0.3636363636363636,0.4,0.25,0.2222222222222222,0.0,0.0,0,0.2957651515151515,0.3234090909090909,0.0,0.1055147727272727,2,correct
A00473,B00351,6.1515213665239674e-09,0,0,0.3076923076923077,0.3664285714285714,0.2608695652173912,0.2608695652173913,0.1492537313432835,0.2222222222222223,0.3333333333333333,0.5333333333333333,0.1818181818181817,0.3199999999999999,0.0,0.2680412371134021,0.0,1.0,0,0.2585792014400262,0.3554545454545454,0.0,0.0763682474226804,1,correct
A00289,B00464,2.525540393675056e-07,0,0,0.1891891891891891,0.3077999999999999,0.2045454545454545,0.2045454545454546,0.1714285714285713,0.1428571428571429,0.2857142857142857,0.5882352941176471,0.1818181818181817,0.4444444444444444,0.2626262626262626,0.2150537634408602,0.0,0.0,0,0.2814523213703859,0.3504965622612681,0.0,0.0988289736070381,2,correct
A00081,B00577,3.522449903031215e-06,0,0,0.2337662337662337,0.4,0.217391304347826,0.217391304347826,0.1428571428571429,0.2142857142857143,0.3333333333333333,0.375,0.3636363636363636,0.5,0.2745098039215686,0.25,0.0,0.0,0,0.3415336134453782,0.3534090909090909,0.0,0.1429411764705882,2,correct
A00424,B00995,0.0006639820900598985,0,0,0.2318840579710145,0.36,0.1927710843373493,0.1927710843373493,0.2162162162162162,0.2045454545454545,0.0,0.4285714285714286,0.3636363636363636,0.3846153846153846,0.0,0.0,0.0,3.0,0,0.2258321678321678,0.2194805194805195,0.0,0.0553846153846153,0,correct
A00472,B00232,0.012395889509163947,0,0,0.2666666666666667,0.3617307692307692,0.247191011235955,0.2471910112359551,0.1194029850746268,0.148148148148148,1.0,1.0,0.5454545454545454,0.3199999999999999,0.3,0.2553191489361702,0.0,0.0,0,0.2854467327392859,0.8863636363636364,1.0,0.1065643453355155,1,correct
A00886,B00070,1.3265899142411822e-05,0,0,0.25,0.288,0.2127659574468084,0.2127659574468084,0.2597402597402597,0.2197802197802197,0.375,1.0,0.3636363636363636,0.4166666666666666,0.0,0.2222222222222222,0.0,1.0,0,0.2470227106227105,0.5596590909090909,0.0,0.0672,1,correct
A00226,B00226,0.7182783375462384,1,1,0.1739130434782608,0.35,0.1686746987951806,0.1686746987951807,0.2597402597402597,0.2417582417582417,1.0,1.0,0.9090909090909092,0.3076923076923077,0.2553191489361702,0.2045454545454546,0.0,0.0,0,0.2838698004123536,0.9772727272727272,1.0,0.0913627064424936,2,correct
A00589,B00069,0.0785533352693887,0,0,0.1917808219178082,0.320625,0.2068965517241379,0.2068965517241379,0.1690140845070422,0.1647058823529411,1.0,1.0,0.5454545454545454,0.3846153846153846,0.2448979591836735,0.217391304347826,0.0,0.0,0,0.27539514292339,0.8863636363636364,1.0,0.0937933716128591,2,correct
A00441,B00321,0.24861909983195699,0,0,0.2926829268292683,0.3520588235294117,0.3092783505154639,0.3092783505154639,0.1428571428571429,0.2380952380952381,1.0,1.0,0.5454545454545454,0.3846153846153846,0.2990654205607477,0.2772277227722772,0.0,0.0,0,0.3166037431009018,0.8863636363636364,1.0,0.1150296217425692,2,correct
A00570,B00293,6.938048794902465e-10,0,0,0.1866666666666666,0.3,0.2022471910112359,0.202247191011236,0.1764705882352941,0.2195121951219512,0.1666666666666666,0.1538461538461538,0.0,0.4,0.24,0.2127659574468084,0.0,0.0,0,0.2818173326414115,0.1211538461538461,0.0,0.0887489361702127,3,correct
A00444,B00393,1.8376171899029492e-07,0,0,0.3076923076923077,0.3413793103448276,0.217391304347826,0.217391304347826,0.2162162162162162,0.1818181818181818,0.3076923076923077,0.2666666666666667,0.3636363636363636,0.3846153846153846,0.3300970873786407,0.2886597938144329,0.0,0.0,0,0.3085140385691227,0.3093706293706294,0.0,0.1158891331110466,1,correct
A00111,B00062,1.1146144196542978e-08,0,0,0.1971830985915492,0.3497727272727273,0.2352941176470588,0.2352941176470588,0.1428571428571429,0.2380952380952381,0.2105263157894736,0.4,0.1818181818181817,0.4615384615384615,0.25,0.1999999999999999,0.0,0.0,0,0.312358558108558,0.2601913875598086,0.0,0.1117927447552447,2,correct
A00366,B00366,0.9215343718932767,1,1,0.2025316455696202,0.3521739130434782,0.2150537634408601,0.2150537634408602,0.2597402597402597,0.2417582417582417,1.0,1.0,0.9090909090909092,0.3846153846153846,0.25,0.2244897959183674,0.0,0.0,0,0.3021003685755238,0.9772727272727272,1.0,0.1043114804450208,2,correct
A00063,B00272,1.3614837621344361e-09,0,0,0.2352941176470588,0.4114285714285715,0.1707317073170732,0.1707317073170732,0.1492537313432835,0.2469135802469135,0.2857142857142857,0.2666666666666667,0.1818181818181817,0.3199999999999999,0.2580645161290322,0.2528735632183908,0.0,0.0,0,0.3134519993800676,0.254025974025974,0.0,0.1157272143651676,2,correct
A00531,B00431,0.27883918537810687,0,0,0.2597402597402597,0.45,0.3076923076923077,0.3076923076923077,0.1428571428571429,0.2142857142857143,1.0,1.0,0.0,0.3076923076923077,0.2745098039215686,0.2708333333333333,0.0,1.0,0,0.3211970749838397,0.75,1.0,0.1290059389140271,2,correct
A00468,B00516,7.620885270620976e-08,0,0,0.2631578947368421,0.3483333333333334,0.2666666666666667,0.2666666666666667,0.1999999999999999,0.2380952380952381,0.1818181818181817,0.1666666666666666,0.3636363636363636,0.4,0.297029702970297,0.2526315789473684,0.0,0.0,0,0.3145682399066974,0.2227272727272727,0.0,0.1131729372937294,2,correct
A00114,B00114,0.9297628468645824,1,1,0.2432432432432432,0.3951219512195121,0.2045454545454545,0.2045454545454546,0.2162162162162162,0.1818181818181818,1.0,1.0,0.8888888888888888,0.4,0.2626262626262626,0.2365591397849462,0.0,0.0,0,0.3097780320911713,0.9722222222222222,1.0,0.1223912452614262,2,correct
A00933,B00933,0.8032886502113932,1,1,0.2631578947368421,0.3130434782608696,0.2222222222222223,0.2222222222222222,0.1492537313432835,0.2222222222222223,1.0,1.0,0.9090909090909092,0.3076923076923077,0.2772277227722772,0.0,0.0,1.0,0,0.2414801078770084,0.9772727272727272,1.0,0.0645637272757376,1,correct
A00879,B00982,1.9560089396528922e-08,0,0,0.2285714285714285,0.3664285714285714,0.2619047619047619,0.2619047619047618,0.1690140845070422,0.1647058823529411,0.3333333333333333,0.3529411764705882,0.1818181818181817,0.3846153846153846,0.2526315789473684,0.2471910112359551,0.0,0.0,0,0.2947662133497351,0.3013368983957218,0.0,0.1113184096802074,2,correct
A00091,B00067,1.1983004916883602e-05,0,0,0.2133333333333333,0.3428571428571428,0.2247191011235955,0.2247191011235955,0.1428571428571429,0.2380952380952381,0.4,0.5882352941176471,0.3636363636363636,0.5384615384615384,0.0,0.2127659574468084,0.0,1.0,0,0.2900833917855194,0.447379679144385,0.0,0.095730652326397,1,correct
A00533,B00673,0.16277343354403243,0,0,0.2337662337662337,0.4090909090909091,0.2637362637362638,0.2637362637362637,0.1492537313432835,0.2222222222222223,1.0,1.0,0.5454545454545454,0.4,0.2745098039215686,0.25,0.0,0.0,0,0.3258481877599525,0.8863636363636364,1.0,0.1298262032085561,2,correct
A00191,B00842,0.0094064950766044,0,0,0.1690140845070422,0.3315789473684211,0.2117647058823529,0.2117647058823529,0.1428571428571429,0.2142857142857143,0.0,0.4,0.3636363636363636,0.0,0.2291666666666666,0.0,0.0,3.0,0,0.1767058270676691,0.2109090909090909,0.0,0.0227960526315789,1,correct
A00433,B00433,0.7790057648490453,1,1,0.2318840579710145,0.4,0.216867469879518,0.2168674698795181,0.1492537313432835,0.2222222222222223,1.0,1.0,0.9090909090909092,0.3199999999999999,0.276595744680851,0.2272727272727273,0.0,0.0,0,0.3040247152374812,0.9772727272727272,1.0,0.1116642166344293,2,correct
A00331,B00935,4.0467841452984764e-08,0,0,0.2133333333333333,0.3617307692307692,0.2921348314606742,0.2921348314606742,0.1428571428571429,0.2380952380952381,0.2105263157894736,0.5714285714285714,0.3636363636363636,0.3199999999999999,0.24,0.2340425531914893,0.0,0.0,0,0.2912446613670018,0.3570745044429254,0.0,0.097744271685761,2,correct
A00826,B00732,6.218044135093242e-07,0,0,0.2432432432432432,0.288,0.2045454545454545,0.2045454545454546,0.2631578947368421,0.2222222222222223,0.3529411764705882,0.2666666666666667,0.3636363636363636,0.4615384615384615,0.0,0.2365591397849462,0.0,1.0,0,0.2586360077198787,0.3297326203208556,0.0,0.0736079404466501,1,correct
A00697,B00925,7.716109551744575e-07,0,0,0.2028985507246377,0.4,0.2409638554216867,0.2409638554216867,0.1818181818181817,0.2,0.4,0.2222222222222222,0.3636363636363636,0.4444444444444444,0.276595744680851,0.2272727272727273,0.0,0.0,0,0.3244691596819256,0.3375757575757576,0.0,0.1315753277455405,2,correct
A00660,B00660,0.9981417939437743,1,1,0.2222222222222222,0.3692307692307692,0.1627906976744185,0.1627906976744185,0.1764705882352941,0.2195121951219512,1.0,1.0,0.9090909090909092,0.0,0.2886597938144329,0.2417582417582418,0.0,1.0,0,0.2342343751295222,0.9772727272727272,1.0,0.0587539977865116,2,correct
A00034,B00617,6.729937957767118e-09,0,0,0.2191780821917808,0.36,0.160919540229885,0.1609195402298851,0.2162162162162162,0.1818181818181818,0.4285714285714286,0.1052631578947368,0.0,0.4166666666666666,0.2653061224489795,0.217391304347826,0.0,0.0,0,0.3001015837164905,0.2244360902255639,0.0,0.112131322094055,3,correct
A00282,B00542,0.35952185962644256,0,0,0.1891891891891891,0.3077999999999999,0.2045454545454545,0.2045454545454546,0.1212121212121212,0.15,1.0,1.0,0.7272727272727273,0.3199999999999999,0.2626262626262626,0.2150537634408602,0.0,0.0,0,0.2579920039100684,0.931818181818182,1.0,0.0835073736070381,2,correct
A00520,B00793,0.49725273434388484,0,0,0.2337662337662337,0.4090909090909091,0.3076923076923077,0.3076923076923077,0.1764705882352941,0.2195121951219512,0.4615384615384615,0.0,0.0,0.4615384615384615,0.2549019607843137,0.25,0.0,2.0,0,0.3346726981770023,0.2076923076923076,0.0,0.1374897161661867,2,correct
A00792,B00638,1.6154454783397853e-08,0,0,0.2608695652173913,0.5,0.3132530120481928,0.3132530120481928,0.1194029850746268,0.1728395061728395,0.4285714285714286,0.4444444444444444,0.1818181818181817,0.3333333333333333,0.2553191489361702,0.2727272727272727,0.0,0.0,0,0.330441531150751,0.3716450216450216,0.0,0.1458736299161831,2,correct
A00471,B00987,1.6011024435167204e-05,0,0,0.2368421052631578,0.38,0.2888888888888888,0.2888888888888888,0.1428571428571429,0.2142857142857143,0.4,0.5882352941176471,0.3636363636363636,0.0,0.2772277227722772,0.2315789473684211,0.0,1.0,0,0.2331781433782476,0.447379679144385,0.0,0.0580039603960396,2,correct
A00074,B00862,1.4035717577059437e-09,0,0,0.2028985507246377,0.4,0.1927710843373493,0.1927710843373493,0.2162162162162162,0.1818181818181818,0.1538461538461538,0.0952380952380952,0.1999999999999999,0.4,0.2553191489361702,0.2272727272727273,0.0,0.0,0,0.308752417794971,0.1478021978021977,0.0,0.1219110251450677,2,correct
A00514,B00990,8.643635514435579e-08,0,0,0.1999999999999999,0.3891891891891892,0.1904761904761905,0.1904761904761904,0.2162162162162162,0.1818181818181818,0.5,0.2222222222222222,0.1999999999999999,0.4444444444444444,0.2526315789473684,0.2247191011235955,0.0,0.0,0,0.3136118840199265,0.3416666666666667,0.0,0.1249231064299071,2,correct
A00983,B00303,0.2559462192601412,0,0,0.2597402597402597,0.3446808510638298,0.2417582417582417,0.2417582417582418,0.1492537313432835,0.1975308641975308,1.0,1.0,0.7272727272727273,0.2222222222222222,0.0,0.25,0.0,1.0,0,0.2248548726030995,0.931818181818182,1.0,0.0564893617021276,2,correct
A00806,B00716,2.2427115220682457e-08,0,0,0.2531645569620253,0.2938775510204082,0.1935483870967742,0.1935483870967742,0.2631578947368421,0.2222222222222223,0.2666666666666667,0.1666666666666666,0.3636363636363636,0.3333333333333333,0.2692307692307693,0.2448979591836735,0.0,0.0,0,0.2763936856794,0.2609090909090909,0.0,0.0845109409540896,2,correct
A00652,B00354,6.661829612991405e-08,0,0,0.1666666666666666,0.323076923076923,0.1627906976744185,0.1627906976744185,0.1194029850746268,0.1728395061728395,0.3076923076923077,0.3478260869565217,0.0,0.0,0.2474226804123711,0.1978021978021977,0.0,1.0,0,0.1982747098898301,0.242809364548495,0.0,0.0431525651192582,3,correct
A00106,B00686,0.29949725326277027,0,0,0.1971830985915492,0.3497727272727273,0.2117647058823529,0.2117647058823529,0.2597402597402597,0.2417582417582417,1.0,1.0,0.5454545454545454,0.0,0.25,0.1999999999999999,0.0,1.0,0,0.2207834665334665,0.8863636363636364,1.0,0.0472193181818181,2,correct
A00677,B00737,0.006944687510363393,0,0,0.1971830985915492,0.3789473684210526,0.2117647058823529,0.2117647058823529,0.1818181818181817,0.2,1.0,1.0,0.3636363636363636,0.4,0.25,0.2222222222222222,0.0,0.0,0,0.3045175438596491,0.8409090909090909,1.0,0.1143157894736842,2,correct
A00212,B00972,0.039966641999968,0,0,0.1666666666666666,0.323076923076923,0.186046511627907,0.1860465116279069,0.1194029850746268,0.1728395061728395,1.0,1.0,0.5454545454545454,0.24,0.0,0.1978021978021977,0.0,1.0,0,0.2091613078279744,0.8863636363636364,1.0,0.0501869822485206,2,correct
A00907,B00288,1.5077159815521162e-08,0,0,0.2894736842105263,0.3130434782608696,0.2222222222222223,0.2222222222222222,0.1818181818181817,0.175,0.1428571428571429,0.1333333333333333,0.3636363636363636,0.3076923076923077,0.297029702970297,0.2736842105263157,0.0,0.0,0,0.2760585920412143,0.1951948051948052,0.0,0.0921259086655013,2,correct
A00078,B00858,0.037258524714512284,0,0,0.2608695652173913,0.45,0.216867469879518,0.2168674698795181,0.1999999999999999,0.2142857142857143,1.0,1.0,0.5454545454545454,0.3076923076923077,0.276595744680851,0.2727272727272727,0.0,0.0,0,0.3217940570068229,0.8863636363636364,1.0,0.129543222734712,2,correct
A00604,B00014,2.36102540271595e-08,0,0,0.2222222222222222,0.3692307692307692,0.186046511627907,0.1860465116279069,0.2162162162162162,0.2045454545454545,0.3076923076923077,0.1999999999999999,0.4,0.3199999999999999,0.2680412371134021,0.2197802197802197,0.0,0.0,0,0.288851540212365,0.2984615384615384,0.0,0.1012971459943704,2,correct
A00390,B00780,1.2909963113316317e-08,0,0,0.2191780821917808,0.4049999999999999,0.1839080459770115,0.1839080459770115,0.1764705882352941,0.2195121951219512,0.1538461538461538,0.1666666666666666,0.3636363636363636,0.4,0.2448979591836735,0.2391304347826086,0.0,0.0,0,0.3180066981193326,0.2101398601398601,0.0,0.1236094498669032,2,correct
A00555,B00254,7.066560257985408e-06,0,0,0.2666666666666667,0.4714285714285715,0.2696629213483146,0.2696629213483146,0.0895522388059701,0.148148148148148,0.3076923076923077,0.0999999999999999,0.0,0.4166666666666666,0.28,0.0,0.0,2.0,0,0.2963915343915344,0.1684615384615384,0.0,0.1181714285714285,1,correct
A00529,B00529,0.998521931732241,1,1,0.2337662337662337,0.4090909090909091,0.2417582417582417,0.2417582417582418,0.1690140845070422,0.1176470588235294,1.0,0.0,0.9090909090909092,0.4,0.2745098039215686,0.25,0.0,1.0,0,0.3049331550802139,0.6772727272727272,0.0,0.1298262032085561,2,correct
A00779,B00561,2.7791388809729613e-07,0,0,0.2571428571428571,0.4864864864864865,0.2619047619047619,0.2619047619047618,0.1690140845070422,0.1647058823529411,0.3809523809523809,0.3157894736842105,0.3636363636363636,0.4,0.2526315789473684,0.2696629213483146,0.0,0.0,0,0.3372312974608866,0.3570745044429255,0.0,0.1540646027458564,2,correct
A00420,B00200,0.04471040236767181,0,0,0.2571428571428571,0.3405405405405405,0.1666666666666667,0.1666666666666666,0.1764705882352941,0.2439024390243902,1.0,1.0,0.5454545454545454,0.3846153846153846,0.3157894736842105,0.2471910112359551,0.0,0.0,0,0.3123127996281419,0.8863636363636364,1.0,0.109906155985399,1,correct
A00024,B00024,0.9964638709936026,1,1,0.1944444444444444,0.3692307692307692,0.2093023255813953,0.2093023255813954,0.2191780821917808,0.2068965517241379,1.0,1.0,0.9090909090909092,0.48,0.2680412371134021,0.0,0.0,1.0,0,0.2883547266810686,0.9772727272727272,1.0,0.1005830293417922,1,correct
A00060,B00469,5.3056709761022065e-05,0,0,0.2028985507246377,0.35,0.1927710843373493,0.1927710843373493,0.1764705882352941,0.2439024390243902,0.2857142857142857,0.2352941176470588,0.0,0.4444444444444444,0.276595744680851,0.2272727272727273,0.0,1.0,0,0.3182496474868037,0.1991596638655462,0.0,0.1151284117773479,2,correct
A00062,B00062,0.9864781467149496,1,1,0.1714285714285713,0.2918918918918919,0.1666666666666667,0.1666666666666666,0.1194029850746268,0.1728395061728395,1.0,1.0,0.9090909090909092,0.4615384615384615,0.2526315789473684,0.202247191011236,0.0,0.0,0,0.2826749766036184,0.9772727272727272,1.0,0.093720361311136,2,correct
A00801,B00801,0.981183399631669,1,1,0.25,0.3529411764705882,0.2526315789473684,0.2526315789473684,0.1428571428571429,0.1666666666666667,1.0,1.0,0.9090909090909092,0.3703703703703704,0.2857142857142857,0.2626262626262626,0.0,0.0,0,0.2955408425996662,0.9772727272727272,1.0,0.1103471691706986,2,correct
A00253,B00087,3.646950479450414e-05,0,0,0.2133333333333333,0.3617307692307692,0.247191011235955,0.2471910112359551,0.1492537313432835,0.1975308641975308,0.2857142857142857,0.5555555555555556,0.5454545454545454,0.5,0.24,0.2340425531914893,0.0,0.0,0,0.3191317865874604,0.4316017316017315,0.0,0.1237888870703764,2,correct
A00261,B00434,1.1946967085263499e-09,0,0,0.2105263157894736,0.3767441860465116,0.2222222222222223,0.2222222222222222,0.1714285714285713,0.2142857142857143,0.375,0.1739130434782608,0.1999999999999999,0.3199999999999999,0.2376237623762376,0.2315789473684211,0.0,0.0,0,0.2902608051327951,0.2709239130434783,0.0,0.1012540737060242,2,correct
A00219,B00425,5.414208503135903e-09,0,0,0.1739130434782608,0.342,0.1927710843373493,0.1927710843373493,0.1690140845070422,0.1647058823529411,0.3478260869565217,0.3809523809523809,0.1818181818181817,0.3199999999999999,0.2553191489361702,0.2045454545454546,0.0,0.0,0,0.2685208669928319,0.3162619988706945,0.0,0.0909581083172147,2,correct
A00629,B00452,1.0806694171052115e-05,0,0,0.1690140845070422,0.3315789473684211,0.1882352941176471,0.188235294117647,0.1690140845070422,0.1647058823529411,0.4285714285714286,0.4,0.5454545454545454,0.3846153846153846,0.2708333333333333,0.1999999999999999,0.0,0.0,0,0.2799629376041914,0.4492207792207792,0.0,0.0978476720647773,2,correct
A00627,B00627,0.9772931446611534,1,1,0.2253521126760563,0.3789473684210526,0.1882352941176471,0.188235294117647,0.1818181818181817,0.175,1.0,1.0,0.9090909090909092,0.4,0.2708333333333333,0.2444444444444444,0.0,0.0,0,0.3059758771929824,0.9772727272727272,1.0,0.1192105263157894,2,correct
A00678,B00584,1.1977164916290886e-07,0,0,0.2777777777777778,0.4615384615384615,0.2325581395348837,0.2325581395348837,0.1999999999999999,0.2142857142857143,0.2857142857142857,0.2666666666666667,0.3636363636363636,0.3478260869565217,0.2886597938144329,0.2857142857142857,0.0,0.0,0,0.3370400106392935,0.2994805194805194,0.0,0.1437427655267188,2,correct
A00824,B00978,6.639860007701748e-07,0,0,0.2368421052631578,0.3521739130434782,0.2444444444444444,0.2444444444444444,0.2191780821917808,0.160919540229885,0.2857142857142857,0.2666666666666667,0.3636363636363636,0.48,0.0,0.0,0.0,2.0,0,0.2338360819590204,0.2994805194805194,0.0,0.0676173913043478,0,correct
A00684,B00909,0.00910786898974075,0,0,0.2571428571428571,0.4378378378378379,0.2142857142857143,0.2142857142857143,0.2162162162162162,0.2272727272727273,0.0,0.5882352941176471,0.3636363636363636,0.4444444444444444,0.2947368421052632,0.2471910112359551,0.0,1.0,0,0.3469839636959684,0.267379679144385,0.0,0.1490207937091438,2,correct
A00309,B00077,2.087011784390472e-08,0,0,0.1971830985915492,0.3886363636363636,0.2352941176470588,0.2352941176470588,0.1690140845070422,0.1176470588235294,0.2666666666666667,0.375,0.1818181818181817,0.3846153846153846,0.2708333333333333,0.2222222222222222,0.0,0.0,0,0.2910017311120252,0.2779545454545454,0.0,0.1172760052447552,2,correct
A00543,B00234,4.431419358205291e-06,0,0,0.2666666666666667,0.4714285714285715,0.2921348314606742,0.2921348314606742,0.1515151515151515,0.2,0.7692307692307692,0.2222222222222222,0.1999999999999999,0.5384615384615384,0.0,0.276595744680851,0.0,1.0,0,0.3306102408230068,0.4628205128205128,0.0,0.1406570025718961,1,correct
A00887,B00951,7.670207561815333e-06,0,0,0.25,0.2758064516129033,0.2127659574468084,0.2127659574468084,0.1818181818181817,0.175,0.4,0.5882352941176471,0.3636363636363636,0.4166666666666666,0.2857142857142857,0.2424242424242424,0.0,0.0,0,0.2802960480379835,0.447379679144385,0.0,0.0896669459572685,2,correct
A00286,B00186,0.2569290741786086,0,0,0.1866666666666666,0.3288461538461538,0.2247191011235955,0.2247191011235955,0.2631578947368421,0.2444444444444444,1.0,1.0,0.7272727272727273,0.3199999999999999,0.26,0.2127659574468084,0.0,0.0,0,0.2824576286597562,0.931818181818182,1.0,0.0887324877250408,2,correct
A00320,B00450,0.0001369729903592309,0,0,0.24,0.3288461538461538,0.247191011235955,0.2471910112359551,0.1764705882352941,0.2439024390243902,0.1538461538461538,0.1666666666666666,0.0,0.56,0.28,0.0,0.0,2.0,0,0.3014343339587241,0.1192307692307692,0.0,0.1012846153846153,1,correct
A00348,B00009,1.9981260862087154e-08,0,0,0.1971830985915492,0.3497727272727273,0.2352941176470588,0.2352941176470588,0.1999999999999999,0.1904761904761905,0.3076923076923077,0.1333333333333333,0.1818181818181817,0.48,0.25,0.2222222222222222,0.0,0.0,0,0.3098603896103896,0.2239160839160839,0.0,0.1167075,2,correct
A00616,B00816,0.4087012494605237,0,0,0.1917808219178082,0.36,0.1839080459770115,0.1839080459770115,0.2597402597402597,0.2417582417582417,1.0,1.0,0.7272727272727273,0.3846153846153846,0.2448979591836735,0.217391304347826,0.0,0.0,0,0.3026181148044502,0.931818181818182,1.0,0.1053118558460173,2,correct
A00506,B00256,0.005844654459548665,0,0,0.1791044776119402,0.3325,0.1728395061728395,0.1728395061728395,0.2597402597402597,0.2197802197802197,0.0,0.1666666666666666,0.3636363636363636,0.5185185185185186,0.0,0.0,0.0,3.0,0,0.2474097476597476,0.1409090909090909,0.0,0.0689629629629629,0,correct
A00960,B00831,2.144026708425148e-08,0,0,0.2784810126582279,0.3135,0.2365591397849462,0.2365591397849462,0.1764705882352941,0.2439024390243902,0.2105263157894736,0.2857142857142857,0.1818181818181817,0.4615384615384615,0.2884615384615384,0.0,0.0,1.0,0,0.2784074108818011,0.2259056732740943,0.0,0.0850067307692307,1,correct
A00343,B00676,2.3097674602694006e-09,0,0,0.2465753424657534,0.36,0.2528735632183908,0.2528735632183908,0.1492537313432835,0.2222222222222223,0.0,0.1666666666666666,0.3636363636363636,0.3846153846153846,0.2448979591836735,0.2391304347826086,0.0,0.0,0,0.3019717804624637,0.1409090909090909,0.0,0.1076596819329738,2,correct
A00704,B00754,2.7112662412564575e-07,0,0,0.2285714285714285,0.4378378378378379,0.2142857142857143,0.2142857142857143,0.2162162162162162,0.1818181818181818,0.3076923076923077,0.1999999999999999,0.4,0.3703703703703704,0.2947368421052632,0.2471910112359551,0.0,0.0,0,0.3230782397902446,0.2984615384615384,0.0,0.1360478207361709,2,correct
A00307,B00671,3.783107916884584e-06,0,0,0.2535211267605634,0.3886363636363636,0.2588235294117646,0.2588235294117647,0.1818181818181817,0.2,0.4,0.5882352941176471,0.3636363636363636,0.4,0.2708333333333333,0.2666666666666667,0.0,0.0,0,0.3172159090909091,0.447379679144385,0.0,0.1248494318181818,2,correct
A00134,B00014,0.019881834497986722,0,0,0.1944444444444444,0.297391304347826,0.2093023255813953,0.2093023255813954,0.2162162162162162,0.2272727272727273,1.0,1.0,0.4444444444444444,0.3199999999999999,0.2886597938144329,0.2197802197802197,0.0,0.0,0,0.2749379387980912,0.8611111111111112,1.0,0.0834277786041837,2,correct
A00260,B00840,0.87399840839076,0,1,0.2432432432432432,0.351219512195122,0.25,0.25,0.1764705882352941,0.2195121951219512,1.0,1.0,0.7272727272727273,0.4444444444444444,0.2828282828282829,0.0,0.0,1.0,0,0.2805814239960582,0.931818181818182,1.0,0.0922394678492239,1,false_positive
A00015,B00635,0.001784421811721622,0,0,0.2631578947368421,0.3348837209302326,0.2222222222222223,0.2222222222222222,0.1194029850746268,0.1728395061728395,1.0,1.0,0.3636363636363636,0.3333333333333333,0.2574257425742574,0.0,0.0,1.0,0,0.2403135455664429,0.8409090909090909,1.0,0.0705134699516463,1,correct
A00831,B00058,2.778695488006097e-08,0,0,0.2162162162162162,0.288,0.2045454545454545,0.2045454545454546,0.1428571428571429,0.1904761904761905,0.2105263157894736,0.2666666666666667,0.3636363636363636,0.3333333333333333,0.0,0.2365591397849462,0.0,1.0,0,0.2266457757296467,0.2656459330143541,0.0,0.0588387096774193,1,correct
A00479,B00903,4.1839970007291005e-09,0,0,0.2631578947368421,0.38,0.2666666666666667,0.2666666666666667,0.1690140845070422,0.1411764705882353,0.2222222222222222,0.2857142857142857,0.1818181818181817,0.2962962962962963,0.0,0.0,0.0,2.0,0,0.2014945533769063,0.2311688311688311,0.0,0.045037037037037,1,correct
A00073,B00121,1.6206130750012963e-06,0,0,0.2352941176470588,0.4114285714285715,0.1707317073170732,0.1707317073170732,0.1492537313432835,0.2222222222222223,0.25,0.5555555555555556,0.3636363636363636,0.5,0.2365591397849462,0.2528735632183908,0.0,0.0,0,0.3412879213235165,0.3700757575757576,0.0,0.1426956936278405,2,correct
A00847,B00227,0.3087124170727734,0,0,0.2133333333333333,0.28,0.1797752808988764,0.1797752808988764,0.1818181818181817,0.2,1.0,1.0,0.7272727272727273,0.3076923076923077,0.0,0.2340425531914893,0.0,1.0,0,0.2206448445171849,0.931818181818182,1.0,0.0541211129296235,1,correct
A00831,B00831,0.9330773359893243,1,1,0.2162162162162162,0.288,0.2045454545454545,0.2045454545454546,0.1714285714285713,0.2142857142857143,1.0,1.0,0.9090909090909092,0.3076923076923077,0.2828282828282829,0.0,0.0,1.0,0,0.2332198468198468,0.9772727272727272,1.0,0.0598825174825174,1,correct
A00836,B00488,2.5667725807618976e-09,0,0,0.2597402597402597,0.3446808510638298,0.2417582417582417,0.2417582417582418,0.2597402597402597,0.2417582417582417,0.1818181818181817,0.1666666666666666,0.1818181818181817,0.3846153846153846,0.0,0.2708333333333333,0.0,1.0,0,0.2693039805938742,0.1772727272727272,0.0,0.0810331423895253,1,correct
A00143,B00740,1.061396493399296e-09,0,0,0.2285714285714285,0.3891891891891892,0.1904761904761905,0.1904761904761904,0.1492537313432835,0.2222222222222223,0.1428571428571429,0.1666666666666666,0.0,0.4166666666666666,0.2736842105263157,0.2247191011235955,0.0,0.0,0,0.3192950312820212,0.1142857142857143,0.0,0.1230568190899355,3,correct
A00923,B00581,5.968666533904749e-10,0,0,0.3013698630136986,0.3348837209302326,0.2298850574712644,0.2298850574712644,0.1492537313432835,0.2469135802469135,0.3529411764705882,0.1333333333333333,0.1818181818181817,0.3199999999999999,0.0,0.2608695652173913,0.0,1.0,0,0.2529782671110612,0.2442780748663101,0.0,0.0690734074823053,1,correct
A00628,B00988,0.18072811886126364,0,0,0.1714285714285713,0.3405405405405405,0.1904761904761905,0.1904761904761904,0.1999999999999999,0.1904761904761905,1.0,1.0,0.7272727272727273,0.3076923076923077,0.2526315789473684,0.202247191011236,0.0,0.0,0,0.2700276772896525,0.931818181818182,1.0,0.0883840805733177,2,correct
A00654,B00858,1.626974723301859e-09,0,0,0.1643835616438356,0.315,0.1379310344827585,0.1379310344827586,0.2162162162162162,0.1818181818181818,0.3076923076923077,0.2857142857142857,0.1999999999999999,0.3076923076923077,0.2448979591836735,0.1956521739130434,0.0,0.0,0,0.2584846178666054,0.2741758241758241,0.0,0.0804012183468705,2,correct
A00895,B00910,8.017852535957271e-07,0,0,0.2716049382716049,0.3176470588235294,0.2736842105263157,0.2736842105263157,0.1176470588235294,0.1707317073170732,0.4615384615384615,0.3333333333333333,0.3636363636363636,0.3703703703703704,0.0,0.28,0.0,1.0,0,0.2455145331845475,0.3986013986013986,0.0,0.0737411764705882,1,correct
A00327,B00072,4.141146782307491e-05,0,0,0.2105263157894736,0.3483333333333334,0.2444444444444444,0.2444444444444444,0.1818181818181817,0.175,0.4,0.4,0.0,0.3846153846153846,0.2574257425742574,0.2105263157894736,0.0,1.0,0,0.2866158856776366,0.3,0.0,0.1024907336887535,2,correct
A00645,B00390,8.624231750700989e-06,0,0,0.2191780821917808,0.36,0.1839080459770115,0.1839080459770115,0.088235294117647,0.1951219512195122,0.2222222222222222,0.2352941176470588,0.0,0.4,0.0,0.2391304347826086,0.0,2.0,0,0.2628939554612938,0.1705882352941176,0.0,0.0834260869565217,1,correct
A00727,B00991,0.00016249569648444897,0,0,0.2133333333333333,0.3,0.2022471910112359,0.202247191011236,0.1818181818181817,0.175,0.4,0.5882352941176471,0.7272727272727273,0.3703703703703704,0.24,0.2340425531914893,0.0,0.0,0,0.2701804570527975,0.538288770053476,0.0,0.0871082742316785,2,correct
A00178,B00338,0.2948979301899309,0,0,0.1690140845070422,0.3109090909090909,0.1882352941176471,0.188235294117647,0.1999999999999999,0.1666666666666667,1.0,1.0,0.7272727272727273,0.3199999999999999,0.0,0.1999999999999999,0.0,1.0,0,0.2206060606060606,0.931818181818182,1.0,0.058450909090909,1,correct
A00157,B00004,0.0028805650325503538,0,0,0.2571428571428571,0.3664285714285714,0.2619047619047619,0.2619047619047618,0.1818181818181817,0.2,0.4,0.0,0.5454545454545454,0.3333333333333333,0.2736842105263157,0.2247191011235955,0.0,1.0,0,0.2913557348427248,0.3163636363636364,0.0,0.1036459069020866,2,correct
A00753,B00933,0.17172277778582432,0,0,0.25,0.3692307692307692,0.2093023255813953,0.2093023255813954,0.1492537313432835,0.1975308641975308,1.0,1.0,0.5454545454545454,0.4615384615384615,0.2474226804123711,0.0,0.0,1.0,0,0.2796964979782849,0.8863636363636364,1.0,0.0955725004575123,1,correct
A00899,B00639,0.061007313768816754,0,0,0.24,0.2959615384615384,0.2022471910112359,0.202247191011236,0.1690140845070422,0.1176470588235294,1.0,1.0,0.5454545454545454,0.24,0.0,0.2340425531914893,0.0,1.0,0,0.1954242562818908,0.8863636363636364,1.0,0.0491925859247135,2,correct
A00885,B00545,0.3585828153710533,0,0,0.2531645569620253,0.3135,0.2365591397849462,0.2365591397849462,0.088235294117647,0.1463414634146342,1.0,1.0,0.5454545454545454,0.3846153846153846,0.2884615384615384,0.2653061224489795,0.0,0.0,0,0.2833065187425814,0.8863636363636364,1.0,0.1003126177394034,2,correct
A00946,B00511,8.43640536240926e-08,0,0,0.25,0.3,0.2093023255813953,0.2093023255813954,0.2597402597402597,0.2637362637362638,0.3636363636363636,0.1666666666666666,0.1818181818181817,0.0,0.2886597938144329,0.2197802197802197,0.0,1.0,0,0.2190132547864506,0.259090909090909,0.0,0.0457596012235187,2,correct
A00793,B00214,8.778710127076329e-09,0,0,0.2777777777777778,0.5076923076923077,0.3023255813953489,0.3023255813953488,0.1492537313432835,0.2222222222222223,0.1666666666666666,0.0952380952380952,0.4,0.2307692307692307,0.2680412371134021,0.2857142857142857,0.0,0.0,0,0.325969311330136,0.2035714285714285,0.0,0.1312051311099685,3,correct
A00700,B00280,0.9363414977075727,0,1,0.2535211267605634,0.3789473684210526,0.1882352941176471,0.188235294117647,0.1764705882352941,0.2195121951219512,1.0,1.0,0.7272727272727273,0.48,0.2916666666666666,0.2444444444444444,0.0,0.0,0,0.3340033162173727,0.931818181818182,1.0,0.1337052631578947,2,false_positive
A00043,B00124,0.0002381862758637832,0,0,0.208955223880597,0.3705882352941176,0.1728395061728395,0.1728395061728395,0.1492537313432835,0.2222222222222223,0.4285714285714286,0.1666666666666666,0.0,0.0,0.2608695652173913,0.2325581395348837,0.0,2.0,0,0.229635070745521,0.2428571428571428,0.0,0.0548575507048117,2,correct
A00477,B00797,0.5691019297370464,0,0,0.282051282051282,0.3832758620689654,0.3043478260869565,0.3043478260869565,0.1818181818181817,0.175,1.0,1.0,0.0,0.2307692307692307,0.2912621359223301,0.2680412371134021,0.0,1.0,0,0.2800321107298956,0.75,1.0,0.0996895550823327,3,correct
A00451,B00863,2.037441619280785e-09,0,0,0.25,0.3537931034482759,0.2553191489361703,0.2553191489361702,0.1428571428571429,0.1666666666666667,0.3157894736842105,0.1666666666666666,0.1818181818181817,0.3076923076923077,0.2857142857142857,0.2424242424242424,0.0,0.0,0,0.2802305051270569,0.2375598086124401,0.0,0.0995992972544696,2,correct
A00691,B00924,8.182780666165041e-08,0,0,0.1944444444444444,0.3692307692307692,0.2093023255813953,0.2093023255813954,0.1428571428571429,0.1904761904761905,0.3157894736842105,0.4285714285714286,0.1818181818181817,0.4615384615384615,0.0,0.2197802197802197,0.0,1.0,0,0.2741391941391941,0.3161312371838687,0.0,0.0925105663567202,1,correct
A00792,B00228,9.555390574566505e-06,0,0,0.2608695652173913,0.5,0.2891566265060241,0.2891566265060241,0.1194029850746268,0.1728395061728395,0.3076923076923077,0.2666666666666667,0.0,0.3703703703703704,0.2553191489361702,0.2727272727272727,0.0,1.0,0,0.3378489385581584,0.2184615384615384,0.0,0.1532810373235905,2,correct
A00359,B00359,0.9621671880302151,1,1,0.2253521126760563,0.3497727272727273,0.2588235294117646,0.2588235294117647,0.1690140845070422,0.1411764705882353,1.0,1.0,0.9090909090909092,0.3846153846153846,0.0,0.0,0.0,2.0,0,0.2100901892225422,0.9772727272727272,1.0,0.0538111888111888,0,correct
A00911,B00895,5.33707112009209e-07,0,0,0.24,0.2959615384615384,0.2247191011235955,0.2247191011235955,0.1428571428571429,0.2142857142857143,0.2105263157894736,0.5714285714285714,0.3636363636363636,0.4615384615384615,0.0,0.2127659574468084,0.0,1.0,0,0.255868190320318,0.3570745044429254,0.0,0.0735302152838977,1,correct
A00992,B00992,0.9806940807368254,1,1,0.2432432432432432,0.342,0.25,0.25,0.1194029850746268,0.1728395061728395,1.0,1.0,0.9090909090909092,0.4444444444444444,0.2626262626262626,0.2365591397849462,0.0,0.0,0,0.3009346004851381,0.9772727272727272,1.0,0.11201642228739,2,correct
A00020,B00387,0.0003932927331983073,0,0,0.2191780821917808,0.315,0.1839080459770115,0.1839080459770115,0.1791044776119402,0.2222222222222223,0.4,0.2352941176470588,0.0,0.5384615384615384,0.2653061224489795,0.217391304347826,0.0,1.0,0,0.319041366156273,0.2505882352941176,0.0,0.1134610606784519,2,correct
A00724,B00724,0.6823515904436104,1,0,0.2222222222222222,0.3692307692307692,0.186046511627907,0.1860465116279069,0.2162162162162162,0.1818181818181818,1.0,1.0,0.9090909090909092,0.3076923076923077,0.0,0.2197802197802197,0.0,1.0,0,0.2416383616383616,0.9772727272727272,1.0,0.0697886728655959,1,false_negative
A00541,B00005,1.3573360509392416e-07,0,0,0.2564102564102564,0.44,0.2608695652173912,0.2608695652173913,0.144927536231884,0.1686746987951806,0.3636363636363636,0.3636363636363636,0.3636363636363636,0.3199999999999999,0.2718446601941747,0.2680412371134021,0.0,0.0,0,0.3107178243551727,0.3636363636363636,0.0,0.1275849384446001,2,correct
A00887,B00006,1.5117038566592768e-05,0,0,0.25,0.2758064516129033,0.2127659574468084,0.2127659574468084,0.1818181818181817,0.175,0.5555555555555556,0.1333333333333333,0.5454545454545454,0.4,0.2857142857142857,0.2424242424242424,0.0,0.0,0,0.2769627147046502,0.4263636363636363,0.0,0.0878282362798492,2,correct
A00559,B00645,1.6950624436073e-07,0,0,0.273972602739726,0.45,0.2758620689655173,0.2758620689655172,0.1714285714285713,0.1190476190476189,0.3478260869565217,0.3809523809523809,0.3636363636363636,0.3199999999999999,0.2653061224489795,0.2826086956521739,0.0,0.0,0,0.3049967465246967,0.36171654432524,0.0,0.1315685004436557,2,correct
A00070,B00650,0.9655033247907158,0,1,0.1846153846153846,0.28125,0.1772151898734176,0.1772151898734176,0.1764705882352941,0.2439024390243902,1.0,1.0,0.7272727272727273,0.56,0.2444444444444444,0.2142857142857143,0.0,0.0,0,0.3139650116144019,0.931818181818182,1.0,0.1017053571428571,2,false_positive
A00394,B00856,8.82874393584259e-08,0,0,0.2077922077922077,0.3681818181818182,0.2197802197802197,0.2197802197802197,0.2162162162162162,0.1818181818181818,0.0,0.0999999999999999,0.6,0.3703703703703704,0.0,0.2291666666666666,0.0,1.0,0,0.2552672558922559,0.18,0.0,0.0798579545454545,1,correct
A00451,B00245,4.083455645675249e-09,0,0,0.25,0.3537931034482759,0.2553191489361703,0.2553191489361702,0.1714285714285713,0.1666666666666667,0.25,0.3157894736842105,0.1818181818181817,0.3199999999999999,0.2857142857142857,0.2424242424242424,0.0,0.0,0,0.2826920435885953,0.2526913875598086,0.0,0.1013410479175996,2,correct
A00146,B00738,7.612368029123156e-06,0,0,0.1764705882352941,0.315,0.1951219512195122,0.1951219512195121,0.2597402597402597,0.2637362637362638,0.0,0.1538461538461538,0.1818181818181817,0.4166666666666666,0.0,0.1839080459770115,0.0,2.0,0,0.2581667929771378,0.0916083916083916,0.0,0.0698793103448275,1,correct
A00928,B00248,0.02613898635279739,0,0,0.2702702702702703,0.288,0.1818181818181818,0.1818181818181817,0.1999999999999999,0.2142857142857143,1.0,1.0,0.5454545454545454,0.3076923076923077,0.2828282828282829,0.2365591397849462,0.0,0.0,0,0.2687037177875887,0.8863636363636364,1.0,0.0803212271599368,2,correct
A00251,B00251,0.6651186360893587,1,0,0.2133333333333333,0.3857142857142858,0.2696629213483146,0.2696629213483146,0.1428571428571429,0.1904761904761905,1.0,1.0,0.9090909090909092,0.3076923076923077,0.24,0.2340425531914893,0.0,0.0,0,0.2864543683267088,0.9772727272727272,1.0,0.1023260229132569,2,false_negative
A00011,B00071,0.4539800627094643,0,0,0.1891891891891891,0.3073170731707316,0.1818181818181818,0.1818181818181817,0.144927536231884,0.2409638554216867,1.0,1.0,0.5454545454545454,0.4166666666666666,0.2828282828282829,0.0,0.0,1.0,0,0.2661454687931326,0.8863636363636364,1.0,0.0772949002217294,1,correct
A00825,B00527,6.830497093075824e-09,0,0,0.2368421052631578,0.285,0.2,0.1999999999999999,0.1492537313432835,0.1728395061728395,0.3,0.3636363636363636,0.1818181818181817,0.3199999999999999,0.2772277227722772,0.2315789473684211,0.0,0.0,0,0.2603889017556726,0.2895454545454545,0.0,0.0799829702970296,2,correct
A00951,B00171,0.013264310768243635,0,0,0.2777777777777778,0.3,0.2093023255813953,0.2093023255813954,0.1428571428571429,0.2380952380952381,1.0,1.0,0.5454545454545454,0.3076923076923077,0.2680412371134021,0.2417582417582418,0.0,0.0,0,0.2756274309882557,0.8863636363636364,1.0,0.0828050300215248,2,correct
A00923,B00743,0.16926818695264362,0,0,0.3013698630136986,0.3348837209302326,0.2298850574712644,0.2298850574712644,0.1492537313432835,0.2469135802469135,1.0,1.0,0.7272727272727273,0.3199999999999999,0.2857142857142857,0.0,0.0,1.0,0,0.2567049751855954,0.931818181818182,1.0,0.0715694352159468,1,correct
A00298,B00698,0.6660363882835575,0,0,0.1999999999999999,0.3664285714285714,0.2380952380952381,0.2380952380952381,0.1999999999999999,0.1904761904761905,1.0,1.0,0.0,0.3846153846153846,0.2736842105263157,0.2247191011235955,0.0,1.0,0,0.2997073831943732,0.75,1.0,0.1111623904185701,2,correct
A00567,B00567,0.9488441940604844,1,1,0.2077922077922077,0.2863636363636364,0.1978021978021978,0.1978021978021977,0.1818181818181817,0.175,1.0,1.0,0.9090909090909092,0.4,0.2352941176470588,0.2291666666666666,0.0,0.0,0,0.2705782085561498,0.9772727272727272,1.0,0.0857195855614973,2,correct
A00980,B00180,0.7139529069934165,0,1,0.282051282051282,0.3,0.2391304347826087,0.2391304347826086,0.1764705882352941,0.1951219512195122,1.0,1.0,0.7272727272727273,0.3846153846153846,0.2912621359223301,0.2474226804123711,0.0,0.0,0,0.2867501896171845,0.931818181818182,1.0,0.0946354796239692,2,false_positive
A00800,B00052,1.984507065080319e-09,0,0,0.282051282051282,0.2948275862068966,0.217391304347826,0.217391304347826,0.1764705882352941,0.2439024390243902,0.1428571428571429,0.2352941176470588,0.1818181818181817,0.3846153846153846,0.0,0.2680412371134021,0.0,1.0,0,0.2543580261570343,0.1803284950343774,0.0,0.0690658754682928,1,correct
A00801,B00419,5.034077432761047e-08,0,0,0.25,0.3529411764705882,0.2526315789473684,0.2526315789473684,0.1714285714285713,0.1904761904761905,0.3809523809523809,0.3157894736842105,0.1818181818181817,0.3703703703703704,0.2857142857142857,0.2626262626262626,0.0,0.0,0,0.3003027473615709,0.31161995898838,0.0,0.1103471691706986,2,correct
A00959,B00959,0.9511074375908348,1,1,0.3055555555555556,0.3375,0.2325581395348837,0.2325581395348837,0.1690140845070422,0.1411764705882353,1.0,1.0,0.9090909090909092,0.3846153846153846,0.2680412371134021,0.2637362637362637,0.0,0.0,0,0.2861749961681739,0.9772727272727272,1.0,0.1057655488841056,2,correct
A00185,B00125,0.3950491933965863,0,0,0.1643835616438356,0.315,0.1839080459770115,0.1839080459770115,0.088235294117647,0.1463414634146342,1.0,1.0,0.7272727272727273,0.3703703703703704,0.2448979591836735,0.1956521739130434,0.0,0.0,0,0.2639248867215084,0.931818181818182,1.0,0.0882986542443064,2,correct
A00701,B00701,0.944047106294758,1,1,0.2191780821917808,0.36,0.2298850574712644,0.2298850574712644,0.1714285714285713,0.2142857142857143,1.0,1.0,0.9090909090909092,0.4,0.2448979591836735,0.0,0.0,1.0,0,0.2675918367346939,0.9772727272727272,1.0,0.0840489795918367,1,correct
A00403,B00663,0.02143343030377719,0,0,0.2058823529411765,0.36,0.1707317073170732,0.1707317073170732,0.1492537313432835,0.2222222222222223,1.0,1.0,0.5454545454545454,0.3199999999999999,0.2795698924731182,0.2068965517241379,0.0,0.0,0,0.2894144110740329,0.8863636363636364,1.0,0.0986183759733036,2,correct
A00788,B00990,5.169384153640064e-06,0,0,0.2571428571428571,0.4864864864864865,0.2857142857142857,0.2857142857142857,0.1999999999999999,0.2142857142857143,0.3333333333333333,1.0,0.3636363636363636,0.3703703703703704,0.2526315789473684,0.2696629213483146,0.0,0.0,0,0.3412213379215153,0.5409090909090909,0.0,0.1482988369800907,2,correct
A00192,B00132,0.11369292608219277,0,0,0.1999999999999999,0.3405405405405405,0.1904761904761905,0.1904761904761904,0.1194029850746268,0.1728395061728395,1.0,1.0,0.5454545454545454,0.4,0.2526315789473684,0.2247191011235955,0.0,0.0,0,0.2883326654073747,0.8863636363636364,1.0,0.1032536640721147,2,correct
A00130,B00433,5.8486538471303536e-08,0,0,0.1971830985915492,0.3109090909090909,0.2117647058823529,0.2117647058823529,0.1764705882352941,0.2439024390243902,0.1666666666666666,0.1538461538461538,0.1818181818181817,0.56,0.2916666666666666,0.1999999999999999,0.0,0.0,0,0.3278032150776053,0.1666083916083915,0.0,0.1155027272727272,2,correct
A00359,B00899,0.08314992252007175,0,0,0.2253521126760563,0.3497727272727273,0.2588235294117646,0.2588235294117647,0.1690140845070422,0.1647058823529411,1.0,1.0,0.5454545454545454,0.3703703703703704,0.25,0.2444444444444444,0.0,0.0,0,0.2861137353931471,0.8863636363636364,1.0,0.1037011363636363,2,correct
A00377,B00377,0.9928600896567525,1,1,0.2133333333333333,0.3857142857142858,0.2022471910112359,0.202247191011236,0.1818181818181817,0.2,1.0,1.0,0.9090909090909092,0.48,0.26,0.0,0.0,1.0,0,0.2907142857142857,0.9772727272727272,1.0,0.1041428571428571,1,correct
A00157,B00523,3.216548620198766e-07,0,0,0.2571428571428571,0.3664285714285714,0.2619047619047619,0.2619047619047618,0.1818181818181817,0.2,0.4,0.1818181818181817,0.3636363636363636,0.4615384615384615,0.2736842105263157,0.2247191011235955,0.0,0.0,0,0.3169967604837505,0.3254545454545454,0.0,0.1224371156932954,2,correct
A00486,B00906,0.4339176609490049,0,0,0.1666666666666666,0.323076923076923,0.1627906976744185,0.1627906976744185,0.2597402597402597,0.2197802197802197,1.0,1.0,0.7272727272727273,0.3076923076923077,0.2474226804123711,0.0,0.0,1.0,0,0.239530984479438,0.931818181818182,1.0,0.0637442810955895,1,correct
A00765,B00171,1.8716390812835662e-08,0,0,0.2432432432432432,0.4390243902439025,0.25,0.25,0.088235294117647,0.1707317073170732,0.25,0.3157894736842105,0.1818181818181817,0.4615384615384615,0.2424242424242424,0.2580645161290322,0.0,0.0,0,0.3332346646272689,0.2526913875598086,0.0,0.1469686882747465,2,correct
A00795,B00207,2.8771399964851182e-08,0,0,0.2777777777777778,0.5076923076923077,0.2790697674418605,0.2790697674418605,0.088235294117647,0.1463414634146342,0.2666666666666667,0.4705882352941176,0.1818181818181817,0.3846153846153846,0.2680412371134021,0.2857142857142857,0.0,0.0,0,0.3415623903378492,0.3066310160427807,0.0,0.1624477346602643,2,correct
A00857,B00217,0.022856958319277233,0,0,0.1971830985915492,0.3073170731707316,0.2117647058823529,0.2117647058823529,0.1818181818181817,0.225,1.0,1.0,0.5454545454545454,0.3076923076923077,0.0,0.2222222222222222,0.0,1.0,0,0.2320669168230143,0.8863636363636364,1.0,0.058311444652908,1,correct
A00789,B00902,1.9887502571763212e-07,0,0,0.2535211267605634,0.4736842105263159,0.2823529411764706,0.2823529411764706,0.1690140845070422,0.1411764705882353,0.2857142857142857,0.4444444444444444,0.1818181818181817,0.0,0.25,0.2666666666666667,0.0,1.0,0,0.2478405572755418,0.3073593073593073,0.0,0.0734210526315789,2,correct
A00707,B00331,1.71130824975562e-05,0,0,0.2318840579710145,0.4,0.1927710843373493,0.1927710843373493,0.1818181818181817,0.2,0.4,0.5882352941176471,0.5454545454545454,0.3846153846153846,0.2553191489361702,0.25,0.0,0.0,0,0.3127209492635024,0.4928342245989305,0.0,0.1221767594108019,2,correct
A00052,B00813,7.149691846839089e-08,0,0,0.1739130434782608,0.3,0.216867469879518,0.2168674698795181,0.1194029850746268,0.1975308641975308,0.3076923076923077,0.2222222222222222,0.3636363636363636,0.3846153846153846,0.2553191489361702,0.2045454545454546,0.0,0.0,0,0.2754089402848268,0.296037296037296,0.0,0.0875416604671924,2,correct
A00579,B00348,4.1754225860494915e-08,0,0,0.1944444444444444,0.323076923076923,0.186046511627907,0.1860465116279069,0.1690140845070422,0.1411764705882353,0.3529411764705882,0.2857142857142857,0.1818181818181817,0.4444444444444444,0.2474226804123711,0.2197802197802197,0.0,0.0,0,0.2841276949585015,0.2899923605805958,0.0,0.1027186400699485,2,correct
A00606,B00906,0.2536167146865408,0,0,0.1866666666666666,0.3428571428571428,0.1797752808988764,0.1797752808988764,0.2597402597402597,0.2417582417582417,1.0,1.0,0.7272727272727273,0.3076923076923077,0.24,0.0,0.0,1.0,0,0.2487472527472527,0.931818181818182,1.0,0.0668835164835165,1,correct
A00916,B00916,0.8994710676500802,1,1,0.282051282051282,0.3375,0.2608695652173912,0.2608695652173913,0.2597402597402597,0.2637362637362638,1.0,1.0,0.9090909090909092,0.3703703703703704,0.2718446601941747,0.2474226804123711,0.0,0.0,0,0.3059614279123087,0.9772727272727272,1.0,0.1025758182364127,2,correct
A00630,B00694,9.604956371754527e-06,0,0,0.1739130434782608,0.35,0.1927710843373493,0.1927710843373493,0.1764705882352941,0.2195121951219512,0.5,0.2222222222222222,0.0,0.3199999999999999,0.0,0.2045454545454546,0.0,2.0,0,0.2435842572062084,0.2916666666666667,0.0,0.0662772727272727,1,correct
A00183,B00183,0.7284596853031329,1,1,0.2191780821917808,0.4049999999999999,0.2068965517241379,0.2068965517241379,0.1492537313432835,0.1975308641975308,1.0,1.0,0.9090909090909092,0.3199999999999999,0.2448979591836735,0.2391304347826086,0.0,0.0,0,0.2976104319344484,0.9772727272727272,1.0,0.1106494498669032,2,correct
A00544,B00017,5.5576011965863346e-08,0,0,0.2666666666666667,0.4285714285714285,0.247191011235955,0.2471910112359551,0.2191780821917808,0.1839080459770115,0.4,0.4615384615384615,0.3636363636363636,0.3199999999999999,0.3,0.2553191489361702,0.0,0.0,0,0.3126509101072564,0.4093706293706294,0.0,0.1262553191489361,1,correct
A00284,B00804,0.037439860535913985,0,0,0.25,0.3717391304347825,0.2325581395348837,0.2325581395348837,0.2191780821917808,0.1839080459770115,1.0,1.0,0.5454545454545454,0.3703703703703704,0.2680412371134021,0.2197802197802197,0.0,0.0,0,0.2955506409339544,0.8863636363636364,1.0,0.109475161026035,2,correct
A00033,B00083,3.2000426886700684e-09,0,0,0.25,0.3692307692307692,0.186046511627907,0.1860465116279069,0.1492537313432835,0.1975308641975308,0.1538461538461538,0.1538461538461538,0.3636363636363636,0.3076923076923077,0.2680412371134021,0.2417582417582418,0.0,0.0,0,0.288283786977945,0.2062937062937063,0.0,0.1019138831034152,2,correct
A00103,B00726,0.7239922752632343,0,1,0.2191780821917808,0.4049999999999999,0.2068965517241379,0.2068965517241379,0.1492537313432835,0.1975308641975308,0.0,1.0,0.0,0.3846153846153846,0.0,0.2391304347826086,0.0,3.0,0,0.2737988149799744,0.3,0.0,0.0913620401337792,1,false_positive
A00879,B00399,0.10212333695693568,0,0,0.2285714285714285,0.3257142857142857,0.2380952380952381,0.2380952380952381,0.1690140845070422,0.1647058823529411,1.0,1.0,0.5454545454545454,0.3703703703703704,0.2526315789473684,0.2471910112359551,0.0,0.0,0,0.2797029247864465,0.8863636363636364,1.0,0.0970937756375958,2,correct
A00094,B00494,0.5263385547420736,0,0,0.16,0.3,0.2022471910112359,0.202247191011236,0.2162162162162162,0.2045454545454545,1.0,1.0,0.6666666666666667,0.3846153846153846,0.26,0.2127659574468084,0.0,0.0,0,0.2787470614491891,0.9166666666666669,1.0,0.0887027823240589,2,correct
A00359,B00059,0.03604167566450005,0,0,0.2253521126760563,0.3497727272727273,0.2352941176470588,0.2352941176470588,0.1690140845070422,0.1411764705882353,1.0,1.0,0.5454545454545454,0.3199999999999999,0.25,0.2444444444444444,0.0,0.0,0,0.2713337789661319,0.8863636363636364,1.0,0.0966538636363636,2,correct
A00649,B00929,0.016761397522404596,0,0,0.1643835616438356,0.315,0.1839080459770115,0.1839080459770115,0.1690140845070422,0.1411764705882353,1.0,1.0,0.5454545454545454,0.3076923076923077,0.2448979591836735,0.1956521739130434,0.0,0.0,0,0.2503562756206161,0.8863636363636364,1.0,0.0804012183468705,2,correct
A00692,B00692,0.9710169700085738,1,1,0.1690140845070422,0.3315789473684211,0.1882352941176471,0.188235294117647,0.1194029850746268,0.1728395061728395,0.0,1.0,0.9090909090909092,0.3846153846153846,0.25,0.1999999999999999,0.0,1.0,0,0.2784646623681711,0.5272727272727272,0.0,0.0957753036437247,2,correct
A00217,B00217,0.7698221484434294,1,1,0.1999999999999999,0.3891891891891892,0.2142857142857143,0.2142857142857143,0.1818181818181817,0.175,1.0,1.0,0.9090909090909092,0.3076923076923077,0.0,0.2247191011235955,0.0,1.0,0,0.2470030834637576,0.9772727272727272,1.0,0.0741376813286925,1,correct
A00187,B00655,1.5077624169822447e-08,0,0,0.2222222222222222,0.3692307692307692,0.1627906976744185,0.1627906976744185,0.1818181818181817,0.2,0.2666666666666667,0.4705882352941176,0.1818181818181817,0.3846153846153846,0.2474226804123711,0.2417582417582418,0.0,0.0,0,0.3010694460178996,0.3066310160427807,0.0,0.1109909281836323,2,correct
A00290,B00112,1.819429666323443e-08,0,0,0.1917808219178082,0.35625,0.2528735632183908,0.2528735632183908,0.1791044776119402,0.1975308641975308,0.3076923076923077,0.2666666666666667,0.0,0.4166666666666666,0.0,0.0,0.0,2.0,0,0.2297145061728395,0.2184615384615384,0.0,0.059375,1,correct
A00418,B00613,8.168883952539011e-08,0,0,0.1492537313432835,0.3325,0.1728395061728395,0.1728395061728395,0.1999999999999999,0.1904761904761905,0.4615384615384615,0.25,0.3636363636363636,0.3333333333333333,0.0,0.1860465116279069,0.0,1.0,0,0.2324188815060908,0.3736013986013986,0.0,0.062891472868217,1,correct
A00378,B00941,3.7889845592521025e-10,0,0,0.2162162162162162,0.3951219512195121,0.2272727272727273,0.2272727272727273,0.1999999999999999,0.1904761904761905,0.1176470588235294,0.3333333333333333,0.1818181818181817,0.3076923076923077,0.2424242424242424,0.2365591397849462,0.0,0.0,0,0.2900177923309315,0.1983957219251337,0.0,0.1054074485703124,2,correct
A00044,B00964,0.5055246667067754,0,0,0.2058823529411765,0.4114285714285715,0.1951219512195122,0.1951219512195121,0.2162162162162162,0.1818181818181818,1.0,1.0,0.5454545454545454,0.0,0.0,0.2298850574712644,0.0,2.0,0,0.1942749664128975,0.8863636363636364,1.0,0.0283743842364532,1,correct
A00503,B00046,0.0031421961516577895,0,0,0.2318840579710145,0.4,0.1686746987951806,0.1686746987951807,0.1492537313432835,0.1728395061728395,0.4705882352941176,1.0,0.0,0.3703703703703704,0.2553191489361702,0.25,0.0,1.0,0,0.3044398476490675,0.5117647058823529,0.0,0.1198975571315997,2,correct
A00542,B00650,6.118986000896401e-10,0,0,0.2337662337662337,0.4090909090909091,0.2417582417582417,0.2417582417582418,0.1212121212121212,0.175,0.1538461538461538,0.1538461538461538,0.1818181818181817,0.3199999999999999,0.2745098039215686,0.25,0.0,0.0,0,0.300403743315508,0.1608391608391608,0.0,0.116735294117647,2,correct
A00027,B00027,0.8694975596622652,1,1,0.2535211267605634,0.3315789473684211,0.1647058823529411,0.1647058823529411,0.1818181818181817,0.175,1.0,1.0,0.9090909090909092,0.3199999999999999,0.2708333333333333,0.2444444444444444,0.0,0.0,0,0.2757653508771929,0.9772727272727272,1.0,0.0936986842105263,2,correct
A00213,B00149,4.027450035659489e-06,0,0,0.1917808219178082,0.36,0.2068965517241379,0.2068965517241379,0.1492537313432835,0.1975308641975308,0.3076923076923077,0.5555555555555556,0.3636363636363636,0.0,0.2448979591836735,0.217391304347826,0.0,1.0,0,0.216849562369231,0.3960372960372961,0.0,0.0499272404614019,2,correct
A00837,B00868,2.3774403467130803e-07,0,0,0.2631578947368421,0.3130434782608696,0.2222222222222223,0.2222222222222222,0.1818181818181817,0.15,0.2857142857142857,0.1818181818181817,0.3636363636363636,0.3846153846153846,0.297029702970297,0.2526315789473684,0.0,0.0,0,0.2832853126889876,0.274025974025974,0.0,0.0997808989841071,2,correct
A00599,B00329,5.80328264410649e-08,0,0,0.2222222222222222,0.323076923076923,0.2093023255813953,0.2093023255813954,0.1690140845070422,0.1647058823529411,0.3333333333333333,0.3157894736842105,0.3636363636363636,0.3076923076923077,0.0,0.2417582417582418,0.0,1.0,0,0.2276664511958629,0.3356459330143541,0.0,0.0631952662721893,1,correct
A00619,B00453,2.402025181441149e-07,0,0,0.1999999999999999,0.3405405405405405,0.1666666666666667,0.1666666666666666,0.1690140845070422,0.1647058823529411,0.2352941176470588,0.2352941176470588,0.3636363636363636,0.4615384615384615,0.2526315789473684,0.2247191011235955,0.0,0.0,0,0.2990136329510873,0.2673796791443851,0.0,0.111636200454651,2,correct
A00229,B00929,0.32967152745349293,0,0,0.1714285714285713,0.3405405405405405,0.1904761904761905,0.1904761904761904,0.1690140845070422,0.1411764705882353,1.0,1.0,0.7272727272727273,0.2307692307692307,0.2526315789473684,0.202247191011236,0.0,0.0,0,0.244783117927446,0.931818181818182,1.0,0.0779059100951472,3,correct
A00273,B00631,2.111812753742719e-05,0,0,0.2465753424657534,0.4049999999999999,0.2528735632183908,0.2528735632183908,0.1515151515151515,0.225,0.3333333333333333,0.5333333333333333,0.0,0.3333333333333333,0.2448979591836735,0.2608695652173913,0.0,1.0,0,0.3090317953268264,0.31,0.0,0.1154507542147293,2,correct
A00355,B00575,0.1050418864140351,0,0,0.2191780821917808,0.36,0.2298850574712644,0.2298850574712644,0.088235294117647,0.1463414634146342,1.0,1.0,0.5454545454545454,0.4,0.2448979591836735,0.2391304347826086,0.0,0.0,0,0.2898725517778692,0.8863636363636364,1.0,0.1098750665483584,2,correct
A00902,B00937,5.940278756239199e-06,0,0,0.2278481012658227,0.285,0.2150537634408601,0.2150537634408602,0.1194029850746268,0.148148148148148,0.1333333333333333,0.1428571428571429,0.0,0.3846153846153846,0.2692307692307693,0.2448979591836735,0.0,1.0,0,0.2691720158148729,0.1028571428571428,0.0,0.0878041601255886,2,correct
A00004,B00004,0.9907461117750421,1,1,0.2222222222222222,0.3692307692307692,0.1627906976744185,0.1627906976744185,0.2191780821917808,0.2068965517241379,1.0,0.0,0.9090909090909092,0.3333333333333333,0.2680412371134021,0.2417582417582418,0.0,1.0,0,0.2952851296114716,0.6772727272727272,0.0,0.1057008653519359,2,correct
A00396,B00444,3.815895642391956e-08,0,0,0.2337662337662337,0.3681818181818182,0.2197802197802197,0.2197802197802197,0.2597402597402597,0.2857142857142857,0.1666666666666666,0.4285714285714286,0.3636363636363636,0.3199999999999999,0.2745098039215686,0.25,0.0,0.0,0,0.3102738731856378,0.2944805194805194,0.0,0.1050617647058823,2,correct
A00973,B00973,0.8948794338489306,1,1,0.2278481012658227,0.3135,0.2365591397849462,0.2365591397849462,0.1492537313432835,0.2222222222222223,1.0,1.0,0.9090909090909092,0.3846153846153846,0.25,0.2244897959183674,0.0,0.0,0,0.2865909907552765,0.9772727272727272,1.0,0.0928565345368917,2,correct
A00890,B00481,3.784349260551809e-07,0,0,0.2307692307692307,0.2653448275862068,0.1956521739130434,0.1956521739130434,0.1764705882352941,0.1951219512195122,0.25,0.1333333333333333,0.3636363636363636,0.4615384615384615,0.2912621359223301,0.2268041237113401,0.0,0.0,0,0.2886454697725073,0.2434090909090909,0.0,0.0902265981027486,2,correct
A00629,B00969,0.11462748242259198,0,0,0.1690140845070422,0.3315789473684211,0.1882352941176471,0.188235294117647,0.1690140845070422,0.1411764705882353,1.0,1.0,0.5454545454545454,0.3703703703703704,0.2708333333333333,0.1999999999999999,0.0,0.0,0,0.2724080524022474,0.8863636363636364,1.0,0.0959583333333333,2,correct
A00062,B00206,8.230023271297996e-09,0,0,0.1714285714285713,0.2918918918918919,0.1666666666666667,0.1666666666666666,0.1194029850746268,0.1728395061728395,0.2352941176470588,0.1538461538461538,0.1818181818181817,0.3846153846153846,0.2526315789473684,0.0,0.0,1.0,0,0.2369532825673176,0.197490744549568,0.0,0.0670287777656198,1,correct
A00820,B00160,0.7899515541309469,0,1,0.2597402597402597,0.3063829787234043,0.2197802197802197,0.2197802197802197,0.1791044776119402,0.2222222222222223,1.0,1.0,0.5454545454545454,0.0,0.2941176470588235,0.25,0.0,1.0,0,0.2179769851202892,0.8863636363636364,1.0,0.0500125156445556,2,false_positive
A00878,B00553,2.9604159577391946e-07,0,0,0.3013698630136986,0.391875,0.2758620689655173,0.2758620689655172,0.1999999999999999,0.2142857142857143,0.4615384615384615,0.25,0.3636363636363636,0.24,0.2857142857142857,0.2826086956521739,0.0,0.0,0,0.2936680900621118,0.3736013986013986,0.0,0.1044334704968944,3,correct
A00776,B00596,0.01434940395117963,0,0,0.2465753424657534,0.45,0.2988505747126437,0.2988505747126436,0.2597402597402597,0.2417582417582417,1.0,1.0,0.5454545454545454,0.3199999999999999,0.2653061224489795,0.0,0.0,1.0,0,0.2871475667189953,0.8863636363636364,1.0,0.0934163265306122,1,correct
A00258,B00842,0.0005515334443402442,0,0,0.1971830985915492,0.3886363636363636,0.2352941176470588,0.2352941176470588,0.1999999999999999,0.2142857142857143,0.0,0.375,0.1818181818181817,0.0,0.25,0.0,0.0,3.0,0,0.1969480519480519,0.1579545454545454,0.0,0.0291477272727272,1,correct
A00728,B00234,2.194154667478172e-09,0,0,0.1666666666666666,0.323076923076923,0.186046511627907,0.1860465116279069,0.1999999999999999,0.2142857142857143,0.1666666666666666,0.2222222222222222,0.1999999999999999,0.3846153846153846,0.0,0.1978021978021977,0.0,1.0,0,0.2463736263736263,0.1916666666666666,0.0,0.0688757396449703,1,correct
A00397,B00250,4.5901252092488297e-07,0,0,0.2368421052631578,0.3767441860465116,0.2444444444444444,0.2444444444444444,0.1818181818181817,0.175,0.2857142857142857,0.1818181818181817,0.5454545454545454,0.3846153846153846,0.2574257425742574,0.2315789473684211,0.0,0.0,0,0.2982970362284322,0.3194805194805195,0.0,0.11322954617277,2,correct
A00801,B00825,8.3451361084485e-07,0,0,0.25,0.3529411764705882,0.2526315789473684,0.2526315789473684,0.1428571428571429,0.1666666666666667,0.3636363636363636,0.3636363636363636,0.3636363636363636,0.3703703703703704,0.2857142857142857,0.2626262626262626,0.0,0.0,0,0.2955408425996662,0.3636363636363636,0.0,0.1103471691706986,2,correct
A00562,B00809,1.5412079515986974e-07,0,0,0.1842105263157895,0.2930232558139535,0.1777777777777777,0.1777777777777778,0.1194029850746268,0.1728395061728395,0.2857142857142857,0.4444444444444444,0.3636363636363636,0.3846153846153846,0.2376237623762376,0.2105263157894736,0.0,0.0,0,0.2666204666266876,0.3528138528138528,0.0,0.0844760193936727,2,correct
A00727,B00635,7.542009977378679e-06,0,0,0.2133333333333333,0.3,0.2247191011235955,0.2247191011235955,0.1818181818181817,0.175,0.2666666666666667,0.4705882352941176,0.5454545454545454,0.4166666666666666,0.24,0.0,0.0,1.0,0,0.2443333333333333,0.3975401069518716,0.0,0.0716,1,correct
A00150,B00733,3.0320030863352284e-10,0,0,0.1791044776119402,0.3325,0.2222222222222223,0.2222222222222222,0.1764705882352941,0.2439024390243902,0.1666666666666666,0.1538461538461538,0.1818181818181817,0.3199999999999999,0.2826086956521739,0.1860465116279069,0.0,0.0,0,0.2828287688968902,0.1666083916083915,0.0,0.089308356926188,2,correct
A00907,B00042,2.8088590187921996e-07,0,0,0.2894736842105263,0.3130434782608696,0.2222222222222223,0.2222222222222222,0.1818181818181817,0.2,0.4,0.4444444444444444,0.1818181818181817,0.2962962962962963,0.297029702970297,0.2736842105263157,0.0,0.0,0,0.278779389762012,0.3587878787878787,0.0,0.0906989298472181,3,correct
A00505,B00945,0.6069996727646255,0,0,0.1739130434782608,0.3,0.144578313253012,0.144578313253012,0.1176470588235294,0.1463414634146342,1.0,1.0,0.5454545454545454,0.0,0.2553191489361702,0.2045454545454546,0.0,1.0,0,0.1882479832051705,0.8863636363636364,1.0,0.0413878143133462,2,correct
A00569,B00569,0.9946418434463423,1,1,0.1842105263157895,0.2930232558139535,0.2,0.1999999999999999,0.1690140845070422,0.1411764705882353,1.0,1.0,0.9090909090909092,0.0,0.2376237623762376,0.2105263157894736,0.0,1.0,0,0.1833647825866897,0.9772727272727272,1.0,0.0393955184992183,2,correct
A00202,B00372,5.62626415610781e-07,0,0,0.1917808219178082,0.315,0.2068965517241379,0.2068965517241379,0.1194029850746268,0.1728395061728395,0.1428571428571429,0.3333333333333333,0.0,0.3076923076923077,0.2448979591836735,0.1956521739130434,0.0,1.0,0,0.256688882737537,0.1642857142857143,0.0,0.0804012183468705,2,correct
A00658,B00838,0.3736055893911528,0,0,0.144927536231884,0.3,0.1686746987951806,0.1686746987951807,0.1999999999999999,0.1904761904761905,1.0,1.0,0.5454545454545454,0.5185185185185186,0.2340425531914893,0.1818181818181817,0.0,0.0,0,0.2941780520503925,0.8863636363636364,1.0,0.0996496883730926,2,correct
A00978,B00523,1.1807803940990042e-09,0,0,0.2133333333333333,0.2959615384615384,0.247191011235955,0.2471910112359551,0.1999999999999999,0.1904761904761905,0.2857142857142857,0.1538461538461538,0.1818181818181817,0.3076923076923077,0.28,0.2127659574468084,0.0,0.0,0,0.2623370547891824,0.2201798201798201,0.0,0.0801779667631877,2,correct
A00899,B00899,0.9329949671987506,1,1,0.24,0.2959615384615384,0.2022471910112359,0.202247191011236,0.1690140845070422,0.1411764705882353,1.0,1.0,0.9090909090909092,0.2222222222222222,0.28,0.2340425531914893,0.0,0.0,0,0.2385745830792764,0.9772727272727272,1.0,0.0719487397708674,3,correct
A00096,B00856,0.20578679914916187,0,0,0.1891891891891891,0.351219512195122,0.2272727272727273,0.2272727272727273,0.2597402597402597,0.2417582417582417,1.0,1.0,0.5454545454545454,0.4444444444444444,0.0,0.2150537634408602,0.0,1.0,0,0.2748644554152029,0.8863636363636364,1.0,0.0850983477576711,1,correct
A00914,B00173,5.228378214433801e-07,0,0,0.2564102564102564,0.3375,0.217391304347826,0.217391304347826,0.2162162162162162,0.2272727272727273,0.1666666666666666,0.0952380952380952,0.0,0.3076923076923077,0.2718446601941747,0.2474226804123711,0.0,1.0,0,0.2861331080839889,0.1035714285714285,0.0,0.0941142797748743,2,correct
A00797,B00357,0.10682794119741221,0,0,0.25,0.4615384615384615,0.255813953488372,0.2558139534883721,0.1818181818181817,0.15,1.0,1.0,0.5454545454545454,0.2962962962962963,0.2474226804123711,0.2637362637362637,0.0,0.0,0,0.3043946393430929,0.8863636363636364,1.0,0.1254767085060503,3,correct
A00754,B00613,4.67740106684906e-09,0,0,0.2191780821917808,0.36,0.1839080459770115,0.1839080459770115,0.2162162162162162,0.1818181818181818,0.1666666666666666,0.0952380952380952,0.4,0.3333333333333333,0.0,0.217391304347826,0.0,1.0,0,0.2436389986824769,0.2035714285714285,0.0,0.0714782608695652,1,correct
A00248,B00468,0.5525777375003559,0,0,0.1917808219178082,0.36,0.2528735632183908,0.2528735632183908,0.2285714285714285,0.1904761904761905,1.0,1.0,0.5454545454545454,0.0,0.0,0.217391304347826,0.0,2.0,0,0.178703933747412,0.8863636363636364,1.0,0.0234782608695652,1,correct
A00878,B00138,0.530100840168986,0,0,0.3013698630136986,0.391875,0.2758620689655173,0.2758620689655172,0.1999999999999999,0.2142857142857143,1.0,1.0,0.7272727272727273,0.2307692307692307,0.2857142857142857,0.2826086956521739,0.0,0.0,0,0.291821936215958,0.931818181818182,1.0,0.1029865474199713,3,correct
A00878,B00778,0.2638657456741036,0,0,0.3013698630136986,0.391875,0.2758620689655173,0.2758620689655172,0.1999999999999999,0.1904761904761905,1.0,1.0,0.7272727272727273,0.3199999999999999,0.0,0.2826086956521739,0.0,1.0,0,0.2620490424430641,0.931818181818182,1.0,0.0833841847826086,1,correct
A00728,B00745,1.2440597371060141e-08,0,0,0.1666666666666666,0.323076923076923,0.186046511627907,0.1860465116279069,0.1999999999999999,0.2142857142857143,0.3333333333333333,0.2352941176470588,0.1818181818181817,0.4347826086956521,0.2474226804123711,0.1978021978021977,0.0,0.0,0,0.2935204732515355,0.2660427807486631,0.0,0.0993398560891578,2,correct
A00695,B00695,0.9785302492186004,1,1,0.2432432432432432,0.3951219512195121,0.2045454545454545,0.2045454545454546,0.1176470588235294,0.1707317073170732,1.0,1.0,0.9090909090909092,0.4166666666666666,0.2626262626262626,0.2580645161290322,0.0,0.0,0,0.3141198769758958,0.9772727272727272,1.0,0.1275745654817252,2,correct
A00976,B00976,0.902234070011832,1,1,0.2307692307692307,0.3,0.2391304347826087,0.2391304347826086,0.2597402597402597,0.2417582417582417,1.0,1.0,0.9090909090909092,0.3199999999999999,0.2718446601941747,0.0,0.0,1.0,0,0.2431283473807745,0.9772727272727272,1.0,0.0628660194174757,1,correct
A00654,B00483,0.0009339528790623041,0,0,0.1643835616438356,0.315,0.1379310344827585,0.1379310344827586,0.2162162162162162,0.2045454545454545,0.7692307692307692,0.2222222222222222,0.0,0.4615384615384615,0.2448979591836735,0.1956521739130434,0.0,1.0,0,0.2937993031812907,0.4128205128205128,0.0,0.0997858337314859,2,correct
A00042,B00618,0.03454597158293487,0,0,0.1714285714285713,0.2918918918918919,0.1428571428571429,0.1428571428571429,0.1194029850746268,0.1728395061728395,0.1428571428571429,0.0,0.0,0.4,0.0,0.202247191011236,0.0,3.0,0,0.2324725474538208,0.0642857142857143,0.0,0.0644129972669298,1,correct
A00945,B00945,0.997489294307027,1,1,0.2972972972972972,0.288,0.2045454545454545,0.2045454545454546,0.1176470588235294,0.1707317073170732,1.0,1.0,0.9090909090909092,0.0,0.2828282828282829,0.2580645161290322,0.0,1.0,0,0.2016802613070119,0.9772727272727272,1.0,0.046733137829912,2,correct
A00292,B00292,0.9298333464579842,1,1,0.1917808219178082,0.35625,0.2758620689655173,0.2758620689655172,0.1194029850746268,0.1975308641975308,1.0,1.0,0.9090909090909092,0.4,0.2448979591836735,0.217391304347826,0.0,0.0,0,0.2957245623692311,0.9772727272727272,1.0,0.106407165039929,2,correct
A00810,B00020,7.080097053562444e-09,0,0,0.2337662337662337,0.3053571428571428,0.2197802197802197,0.2197802197802197,0.1791044776119402,0.1975308641975308,0.1538461538461538,0.1666666666666666,0.3636363636363636,0.3199999999999999,0.2745098039215686,0.2291666666666666,0.0,0.0,0,0.2706647862848843,0.2101398601398601,0.0,0.0852260766806722,2,correct
A00936,B00936,0.5885062110821744,1,0,0.2666666666666667,0.3199999999999999,0.2247191011235955,0.2247191011235955,0.2597402597402597,0.2417582417582417,1.0,1.0,0.0,0.4,0.28,0.2340425531914893,0.0,1.0,0,0.3014580313303718,0.75,1.0,0.1005480851063829,2,false_negative
A00370,B00760,1.4042531349024272e-08,0,0,0.2077922077922077,0.3681818181818182,0.2197802197802197,0.2197802197802197,0.1764705882352941,0.2195121951219512,0.1538461538461538,0.1666666666666666,0.3636363636363636,0.3846153846153846,0.2549019607843137,0.2291666666666666,0.0,0.0,0,0.3038903555196596,0.2101398601398601,0.0,0.1101109368572604,2,correct
A00153,B00993,0.0821215820890094,0,0,0.2571428571428571,0.3891891891891892,0.2142857142857143,0.2142857142857143,0.1492537313432835,0.2222222222222223,1.0,1.0,0.5454545454545454,0.3846153846153846,0.2736842105263157,0.2471910112359551,0.0,0.0,0,0.3162555613886187,0.8863636363636364,1.0,0.120690961443179,2,correct
A00439,B00345,0.00023530981321593253,0,0,0.208955223880597,0.3705882352941176,0.1975308641975308,0.1975308641975308,0.1690140845070422,0.1411764705882353,0.3478260869565217,0.0,0.1818181818181817,0.2962962962962963,0.2826086956521739,0.2325581395348837,0.0,1.0,0,0.2759460492432002,0.2019762845849802,0.0,0.1011959991276591,3,correct
A00289,B00146,4.5422032962975834e-05,0,0,0.1891891891891891,0.3077999999999999,0.2045454545454545,0.2045454545454546,0.1714285714285713,0.1190476190476189,0.4705882352941176,0.1333333333333333,0.0,0.3846153846153846,0.2626262626262626,0.2150537634408602,0.0,1.0,0,0.2647246046426691,0.2517647058823529,0.0,0.0914628197608842,2,correct
A00007,B00467,0.7594634558524089,0,1,0.2133333333333333,0.2959615384615384,0.2022471910112359,0.202247191011236,0.1846153846153846,0.2025316455696202,1.0,1.0,0.5454545454545454,0.5384615384615384,0.26,0.2340425531914893,0.0,0.0,0,0.3110934813234167,0.8863636363636364,1.0,0.1076108403625834,2,false_positive
A00329,B00578,6.692771755142472e-05,0,0,0.1866666666666666,0.3288461538461538,0.2247191011235955,0.2247191011235955,0.1690140845070422,0.1411764705882353,0.1428571428571429,0.3333333333333333,0.0,0.0,0.24,0.2127659574468084,0.0,2.0,0,0.1948040338885144,0.1642857142857143,0.0,0.0446671031096562,2,correct
A00359,B00502,3.2246214204099493e-06,0,0,0.2253521126760563,0.3497727272727273,0.2588235294117646,0.2588235294117647,0.1690140845070422,0.1647058823529411,0.3333333333333333,0.3529411764705882,0.5454545454545454,0.3846153846153846,0.25,0.2444444444444444,0.0,0.0,0,0.28896273824215,0.3922459893048128,0.0,0.1056941433566433,2,correct
A00134,B00294,0.04002262018158399,0,0,0.1944444444444444,0.297391304347826,0.2093023255813953,0.2093023255813954,0.2162162162162162,0.2045454545454545,1.0,1.0,0.4444444444444444,0.4,0.0,0.2197802197802197,0.0,1.0,0,0.2430935151804717,0.8611111111111112,1.0,0.0671908265647396,1,correct
A00667,B00487,0.0827099780578928,0,0,0.2285714285714285,0.3891891891891892,0.1904761904761905,0.1904761904761904,0.1818181818181817,0.2,1.0,1.0,0.5454545454545454,0.3846153846153846,0.2526315789473684,0.2471910112359551,0.0,0.0,0,0.3086532222073322,0.8863636363636364,1.0,0.1182329244588263,2,correct
A00307,B00307,0.9147435540672403,1,1,0.2535211267605634,0.3886363636363636,0.2588235294117646,0.2588235294117647,0.1818181818181817,0.225,1.0,1.0,0.9090909090909092,0.4,0.0,0.0,0.0,2.0,0,0.2415909090909091,0.9772727272727272,1.0,0.0621818181818182,0,correct
A00429,B00069,0.023481333174362438,0,0,0.1764705882352941,0.315,0.1707317073170732,0.1707317073170732,0.1690140845070422,0.1647058823529411,1.0,1.0,0.5454545454545454,0.3076923076923077,0.2795698924731182,0.1839080459770115,0.0,0.0,0,0.2585013287765692,0.8863636363636364,1.0,0.082567895952768,2,correct
A00898,B00331,5.33742184165024e-10,0,0,0.2133333333333333,0.2959615384615384,0.2022471910112359,0.202247191011236,0.1999999999999999,0.1904761904761905,0.2105263157894736,0.2666666666666667,0.1818181818181817,0.2307692307692307,0.3,0.2127659574468084,0.0,0.0,0,0.249952439404567,0.2201913875598086,0.0,0.0728472271182173,2,correct
A00572,B00269,1.254905972586099e-07,0,0,0.1866666666666666,0.3,0.247191011235955,0.2471910112359551,0.1194029850746268,0.1975308641975308,0.4285714285714286,0.4,0.3636363636363636,0.3076923076923077,0.0,0.2127659574468084,0.0,1.0,0,0.222959527994989,0.4037662337662338,0.0,0.0560720130932896,1,correct
A00013,B00130,5.1429382235851984e-05,0,0,0.1891891891891891,0.3073170731707316,0.2045454545454545,0.2045454545454546,0.1515151515151515,0.225,0.1666666666666666,0.0,0.1818181818181817,0.4444444444444444,0.2626262626262626,0.2150537634408602,0.0,1.0,0,0.2977360147501768,0.1204545454545454,0.0,0.0986739145983835,2,correct
A00497,B00085,0.03489048032529407,0,0,0.1764705882352941,0.36,0.1707317073170732,0.1707317073170732,0.1818181818181817,0.2,0.4,0.0,0.0,0.3199999999999999,0.2580645161290322,0.2068965517241379,0.0,2.0,0,0.2817441601779755,0.18,0.0,0.0962957953281423,2,correct
A00334,B00004,0.0011994173227647955,0,0,0.2133333333333333,0.3,0.2696629213483146,0.2696629213483146,0.2162162162162162,0.2272727272727273,0.3076923076923077,0.0,0.4,0.4166666666666666,0.26,0.2127659574468084,0.0,1.0,0,0.2897027724049,0.2384615384615384,0.0,0.0925489361702127,2,correct
A00919,B00809,5.465249798728651e-06,0,0,0.2666666666666667,0.3085714285714285,0.2247191011235955,0.2247191011235955,0.1690140845070422,0.1647058823529411,0.3333333333333333,0.3157894736842105,0.5454545454545454,0.3846153846153846,0.28,0.2553191489361702,0.0,0.0,0,0.2827335543055193,0.3811004784688995,0.0,0.0970277858311901,2,correct
A00492,B00492,0.9601412985458032,1,1,0.1714285714285713,0.2918918918918919,0.2142857142857143,0.2142857142857143,0.1194029850746268,0.1728395061728395,1.0,1.0,0.9090909090909092,0.2962962962962963,0.2526315789473684,0.202247191011236,0.0,0.0,0,0.2496265435551853,0.9772727272727272,1.0,0.0744272220179967,3,correct
A00433,B00400,3.892822035895394e-09,0,0,0.2318840579710145,0.4,0.216867469879518,0.2168674698795181,0.1492537313432835,0.2222222222222223,0.4615384615384615,0.2666666666666667,0.1818181818181817,0.3076923076923077,0.276595744680851,0.2272727272727273,0.0,0.0,0,0.3015631767759427,0.3331468531468531,0.0,0.1096949858651986,2,correct
A00551,B00551,0.9157200971032508,1,1,0.2465753424657534,0.45,0.2528735632183908,0.2528735632183908,0.144927536231884,0.1927710843373493,1.0,1.0,0.0,0.0,0.0,0.2608695652173913,0.0,3.0,0,0.2126846516500785,0.75,1.0,0.0352173913043478,1,correct
A00002,B00062,0.29852177959297244,0,0,0.2162162162162162,0.3073170731707316,0.1818181818181818,0.1818181818181817,0.1212121212121212,0.15,1.0,1.0,0.5454545454545454,0.4615384615384615,0.2626262626262626,0.2150537634408602,0.0,0.0,0,0.2861548181689803,0.8863636363636364,1.0,0.100775227919209,2,correct
A00498,B00257,7.368098678597736e-09,0,0,0.1492537313432835,0.3325,0.1975308641975308,0.1975308641975308,0.1999999999999999,0.1904761904761905,0.2666666666666667,0.2857142857142857,0.1818181818181817,0.2307692307692307,0.2391304347826086,0.0,0.0,1.0,0,0.2198686494664755,0.2511688311688311,0.0,0.0545455685618729,2,correct
A00146,B00146,0.4687659925452394,1,0,0.1764705882352941,0.315,0.1951219512195122,0.1951219512195121,0.2597402597402597,0.2637362637362638,1.0,1.0,0.0,0.3846153846153846,0.2795698924731182,0.1839080459770115,0.0,1.0,0,0.2936920204378491,0.75,1.0,0.0922602036450757,2,false_negative
A00523,B00074,1.1359483014526387e-07,0,0,0.2702702702702703,0.4829268292682927,0.2727272727272726,0.2727272727272727,0.1492537313432835,0.2222222222222223,0.7692307692307692,0.2222222222222222,0.1999999999999999,0.3199999999999999,0.2828282828282829,0.2795698924731182,0.0,0.0,0,0.3376822195201424,0.4628205128205128,0.0,0.1432937844217152,2,correct
A00303,B00603,0.7351009388966383,0,1,0.2222222222222222,0.3717391304347825,0.2325581395348837,0.2325581395348837,0.1492537313432835,0.2222222222222223,1.0,0.0,0.7272727272727273,0.3199999999999999,0.2474226804123711,0.2417582417582418,0.0,1.0,0,0.2933433219004711,0.6318181818181818,0.0,0.1021369158855487,2,false_positive
A00975,B00035,0.1529621423431121,0,0,0.2716049382716049,0.320625,0.2526315789473684,0.2526315789473684,0.088235294117647,0.1463414634146342,1.0,1.0,0.5454545454545454,0.3703703703703704,0.0,0.28,0.0,1.0,0,0.2415298667570009,0.8863636363636364,1.0,0.0744325,1,correct
A00140,B00444,2.8099930464519828e-09,0,0,0.2535211267605634,0.3315789473684211,0.1882352941176471,0.188235294117647,0.1764705882352941,0.2439024390243902,0.1428571428571429,0.1428571428571429,0.1818181818181817,0.4,0.2916666666666666,0.2444444444444444,0.0,0.0,0,0.308670838682071,0.1525974025974026,0.0,0.1063815789473684,2,correct
A00917,B00217,0.2783599847780011,0,0,0.2857142857142857,0.3214285714285714,0.2417582417582417,0.2417582417582418,0.1818181818181817,0.2,1.0,1.0,0.7272727272727273,0.3846153846153846,0.0,0.2291666666666666,0.0,1.0,0,0.2477266483516483,0.931818181818182,1.0,0.0715487637362637,1,correct
A00448,B00029,7.148003753100986e-06,0,0,0.2564102564102564,0.3358928571428572,0.2391304347826087,0.2391304347826086,0.1999999999999999,0.1904761904761905,0.0,0.1333333333333333,0.1818181818181817,0.3199999999999999,0.2912621359223301,0.2474226804123711,0.0,1.0,0,0.2836658176883004,0.0854545454545454,0.0,0.0972764003317271,2,correct
A00212,B00370,9.82745563260388e-07,0,0,0.1666666666666666,0.323076923076923,0.186046511627907,0.1860465116279069,0.1194029850746268,0.148148148148148,0.3076923076923077,0.2666666666666667,0.5454545454545454,0.3846153846153846,0.2474226804123711,0.1978021978021977,0.0,0.0,0,0.2702595152079687,0.3548251748251748,0.0,0.0928567071310925,2,correct
A00257,B00997,0.6005877773067984,0,0,0.2222222222222222,0.3692307692307692,0.2093023255813953,0.2093023255813954,0.1818181818181817,0.2,1.0,1.0,0.7272727272727273,0.3703703703703704,0.2680412371134021,0.2417582417582418,0.0,0.0,0,0.3013132266740514,0.931818181818182,1.0,0.1111709508220214,2,correct
A00160,B00615,2.2893286679568257e-07,0,0,0.2133333333333333,0.3,0.2022471910112359,0.202247191011236,0.1764705882352941,0.2439024390243902,0.1428571428571429,0.4285714285714286,0.3636363636363636,0.4166666666666666,0.26,0.0,0.0,1.0,0,0.2611138211382113,0.2837662337662338,0.0,0.0734,1,correct
A00854,B00760,3.8860490826869623e-10,0,0,0.1891891891891891,0.288,0.1818181818181818,0.1818181818181817,0.2162162162162162,0.2045454545454545,0.1538461538461538,0.0999999999999999,0.1999999999999999,0.3076923076923077,0.2626262626262626,0.2150537634408602,0.0,0.0,0,0.2604995563576209,0.1492307692307692,0.0,0.0767177080983532,2,correct
A00289,B00249,0.14753728710002206,0,0,0.1891891891891891,0.3077999999999999,0.2045454545454545,0.2045454545454546,0.1714285714285713,0.1428571428571429,1.0,1.0,0.5454545454545454,0.3846153846153846,0.2626262626262626,0.2150537634408602,0.0,0.0,0,0.2694865094045739,0.8863636363636364,1.0,0.0914628197608842,2,correct
A00082,B00711,3.6156463147945867e-08,0,0,0.2133333333333333,0.3,0.2247191011235955,0.2247191011235955,0.1194029850746268,0.148148148148148,0.2105263157894736,0.4,0.3636363636363636,0.3333333333333333,0.26,0.2127659574468084,0.0,0.0,0,0.2572111899133176,0.305645933014354,0.0,0.0825489361702127,2,correct
A00058,B00778,0.9029868263984129,0,1,0.1818181818181817,0.3017647058823529,0.175,0.175,0.1999999999999999,0.2142857142857143,1.0,1.0,0.7272727272727273,0.48,0.0,0.2117647058823529,0.0,1.0,0,0.2611512605042017,0.931818181818182,1.0,0.0771097577854671,1,false_positive
A00747,B00489,0.13293212264341606,0,0,0.2535211267605634,0.3315789473684211,0.1882352941176471,0.188235294117647,0.1818181818181817,0.175,0.0,1.0,0.3636363636363636,0.4615384615384615,0.25,0.2666666666666667,0.0,1.0,0,0.3042813765182186,0.3909090909090909,0.0,0.1126093117408907,2,correct
A00982,B00444,2.581204983218864e-09,0,0,0.2278481012658227,0.3135,0.2365591397849462,0.2365591397849462,0.1194029850746268,0.148148148148148,0.2857142857142857,0.2666666666666667,0.1818181818181817,0.3199999999999999,0.25,0.2448979591836735,0.0,0.0,0,0.2619143235071806,0.254025974025974,0.0,0.0866731530612244,2,correct
A00776,B00496,0.13343193141478873,0,0,0.2465753424657534,0.45,0.2988505747126437,0.2988505747126436,0.2597402597402597,0.2417582417582417,1.0,1.0,0.5454545454545454,0.2962962962962963,0.2653061224489795,0.2608695652173913,0.0,0.0,0,0.3215372607608632,0.8863636363636364,1.0,0.1243670511682934,3,correct
A00623,B00083,0.05661815980993432,0,0,0.2222222222222222,0.4153846153846154,0.186046511627907,0.1860465116279069,0.1492537313432835,0.1975308641975308,1.0,1.0,0.5454545454545454,0.3846153846153846,0.2474226804123711,0.2417582417582418,0.0,0.0,0,0.3144217727035596,0.8863636363636364,1.0,0.1248647942065864,2,correct
A00707,B00456,2.70168397922665e-07,0,0,0.2318840579710145,0.4,0.1927710843373493,0.1927710843373493,0.1818181818181817,0.175,0.3076923076923077,0.5882352941176471,0.1818181818181817,0.4615384615384615,0.2553191489361702,0.25,0.0,0.0,0,0.3231055646481178,0.360386672151378,0.0,0.1344844517184943,2,correct
A00912,B00991,2.0119570924859694e-07,0,0,0.2702702702702703,0.3077999999999999,0.2045454545454545,0.2045454545454546,0.1194029850746268,0.148148148148148,0.3157894736842105,0.1176470588235294,0.3636363636363636,0.4444444444444444,0.2828282828282829,0.2365591397849462,0.0,0.0,0,0.2887666319105028,0.2683084717140445,0.0,0.1026802346041055,2,correct
A00577,B00777,0.9265049067826883,0,1,0.1917808219178082,0.315,0.1839080459770115,0.1839080459770115,0.1818181818181817,0.2,1.0,1.0,0.7272727272727273,0.0,0.2448979591836735,0.217391304347826,0.0,1.0,0,0.2038433895297249,0.931818181818182,1.0,0.0436863354037267,2,false_positive
A00383,B00168,2.923016729190929e-06,0,0,0.2368421052631578,0.4186046511627907,0.2222222222222223,0.2222222222222222,0.1492537313432835,0.2222222222222223,0.1538461538461538,1.0,0.3636363636363636,0.2962962962962963,0.2574257425742574,0.2526315789473684,0.0,0.0,0,0.3057936972807848,0.4601398601398602,0.0,0.1136661132453514,3,correct
A00570,B00196,9.963175711042094e-05,0,0,0.1866666666666666,0.3,0.2022471910112359,0.202247191011236,0.1764705882352941,0.2439024390243902,0.0,0.1666666666666666,0.3636363636363636,0.3703703703703704,0.0,0.2127659574468084,0.0,2.0,0,0.2447694554959734,0.1409090909090909,0.0,0.0635933806146572,1,correct
A00723,B00328,2.4815602795529864e-06,0,0,0.2253521126760563,0.3315789473684211,0.1882352941176471,0.188235294117647,0.1492537313432835,0.2469135802469135,0.1538461538461538,1.0,0.3636363636363636,0.4,0.25,0.0,0.0,1.0,0,0.266356400259909,0.4601398601398602,0.0,0.0779210526315789,1,correct
A00215,B00772,7.891511224369483e-08,0,0,0.2133333333333333,0.3857142857142858,0.2247191011235955,0.2247191011235955,0.088235294117647,0.1951219512195122,0.4285714285714286,0.2352941176470588,0.1818181818181817,0.4615384615384615,0.26,0.0,0.0,1.0,0,0.2860463682658805,0.308899923605806,0.0,0.1012945054945055,1,correct
A00117,B00256,0.0008278077216794475,0,0,0.2465753424657534,0.36,0.2758620689655173,0.2758620689655172,0.1818181818181817,0.2,0.0,0.3076923076923077,0.3636363636363636,0.4444444444444444,0.0,0.0,0.0,3.0,0,0.2368888888888889,0.1832167832167832,0.0,0.064,0,correct
A00485,B00387,3.134070709298678e-05,0,0,0.2253521126760563,0.3315789473684211,0.1647058823529411,0.1647058823529411,0.088235294117647,0.1463414634146342,0.3,0.3636363636363636,0.0,0.3846153846153846,0.25,0.2444444444444444,0.0,1.0,0,0.2798317204831967,0.2440909090909091,0.0,0.1001963562753036,2,correct
A00349,B00959,3.41590782278493e-08,0,0,0.1944444444444444,0.3717391304347825,0.2325581395348837,0.2325581395348837,0.1690140845070422,0.1176470588235294,0.3333333333333333,0.3157894736842105,0.3636363636363636,0.3076923076923077,0.2474226804123711,0.2197802197802197,0.0,0.0,0,0.2666700474624908,0.3356459330143541,0.0,0.0978557883174646,2,correct
A00703,B00863,0.47337076967344377,0,0,0.2285714285714285,0.4378378378378379,0.2142857142857143,0.2142857142857143,0.1492537313432835,0.1975308641975308,1.0,1.0,0.7272727272727273,0.3846153846153846,0.2526315789473684,0.2471910112359551,0.0,0.0,0,0.322753989641433,0.931818181818182,1.0,0.1330120400161796,2,correct
A00500,B00446,9.7033022047293e-09,0,0,0.2285714285714285,0.3405405405405405,0.1904761904761905,0.1904761904761904,0.1764705882352941,0.2195121951219512,0.2352941176470588,0.1666666666666666,0.1818181818181817,0.3846153846153846,0.2947368421052632,0.2471910112359551,0.0,0.0,0,0.304276856110812,0.2013368983957219,0.0,0.1077553736240903,2,correct
A00111,B00218,2.6148536448440053e-08,0,0,0.1690140845070422,0.3497727272727273,0.2352941176470588,0.2352941176470588,0.1428571428571429,0.2142857142857143,0.2105263157894736,0.2666666666666667,0.1818181818181817,0.0,0.25,0.1999999999999999,0.0,1.0,0,0.215288961038961,0.2201913875598086,0.0,0.0472193181818181,2,correct
A00836,B00036,0.795239575506566,0,1,0.2597402597402597,0.3446808510638298,0.2417582417582417,0.2417582417582418,0.2597402597402597,0.2197802197802197,1.0,1.0,0.7272727272727273,0.3846153846153846,0.2745098039215686,0.2708333333333333,0.0,0.0,0,0.3060848467865051,0.931818181818182,1.0,0.1094186242418407,2,false_positive
A00890,B00390,0.8673193804810242,0,1,0.2307692307692307,0.2653448275862068,0.1956521739130434,0.1956521739130434,0.1764705882352941,0.2195121951219512,1.0,1.0,0.0,0.48,0.0,0.2268041237113401,0.0,2.0,0,0.2535265058569533,0.75,1.0,0.0690005972271596,1,false_positive
A00087,B00348,1.0826984769562926e-09,0,0,0.2105263157894736,0.3166666666666666,0.2222222222222223,0.2222222222222222,0.1818181818181817,0.175,0.1428571428571429,0.1333333333333333,0.1818181818181817,0.2962962962962963,0.2574257425742574,0.2105263157894736,0.0,0.0,0,0.2594520680138189,0.1497402597402597,0.0,0.0819863097420853,3,correct
A00894,B00117,1.3042124669947581e-05,0,0,0.2278481012658227,0.2571428571428571,0.1935483870967742,0.1935483870967742,0.2162162162162162,0.1818181818181818,0.4285714285714286,0.1052631578947368,0.4,0.0,0.2884615384615384,0.2448979591836735,0.0,1.0,0,0.1935104181532753,0.3244360902255639,0.0,0.0411448755326306,2,correct
A00769,B00416,1.6778406366092925e-07,0,0,0.2432432432432432,0.4390243902439025,0.25,0.25,0.1690140845070422,0.1411764705882353,0.1666666666666666,0.5882352941176471,0.1818181818181817,0.0,0.2424242424242424,0.2580645161290322,0.0,1.0,0,0.235015924973809,0.2969251336898395,0.0,0.0659180316143337,2,correct
A00578,B00578,0.9274650281685681,1,1,0.1944444444444444,0.3345652173913043,0.2093023255813953,0.2093023255813954,0.2285714285714285,0.1904761904761905,1.0,1.0,0.0,0.0,0.2474226804123711,0.2197802197802197,0.0,2.0,0,0.208545238341518,0.75,1.0,0.0468929519606346,2,correct
A00952,B00818,4.08292901169559e-05,0,0,0.3098591549295775,0.3109090909090909,0.2117647058823529,0.2117647058823529,0.1194029850746268,0.1975308641975308,0.0,0.4444444444444444,0.1818181818181817,0.2962962962962963,0.2708333333333333,0.2444444444444444,0.0,1.0,0,0.2693298260381593,0.1787878787878787,0.0,0.0849098484848484,3,correct
A00121,B00761,0.01845196639703453,0,0,0.2432432432432432,0.3857142857142858,0.2247191011235955,0.2247191011235955,0.1428571428571429,0.1904761904761905,1.0,1.0,0.5454545454545454,0.3199999999999999,0.2626262626262626,0.2365591397849462,0.0,0.0,0,0.2926873341712051,0.8863636363636364,1.0,0.1071343108504399,2,correct
A00132,B00106,0.0002026932613286803,0,0,0.1690140845070422,0.3109090909090909,0.1882352941176471,0.188235294117647,0.1194029850746268,0.1728395061728395,0.3529411764705882,0.2666666666666667,0.0,0.5,0.0,0.1999999999999999,0.0,2.0,0,0.2578406285072951,0.2388235294117647,0.0,0.0808363636363636,1,correct
A00935,B00145,0.00037472625475325373,0,0,0.3076923076923077,0.3375,0.2826086956521739,0.2826086956521739,0.088235294117647,0.1463414634146342,0.0,0.3157894736842105,0.3636363636363636,0.3846153846153846,0.3106796116504854,0.2886597938144329,0.0,1.0,0,0.2973422804257415,0.185645933014354,0.0,0.1126061917263999,1,correct
A00996,B00876,0.008081083101496757,0,0,0.282051282051282,0.3375,0.2391304347826087,0.2391304347826086,0.2597402597402597,0.2637362637362638,1.0,1.0,0.5454545454545454,0.3076923076923077,0.2524271844660194,0.2474226804123711,0.0,0.0,0,0.2905131940174729,0.8863636363636364,1.0,0.0921482603573985,2,correct
A00652,B00926,2.64197266652842e-06,0,0,0.1666666666666666,0.323076923076923,0.1627906976744185,0.1627906976744185,0.1194029850746268,0.1975308641975308,0.3529411764705882,0.2666666666666667,0.0,0.3076923076923077,0.2474226804123711,0.1978021978021977,0.0,1.0,0,0.2647514430332299,0.2388235294117647,0.0,0.0829158787287256,2,correct
A00407,B00670,9.506068918983202e-09,0,0,0.2222222222222222,0.3345652173913043,0.2093023255813953,0.2093023255813954,0.1818181818181817,0.2,0.2857142857142857,0.1333333333333333,0.3636363636363636,0.3199999999999999,0.2680412371134021,0.2197802197802197,0.0,0.0,0,0.2775427837514346,0.2594805194805194,0.0,0.0917867753582141,2,correct
A00577,B00137,0.015808132863962605,0,0,0.1917808219178082,0.315,0.1839080459770115,0.1839080459770115,0.1818181818181817,0.2,1.0,1.0,0.5454545454545454,0.3076923076923077,0.2448979591836735,0.217391304347826,0.0,0.0,0,0.2653818510681864,0.8863636363636364,1.0,0.0824555661729574,2,correct
A00649,B00729,0.0849054339367118,0,0,0.1643835616438356,0.315,0.1839080459770115,0.1839080459770115,0.1690140845070422,0.1647058823529411,1.0,1.0,0.5454545454545454,0.4,0.2448979591836735,0.1956521739130434,0.0,0.0,0,0.2735236964350958,0.8863636363636364,1.0,0.0920319875776397,2,correct
A00492,B00347,0.0002761304627252093,0,0,0.1714285714285713,0.2918918918918919,0.2142857142857143,0.2142857142857143,0.1194029850746268,0.1728395061728395,0.0,0.4,0.3636363636363636,0.2307692307692307,0.0,0.202247191011236,0.0,2.0,0,0.198626393607667,0.2109090909090909,0.0,0.044654161508094,2,correct
A00851,B00983,1.011139740340611e-07,0,0,0.2162162162162162,0.3272727272727273,0.25,0.25,0.1428571428571429,0.1666666666666667,0.3157894736842105,0.1666666666666666,0.1818181818181817,0.0,0.2626262626262626,0.2365591397849462,0.0,1.0,0,0.2063929618768328,0.2375598086124401,0.0,0.049010930418555,2,correct
A00974,B00379,3.4046805920873628e-09,0,0,0.2278481012658227,0.3135,0.2365591397849462,0.2365591397849462,0.2162162162162162,0.1818181818181818,0.2352941176470588,0.2727272727272727,0.1999999999999999,0.3333333333333333,0.0,0.0,0.0,2.0,0,0.197080303030303,0.2377005347593583,0.0,0.0418,0,correct
A00859,B00688,1.3654796494623663e-06,0,0,0.1999999999999999,0.3,0.1904761904761905,0.1904761904761904,0.1690140845070422,0.1647058823529411,0.3529411764705882,0.2857142857142857,0.3636363636363636,0.48,0.2526315789473684,0.2247191011235955,0.0,0.0,0,0.2905437784812328,0.3354469060351412,0.0,0.1005615612063867,2,correct
A00463,B00574,1.3161157197061556e-07,0,0,0.282051282051282,0.36,0.217391304347826,0.217391304347826,0.1492537313432835,0.1975308641975308,0.7692307692307692,0.2222222222222222,0.1999999999999999,0.3076923076923077,0.2912621359223301,0.2680412371134021,0.0,0.0,0,0.2929401403333275,0.4628205128205128,0.0,0.1047124565955513,2,correct
A00242,B00461,1.714137322248952e-09,0,0,0.2133333333333333,0.3428571428571428,0.2022471910112359,0.202247191011236,0.1194029850746268,0.1975308641975308,0.2352941176470588,0.4444444444444444,0.1818181818181817,0.3076923076923077,0.24,0.2340425531914893,0.0,0.0,0,0.275008160213834,0.2846702317290552,0.0,0.0909564648117839,2,correct
A00352,B00871,2.2375908353716692e-05,0,0,0.2285714285714285,0.3664285714285714,0.2380952380952381,0.2380952380952381,0.1194029850746268,0.1728395061728395,0.3157894736842105,0.0,0.1818181818181817,0.3846153846153846,0.2526315789473684,0.2247191011235955,0.0,1.0,0,0.2930221515968608,0.1875598086124401,0.0,0.1088481047042844,2,correct
A00942,B00382,0.007334384415011599,0,0,0.2631578947368421,0.285,0.2,0.1999999999999999,0.1194029850746268,0.1975308641975308,1.0,1.0,0.3636363636363636,0.3846153846153846,0.2772277227722772,0.2315789473684211,0.0,0.0,0,0.2782502502836878,0.8409090909090909,1.0,0.0873491241431835,2,correct
A00281,B00281,0.8331160378805237,1,1,0.2368421052631578,0.3681818181818182,0.2197802197802197,0.2197802197802197,0.1739130434782608,0.1927710843373493,1.0,1.0,0.9090909090909092,0.3333333333333333,0.0,0.0,0.0,2.0,0,0.215675428988682,0.9772727272727272,1.0,0.0490909090909091,0,correct
A00848,B00286,1.5538491809024936e-06,0,0,0.1944444444444444,0.28125,0.186046511627907,0.1860465116279069,0.1999999999999999,0.1904761904761905,0.25,1.0,0.3636363636363636,0.3199999999999999,0.2474226804123711,0.2197802197802197,0.0,0.0,0,0.2565506731241267,0.5034090909090909,0.0,0.0754202447037498,2,correct
A00669,B00669,0.61899699894512,1,0,0.1714285714285713,0.3405405405405405,0.1904761904761905,0.1904761904761904,0.1690140845070422,0.1647058823529411,1.0,1.0,0.9090909090909092,0.3076923076923077,0.2315789473684211,0.202247191011236,0.0,0.0,0,0.2617157209281605,0.9772727272727272,1.0,0.086233298212009,2,false_negative
A00537,B00837,0.8320900119153843,0,1,0.2432432432432432,0.4390243902439025,0.2727272727272726,0.2727272727272727,0.1846153846153846,0.1518987341772151,1.0,1.0,0.7272727272727273,0.4444444444444444,0.0,0.2580645161290322,0.0,1.0,0,0.2896856302168575,0.931818181818182,1.0,0.1120377655389457,1,false_positive
A00487,B00818,0.00015916482294413883,0,0,0.1944444444444444,0.2769230769230769,0.1627906976744185,0.1627906976744185,0.1818181818181817,0.2,0.0,0.3333333333333333,0.3636363636363636,0.3703703703703704,0.2268041237113401,0.2197802197802197,0.0,1.0,0,0.2641386486747311,0.1909090909090909,0.0,0.0781264941772475,2,correct
A00954,B00954,0.9867496691650794,1,1,0.2933333333333333,0.36,0.2247191011235955,0.2247191011235955,0.2162162162162162,0.1818181818181818,1.0,1.0,0.8888888888888888,0.5384615384615384,0.3,0.2553191489361702,0.0,0.0,0,0.3353538163963696,0.9722222222222222,1.0,0.1375129296235679,1,correct
A00281,B00161,0.01170803550920585,0,0,0.2368421052631578,0.3681818181818182,0.2197802197802197,0.2197802197802197,0.1739130434782608,0.216867469879518,1.0,1.0,0.5454545454545454,0.3076923076923077,0.2574257425742574,0.2315789473684211,0.0,0.0,0,0.2887172044603124,0.8863636363636364,1.0,0.0993274760674448,2,correct
A00486,B00900,1.0118385430077069e-09,0,0,0.1666666666666666,0.323076923076923,0.186046511627907,0.1860465116279069,0.2597402597402597,0.2197802197802197,0.2352941176470588,0.1666666666666666,0.0,0.3846153846153846,0.2474226804123711,0.1978021978021977,0.0,0.0,0,0.2845859295343831,0.1558823529411764,0.0,0.0928567071310925,3,correct
A00729,B00669,0.5470762977949434,0,0,0.1891891891891891,0.3077999999999999,0.2045454545454545,0.2045454545454546,0.1690140845070422,0.1411764705882353,1.0,1.0,0.7272727272727273,0.3846153846153846,0.2424242424242424,0.2150537634408602,0.0,0.0,0,0.2661200719204894,0.931818181818182,1.0,0.0895973652154297,2,correct
A00323,B00257,1.1171482662527055e-06,0,0,0.2222222222222222,0.3345652173913043,0.255813953488372,0.2558139534883721,0.1492537313432835,0.2469135802469135,0.4,0.1818181818181817,0.5454545454545454,0.3846153846153846,0.2474226804123711,0.0,0.0,1.0,0,0.2637887602517065,0.3709090909090909,0.0,0.0763052787642657,1,correct
A00750,B00390,0.4955327703984956,0,0,0.1739130434782608,0.35,0.1927710843373493,0.1927710843373493,0.1764705882352941,0.2439024390243902,1.0,1.0,0.0,0.4,0.0,0.2045454545454546,0.0,2.0,0,0.2644623059866962,0.75,1.0,0.0774772727272727,1,correct
A00973,B00958,1.4222466097639074e-07,0,0,0.2278481012658227,0.3135,0.2365591397849462,0.2365591397849462,0.1492537313432835,0.2222222222222223,0.4615384615384615,0.25,0.3636363636363636,0.3846153846153846,0.25,0.2244897959183674,0.0,0.0,0,0.2865909907552765,0.3736013986013986,0.0,0.0928565345368917,2,correct
A00188,B00100,1.933192956348606e-09,0,0,0.1971830985915492,0.3789473684210526,0.1882352941176471,0.188235294117647,0.1999999999999999,0.2380952380952381,0.0,0.1666666666666666,0.0,0.0,0.25,0.2222222222222222,0.0,1.0,0,0.2321365914786967,0.0499999999999999,0.0,0.0536842105263157,3,correct
A00286,B00286,0.9611203374975503,1,1,0.1866666666666666,0.3288461538461538,0.2247191011235955,0.2247191011235955,0.2631578947368421,0.2222222222222223,1.0,1.0,0.9090909090909092,0.4,0.26,0.2127659574468084,0.0,0.0,0,0.2940131842153118,0.9772727272727272,1.0,0.0992555646481178,2,correct
A00448,B00276,5.310432570572762e-10,0,0,0.2564102564102564,0.3358928571428572,0.2391304347826087,0.2391304347826086,0.1999999999999999,0.2142857142857143,0.1818181818181817,0.1666666666666666,0.0,0.3703703703703704,0.0,0.0,0.0,2.0,0,0.2176990740740741,0.1318181818181817,0.0,0.0497619047619047,1,correct
A00661,B00480,2.7674862757394664e-09,0,0,0.1891891891891891,0.351219512195122,0.1818181818181818,0.1818181818181817,0.1428571428571429,0.1904761904761905,0.2352941176470588,0.2352941176470588,0.1818181818181817,0.4,0.2424242424242424,0.2150537634408602,0.0,0.0,0,0.2920827926335401,0.2219251336898396,0.0,0.104397682569201,2,correct
A00677,B00520,8.440390439778823e-07,0,0,0.1971830985915492,0.3789473684210526,0.2117647058823529,0.2117647058823529,0.1818181818181817,0.2,0.2666666666666667,0.3076923076923077,0.5454545454545454,0.3846153846153846,0.25,0.2222222222222222,0.0,0.0,0,0.301440620782726,0.3486713286713286,0.0,0.1119838056680161,2,correct
A00262,B00882,0.4170147095918036,0,0,0.1866666666666666,0.3428571428571428,0.2022471910112359,0.202247191011236,0.1194029850746268,0.148148148148148,1.0,1.0,0.0,0.3846153846153846,0.24,0.2127659574468084,0.0,1.0,0,0.2773247430268707,0.75,1.0,0.0993174655132101,2,correct
A00344,B00504,0.55981743158466,0,0,0.2191780821917808,0.36,0.2298850574712644,0.2298850574712644,0.2162162162162162,0.2045454545454545,1.0,1.0,0.7272727272727273,0.4,0.2653061224489795,0.217391304347826,0.0,0.0,0,0.3013137049286117,0.931818181818182,1.0,0.109731322094055,2,correct
A00354,B00354,0.9730321139757631,1,1,0.2432432432432432,0.351219512195122,0.25,0.25,0.2162162162162162,0.2045454545454545,1.0,1.0,0.8888888888888888,0.0,0.2424242424242424,0.2150537634408602,0.0,1.0,0,0.2148966454473929,0.9722222222222222,1.0,0.0482025606179815,2,correct
A00291,B00513,1.1075189988630113e-07,0,0,0.1891891891891891,0.3761999999999999,0.2727272727272726,0.2727272727272727,0.144927536231884,0.1686746987951806,0.3333333333333333,0.5333333333333333,0.1818181818181817,0.4,0.0,0.2365591397849462,0.0,1.0,0,0.2620788107267781,0.3554545454545454,0.0,0.086890064516129,1,correct
A00165,B00525,0.023453593496812593,0,0,0.2133333333333333,0.3428571428571428,0.2247191011235955,0.2247191011235955,0.088235294117647,0.1707317073170732,1.0,1.0,0.5454545454545454,0.3333333333333333,0.24,0.2340425531914893,0.0,0.0,0,0.2747765339659476,0.8863636363636364,1.0,0.0944729483282674,2,correct
A00157,B00653,7.333169780344407e-06,0,0,0.2571428571428571,0.3664285714285714,0.2619047619047619,0.2619047619047618,0.1818181818181817,0.2,0.1428571428571429,0.4285714285714286,0.5454545454545454,0.0,0.0,0.0,0.0,3.0,0,0.1499285714285714,0.3292207792207792,0.0,0.0,0,correct
A00800,B00709,2.824942755437646e-09,0,0,0.282051282051282,0.2948275862068966,0.217391304347826,0.217391304347826,0.1764705882352941,0.2195121951219512,0.2857142857142857,0.2352941176470588,0.1818181818181817,0.3333333333333333,0.2912621359223301,0.0,0.0,1.0,0,0.2427067019414754,0.2446142093200916,0.0,0.0650719785738199,1,correct
A00999,B00099,0.9968548576556182,0,1,0.2666666666666667,0.3288461538461538,0.2696629213483146,0.2696629213483146,0.1690140845070422,0.1411764705882353,1.0,1.0,0.9090909090909092,0.0,0.26,0.2553191489361702,0.0,1.0,0,0.2041870126119187,0.9772727272727272,1.0,0.0508382160392798,2,false_positive
A00353,B00643,0.24874348790307563,0,0,0.2191780821917808,0.36,0.2528735632183908,0.2528735632183908,0.1492537313432835,0.2222222222222223,0.0,0.0,0.1818181818181817,0.4615384615384615,0.2448979591836735,0.2391304347826086,0.0,2.0,0,0.3173563958470791,0.0454545454545454,0.0,0.1187366050098969,2,correct
A00328,B00288,0.1851275446469451,0,0,0.2191780821917808,0.320625,0.2758620689655173,0.2758620689655172,0.1999999999999999,0.1904761904761905,1.0,1.0,0.5454545454545454,0.4615384615384615,0.2448979591836735,0.217391304347826,0.0,0.0,0,0.2959338199326553,0.8863636363636364,1.0,0.1036587562282437,2,correct
A00424,B00673,9.002550599232032e-07,0,0,0.2318840579710145,0.36,0.1927710843373493,0.1927710843373493,0.2162162162162162,0.1818181818181818,0.3076923076923077,0.2666666666666667,0.5454545454545454,0.3199999999999999,0.2978723404255319,0.2272727272727273,0.0,0.0,0,0.2871353965183753,0.3548251748251748,0.0,0.1027956673114119,2,correct
A00478,B00026,3.040124808507902e-07,0,0,0.3291139240506329,0.3705,0.3010752688172043,0.3010752688172042,0.1999999999999999,0.1666666666666667,0.3529411764705882,0.1538461538461538,0.0,0.3076923076923077,0.3076923076923077,0.3061224489795918,0.0,1.0,0,0.2980940083725798,0.2049773755656108,0.0,0.1138255102040816,0,correct
A00893,B00893,0.9864027512536243,1,1,0.2278481012658227,0.3135,0.2365591397849462,0.2365591397849462,0.1492537313432835,0.1975308641975308,0.0,1.0,0.9090909090909092,0.2962962962962963,0.2692307692307693,0.2244897959183674,0.0,1.0,0,0.2668735168711359,0.5272727272727272,0.0,0.0835899747078318,3,correct
A00628,B00708,0.09502340642297563,0,0,0.1714285714285713,0.3405405405405405,0.1904761904761905,0.1904761904761904,0.1999999999999999,0.2142857142857143,1.0,1.0,0.5454545454545454,0.4,0.0,0.202247191011236,0.0,1.0,0,0.2553563836709904,0.8863636363636364,1.0,0.0751484968114181,1,correct
A00544,B00784,0.072770138897645,0,0,0.2666666666666667,0.4285714285714285,0.247191011235955,0.2471910112359551,0.2191780821917808,0.2068965517241379,1.0,1.0,0.7272727272727273,0.3076923076923077,0.3,0.2553191489361702,0.0,0.0,0,0.3147870727951432,0.931818181818182,1.0,0.124145429039046,1,correct
A00027,B00135,1.1874642220692193e-05,0,0,0.2535211267605634,0.3315789473684211,0.1647058823529411,0.1647058823529411,0.1818181818181817,0.2,0.2666666666666667,0.4705882352941176,0.5454545454545454,0.4444444444444444,0.2708333333333333,0.0,0.0,1.0,0,0.2689875730994152,0.3975401069518716,0.0,0.0858881578947368,1,correct
A00387,B00702,2.623623924344436e-07,0,0,0.24,0.3857142857142858,0.2247191011235955,0.2247191011235955,0.1818181818181817,0.2,0.4,0.4444444444444444,0.3636363636363636,0.3333333333333333,0.26,0.2553191489361702,0.0,0.0,0,0.2996788247213779,0.4042424242424243,0.0,0.111058358662614,2,correct
A00366,B00793,0.014483890193430481,0,0,0.2025316455696202,0.3521739130434782,0.2150537634408601,0.2150537634408602,0.2597402597402597,0.2417582417582417,0.125,0.0,0.0,0.3846153846153846,0.25,0.2244897959183674,0.0,2.0,0,0.3021003685755238,0.05625,0.0,0.1043114804450208,2,correct
A00851,B00851,0.8621637228168956,1,1,0.2162162162162162,0.3272727272727273,0.25,0.25,0.1428571428571429,0.1666666666666667,1.0,1.0,0.9090909090909092,0.3076923076923077,0.0,0.0,0.0,2.0,0,0.193053613053613,0.9772727272727272,1.0,0.0402797202797202,0,correct
A00075,B00815,0.8614169412277595,0,1,0.2058823529411765,0.36,0.1707317073170732,0.1707317073170732,0.088235294117647,0.1707317073170732,1.0,1.0,0.7272727272727273,0.4615384615384615,0.2580645161290322,0.2298850574712644,0.0,0.0,0,0.3076464698111514,0.931818181818182,1.0,0.1191600924103705,2,false_positive
A00208,B00888,0.0013513340656418024,0,0,0.1690140845070422,0.3315789473684211,0.1647058823529411,0.1647058823529411,0.1999999999999999,0.1666666666666667,1.0,1.0,0.3636363636363636,0.3076923076923077,0.25,0.1999999999999999,0.0,0.0,0,0.2618454790823212,0.8409090909090909,1.0,0.0855728744939271,2,correct
A00003,B00803,0.83239853039573,0,1,0.1971830985915492,0.3315789473684211,0.1647058823529411,0.1647058823529411,0.1515151515151515,0.25,1.0,1.0,0.7272727272727273,0.4444444444444444,0.2708333333333333,0.2222222222222222,0.0,0.0,0,0.3123209064327485,0.931818181818182,1.0,0.1079934210526315,2,false_positive
A00525,B00309,2.6305629910210723e-05,0,0,0.2597402597402597,0.4090909090909091,0.2637362637362638,0.2637362637362637,0.088235294117647,0.1707317073170732,0.2105263157894736,0.3636363636363636,0.0,0.4615384615384615,0.0,0.0,0.0,3.0,0,0.2491813064983797,0.2038277511961722,0.0,0.0755244755244755,0,correct
A00201,B00855,1.368289797803823e-08,0,0,0.24,0.4186046511627907,0.2222222222222223,0.2222222222222222,0.1428571428571429,0.2142857142857143,0.3529411764705882,0.4705882352941176,0.1818181818181817,0.3076923076923077,0.28,0.2553191489361702,0.0,0.0,0,0.3102748720848671,0.3454545454545453,0.0,0.1187466981311612,2,correct
A00445,B00907,7.507488191068636e-09,0,0,0.275,0.3585483870967741,0.2765957446808511,0.276595744680851,0.088235294117647,0.1463414634146342,0.3,0.3636363636363636,0.1818181818181817,0.3846153846153846,0.3047619047619048,0.2626262626262626,0.0,0.0,0,0.2988641108432611,0.2895454545454545,0.0,0.1161921240050272,1,correct
A00714,B00695,5.1328399447759875e-06,0,0,0.2253521126760563,0.4263157894736842,0.2117647058823529,0.2117647058823529,0.2162162162162162,0.1818181818181818,0.3076923076923077,0.0999999999999999,0.4,0.5833333333333333,0.2708333333333333,0.2444444444444444,0.0,0.0,0,0.358216706539075,0.2684615384615385,0.0,0.165375,2,correct
A00988,B00083,4.501387313226839e-07,0,0,0.24,0.3288461538461538,0.247191011235955,0.2471910112359551,0.1999999999999999,0.2142857142857143,0.1538461538461538,1.0,0.3636363636363636,0.3076923076923077,0.26,0.2340425531914893,0.0,0.0,0,0.2771558335281739,0.4601398601398602,0.0,0.0892125708170716,2,correct
A00661,B00101,0.3856592683882432,0,0,0.1891891891891891,0.351219512195122,0.1818181818181818,0.1818181818181817,0.1714285714285713,0.2142857142857143,1.0,1.0,0.5454545454545454,0.0,0.2424242424242424,0.2150537634408602,0.0,1.0,0,0.2168446973954448,0.8863636363636364,1.0,0.0482025606179815,2,correct
A00367,B00367,0.9358442353768126,1,1,0.2025316455696202,0.3521739130434782,0.1935483870967742,0.1935483870967742,0.1818181818181817,0.175,1.0,1.0,0.9090909090909092,0.3846153846153846,0.25,0.2244897959183674,0.0,0.0,0,0.2887487202238755,0.9772727272727272,1.0,0.1043114804450208,2,correct
A00751,B00751,0.7553175866972953,1,1,0.1999999999999999,0.3664285714285714,0.2142857142857143,0.2142857142857143,0.1714285714285713,0.1904761904761905,1.0,1.0,0.9090909090909092,0.3076923076923077,0.2526315789473684,0.2247191011235955,0.0,0.0,0,0.2811648730729156,0.9772727272727272,1.0,0.0975733794295592,2,correct
A00324,B00424,0.9173871447592346,0,1,0.2465753424657534,0.36,0.2528735632183908,0.2528735632183908,0.2162162162162162,0.2045454545454545,1.0,1.0,0.7272727272727273,0.4615384615384615,0.2857142857142857,0.0,0.0,1.0,0,0.284073926073926,0.931818181818182,1.0,0.0973186813186813,1,false_positive
A00365,B00965,0.3336918394859771,0,0,0.2307692307692307,0.36,0.1956521739130434,0.1956521739130434,0.1176470588235294,0.1707317073170732,1.0,1.0,0.7272727272727273,0.3333333333333333,0.2524271844660194,0.2474226804123711,0.0,0.0,0,0.2837904878618399,0.931818181818182,1.0,0.1019837854068661,2,correct
A00855,B00954,1.1474259545922133e-09,0,0,0.2368421052631578,0.3483333333333334,0.2888888888888888,0.2888888888888888,0.088235294117647,0.1707317073170732,0.3076923076923077,0.0999999999999999,0.1999999999999999,0.3076923076923077,0.2574257425742574,0.2526315789473684,0.0,0.0,0,0.2766934012301201,0.2184615384615384,0.0,0.0961727849708048,2,correct
A00398,B00786,0.00026877067803633567,0,0,0.2857142857142857,0.4090909090909091,0.2857142857142857,0.2857142857142857,0.1999999999999999,0.2142857142857143,0.3529411764705882,0.0,0.3636363636363636,0.3199999999999999,0.2745098039215686,0.2708333333333333,0.0,1.0,0,0.3113858861726509,0.2497326203208556,0.0,0.1192921122994652,2,correct
A00979,B00140,2.0026666999257165e-07,0,0,0.24,0.3288461538461538,0.2696629213483146,0.2696629213483146,0.1690140845070422,0.1411764705882353,0.3333333333333333,0.375,0.3636363636363636,0.3703703703703704,0.26,0.2340425531914893,0.0,0.0,0,0.2750695973242907,0.3534090909090909,0.0,0.0974571467539552,2,correct
A00533,B00372,1.7151311504820967e-05,0,0,0.2337662337662337,0.4090909090909091,0.2857142857142857,0.2857142857142857,0.1492537313432835,0.2222222222222223,0.3076923076923077,0.2222222222222222,0.0,0.3846153846153846,0.2745098039215686,0.25,0.0,1.0,0,0.3227712646830294,0.2051282051282051,0.0,0.1273087206910736,2,correct
A00182,B00235,3.695028922670175e-08,0,0,0.16,0.3,0.1797752808988764,0.1797752808988764,0.1194029850746268,0.148148148148148,0.1428571428571429,0.2666666666666667,0.3636363636363636,0.3846153846153846,0.24,0.2127659574468084,0.0,0.0,0,0.2644676001697278,0.2351948051948052,0.0,0.0869027823240589,2,correct
A00621,B00321,0.7265658952543401,0,1,0.1866666666666666,0.3428571428571428,0.1797752808988764,0.1797752808988764,0.1428571428571429,0.2142857142857143,1.0,1.0,0.7272727272727273,0.4615384615384615,0.24,0.2127659574468084,0.0,0.0,0,0.3059368716389993,0.931818181818182,1.0,0.1098669160626607,2,false_positive
A00126,B00455,1.8931766934927366e-07,0,0,0.2191780821917808,0.315,0.1839080459770115,0.1839080459770115,0.2597402597402597,0.2417582417582417,0.4705882352941176,0.3333333333333333,0.3636363636363636,0.3076923076923077,0.2653061224489795,0.0,0.0,1.0,0,0.2441860282574568,0.4026737967914439,0.0,0.0638406593406593,1,correct
A00693,B00466,2.7811620374193023e-09,0,0,0.1944444444444444,0.3692307692307692,0.2325581395348837,0.2325581395348837,0.1492537313432835,0.2469135802469135,0.125,0.1538461538461538,0.3636363636363636,0.3076923076923077,0.2474226804123711,0.0,0.0,1.0,0,0.2588038104189307,0.193312937062937,0.0,0.072850606966388,1,correct
A00309,B00145,0.010608489539254548,0,0,0.1971830985915492,0.3886363636363636,0.2352941176470588,0.2352941176470588,0.1690140845070422,0.1411764705882353,0.0,0.3636363636363636,0.5454545454545454,0.3846153846153846,0.2708333333333333,0.2222222222222222,0.0,1.0,0,0.2957076134649664,0.2454545454545454,0.0,0.1172760052447552,2,correct
A00501,B00941,0.03484835590535938,0,0,0.1944444444444444,0.323076923076923,0.1627906976744185,0.1627906976744185,0.1714285714285713,0.1666666666666667,1.0,1.0,0.5454545454545454,0.2307692307692307,0.2474226804123711,0.2197802197802197,0.0,0.0,0,0.246490691439145,0.8863636363636364,1.0,0.0751052278411516,3,correct
A00758,B00078,0.7758127424885041,0,1,0.2465753424657534,0.4049999999999999,0.2528735632183908,0.2528735632183908,0.1999999999999999,0.1904761904761905,1.0,1.0,0.5454545454545454,0.5384615384615384,0.2653061224489795,0.2608695652173913,0.0,0.0,0,0.3462138989375014,0.8863636363636364,1.0,0.1511611152822332,2,false_positive
A00133,B00129,0.0002717586124363884,0,0,0.1944444444444444,0.3345652173913043,0.2325581395348837,0.2325581395348837,0.1492537313432835,0.2469135802469135,0.3076923076923077,0.5555555555555556,0.0,0.2962962962962963,0.2680412371134021,0.0,0.0,2.0,0,0.2492177260930435,0.3051282051282051,0.0,0.0665553563424473,2,correct
A00201,B00154,4.3351716508199053e-07,0,0,0.24,0.4186046511627907,0.2222222222222223,0.2222222222222222,0.1428571428571429,0.1904761904761905,0.375,0.1739130434782608,0.4,0.4,0.28,0.2553191489361702,0.0,0.0,0,0.3239745057845009,0.3209239130434783,0.0,0.1342028698664027,2,correct
A00140,B00834,4.922122592115531e-10,0,0,0.2535211267605634,0.3315789473684211,0.1882352941176471,0.188235294117647,0.1764705882352941,0.2439024390243902,0.1538461538461538,0.0999999999999999,0.1999999999999999,0.3076923076923077,0.2916666666666666,0.2444444444444444,0.0,0.0,0,0.2902093002205326,0.1492307692307692,0.0,0.0941386639676113,2,correct
A00302,B00302,0.9573956334139713,1,1,0.1891891891891891,0.3077999999999999,0.2045454545454545,0.2045454545454546,0.1194029850746268,0.1728395061728395,1.0,1.0,0.9090909090909092,0.3703703703703704,0.2424242424242424,0.0,0.0,1.0,0,0.2373456116722783,0.9772727272727272,1.0,0.0679854545454545,1,correct
A00205,B00080,5.085557456553062e-08,0,0,0.2191780821917808,0.36,0.2068965517241379,0.2068965517241379,0.088235294117647,0.1463414634146342,0.1052631578947368,0.2105263157894736,0.5454545454545454,0.3199999999999999,0.2448979591836735,0.2391304347826086,0.0,0.0,0,0.2738725517778692,0.24688995215311,0.0,0.0983550665483584,2,correct
A00552,B00734,6.953372687621815e-07,0,0,0.25,0.4615384615384615,0.2790697674418605,0.2790697674418605,0.1212121212121212,0.175,0.3076923076923077,0.3478260869565217,0.4,0.4166666666666666,0.2680412371134021,0.2637362637362637,0.0,0.0,0,0.3365614969223216,0.342809364548495,0.0,0.1505538078099537,2,correct
A00374,B00967,8.963150747891066e-10,0,0,0.2051282051282051,0.36,0.217391304347826,0.217391304347826,0.2162162162162162,0.2045454545454545,0.2857142857142857,0.1739130434782608,0.1999999999999999,0.3076923076923077,0.2524271844660194,0.2268041237113401,0.0,0.0,0,0.2823322486741564,0.2307453416149068,0.0,0.0960646735908471,2,correct
A00249,B00249,0.6946996020643963,1,0,0.1866666666666666,0.3428571428571428,0.2022471910112359,0.202247191011236,0.1690140845070422,0.1647058823529411,1.0,1.0,0.9090909090909092,0.3076923076923077,0.24,0.2127659574468084,0.0,0.0,0,0.2652516744832139,0.9772727272727272,1.0,0.0887680149637596,2,false_negative
A00319,B00987,1.6902537872890993e-07,0,0,0.2285714285714285,0.3664285714285714,0.2380952380952381,0.2380952380952381,0.1690140845070422,0.1647058823529411,0.3157894736842105,0.3157894736842105,0.1818181818181817,0.0,0.2526315789473684,0.2471910112359551,0.0,1.0,0,0.2178431364266581,0.2822966507177033,0.0,0.054944783306581,2,correct
A00327,B00747,0.4493551336821183,0,0,0.2105263157894736,0.3166666666666666,0.2222222222222223,0.2222222222222222,0.1818181818181817,0.2,1.0,1.0,0.7272727272727273,0.3846153846153846,0.2574257425742574,0.2105263157894736,0.0,0.0,0,0.2821158856776365,0.931818181818182,1.0,0.0931733942625031,2,correct
A00137,B00137,0.9316706650548069,1,1,0.2028985507246377,0.35,0.2409638554216867,0.2409638554216867,0.1818181818181817,0.225,1.0,1.0,0.9090909090909092,0.3846153846153846,0.276595744680851,0.2045454545454546,0.0,0.0,0,0.2990942568070228,0.9772727272727272,1.0,0.1043659797649159,2,correct
A00231,B00627,4.0935243461536614e-07,0,0,0.1739130434782608,0.3847499999999999,0.2409638554216867,0.2409638554216867,0.1428571428571429,0.1904761904761905,0.4,0.5882352941176471,0.3636363636363636,0.24,0.2553191489361702,0.2045454545454546,0.0,0.0,0,0.2704999286174818,0.447379679144385,0.0,0.0900158718568665,3,correct
A00103,B00103,0.9380571638467581,1,1,0.2191780821917808,0.4049999999999999,0.2068965517241379,0.2068965517241379,0.1492537313432835,0.1728395061728395,1.0,1.0,0.9090909090909092,0.4,0.2448979591836735,0.2391304347826086,0.0,0.0,0,0.3086721603295102,0.9772727272727272,1.0,0.1236094498669032,2,correct
A00996,B00996,0.9016730672620679,1,1,0.282051282051282,0.3375,0.2391304347826087,0.2391304347826086,0.2597402597402597,0.2637362637362638,1.0,1.0,0.9090909090909092,0.2962962962962963,0.2524271844660194,0.2474226804123711,0.0,0.0,0,0.2882339917382706,0.9772727272727272,1.0,0.090609798818937,3,correct
A00887,B00870,4.9260933503722814e-05,0,0,0.25,0.2758064516129033,0.2340425531914893,0.2340425531914893,0.1818181818181817,0.175,0.2857142857142857,0.1333333333333333,0.0,0.48,0.0,0.2424242424242424,0.0,2.0,0,0.2501055718475073,0.1685714285714285,0.0,0.0730134897360703,1,correct
A00369,B00469,0.8035936072413951,0,1,0.2051282051282051,0.36,0.1956521739130434,0.1956521739130434,0.1690140845070422,0.1411764705882353,1.0,1.0,0.0,0.4444444444444444,0.2524271844660194,0.2268041237113401,0.0,1.0,0,0.2970088792331399,0.75,1.0,0.1157569812831548,2,false_positive
A00442,B00442,0.9687579493090196,1,1,0.25,0.3309677419354838,0.2553191489361703,0.2553191489361702,0.1194029850746268,0.1975308641975308,1.0,1.0,0.9090909090909092,0.4615384615384615,0.3047619047619048,0.0,0.0,1.0,0,0.2768184734421293,0.9772727272727272,1.0,0.091361644806806,0,correct
A00239,B00059,0.03499834709916615,0,0,0.2028985507246377,0.35,0.1927710843373493,0.1927710843373493,0.1690140845070422,0.1411764705882353,1.0,1.0,0.5454545454545454,0.3199999999999999,0.2553191489361702,0.2272727272727273,0.0,0.0,0,0.2696240755489817,0.8863636363636364,1.0,0.0954721470019342,2,correct
A00833,B00373,0.015188606399401613,0,0,0.2894736842105263,0.3521739130434782,0.2444444444444444,0.2444444444444444,0.1492537313432835,0.2222222222222223,1.0,1.0,0.5454545454545454,0.3199999999999999,0.2772277227722772,0.0,0.0,1.0,0,0.2556807767733294,0.8863636363636364,1.0,0.0743679724494188,1,correct
A00872,B00732,0.10193522407548682,0,0,0.2028985507246377,0.342,0.2409638554216867,0.2409638554216867,0.1194029850746268,0.1728395061728395,1.0,1.0,0.5454545454545454,0.3846153846153846,0.0,0.2272727272727273,0.0,1.0,0,0.2481818872485539,0.8863636363636364,1.0,0.0759335664335664,1,correct
A00661,B00695,9.736058064295163e-08,0,0,0.1891891891891891,0.351219512195122,0.1818181818181818,0.1818181818181817,0.1714285714285713,0.1904761904761905,0.3529411764705882,0.4705882352941176,0.3636363636363636,0.3333333333333333,0.2424242424242424,0.2150537634408602,0.0,0.0,0,0.2787494593002068,0.3909090909090909,0.0,0.0950318289106645,2,correct
A00605,B00604,5.805356751400784e-07,0,0,0.1891891891891891,0.3073170731707316,0.2045454545454545,0.2045454545454546,0.1176470588235294,0.1707317073170732,0.4210526315789473,0.3157894736842105,0.3636363636363636,0.4,0.2626262626262626,0.2150537634408602,0.0,0.0,0,0.2779934673247026,0.3751196172248804,0.0,0.0932104999642371,2,correct
A00807,B00727,0.26526284293622115,0,0,0.2531645569620253,0.2571428571428571,0.1935483870967742,0.1935483870967742,0.1846153846153846,0.2278481012658227,1.0,1.0,0.0,0.3076923076923077,0.2692307692307693,0.0,0.0,2.0,0,0.2246355543190986,0.75,1.0,0.0524175824175824,1,correct
A00406,B00406,0.9263232498564488,1,1,0.1944444444444444,0.323076923076923,0.186046511627907,0.1860465116279069,0.2597402597402597,0.2197802197802197,1.0,1.0,0.9090909090909092,0.3846153846153846,0.2680412371134021,0.1978021978021977,0.0,0.0,0,0.2876787130395377,0.9772727272727272,1.0,0.0948551210882693,2,correct
A00874,B00974,0.5697141341132657,0,0,0.2191780821917808,0.35625,0.2298850574712644,0.2298850574712644,0.2162162162162162,0.2045454545454545,1.0,1.0,0.0,0.3703703703703704,0.2653061224489795,0.2391304347826086,0.0,1.0,0,0.2975236485679032,0.75,1.0,0.1066894348319037,2,correct
A00913,B00363,8.142993099520839e-10,0,0,0.3116883116883117,0.3535714285714286,0.2197802197802197,0.2197802197802197,0.1492537313432835,0.2222222222222223,0.1538461538461538,0.1538461538461538,0.1818181818181817,0.3703703703703704,0.2941176470588235,0.25,0.0,0.0,0,0.3062075941487706,0.1608391608391608,0.0,0.1100962885154061,2,correct
A00421,B00541,0.030642594734090946,0,0,0.1944444444444444,0.323076923076923,0.2093023255813953,0.2093023255813954,0.1714285714285713,0.2142857142857143,1.0,1.0,0.5454545454545454,0.24,0.2680412371134021,0.1978021978021977,0.0,0.0,0,0.2576567350175597,0.8863636363636364,1.0,0.0761663636918196,3,correct
A00232,B00232,0.9929639525552711,1,1,0.2058823529411765,0.36,0.1951219512195122,0.1951219512195121,0.1194029850746268,0.148148148148148,1.0,1.0,0.9090909090909092,0.48,0.2580645161290322,0.2298850574712644,0.0,0.0,0,0.3068220656696741,0.9772727272727272,1.0,0.121818553948832,2,correct
A00798,B00589,5.7950902784911e-09,0,0,0.273972602739726,0.463125,0.3448275862068965,0.3448275862068966,0.1999999999999999,0.1904761904761905,0.1428571428571429,0.3333333333333333,0.1818181818181817,0.25,0.2857142857142857,0.2826086956521739,0.0,0.0,0,0.3122811853002071,0.2097402597402597,0.0,0.1252738742236025,3,correct
A00794,B00602,1.3982244294573158e-06,0,0,0.2465753424657534,0.45,0.2988505747126437,0.2988505747126436,0.2162162162162162,0.1818181818181818,0.1538461538461538,0.0952380952380952,0.0,0.25,0.2653061224489795,0.2608695652173913,0.0,1.0,0,0.300289989513592,0.0978021978021978,0.0,0.11603371783496,3,correct
A00996,B00564,7.522457267652265e-10,0,0,0.282051282051282,0.3375,0.2391304347826087,0.2391304347826086,0.2597402597402597,0.2637362637362638,0.1666666666666666,0.4285714285714286,0.1818181818181817,0.3199999999999999,0.2524271844660194,0.2474226804123711,0.0,0.0,0,0.2929747324790113,0.249025974025974,0.0,0.093809798818937,2,correct
A00252,B00352,0.2096186157329403,0,0,0.1891891891891891,0.351219512195122,0.2727272727272726,0.2727272727272727,0.1194029850746268,0.1728395061728395,1.0,1.0,0.7272727272727273,0.3076923076923077,0.0,0.2150537634408602,0.0,1.0,0,0.233730280947695,0.931818181818182,1.0,0.0658863402529807,1,correct
A00185,B00702,2.5453216736875247e-09,0,0,0.1643835616438356,0.315,0.1839080459770115,0.1839080459770115,0.1176470588235294,0.1463414634146342,0.3157894736842105,0.3,0.1818181818181817,0.3333333333333333,0.2448979591836735,0.1956521739130434,0.0,0.0,0,0.256517479314101,0.2775598086124402,0.0,0.0836319875776397,2,correct
A00390,B00794,1.3080132527900473e-06,0,0,0.2191780821917808,0.4049999999999999,0.1839080459770115,0.1839080459770115,0.1764705882352941,0.2195121951219512,0.5,0.2222222222222222,0.4,0.4615384615384615,0.2448979591836735,0.2391304347826086,0.0,0.0,0,0.3303143904270249,0.3916666666666667,0.0,0.133578680636134,2,correct
A00241,B00067,3.1293401006956085e-06,0,0,0.2597402597402597,0.36,0.2391304347826087,0.2391304347826086,0.1428571428571429,0.2142857142857143,0.4444444444444444,1.0,0.3636363636363636,0.3076923076923077,0.0,0.25,0.0,1.0,0,0.2498956043956044,0.5909090909090909,0.0,0.0713076923076923,1,correct
A00450,B00218,3.354286918667788e-07,0,0,0.2531645569620253,0.3135,0.2365591397849462,0.2365591397849462,0.1764705882352941,0.2195121951219512,0.3076923076923077,0.1538461538461538,0.3636363636363636,0.0,0.3076923076923077,0.2448979591836735,0.0,1.0,0,0.2208409790557874,0.2755244755244755,0.0,0.051971114599686,1,correct
A00378,B00171,5.106369682543485e-09,0,0,0.2162162162162162,0.3951219512195121,0.2272727272727273,0.2272727272727273,0.1999999999999999,0.2380952380952381,0.2105263157894736,0.2666666666666667,0.3636363636363636,0.3076923076923077,0.2424242424242424,0.2365591397849462,0.0,0.0,0,0.2995416018547411,0.2656459330143541,0.0,0.1054074485703124,2,correct
A00903,B00015,2.5727064633003195e-06,0,0,0.2597402597402597,0.3446808510638298,0.2197802197802197,0.2197802197802197,0.1492537313432835,0.1728395061728395,0.2857142857142857,0.3333333333333333,0.3636363636363636,0.0,0.2745098039215686,0.25,0.0,1.0,0,0.2166486271419521,0.3194805194805195,0.0,0.0542365456821026,2,correct
A00475,B00004,1.7102375025121665e-05,0,0,0.282051282051282,0.3243103448275862,0.2608695652173912,0.2608695652173913,0.088235294117647,0.1463414634146342,0.1428571428571429,0.0,0.1818181818181817,0.3333333333333333,0.2912621359223301,0.2680412371134021,0.0,1.0,0,0.2771235687532292,0.1097402597402597,0.0,0.0976577402420799,2,correct
A00748,B00748,0.9437452819055446,1,1,0.1999999999999999,0.3405405405405405,0.1904761904761905,0.1904761904761904,0.1999999999999999,0.1904761904761905,1.0,1.0,0.9090909090909092,0.3846153846153846,0.2526315789473684,0.2247191011235955,0.0,0.0,0,0.2887830791911218,0.9772727272727272,1.0,0.1011580299764806,2,correct
A00042,B00708,1.9116614935520432e-09,0,0,0.1714285714285713,0.2918918918918919,0.1666666666666667,0.1666666666666666,0.1194029850746268,0.1728395061728395,0.1538461538461538,0.1538461538461538,0.1818181818181817,0.4,0.0,0.202247191011236,0.0,1.0,0,0.2324725474538208,0.1608391608391608,0.0,0.0644129972669298,1,correct
A00652,B00392,0.45509120663517216,0,0,0.1666666666666666,0.323076923076923,0.1627906976744185,0.1627906976744185,0.1194029850746268,0.1728395061728395,1.0,1.0,0.5454545454545454,0.0,0.2474226804123711,0.1978021978021977,0.0,1.0,0,0.1982747098898301,0.8863636363636364,1.0,0.0431525651192582,2,correct
A00593,B00324,7.221548367450063e-08,0,0,0.2432432432432432,0.3951219512195121,0.2045454545454545,0.2045454545454546,0.1492537313432835,0.2469135802469135,0.3076923076923077,0.2666666666666667,0.3636363636363636,0.4,0.2424242424242424,0.2580645161290322,0.0,0.0,0,0.3229926151982276,0.3093706293706294,0.0,0.1225457406480223,2,correct
A00769,B00538,0.0051803053068261405,0,0,0.2432432432432432,0.4390243902439025,0.25,0.25,0.1690140845070422,0.1411764705882353,0.1428571428571429,0.0,0.0,0.3199999999999999,0.2424242424242424,0.2580645161290322,0.0,2.0,0,0.299015924973809,0.0642857142857143,0.0,0.1221131535655532,2,correct
A00654,B00794,0.0006036849052335938,0,0,0.1643835616438356,0.315,0.1379310344827585,0.1379310344827586,0.2162162162162162,0.2045454545454545,1.0,1.0,0.2222222222222222,0.3846153846153846,0.2448979591836735,0.1956521739130434,0.0,0.0,0,0.2784146877966754,0.8055555555555556,1.0,0.0900935260391782,2,correct
A00468,B00468,0.9945677000564915,1,1,0.2631578947368421,0.3483333333333334,0.2666666666666667,0.2666666666666667,0.2285714285714285,0.2142857142857143,1.0,1.0,0.9090909090909092,0.0,0.0,0.2526315789473684,0.0,2.0,0,0.1852518796992481,0.9772727272727272,1.0,0.0264,1,correct
A00547,B00354,2.9483962269164114e-06,0,0,0.2702702702702703,0.4390243902439025,0.2954545454545454,0.2954545454545454,0.1846153846153846,0.1772151898734176,0.2857142857142857,0.1739130434782608,0.4,0.0,0.2828282828282829,0.2795698924731182,0.0,1.0,0,0.2515100813430644,0.2807453416149068,0.0,0.0740719547957943,2,correct
A00089,B00045,2.623930691141945e-06,0,0,0.1866666666666666,0.3288461538461538,0.2247191011235955,0.2247191011235955,0.1690140845070422,0.1411764705882353,0.2105263157894736,0.3636363636363636,0.5454545454545454,0.4444444444444444,0.26,0.1914893617021277,0.0,0.0,0,0.2835014334157012,0.3401913875598086,0.0,0.1030027004909983,2,correct
A00415,B00415,0.8868918288111389,1,1,0.2465753424657534,0.315,0.2298850574712644,0.2298850574712644,0.088235294117647,0.1707317073170732,1.0,1.0,0.9090909090909092,0.3076923076923077,0.2857142857142857,0.2391304347826086,0.0,0.0,0,0.2689115110764103,0.9772727272727272,1.0,0.0883670568561872,2,correct
A00621,B00174,1.0933884115630163e-09,0,0,0.1866666666666666,0.3428571428571428,0.1797752808988764,0.1797752808988764,0.1714285714285713,0.1904761904761905,0.375,0.1739130434782608,0.1999999999999999,0.3076923076923077,0.24,0.2127659574468084,0.0,0.0,0,0.2704057361078638,0.2709239130434783,0.0,0.0887680149637596,2,correct
A00961,B00950,2.466678462307986e-06,0,0,0.2716049382716049,0.3461538461538461,0.25,0.25,0.1714285714285713,0.2142857142857143,0.25,0.1333333333333333,0.0,0.3199999999999999,0.2830188679245283,0.26,0.0,1.0,0,0.2921561268919759,0.1525,0.0,0.1006981132075471,2,correct
A00930,B00947,2.420167501693336e-10,0,0,0.2666666666666667,0.28,0.2022471910112359,0.202247191011236,0.1764705882352941,0.2195121951219512,0.2857142857142857,0.1333333333333333,0.0,0.3199999999999999,0.3199999999999999,0.2340425531914893,0.0,0.0,0,0.2750088220031136,0.1685714285714285,0.0,0.0823795744680851,2,correct
A00870,B00870,0.24620069756961802,1,0,0.2028985507246377,0.3103448275862069,0.216867469879518,0.2168674698795181,0.1764705882352941,0.2439024390243902,1.0,1.0,0.0,0.3199999999999999,0.0,0.2272727272727273,0.0,2.0,0,0.2399748451716492,0.75,1.0,0.0608840125391849,1,false_negative
A00171,B00638,4.2189686651024827e-08,0,0,0.1866666666666666,0.3428571428571428,0.2022471910112359,0.202247191011236,0.1428571428571429,0.2142857142857143,0.2105263157894736,0.2666666666666667,0.3636363636363636,0.4166666666666666,0.24,0.2127659574468084,0.0,0.0,0,0.2969625126646403,0.2656459330143541,0.0,0.1037130699088145,2,correct
A00278,B00176,5.10566679147106e-09,0,0,0.2972972972972972,0.4104,0.2727272727272726,0.2727272727272727,0.2318840579710145,0.1927710843373493,0.1666666666666666,0.2666666666666667,0.0,0.4,0.2828282828282829,0.2795698924731182,0.0,0.0,0,0.32603394316268,0.155,0.0,0.1349064633431085,3,correct
A00123,B00274,0.0010956339034888067,0,0,0.2318840579710145,0.35,0.1927710843373493,0.1927710843373493,0.1492537313432835,0.2222222222222223,0.0,0.2222222222222222,0.4,0.4444444444444444,0.276595744680851,0.2272727272727273,0.0,1.0,0,0.3139136041263701,0.1666666666666666,0.0,0.1151284117773479,2,correct
A00944,B00944,0.5564477911000604,1,0,0.2972972972972972,0.3681818181818182,0.25,0.25,0.2162162162162162,0.2045454545454545,1.0,1.0,0.9090909090909092,0.3199999999999999,0.303030303030303,0.2580645161290322,0.0,0.0,0,0.2995278592375366,0.9772727272727272,1.0,0.1091027459344174,1,false_negative
A00110,B00610,0.9123618305378552,0,1,0.1714285714285713,0.3257142857142857,0.2142857142857143,0.2142857142857143,0.1764705882352941,0.2439024390243902,1.0,1.0,0.7272727272727273,0.0,0.2526315789473684,0.202247191011236,0.0,1.0,0,0.2147265890129543,0.931818181818182,1.0,0.0444481540930979,2,false_positive
A00066,B00618,0.37496164631827594,0,0,0.1818181818181817,0.3272727272727273,0.175,0.175,0.2597402597402597,0.2637362637362638,0.3529411764705882,0.0,0.0,0.48,0.0,0.2117647058823529,0.0,3.0,0,0.2786937768114239,0.1588235294117647,0.0,0.083627807486631,1,correct
A00591,B00951,0.026195506139895963,0,0,0.1944444444444444,0.3345652173913043,0.2093023255813953,0.2093023255813954,0.1428571428571429,0.1904761904761905,1.0,1.0,0.5454545454545454,0.3333333333333333,0.2474226804123711,0.2197802197802197,0.0,0.0,0,0.2752119050081847,0.8863636363636364,1.0,0.0915016476128085,2,correct
A00969,B00969,0.8008808850618968,1,1,0.2278481012658227,0.3135,0.2365591397849462,0.2365591397849462,0.1690140845070422,0.1647058823529411,1.0,1.0,0.9090909090909092,0.2222222222222222,0.25,0.2244897959183674,0.0,0.0,0,0.2426090903027878,0.9772727272727272,1.0,0.0724924319727891,3,correct
A00227,B00513,1.5184151517115365e-07,0,0,0.2285714285714285,0.3891891891891892,0.1904761904761905,0.1904761904761904,0.1818181818181817,0.175,0.2857142857142857,0.5555555555555556,0.3636363636363636,0.3199999999999999,0.0,0.2471910112359551,0.0,1.0,0,0.25283540844215,0.3861471861471861,0.0,0.0786774369875493,1,correct
A00827,B00087,0.9769648423871524,0,1,0.2933333333333333,0.3199999999999999,0.2247191011235955,0.2247191011235955,0.1846153846153846,0.1518987341772151,1.0,1.0,0.7272727272727273,0.5,0.28,0.276595744680851,0.0,0.0,0,0.3098691085375706,0.931818181818182,1.0,0.1174331914893616,2,false_positive
A00028,B00548,0.5774851415139246,0,0,0.1714285714285713,0.3405405405405405,0.1666666666666667,0.1666666666666666,0.1999999999999999,0.1904761904761905,1.0,1.0,0.0,0.4,0.0,0.202247191011236,0.0,2.0,0,0.2505944789090857,0.75,1.0,0.0751484968114181,1,correct
A00203,B00326,2.817526143543843e-05,0,0,0.1999999999999999,0.3891891891891892,0.1904761904761905,0.1904761904761904,0.1492537313432835,0.1975308641975308,0.4705882352941176,1.0,0.1818181818181817,0.0,0.2526315789473684,0.0,0.0,2.0,0,0.1941576664383681,0.5572192513368983,0.0,0.0294964438122332,1,correct
A00082,B00082,0.9987871151974653,1,1,0.1866666666666666,0.3,0.2022471910112359,0.202247191011236,0.1194029850746268,0.148148148148148,0.0,1.0,0.9090909090909092,0.4615384615384615,0.26,0.0,0.0,2.0,0,0.2509373219373219,0.5272727272727272,0.0,0.0787846153846154,1,correct
A00446,B00446,0.9676566189551684,1,1,0.2469135802469135,0.3188135593220339,0.2315789473684211,0.2315789473684211,0.2597402597402597,0.2417582417582417,1.0,1.0,0.9090909090909092,0.3846153846153846,0.2830188679245283,0.24,0.0,0.0,0,0.2993716232600147,0.9772727272727272,1.0,0.0990718919583774,2,correct
A00270,B00450,0.8131862066103933,0,1,0.1999999999999999,0.3891891891891892,0.2380952380952381,0.2380952380952381,0.1791044776119402,0.2222222222222223,1.0,1.0,0.0,0.48,0.2315789473684211,0.0,0.0,2.0,0,0.2919380433064644,0.75,1.0,0.1017627311522048,1,false_positive
A00118,B00118,0.5811632177058877,1,0,0.2702702702702703,0.4390243902439025,0.2272727272727273,0.2272727272727273,0.1999999999999999,0.2142857142857143,1.0,1.0,0.0,0.3478260869565217,0.2828282828282829,0.2795698924731182,0.0,1.0,0,0.3284894036168281,0.75,1.0,0.1351536090905981,2,false_negative
A00039,B00101,3.1127637480383236e-07,0,0,0.2285714285714285,0.3405405405405405,0.1904761904761905,0.1904761904761904,0.1690140845070422,0.1647058823529411,0.3809523809523809,0.3157894736842105,0.1818181818181817,0.0,0.2526315789473684,0.2471910112359551,0.0,1.0,0,0.2100767271602489,0.31161995898838,0.0,0.0510629565106206,2,correct
A00976,B00495,1.985933994144824e-08,0,0,0.2307692307692307,0.3,0.2391304347826087,0.2391304347826086,0.2597402597402597,0.2417582417582417,0.1666666666666666,0.5714285714285714,0.1818181818181817,0.3846153846153846,0.2718446601941747,0.2268041237113401,0.0,0.0,0,0.2900720428605525,0.2918831168831168,0.0,0.0910322367053425,2,correct
A00020,B00736,8.909899896718438e-09,0,0,0.2191780821917808,0.315,0.1839080459770115,0.1839080459770115,0.1791044776119402,0.2222222222222223,0.0,0.2857142857142857,0.3636363636363636,0.3846153846153846,0.2653061224489795,0.217391304347826,0.0,0.0,0,0.2882721353870422,0.1766233766233766,0.0,0.0940764452938365,2,correct
A00614,B00614,0.814910589931352,1,1,0.1621621621621621,0.3073170731707316,0.2045454545454545,0.2045454545454546,0.2162162162162162,0.2272727272727273,1.0,1.0,0.8888888888888888,0.3333333333333333,0.2626262626262626,0.1935483870967742,0.0,0.0,0,0.2727425315308872,0.9722222222222222,1.0,0.0830326872183677,2,correct
A00287,B00287,0.9972565210020543,1,1,0.2133333333333333,0.3,0.2022471910112359,0.202247191011236,0.1846153846153846,0.1772151898734176,1.0,1.0,0.9090909090909092,0.0,0.0,0.2340425531914893,0.0,2.0,0,0.1605494209534069,0.9772727272727272,1.0,0.021063829787234,1,correct
A00480,B00480,0.9567757425055367,1,1,0.1971830985915492,0.2842105263157894,0.1882352941176471,0.188235294117647,0.1764705882352941,0.2195121951219512,1.0,1.0,0.9090909090909092,0.4,0.25,0.2222222222222222,0.0,0.0,0,0.2799989302524605,0.9772727272727272,1.0,0.0857368421052631,2,correct
A00399,B00299,0.2849910761207857,0,0,0.2432432432432432,0.3951219512195121,0.2272727272727273,0.2272727272727273,0.1690140845070422,0.1647058823529411,1.0,1.0,0.7272727272727273,0.3333333333333333,0.2424242424242424,0.2580645161290322,0.0,0.0,0,0.2932177422860997,0.931818181818182,1.0,0.1120091552821686,2,correct
A00819,B00819,0.9561973329912636,1,1,0.2432432432432432,0.288,0.2272727272727273,0.2272727272727273,0.1714285714285713,0.1428571428571429,1.0,1.0,0.9090909090909092,0.3076923076923077,0.2828282828282829,0.2580645161290322,0.0,0.0,0,0.2576438099534873,0.9772727272727272,1.0,0.0821792916760658,2,correct
A00643,B00723,0.24964393372501323,0,0,0.1999999999999999,0.3891891891891892,0.1904761904761905,0.1904761904761904,0.1492537313432835,0.2222222222222223,1.0,1.0,0.0,0.3478260869565217,0.2526315789473684,0.2247191011235955,0.0,1.0,0,0.3023690206031502,0.75,1.0,0.1098819783453008,2,correct
A00956,B00043,2.2410767073624325e-10,0,0,0.3199999999999999,0.36,0.247191011235955,0.2471910112359551,0.2597402597402597,0.2197802197802197,0.0,0.1666666666666666,0.1818181818181817,0.3703703703703704,0.28,0.2553191489361702,0.0,0.0,0,0.3063279903705435,0.0954545454545454,0.0,0.1111478014184397,2,correct
A00353,B00625,3.144807334921816e-08,0,0,0.2465753424657534,0.36,0.2298850574712644,0.2298850574712644,0.1492537313432835,0.2222222222222223,0.2222222222222222,0.1999999999999999,0.1818181818181817,0.5217391304347826,0.2653061224489795,0.2391304347826086,0.0,0.0,0,0.3324577541161392,0.2054545454545454,0.0,0.1296095829636202,2,correct
A00007,B00315,4.0744576178643514e-07,0,0,0.24,0.2959615384615384,0.2247191011235955,0.2247191011235955,0.1846153846153846,0.1772151898734176,0.2666666666666667,0.4705882352941176,0.1818181818181817,0.5384615384615384,0.0,0.2340425531914893,0.0,1.0,0,0.2670301901841762,0.3066310160427807,0.0,0.0845258403625834,1,correct
A00623,B00083,0.05661815980993432,0,0,0.2222222222222222,0.4153846153846154,0.186046511627907,0.1860465116279069,0.1492537313432835,0.1975308641975308,1.0,1.0,0.5454545454545454,0.3846153846153846,0.2474226804123711,0.2417582417582418,0.0,0.0,0,0.3144217727035596,0.8863636363636364,1.0,0.1248647942065864,2,correct
A00833,B00886,2.9455547213526894e-07,0,0,0.2894736842105263,0.3521739130434782,0.2444444444444444,0.2444444444444444,0.1492537313432835,0.2222222222222223,0.125,0.1538461538461538,0.5454545454545454,0.3846153846153846,0.2772277227722772,0.2736842105263157,0.0,0.0,0,0.3096564852753538,0.2387674825174825,0.0,0.1123856453943229,2,correct
A00568,B00948,0.029141220484633374,0,0,0.1891891891891891,0.3073170731707316,0.2272727272727273,0.2272727272727273,0.1999999999999999,0.1666666666666667,1.0,1.0,0.3636363636363636,0.4615384615384615,0.2424242424242424,0.2150537634408602,0.0,0.0,0,0.2864578484720105,0.8409090909090909,1.0,0.0989127002030227,2,correct
A00890,B00371,1.2219339640459266e-06,0,0,0.2307692307692307,0.2653448275862068,0.1956521739130434,0.1956521739130434,0.1764705882352941,0.1951219512195122,0.3333333333333333,0.1666666666666666,0.3636363636363636,0.48,0.2912621359223301,0.2268041237113401,0.0,0.0,0,0.292337777464815,0.2909090909090909,0.0,0.0921860675987698,2,correct
A00029,B00029,0.989706233177549,1,1,0.1971830985915492,0.2842105263157894,0.1647058823529411,0.1647058823529411,0.1690140845070422,0.1176470588235294,0.0,1.0,0.9090909090909092,0.4,0.2708333333333333,0.1999999999999999,0.0,1.0,0,0.2594175696594427,0.5272727272727272,0.0,0.0856184210526315,2,correct
A00802,B00229,4.2918870529094307e-08,0,0,0.2307692307692307,0.3,0.1956521739130434,0.1956521739130434,0.1194029850746268,0.148148148148148,0.2857142857142857,0.4444444444444444,0.1818181818181817,0.3703703703703704,0.2718446601941747,0.2474226804123711,0.0,0.0,0,0.2715938047946856,0.3073593073593073,0.0,0.0911785050990336,2,correct
A00918,B00582,2.314594443179826e-06,0,0,0.3333333333333333,0.375,0.2608695652173912,0.2608695652173913,0.1999999999999999,0.1904761904761905,0.1428571428571429,0.375,0.5454545454545454,0.4,0.2912621359223301,0.2886597938144329,0.0,0.0,0,0.3175835275557526,0.3131493506493507,0.0,0.1252412170953858,2,correct
A00159,B00525,5.342456797907022e-07,0,0,0.2352941176470588,0.315,0.2195121951219512,0.2195121951219512,0.1690140845070422,0.1411764705882353,0.3478260869565217,0.3809523809523809,0.3636363636363636,0.4166666666666666,0.2580645161290322,0.2298850574712644,0.0,0.0,0,0.2792610634910248,0.36171654432524,0.0,0.098611234705228,2,correct
A00032,B00182,1.3101529841384567e-06,0,0,0.2028985507246377,0.3,0.1686746987951806,0.1686746987951807,0.1194029850746268,0.1728395061728395,0.1428571428571429,0.3333333333333333,0.3636363636363636,0.5185185185185186,0.2553191489361702,0.0,0.0,1.0,0,0.2665694772786972,0.2551948051948052,0.0,0.0852009456264775,1,correct
A00270,B00270,0.9491715338177029,1,1,0.1999999999999999,0.3891891891891892,0.2380952380952381,0.2380952380952381,0.1791044776119402,0.2222222222222223,1.0,1.0,0.9090909090909092,0.4444444444444444,0.2315789473684211,0.2247191011235955,0.0,0.0,0,0.3185347973638925,0.9772727272727272,1.0,0.1224650694455543,2,correct
A00072,B00072,0.936101713075766,1,1,0.1846153846153846,0.3375,0.1772151898734176,0.1772151898734176,0.1194029850746268,0.1975308641975308,1.0,1.0,0.0,0.5384615384615384,0.2444444444444444,0.2142857142857143,0.0,1.0,0,0.3172580043413377,0.75,1.0,0.1191387362637362,2,correct
A00528,B00220,2.06157064936242e-09,0,0,0.24,0.4285714285714285,0.2921348314606742,0.2921348314606742,0.1999999999999999,0.1904761904761905,0.0,0.1666666666666666,0.1818181818181817,0.4615384615384615,0.0,0.2553191489361702,0.0,1.0,0,0.2972722313147845,0.0954545454545454,0.0,0.1119476268412438,1,correct
A00106,B00806,0.8916040790912125,0,1,0.1690140845070422,0.3497727272727273,0.2117647058823529,0.2117647058823529,0.2597402597402597,0.2637362637362638,1.0,1.0,0.7272727272727273,0.0,0.25,0.1999999999999999,0.0,1.0,0,0.2251790709290709,0.931818181818182,1.0,0.0472193181818181,2,false_positive
A00121,B00143,2.1846072589351407e-05,0,0,0.2432432432432432,0.3857142857142858,0.2247191011235955,0.2247191011235955,0.1428571428571429,0.2142857142857143,0.3529411764705882,0.1333333333333333,0.0,0.4444444444444444,0.2626262626262626,0.0,0.0,2.0,0,0.2868542568542569,0.1988235294117646,0.0,0.0989610389610389,1,correct
A00176,B00816,0.022345992173549125,0,0,0.1891891891891891,0.351219512195122,0.1818181818181818,0.1818181818181817,0.2597402597402597,0.2197802197802197,1.0,1.0,0.5454545454545454,0.3076923076923077,0.2626262626262626,0.2150537634408602,0.0,0.0,0,0.2825123630631105,0.8863636363636364,1.0,0.0935581806077478,2,correct
A00601,B00220,8.048474518470701e-09,0,0,0.2105263157894736,0.3681818181818182,0.2197802197802197,0.2197802197802197,0.1714285714285713,0.2380952380952381,0.2352941176470588,0.2352941176470588,0.3636363636363636,0.3076923076923077,0.0,0.2315789473684211,0.0,1.0,0,0.2543488967173178,0.2673796791443851,0.0,0.0708936326831063,1,correct
A00066,B00087,2.1005568407732006e-07,0,0,0.1818181818181817,0.3272727272727273,0.175,0.175,0.2597402597402597,0.2637362637362638,0.5555555555555556,0.1333333333333333,0.1818181818181817,0.5,0.2637362637362637,0.2117647058823529,0.0,0.0,0,0.3222542163718634,0.3354545454545454,0.0,0.1121400951989187,2,correct
A00889,B00525,8.115068585466323e-07,0,0,0.2531645569620253,0.285,0.2150537634408601,0.2150537634408602,0.1690140845070422,0.1411764705882353,0.2105263157894736,0.3636363636363636,0.5454545454545454,0.3333333333333333,0.2884615384615384,0.2244897959183674,0.0,0.0,0,0.2573446609412996,0.3401913875598086,0.0,0.0818573390894819,2,correct
A00069,B00209,0.6801610493442917,0,0,0.1791044776119402,0.3325,0.1975308641975308,0.1975308641975308,0.1690140845070422,0.1647058823529411,1.0,1.0,0.5454545454545454,0.48,0.0,0.0,0.0,2.0,0,0.2286911764705882,0.8863636363636364,1.0,0.06384,0,correct
A00478,B00698,0.02749864534576352,0,0,0.3291139240506329,0.3705,0.3010752688172043,0.3010752688172042,0.1999999999999999,0.1904761904761905,1.0,1.0,0.0,0.3076923076923077,0.3076923076923077,0.3061224489795918,0.0,1.0,0,0.3028559131344845,0.75,1.0,0.1138255102040816,0,correct
A00010,B00030,0.25990997519449766,0,0,0.1917808219178082,0.27,0.1839080459770115,0.1839080459770115,0.1791044776119402,0.2222222222222223,1.0,1.0,0.5454545454545454,0.3846153846153846,0.2653061224489795,0.0,0.0,1.0,0,0.2421634397348683,0.8863636363636364,1.0,0.0630282574568288,1,correct
A00428,B00588,0.9515086764873558,0,1,0.208955223880597,0.3325,0.1728395061728395,0.1728395061728395,0.1999999999999999,0.2142857142857143,1.0,1.0,0.7272727272727273,0.0,0.2826086956521739,0.2093023255813954,0.0,1.0,0,0.2163937960421783,0.931818181818182,1.0,0.0490681243680485,2,false_positive
A00633,B00983,1.1999142136413883e-07,0,0,0.2222222222222222,0.4153846153846154,0.2093023255813953,0.2093023255813954,0.1492537313432835,0.1975308641975308,0.1538461538461538,0.1538461538461538,0.3636363636363636,0.0,0.2474226804123711,0.2417582417582418,0.0,1.0,0,0.2374986957804827,0.2062937062937063,0.0,0.0609594687627994,2,correct
A00949,B00201,8.163465078455828e-07,0,0,0.273972602739726,0.320625,0.2298850574712644,0.2298850574712644,0.1690140845070422,0.1882352941176471,0.4705882352941176,1.0,0.1818181818181817,0.4,0.3061224489795918,0.2391304347826086,0.0,0.0,0,0.2956224913878595,0.5572192513368983,0.0,0.1037465117568766,1,correct
A00291,B00324,7.0722167145595e-09,0,0,0.2162162162162162,0.3761999999999999,0.2727272727272726,0.2727272727272727,0.144927536231884,0.1927710843373493,0.3157894736842105,0.4285714285714286,0.1818181818181817,0.3199999999999999,0.2626262626262626,0.2365591397849462,0.0,0.0,0,0.2902920272291512,0.3161312371838687,0.0,0.104491664516129,2,correct
A00767,B00245,2.856686961477295e-05,0,0,0.24,0.4285714285714285,0.247191011235955,0.2471910112359551,0.1818181818181817,0.15,0.3,0.3636363636363636,0.7272727272727273,0.4,0.24,0.2553191489361702,0.0,0.0,0,0.3128693009118541,0.4259090909090909,0.0,0.1322553191489361,2,correct
A00057,B00057,0.9282635770717281,1,1,0.1791044776119402,0.3705882352941176,0.1728395061728395,0.1728395061728395,0.1818181818181817,0.225,1.0,1.0,0.9090909090909092,0.3846153846153846,0.2608695652173913,0.2093023255813954,0.0,0.0,0,0.3036253311311302,0.9772727272727272,1.0,0.1092856260494397,2,correct
A00152,B00539,2.6295490662756233e-08,0,0,0.2388059701492537,0.3325,0.1975308641975308,0.1975308641975308,0.1194029850746268,0.1728395061728395,0.3333333333333333,0.3157894736842105,0.1818181818181817,0.4166666666666666,0.2608695652173913,0.0,0.0,1.0,0,0.2567816693505099,0.2901913875598086,0.0,0.0814384057971014,1,correct
A00514,B00965,2.791118808216279e-09,0,0,0.1999999999999999,0.3891891891891892,0.1904761904761905,0.1904761904761904,0.2162162162162162,0.1818181818181818,0.0,0.16,0.4,0.3333333333333333,0.2526315789473684,0.2247191011235955,0.0,0.0,0,0.2913896617977044,0.148,0.0,0.1076258091326098,2,correct
A00906,B00806,0.9211511634416197,0,1,0.24,0.3288461538461538,0.2247191011235955,0.2247191011235955,0.2597402597402597,0.2417582417582417,1.0,1.0,0.7272727272727273,0.0,0.28,0.2127659574468084,0.0,1.0,0,0.2209203881225157,0.931818181818182,1.0,0.0486132569558101,2,false_positive
A00612,B00371,3.63956337277126e-08,0,0,0.1643835616438356,0.315,0.1839080459770115,0.1839080459770115,0.1194029850746268,0.1728395061728395,0.3157894736842105,0.1176470588235294,0.3636363636363636,0.4,0.2448979591836735,0.1956521739130434,0.0,0.0,0,0.2751504211990754,0.2683084717140445,0.0,0.0920319875776397,2,correct
A00132,B00472,0.12913957768374185,0,0,0.1690140845070422,0.3109090909090909,0.1882352941176471,0.188235294117647,0.1194029850746268,0.1728395061728395,1.0,1.0,0.5454545454545454,0.3846153846153846,0.2708333333333333,0.1999999999999999,0.0,0.0,0,0.2753887054303721,0.8863636363636364,1.0,0.0917480769230769,2,correct
A00665,B00560,1.9215506793677443e-06,0,0,0.1690140845070422,0.3315789473684211,0.1647058823529411,0.1647058823529411,0.1176470588235294,0.1707317073170732,0.1052631578947368,0.2105263157894736,0.5454545454545454,0.0,0.25,0.1999999999999999,0.0,1.0,0,0.2011200256739409,0.24688995215311,0.0,0.0447631578947368,2,correct
A00799,B00519,0.005838889204000968,0,0,0.2857142857142857,0.4864864864864865,0.2857142857142857,0.2857142857142857,0.1690140845070422,0.1176470588235294,1.0,1.0,0.3636363636363636,0.3199999999999999,0.2736842105263157,0.2921348314606742,0.0,0.0,0,0.3183482140087003,0.8409090909090909,1.0,0.1448492655872904,2,correct
A00699,B00699,0.6214239575827908,1,0,0.2058823529411765,0.3599999999999999,0.2195121951219512,0.2195121951219512,0.1690140845070422,0.1411764705882353,1.0,1.0,0.0,0.4,0.2365591397849462,0.0,0.0,2.0,0,0.251719165085389,0.75,1.0,0.0831483870967741,1,false_negative
A00158,B00263,0.0005469127103206122,0,0,0.3098591549295775,0.4263157894736842,0.2117647058823529,0.2117647058823529,0.1999999999999999,0.2142857142857143,0.0,0.1538461538461538,0.3636363636363636,0.48,0.2708333333333333,0.2666666666666667,0.0,1.0,0,0.3473768796992482,0.137062937062937,0.0,0.1505960526315789,2,correct
A00913,B00353,0.012412871941377827,0,0,0.3116883116883117,0.3535714285714286,0.2197802197802197,0.2197802197802197,0.1492537313432835,0.2469135802469135,1.0,1.0,0.5454545454545454,0.3703703703703704,0.0,0.0,0.0,2.0,0,0.2295282186948853,0.8863636363636364,1.0,0.0523809523809523,0,correct
A00232,B00972,0.2994094359976256,0,0,0.2058823529411765,0.36,0.1951219512195122,0.1951219512195121,0.1194029850746268,0.148148148148148,1.0,1.0,0.7272727272727273,0.3199999999999999,0.0,0.2298850574712644,0.0,1.0,0,0.2361123882503192,0.931818181818182,1.0,0.0709075862068965,1,correct
A00850,B00850,0.8663510288212302,1,1,0.1917808219178082,0.3,0.2068965517241379,0.2068965517241379,0.1764705882352941,0.2195121951219512,1.0,1.0,0.9090909090909092,0.3199999999999999,0.2653061224489795,0.217391304347826,0.0,0.0,0,0.270307053043911,0.9772727272727272,1.0,0.0818427684117125,2,correct
A00150,B00091,3.2960454150854015e-07,0,0,0.1791044776119402,0.3325,0.2222222222222223,0.2222222222222222,0.1764705882352941,0.2439024390243902,0.3333333333333333,0.1666666666666666,0.5454545454545454,0.3478260869565217,0.2826086956521739,0.1860465116279069,0.0,0.0,0,0.2883939862881945,0.3363636363636363,0.0,0.0930092264914054,2,correct
A00732,B00159,3.2015588837606313e-09,0,0,0.1643835616438356,0.315,0.2068965517241379,0.2068965517241379,0.1194029850746268,0.148148148148148,0.3333333333333333,0.3157894736842105,0.1818181818181817,0.3333333333333333,0.2448979591836735,0.1956521739130434,0.0,0.0,0,0.2568788162608038,0.2901913875598086,0.0,0.0836319875776397,2,correct
A00771,B00971,0.6450121488733,0,0,0.2702702702702703,0.4829268292682927,0.3181818181818181,0.3181818181818182,0.1428571428571429,0.1904761904761905,1.0,1.0,0.7272727272727273,0.4615384615384615,0.2626262626262626,0.0,0.0,1.0,0,0.3146749185773576,0.931818181818182,1.0,0.1272045028142589,1,correct
A00049,B00380,4.2072307847179416e-09,0,0,0.1714285714285713,0.2918918918918919,0.1666666666666667,0.1666666666666666,0.1690140845070422,0.1411764705882353,0.2857142857142857,0.2352941176470588,0.0,0.3846153846153846,0.2526315789473684,0.202247191011236,0.0,0.0,0,0.2609577541020822,0.1991596638655462,0.0,0.084739072329847,3,correct
A00862,B00959,6.156501454673296e-08,0,0,0.1891891891891891,0.288,0.1818181818181818,0.1818181818181817,0.1492537313432835,0.1975308641975308,0.3333333333333333,0.3529411764705882,0.3636363636363636,0.3076923076923077,0.2626262626262626,0.2150537634408602,0.0,0.0,0,0.2590966382880361,0.3467914438502674,0.0,0.0767177080983532,2,correct
A00684,B00143,8.914047787031956e-05,0,0,0.2571428571428571,0.4378378378378379,0.2142857142857143,0.2142857142857143,0.2162162162162162,0.2045454545454545,0.4285714285714286,0.1666666666666666,0.0,0.4444444444444444,0.2947368421052632,0.0,0.0,2.0,0,0.3053598574651207,0.2428571428571428,0.0,0.116551920341394,1,correct
A00752,B00892,0.6768941787279819,0,0,0.2028985507246377,0.35,0.1927710843373493,0.1927710843373493,0.1194029850746268,0.1728395061728395,1.0,1.0,0.7272727272727273,0.3846153846153846,0.2553191489361702,0.0,0.0,1.0,0,0.2547888504980704,0.931818181818182,1.0,0.0806546644844517,1,correct
A00191,B00191,0.8390068670845257,1,1,0.1690140845070422,0.3315789473684211,0.2117647058823529,0.2117647058823529,0.1428571428571429,0.2142857142857143,1.0,1.0,0.9090909090909092,0.3846153846153846,0.2291666666666666,0.1999999999999999,0.0,0.0,0,0.2836289039907461,0.9772727272727272,1.0,0.093702935222672,2,correct
A00700,B00642,3.4090608687007896e-07,0,0,0.2535211267605634,0.3789473684210526,0.1882352941176471,0.188235294117647,0.1764705882352941,0.2195121951219512,0.1428571428571429,0.2666666666666667,0.3636363636363636,0.48,0.2916666666666666,0.2444444444444444,0.0,0.0,0,0.3340033162173727,0.2351948051948052,0.0,0.1337052631578947,2,correct
A00173,B00509,1.0599102807615232e-08,0,0,0.1866666666666666,0.3428571428571428,0.2022471910112359,0.202247191011236,0.1492537313432835,0.2222222222222223,0.3076923076923077,0.5555555555555556,0.1818181818181817,0.3076923076923077,0.24,0.0,0.0,1.0,0,0.2448400488400488,0.3505827505827505,0.0,0.0668835164835165,1,correct
A00992,B00619,6.135518708825544e-05,0,0,0.2432432432432432,0.342,0.25,0.25,0.1194029850746268,0.1728395061728395,0.3333333333333333,0.3157894736842105,0.0,0.4347826086956521,0.2626262626262626,0.2365591397849462,0.0,1.0,0,0.2990022333353796,0.2447368421052631,0.0,0.1106946831569552,2,correct
A00123,B00574,2.1815980222519524e-07,0,0,0.2318840579710145,0.35,0.1927710843373493,0.1927710843373493,0.1492537313432835,0.2222222222222223,0.7692307692307692,0.2222222222222222,0.1999999999999999,0.3846153846153846,0.276595744680851,0.2272727272727273,0.0,0.0,0,0.3019477921605581,0.4628205128205128,0.0,0.1067523434012795,2,correct
A00802,B00133,2.8572929888892893e-08,0,0,0.2307692307692307,0.3,0.1956521739130434,0.1956521739130434,0.1194029850746268,0.148148148148148,0.0,0.25,0.3636363636363636,0.3846153846153846,0.2718446601941747,0.2474226804123711,0.0,0.0,0,0.2744428076436884,0.1659090909090909,0.0,0.0928879068084353,2,correct
A00014,B00334,0.9092702693189538,0,1,0.1891891891891891,0.2634146341463415,0.159090909090909,0.159090909090909,0.2191780821917808,0.2068965517241379,1.0,1.0,0.6666666666666667,0.4615384615384615,0.2626262626262626,0.0,0.0,1.0,0,0.2521053322903617,0.9166666666666669,1.0,0.069384274262323,1,false_positive
A00113,B00673,0.009721610580962764,0,0,0.273972602739726,0.4049999999999999,0.2068965517241379,0.2068965517241379,0.1492537313432835,0.2222222222222223,1.0,1.0,0.5454545454545454,0.3199999999999999,0.2653061224489795,0.2391304347826086,0.0,0.0,0,0.3056099280291826,0.8863636363636364,1.0,0.1131290417036379,2,correct
A00962,B00623,4.315216637731821e-08,0,0,0.2278481012658227,0.3135,0.2580645161290323,0.2580645161290322,0.1194029850746268,0.1728395061728395,0.2857142857142857,0.1538461538461538,0.3636363636363636,0.3478260869565217,0.2692307692307693,0.0,0.0,1.0,0,0.2385677340104876,0.2656343656343656,0.0,0.0689385451505016,1,correct
A00408,B00568,0.5429349824316027,0,0,0.2028985507246377,0.3,0.1686746987951806,0.1686746987951807,0.1999999999999999,0.1904761904761905,1.0,1.0,0.7272727272727273,0.4,0.0,0.2045454545454546,0.0,1.0,0,0.2387770562770563,0.931818181818182,1.0,0.0664090909090909,1,correct
A00879,B00407,5.43536875986857e-08,0,0,0.2285714285714285,0.3257142857142857,0.2380952380952381,0.2380952380952381,0.1690140845070422,0.1647058823529411,0.3157894736842105,0.3157894736842105,0.1818181818181817,0.4444444444444444,0.2526315789473684,0.2471910112359551,0.0,0.0,0,0.2945177396012613,0.2822966507177033,0.0,0.1067445692883895,2,correct
A00529,B00989,0.051941114122406096,0,0,0.2337662337662337,0.4090909090909091,0.2417582417582417,0.2417582417582418,0.1690140845070422,0.1176470588235294,1.0,1.0,0.5454545454545454,0.3076923076923077,0.2745098039215686,0.25,0.0,0.0,0,0.2864716166186754,0.8863636363636364,1.0,0.114721308103661,2,correct
A00413,B00213,0.97171392218017,0,1,0.1971830985915492,0.3315789473684211,0.2117647058823529,0.2117647058823529,0.1492537313432835,0.2469135802469135,1.0,1.0,0.0,0.0,0.2708333333333333,0.0,0.0,3.0,0,0.189481400259909,0.75,1.0,0.0269407894736842,1,false_positive
A00498,B00536,4.849202079082427e-10,0,0,0.1492537313432835,0.3325,0.1975308641975308,0.1975308641975308,0.2285714285714285,0.1904761904761905,0.1666666666666666,0.2666666666666667,0.0,0.25,0.2391304347826086,0.1860465116279069,0.0,0.0,0,0.2516217800568154,0.155,0.0,0.0756614004044489,4,correct
A00386,B00139,8.498774982536603e-05,0,0,0.2162162162162162,0.3951219512195121,0.2272727272727273,0.2272727272727273,0.2597402597402597,0.2197802197802197,0.0,0.2857142857142857,0.1818181818181817,0.4444444444444444,0.2626262626262626,0.2365591397849462,0.0,1.0,0,0.3262593285724678,0.1311688311688311,0.0,0.1294156355053286,2,correct
A00651,B00749,5.108377720107741e-05,0,0,0.1917808219178082,0.36,0.2068965517241379,0.2068965517241379,0.1714285714285713,0.1904761904761905,0.3157894736842105,0.5882352941176471,0.0,0.3703703703703704,0.2448979591836735,0.217391304347826,0.0,1.0,0,0.2895127016990371,0.3185758513931889,0.0,0.1032605737947353,2,correct
A00811,B00739,4.446935870686151e-08,0,0,0.2307692307692307,0.3,0.2391304347826087,0.2391304347826086,0.144927536231884,0.216867469879518,0.2608695652173913,0.25,0.3636363636363636,0.3478260869565217,0.0,0.2474226804123711,0.0,1.0,0,0.2400521134290636,0.283300395256917,0.0,0.064007171671896,1,correct
A00894,B00797,1.8705385342075185e-05,0,0,0.2278481012658227,0.2571428571428571,0.1935483870967742,0.1935483870967742,0.2162162162162162,0.1818181818181818,0.4285714285714286,0.1052631578947368,0.0,0.3076923076923077,0.2884615384615384,0.2448979591836735,0.0,1.0,0,0.2550488796917368,0.2244360902255639,0.0,0.0727932271809822,2,correct
A00923,B00523,0.24470164725536028,0,0,0.3013698630136986,0.3348837209302326,0.2298850574712644,0.2298850574712644,0.1492537313432835,0.2469135802469135,1.0,1.0,0.7272727272727273,0.3846153846153846,0.3061224489795918,0.2608695652173913,0.0,0.0,0,0.3118197113810769,0.931818181818182,1.0,0.1084834910864089,1,correct
A00505,B00759,1.93973124513172e-05,0,0,0.1739130434782608,0.3,0.144578313253012,0.144578313253012,0.088235294117647,0.1463414634146342,0.3478260869565217,0.3809523809523809,0.5454545454545454,0.2962962962962963,0.2553191489361702,0.0,0.0,1.0,0,0.2168254242826116,0.4071710897797854,0.0,0.0585342789598108,2,correct
A00111,B00751,0.08766177085717801,0,0,0.1690140845070422,0.3497727272727273,0.2352941176470588,0.2352941176470588,0.1714285714285713,0.2380952380952381,1.0,1.0,0.5454545454545454,0.3846153846153846,0.2708333333333333,0.1999999999999999,0.0,0.0,0,0.3000989427239427,0.8863636363636364,1.0,0.1032165865384615,2,correct
A00069,B00445,5.813749534592902e-06,0,0,0.1791044776119402,0.3325,0.1728395061728395,0.1728395061728395,0.1690140845070422,0.1647058823529411,0.2105263157894736,0.3636363636363636,0.5454545454545454,0.4615384615384615,0.0,0.2093023255813954,0.0,1.0,0,0.2563942176154898,0.3401913875598086,0.0,0.0822625223613595,1,correct
A00398,B00145,3.879538256213506e-05,0,0,0.2857142857142857,0.4090909090909091,0.2857142857142857,0.2857142857142857,0.1999999999999999,0.1904761904761905,0.0,0.1999999999999999,0.1818181818181817,0.3846153846153846,0.2941176470588235,0.2708333333333333,0.0,1.0,0,0.3224882348044113,0.1054545454545454,0.0,0.1322719559851912,2,correct
A00219,B00479,0.02014634338726144,0,0,0.1739130434782608,0.342,0.1927710843373493,0.1927710843373493,0.1690140845070422,0.1647058823529411,1.0,1.0,0.5454545454545454,0.3076923076923077,0.2553191489361702,0.2045454545454546,0.0,0.0,0,0.2660593285312935,0.8863636363636364,1.0,0.0892744160095224,2,correct
A00236,B00556,0.20470590248645149,0,0,0.25,0.4153846153846154,0.2325581395348837,0.2325581395348837,0.2597402597402597,0.2197802197802197,1.0,1.0,0.7272727272727273,0.3199999999999999,0.2680412371134021,0.0,0.0,1.0,0,0.2727776141384389,0.931818181818182,1.0,0.0865712926249008,1,correct
A00448,B00767,8.226675107073561e-10,0,0,0.2564102564102564,0.3358928571428572,0.2391304347826087,0.2391304347826086,0.1999999999999999,0.1666666666666667,0.1428571428571429,0.1333333333333333,0.1818181818181817,0.3703703703703704,0.0,0.2474226804123711,0.0,1.0,0,0.2452886666121202,0.1497402597402597,0.0,0.0746941580756014,1,correct
A00039,B00838,1.6122560410079626e-08,0,0,0.2285714285714285,0.3405405405405405,0.1904761904761905,0.1904761904761904,0.1690140845070422,0.1647058823529411,0.3333333333333333,0.3529411764705882,0.1818181818181817,0.3703703703703704,0.2526315789473684,0.2471910112359551,0.0,0.0,0,0.284150801234323,0.3013368983957218,0.0,0.101513406961071,2,correct
A00489,B00076,1.3463058432531077e-07,0,0,0.1690140845070422,0.2842105263157894,0.1882352941176471,0.188235294117647,0.1690140845070422,0.1411764705882353,0.1666666666666666,0.5882352941176471,0.3636363636363636,0.24,0.25,0.1999999999999999,0.0,0.0,0,0.2289984520123839,0.342379679144385,0.0,0.0656526315789473,3,correct
A00281,B00181,0.5244403127126679,0,0,0.2368421052631578,0.3681818181818182,0.2197802197802197,0.2197802197802197,0.1739130434782608,0.1927710843373493,1.0,1.0,0.7272727272727273,0.4,0.2574257425742574,0.2315789473684211,0.0,0.0,0,0.3023594658134171,0.931818181818182,1.0,0.1129218816618504,2,correct
A00790,B00382,4.312571242862159e-09,0,0,0.2608695652173913,0.5,0.2891566265060241,0.2891566265060241,0.1764705882352941,0.2195121951219512,0.1538461538461538,0.1538461538461538,0.1818181818181817,0.4615384615384615,0.2553191489361702,0.2727272727272727,0.0,0.0,0,0.365417094581599,0.1608391608391608,0.0,0.1715146555572087,2,correct
A00401,B00024,1.8693305207689394e-07,0,0,0.2465753424657534,0.351219512195122,0.2045454545454545,0.2045454545454546,0.1714285714285713,0.2142857142857143,0.2352941176470588,0.5882352941176471,0.3636363636363636,0.3199999999999999,0.2857142857142857,0.0,0.0,1.0,0,0.2550801393728223,0.3732620320855615,0.0,0.0750606271777003,1,correct
A00499,B00281,2.395792832371457e-06,0,0,0.1791044776119402,0.285,0.1728395061728395,0.1728395061728395,0.1690140845070422,0.1176470588235294,0.3809523809523809,0.3157894736842105,0.3636363636363636,0.4166666666666666,0.0,0.0,0.0,2.0,0,0.1923627450980392,0.3570745044429255,0.0,0.0474999999999999,0,correct
A00613,B00133,0.009882266488742922,0,0,0.1891891891891891,0.351219512195122,0.1818181818181818,0.1818181818181817,0.1492537313432835,0.2222222222222223,1.0,1.0,0.5454545454545454,0.3076923076923077,0.2424242424242424,0.2150537634408602,0.0,0.0,0,0.279970460521208,0.8863636363636364,1.0,0.091429577503535,2,correct
A00219,B00084,9.984216675068935e-07,0,0,0.1739130434782608,0.342,0.1927710843373493,0.1927710843373493,0.1690140845070422,0.1882352941176471,0.3333333333333333,0.375,0.5454545454545454,0.2307692307692307,0.2553191489361702,0.2045454545454546,0.0,0.0,0,0.2553805954996193,0.3988636363636363,0.0,0.0787513390864455,3,correct
A00175,B00955,0.3571397613768664,0,0,0.2077922077922077,0.3681818181818182,0.1978021978021978,0.1978021978021977,0.088235294117647,0.1707317073170732,1.0,1.0,0.0,0.3199999999999999,0.2549019607843137,0.25,0.0,1.0,0,0.2843361810356071,0.75,1.0,0.1028959893048128,2,correct
A00954,B00940,1.463888186528575e-07,0,0,0.2933333333333333,0.36,0.2247191011235955,0.2247191011235955,0.2162162162162162,0.1818181818181818,0.1538461538461538,0.0999999999999999,0.4,0.0,0.0,0.2553191489361702,0.0,2.0,0,0.1826615087040619,0.1992307692307692,0.0,0.0275744680851063,1,correct
A00711,B00711,0.9265455158559278,1,1,0.1764705882352941,0.36,0.2439024390243902,0.2439024390243902,0.1714285714285713,0.2142857142857143,1.0,1.0,0.9090909090909092,0.4166666666666666,0.2365591397849462,0.2068965517241379,0.0,0.0,0,0.3007088299168388,0.9772727272727272,1.0,0.107893214682981,2,correct
A00165,B00074,1.7945319516278007e-09,0,0,0.2133333333333333,0.3428571428571428,0.2022471910112359,0.202247191011236,0.1176470588235294,0.1707317073170732,0.0,0.16,0.4,0.3199999999999999,0.24,0.2340425531914893,0.0,0.0,0,0.2721098672992809,0.148,0.0,0.092644376899696,2,correct
A00153,B00049,6.299698510809953e-08,0,0,0.2571428571428571,0.3891891891891892,0.2142857142857143,0.2142857142857143,0.1492537313432835,0.1975308641975308,0.3076923076923077,0.5555555555555556,0.1818181818181817,0.2962962962962963,0.2736842105263157,0.2471910112359551,0.0,0.0,0,0.2936534721198628,0.3505827505827505,0.0,0.1069418276940453,3,correct
A00600,B00668,5.738773766242696e-10,0,0,0.2432432432432432,0.3077999999999999,0.2272727272727273,0.2272727272727273,0.1764705882352941,0.2439024390243902,0.0,0.1666666666666666,0.1818181818181817,0.4,0.2626262626262626,0.0,0.0,1.0,0,0.2605144271988174,0.0954545454545454,0.0,0.073498909090909,1,correct
A00691,B00237,4.660979589685852e-09,0,0,0.1944444444444444,0.3692307692307692,0.2093023255813953,0.2093023255813954,0.1428571428571429,0.2142857142857143,0.1999999999999999,0.3076923076923077,0.1818181818181817,0.4166666666666666,0.2474226804123711,0.2197802197802197,0.0,0.0,0,0.3070401419885956,0.2277622377622377,0.0,0.1132901674059485,2,correct
A00236,B00236,0.8251861319606715,1,1,0.25,0.4153846153846154,0.255813953488372,0.2558139534883721,0.2597402597402597,0.2197802197802197,1.0,1.0,0.9090909090909092,0.2307692307692307,0.2680412371134021,0.0,0.0,1.0,0,0.254931460292285,0.9772727272727272,1.0,0.0717452571219423,2,correct
A00847,B00807,0.3534182830389462,0,0,0.2133333333333333,0.28,0.1797752808988764,0.1797752808988764,0.1818181818181817,0.175,1.0,1.0,0.7272727272727273,0.3076923076923077,0.26,0.2340425531914893,0.0,0.0,0,0.2546448445171849,0.931818181818182,1.0,0.0759611129296235,2,correct
A00424,B00786,0.000508846563700582,0,0,0.2318840579710145,0.36,0.1927710843373493,0.1927710843373493,0.2162162162162162,0.1818181818181818,0.3529411764705882,0.0,0.3636363636363636,0.3199999999999999,0.2978723404255319,0.2272727272727273,0.0,1.0,0,0.2871353965183753,0.2497326203208556,0.0,0.1027956673114119,2,correct
A00183,B00743,0.015951434351964708,0,0,0.2191780821917808,0.4049999999999999,0.2068965517241379,0.2068965517241379,0.1492537313432835,0.1975308641975308,1.0,1.0,0.5454545454545454,0.3199999999999999,0.2448979591836735,0.0,0.0,1.0,0,0.2617408667170571,0.8863636363636364,1.0,0.0815951020408163,1,correct
A00281,B00245,2.3060019954959295e-07,0,0,0.2368421052631578,0.3681818181818182,0.2197802197802197,0.2197802197802197,0.1739130434782608,0.1927710843373493,0.3636363636363636,0.3636363636363636,0.3636363636363636,0.4,0.2574257425742574,0.2315789473684211,0.0,0.0,0,0.3023594658134171,0.3636363636363636,0.0,0.1129218816618504,2,correct
A00043,B00439,1.822853118077704e-08,0,0,0.208955223880597,0.3705882352941176,0.1728395061728395,0.1728395061728395,0.1492537313432835,0.2222222222222223,0.2222222222222222,0.2857142857142857,0.0,0.48,0.2608695652173913,0.2325581395348837,0.0,0.0,0,0.325635070745521,0.1857142857142857,0.0,0.1260104918812823,3,correct
A00048,B00388,0.00542545077619782,0,0,0.1764705882352941,0.3085714285714285,0.2195121951219512,0.2195121951219512,0.1999999999999999,0.2142857142857143,1.0,1.0,0.3636363636363636,0.4,0.2365591397849462,0.2068965517241379,0.0,0.0,0,0.2819469251549341,0.8409090909090909,1.0,0.0904227554425552,2,correct
A00500,B00580,0.1367192486002355,0,0,0.2285714285714285,0.3405405405405405,0.1904761904761905,0.1904761904761904,0.1764705882352941,0.2195121951219512,1.0,1.0,0.5454545454545454,0.4,0.0,0.2471910112359551,0.0,1.0,0,0.2631432528719457,0.8863636363636364,1.0,0.0797400546614029,1,correct
A00834,B00834,0.9679488676220539,1,1,0.2337662337662337,0.3446808510638298,0.2197802197802197,0.2197802197802197,0.2162162162162162,0.2045454545454545,1.0,1.0,0.8888888888888888,0.3846153846153846,0.2745098039215686,0.25,0.0,0.0,0,0.299912893739552,0.9722222222222222,1.0,0.1072643689226918,2,correct
A00202,B00644,5.161697204615183e-09,0,0,0.1643835616438356,0.315,0.1839080459770115,0.1839080459770115,0.1194029850746268,0.1728395061728395,0.2857142857142857,0.2666666666666667,0.1818181818181817,0.3199999999999999,0.2448979591836735,0.0,0.0,1.0,0,0.2298025951121189,0.254025974025974,0.0,0.0634628571428571,1,correct
A00068,B00276,1.291231329618059e-09,0,0,0.1818181818181817,0.3818181818181818,0.175,0.175,0.1999999999999999,0.2380952380952381,0.1818181818181817,0.1666666666666666,0.0,0.3703703703703704,0.0,0.0,0.0,2.0,0,0.2362385762385762,0.1318181818181817,0.0,0.0565656565656565,1,correct
A00350,B00350,0.9771597043040458,1,1,0.1999999999999999,0.3664285714285714,0.2380952380952381,0.2380952380952381,0.1764705882352941,0.2195121951219512,1.0,1.0,0.9090909090909092,0.48,0.2315789473684211,0.2247191011235955,0.0,0.0,0,0.3182757177267642,0.9772727272727272,1.0,0.1205144783306581,2,correct
A00246,B00912,0.0002551568128093808,0,0,0.2105263157894736,0.3348837209302326,0.2222222222222223,0.2222222222222222,0.2597402597402597,0.2637362637362638,0.0,0.2666666666666667,0.3636363636363636,0.3846153846153846,0.2574257425742574,0.2315789473684211,0.0,1.0,0,0.3034861494408012,0.1709090909090909,0.0,0.1006484854869066,2,correct
A00945,B00724,2.019115266119072e-09,0,0,0.2972972972972972,0.288,0.2045454545454545,0.2045454545454546,0.1176470588235294,0.1707317073170732,0.4210526315789473,0.3157894736842105,0.1818181818181817,0.3076923076923077,0.0,0.2365591397849462,0.0,1.0,0,0.2175686739696181,0.3296650717703349,0.0,0.0558848635235732,1,correct
A00478,B00398,0.10904094408228704,0,0,0.3291139240506329,0.3705,0.3010752688172043,0.3010752688172042,0.1999999999999999,0.2142857142857143,1.0,1.0,0.5454545454545454,0.0,0.3076923076923077,0.3061224489795918,0.0,1.0,0,0.2460793563579278,0.8863636363636364,1.0,0.0682255102040816,0,correct
A00621,B00941,0.13071306899452564,0,0,0.1866666666666666,0.3428571428571428,0.1797752808988764,0.1797752808988764,0.1714285714285713,0.1904761904761905,1.0,1.0,0.7272727272727273,0.3076923076923077,0.24,0.2127659574468084,0.0,0.0,0,0.2704057361078638,0.931818181818182,1.0,0.0887680149637596,2,correct
A00816,B00816,0.9769563971020412,1,1,0.2337662337662337,0.3063829787234043,0.2197802197802197,0.2197802197802197,0.2631578947368421,0.2444444444444444,1.0,1.0,0.9090909090909092,0.3846153846153846,0.2745098039215686,0.25,0.0,0.0,0,0.2964033300172224,0.9772727272727272,1.0,0.0953461057090594,2,correct
A00222,B00542,0.016627445477810254,0,0,0.1643835616438356,0.315,0.1839080459770115,0.1839080459770115,0.1194029850746268,0.1728395061728395,1.0,1.0,0.5454545454545454,0.3199999999999999,0.2448979591836735,0.1956521739130434,0.0,0.0,0,0.2591504211990754,0.8863636363636364,1.0,0.0819519875776397,2,correct
A00505,B00570,1.3861584320157124e-08,0,0,0.1739130434782608,0.3,0.144578313253012,0.144578313253012,0.088235294117647,0.1463414634146342,0.2222222222222222,0.2352941176470588,0.3636363636363636,0.3199999999999999,0.2553191489361702,0.2045454545454546,0.0,0.0,0,0.2522479832051705,0.2614973262032085,0.0,0.0797878143133462,2,correct
A00501,B00966,5.575547121994341e-10,0,0,0.1944444444444444,0.323076923076923,0.1627906976744185,0.1627906976744185,0.1428571428571429,0.1904761904761905,0.3,0.1333333333333333,0.1818181818181817,0.3076923076923077,0.2474226804123711,0.2197802197802197,0.0,0.0,0,0.2666372115856651,0.2204545454545454,0.0,0.0850460562435185,2,correct
A00185,B00121,5.284014496435663e-09,0,0,0.1643835616438356,0.315,0.1839080459770115,0.1839080459770115,0.1176470588235294,0.1463414634146342,0.3636363636363636,0.3636363636363636,0.1818181818181817,0.3333333333333333,0.2448979591836735,0.1956521739130434,0.0,0.0,0,0.256517479314101,0.3181818181818181,0.0,0.0836319875776397,2,correct
A00608,B00608,0.8492712636537073,1,1,0.1666666666666666,0.323076923076923,0.2093023255813953,0.2093023255813954,0.1999999999999999,0.1904761904761905,1.0,1.0,0.9090909090909092,0.3478260869565217,0.2474226804123711,0.1978021978021977,0.0,0.0,0,0.2713672641418047,0.9772727272727272,1.0,0.0881023978951779,2,correct
A00459,B00518,2.6196123569798092e-05,0,0,0.2631578947368421,0.38,0.2666666666666667,0.2666666666666667,0.1690140845070422,0.1647058823529411,0.3333333333333333,0.3529411764705882,0.0,0.3199999999999999,0.297029702970297,0.2526315789473684,0.0,1.0,0,0.293390368758238,0.2558823529411764,0.0,0.1113013861386138,2,correct
A00339,B00559,0.5365074344686441,0,0,0.1971830985915492,0.3497727272727273,0.2352941176470588,0.2352941176470588,0.1690140845070422,0.1647058823529411,1.0,1.0,0.5454545454545454,0.48,0.25,0.0,0.0,1.0,0,0.2713729946524064,0.8863636363636364,1.0,0.0933893181818182,1,correct
A00240,B00842,0.04382722883285462,0,0,0.24,0.3428571428571428,0.247191011235955,0.2471910112359551,0.1764705882352941,0.1951219512195122,0.0,0.2666666666666667,0.5454545454545454,0.0,0.26,0.0,0.0,3.0,0,0.1808815331010453,0.2163636363636363,0.0,0.0267428571428571,1,correct
A00448,B00655,9.67676226509692e-08,0,0,0.2564102564102564,0.3358928571428572,0.2391304347826087,0.2391304347826086,0.1999999999999999,0.1904761904761905,0.4615384615384615,0.3333333333333333,0.1818181818181817,0.3846153846153846,0.2912621359223301,0.2474226804123711,0.0,0.0,0,0.2965888946113773,0.3531468531468531,0.0,0.1059579387932656,2,correct
A00539,B00059,0.33060939476717666,0,0,0.2465753424657534,0.45,0.2528735632183908,0.2528735632183908,0.1714285714285713,0.1666666666666667,1.0,1.0,0.7272727272727273,0.3199999999999999,0.2653061224489795,0.2608695652173913,0.0,0.0,0,0.3112596864832889,0.931818181818182,1.0,0.12863371783496,2,correct
A00577,B00577,0.8197026048366333,1,1,0.1917808219178082,0.315,0.1839080459770115,0.1839080459770115,0.1818181818181817,0.2,1.0,1.0,0.9090909090909092,0.3333333333333333,0.2448979591836735,0.217391304347826,0.0,0.0,0,0.2705100561963916,0.9772727272727272,1.0,0.0856863354037267,2,correct
A00319,B00590,6.896599252030082e-08,0,0,0.2285714285714285,0.3664285714285714,0.2380952380952381,0.2380952380952381,0.1690140845070422,0.1882352941176471,0.2352941176470588,0.2857142857142857,0.1818181818181817,0.0,0.2526315789473684,0.2471910112359551,0.0,1.0,0,0.2225490187795993,0.2370511841100076,0.0,0.054944783306581,2,correct
A00432,B00492,0.10089463017001042,0,0,0.2121212121212121,0.3520588235294117,0.175,0.175,0.1194029850746268,0.148148148148148,1.0,1.0,0.5454545454545454,0.3703703703703704,0.2857142857142857,0.2117647058823529,0.0,0.0,0,0.283943199502023,0.8863636363636364,1.0,0.1046994232987312,2,correct
A00841,B00741,0.5164646059886431,0,0,0.2368421052631578,0.3446808510638298,0.2417582417582417,0.2417582417582418,0.1428571428571429,0.2142857142857143,1.0,1.0,0.7272727272727273,0.3333333333333333,0.2772277227722772,0.2526315789473684,0.0,0.0,0,0.2924069601009053,0.931818181818182,1.0,0.1007471533267548,2,correct
A00100,B00641,1.691286224366876e-06,0,0,0.2432432432432432,0.351219512195122,0.2272727272727273,0.2272727272727273,0.1764705882352941,0.2195121951219512,0.2352941176470588,0.2352941176470588,0.5454545454545454,0.4166666666666666,0.2828282828282829,0.2365591397849462,0.0,0.0,0,0.3105097394082445,0.3128342245989305,0.0,0.1132622845290036,2,correct
A00540,B00580,0.4763557319813488,0,0,0.2631578947368421,0.4186046511627907,0.2888888888888888,0.2888888888888888,0.1791044776119402,0.2222222222222223,1.0,1.0,0.7272727272727273,0.4,0.0,0.2526315789473684,0.0,1.0,0,0.2879205766353869,0.931818181818182,1.0,0.0987025703794369,1,correct
A00577,B00753,1.0993548503873966e-06,0,0,0.1917808219178082,0.315,0.1839080459770115,0.1839080459770115,0.1818181818181817,0.2,0.1428571428571429,0.4285714285714286,0.5454545454545454,0.2962962962962963,0.2448979591836735,0.217391304347826,0.0,0.0,0,0.2631026487889842,0.3292207792207792,0.0,0.08101966873706,3,correct
A00344,B00946,4.598184598814734e-08,0,0,0.2465753424657534,0.36,0.2068965517241379,0.2068965517241379,0.2162162162162162,0.2045454545454545,0.3529411764705882,0.1666666666666666,0.3636363636363636,0.4,0.2653061224489795,0.217391304347826,0.0,0.0,0,0.3013137049286117,0.2997326203208555,0.0,0.109731322094055,2,correct
A00859,B00199,0.8865177621229561,0,1,0.1999999999999999,0.3,0.1904761904761905,0.1904761904761904,0.1690140845070422,0.1647058823529411,1.0,1.0,0.7272727272727273,0.4615384615384615,0.2526315789473684,0.2247191011235955,0.0,0.0,0,0.2868514707889251,0.931818181818182,1.0,0.0983461765910021,2,false_positive
A00724,B00604,0.23354909621319705,0,0,0.2222222222222222,0.3692307692307692,0.186046511627907,0.1860465116279069,0.2162162162162162,0.1818181818181818,1.0,1.0,0.7272727272727273,0.3199999999999999,0.2680412371134021,0.2197802197802197,0.0,0.0,0,0.2843060856669104,0.931818181818182,1.0,0.1012971459943704,2,correct
A00869,B00380,6.234698812908221e-10,0,0,0.1971830985915492,0.3497727272727273,0.2352941176470588,0.2352941176470588,0.1690140845070422,0.1882352941176471,0.2857142857142857,0.2352941176470588,0.0,0.3076923076923077,0.25,0.2222222222222222,0.0,0.0,0,0.2749506718771425,0.1991596638655462,0.0,0.0926000874125874,3,correct
A00453,B00845,0.00011020136593967926,0,0,0.25,0.3585483870967741,0.2765957446808511,0.276595744680851,0.1492537313432835,0.1728395061728395,0.0,0.1999999999999999,0.3636363636363636,0.3703703703703704,0.0,0.2424242424242424,0.0,2.0,0,0.2525701278013106,0.1509090909090908,0.0,0.0791945259042033,1,correct
A00560,B00565,4.468978491837935e-08,0,0,0.2105263157894736,0.2930232558139535,0.2222222222222223,0.2222222222222222,0.1764705882352941,0.2439024390243902,0.1052631578947368,0.2105263157894736,0.3636363636363636,0.4615384615384615,0.2376237623762376,0.2315789473684211,0.0,0.0,0,0.2993755633184552,0.2014354066985645,0.0,0.095342792767178,2,correct
A00472,B00152,0.01732395309344116,0,0,0.2666666666666667,0.3617307692307692,0.247191011235955,0.2471910112359551,0.1194029850746268,0.148148148148148,1.0,1.0,0.5454545454545454,0.2307692307692307,0.3,0.2553191489361702,0.0,0.0,0,0.2676005788931321,0.8863636363636364,1.0,0.0936533394183558,2,correct
A00601,B00601,0.9738205483730953,1,1,0.2105263157894736,0.3681818181818182,0.2197802197802197,0.2197802197802197,0.1714285714285713,0.2142857142857143,1.0,1.0,0.9090909090909092,0.4166666666666666,0.0,0.0,0.0,2.0,0,0.2366450216450216,0.9772727272727272,1.0,0.0613636363636363,0,correct
A00258,B00042,6.566176792001787e-09,0,0,0.1971830985915492,0.3886363636363636,0.2588235294117646,0.2588235294117647,0.1999999999999999,0.1904761904761905,0.1428571428571429,0.375,0.0,0.4444444444444444,0.25,0.2222222222222222,0.0,0.0,0,0.3144083694083694,0.1767857142857143,0.0,0.1241477272727272,3,correct
A00252,B00533,1.7263519646132136e-09,0,0,0.1891891891891891,0.351219512195122,0.2727272727272726,0.2727272727272727,0.1194029850746268,0.1728395061728395,0.3076923076923077,0.2222222222222222,0.1818181818181817,0.3478260869565217,0.2424242424242424,0.2150537634408602,0.0,0.0,0,0.2781206731641742,0.2505827505827506,0.0,0.0970678840538246,2,correct
A00711,B00031,0.17177930761266888,0,0,0.1764705882352941,0.36,0.2682926829268293,0.2682926829268293,0.1714285714285713,0.1904761904761905,1.0,1.0,0.5454545454545454,0.4615384615384615,0.2365591397849462,0.2068965517241379,0.0,0.0,0,0.304921284129293,0.8863636363636364,1.0,0.1143547531445195,2,correct
A00360,B00660,0.8290182001252787,0,1,0.2564102564102564,0.36,0.2608695652173912,0.2608695652173913,0.1764705882352941,0.2195121951219512,1.0,1.0,0.7272727272727273,0.0,0.2524271844660194,0.2268041237113401,0.0,1.0,0,0.2237871352509942,0.931818181818182,1.0,0.0517569812831548,2,false_positive
A00498,B00410,3.782775249984003e-09,0,0,0.1492537313432835,0.3325,0.1728395061728395,0.1728395061728395,0.1999999999999999,0.1904761904761905,0.3076923076923077,0.1538461538461538,0.1818181818181817,0.2222222222222222,0.2391304347826086,0.0,0.0,1.0,0,0.2181592477570738,0.23006993006993,0.0,0.0534088164251207,2,correct
A00992,B00092,0.9799023148802684,0,1,0.2432432432432432,0.342,0.25,0.25,0.1194029850746268,0.1728395061728395,1.0,1.0,0.9090909090909092,0.4347826086956521,0.2626262626262626,0.0,0.0,1.0,0,0.2635183623676377,0.9772727272727272,1.0,0.0864237154150197,1,false_positive
A00669,B00289,0.011995849387006615,0,0,0.1714285714285713,0.3405405405405405,0.1904761904761905,0.1904761904761904,0.1690140845070422,0.1647058823529411,1.0,1.0,0.5454545454545454,0.3199999999999999,0.2315789473684211,0.202247191011236,0.0,0.0,0,0.2641772593896989,0.8863636363636364,1.0,0.0879098054885163,2,correct
A00960,B00660,0.9795474852846248,0,1,0.2784810126582279,0.3135,0.2365591397849462,0.2365591397849462,0.1764705882352941,0.2195121951219512,1.0,1.0,0.7272727272727273,0.0,0.2884615384615384,0.2653061224489795,0.0,1.0,0,0.2210175881609679,0.931818181818182,1.0,0.0520818485086342,2,false_positive
A00951,B00779,6.691375113203663e-09,0,0,0.2777777777777778,0.3,0.2325581395348837,0.2325581395348837,0.1428571428571429,0.2142857142857143,0.2608695652173913,0.25,0.1818181818181817,0.3846153846153846,0.2886597938144329,0.2417582417582418,0.0,0.0,0,0.289342925116121,0.2378458498023715,0.0,0.0938914693553868,2,correct
A00287,B00107,0.03191881762197222,0,0,0.2133333333333333,0.3288461538461538,0.2247191011235955,0.2247191011235955,0.1846153846153846,0.1772151898734176,1.0,1.0,0.5454545454545454,0.3076923076923077,0.26,0.2340425531914893,0.0,0.0,0,0.2697417286457146,0.8863636363636364,1.0,0.0892125708170716,2,correct
A00802,B00624,2.6681403046095237e-08,0,0,0.2307692307692307,0.3,0.1956521739130434,0.1956521739130434,0.1194029850746268,0.148148148148148,0.2857142857142857,0.2666666666666667,0.1818181818181817,0.4,0.2718446601941747,0.2474226804123711,0.0,0.0,0,0.2775197307206115,0.254025974025974,0.0,0.0947340606545891,2,correct
A00370,B00370,0.9297904255735108,1,1,0.2077922077922077,0.3681818181818182,0.2197802197802197,0.2197802197802197,0.1764705882352941,0.2195121951219512,1.0,1.0,0.9090909090909092,0.3846153846153846,0.2549019607843137,0.2291666666666666,0.0,0.0,0,0.3038903555196596,0.9772727272727272,1.0,0.1101109368572604,2,correct
A00081,B00450,7.523416673869226e-06,0,0,0.2337662337662337,0.4,0.1956521739130434,0.1956521739130434,0.1428571428571429,0.1904761904761905,0.25,0.1333333333333333,0.0,0.4,0.2745098039215686,0.0,0.0,2.0,0,0.2792717086834734,0.1525,0.0,0.0969411764705882,1,correct
A00352,B00472,0.018159582432626047,0,0,0.1999999999999999,0.3664285714285714,0.2380952380952381,0.2380952380952381,0.1194029850746268,0.1728395061728395,1.0,1.0,0.5454545454545454,0.3076923076923077,0.2526315789473684,0.2247191011235955,0.0,0.0,0,0.2776375362122454,0.8863636363636364,1.0,0.0975733794295592,2,correct
A00609,B00726,0.004202870616843179,0,0,0.1621621621621621,0.3073170731707316,0.1818181818181818,0.1818181818181817,0.1690140845070422,0.1647058823529411,0.0,0.1333333333333333,0.0,0.3076923076923077,0.0,0.1935483870967742,0.0,3.0,0,0.2157070180247854,0.0399999999999999,0.0,0.0556678569267082,1,correct
A00239,B00041,2.9536421024101496e-07,0,0,0.2028985507246377,0.35,0.1927710843373493,0.1927710843373493,0.1690140845070422,0.1411764705882353,0.3809523809523809,0.3157894736842105,0.1818181818181817,0.0,0.2553191489361702,0.2272727272727273,0.0,1.0,0,0.2056240755489816,0.31161995898838,0.0,0.0506721470019342,2,correct
A00947,B00371,5.925584421184931e-06,0,0,0.3287671232876712,0.3348837209302326,0.2298850574712644,0.2298850574712644,0.1818181818181817,0.225,0.4,0.5882352941176471,0.5454545454545454,0.24,0.326530612244898,0.2826086956521739,0.0,0.0,0,0.2848360124636305,0.4928342245989305,0.0,0.0933460886073337,2,correct
A00719,B00719,0.9974231681563028,1,1,0.2352941176470588,0.36,0.2195121951219512,0.2195121951219512,0.1690140845070422,0.1411764705882353,1.0,1.0,0.9090909090909092,0.0,0.2580645161290322,0.2528735632183908,0.0,1.0,0,0.2128760060197605,0.9772727272727272,1.0,0.0551813125695216,2,correct
A00019,B00714,3.130522881167776e-06,0,0,0.1999999999999999,0.2918918918918919,0.1904761904761905,0.1904761904761904,0.1999999999999999,0.1428571428571429,0.2352941176470588,0.2727272727272727,0.4,0.5,0.2736842105263157,0.2247191011235955,0.0,0.0,0,0.2908994928864828,0.2877005347593583,0.0,0.1020223440471814,2,correct
A00363,B00363,0.9167533833510497,1,1,0.24,0.4285714285714285,0.2247191011235955,0.2247191011235955,0.1492537313432835,0.2222222222222223,1.0,1.0,0.9090909090909092,0.3703703703703704,0.26,0.2553191489361702,0.0,0.0,0,0.3243878194303726,0.9772727272727272,1.0,0.1297473826409996,2,correct
