record_id_a,record_id_b,match_probability,threshold,match,decision_reason,evidence,confidence
A00000,B00000,0.9999546646932327,0.7,1,ML probability above threshold,same state,HIGH
A00001,B00001,0.9815168360767781,0.7,0,Geographic similarity without identity evidence,same city; same state; geographic-only evidence; 2 strong conflict(s),HIGH
A00002,B00002,0.9930846552943381,0.7,0,Geographic similarity without identity evidence,same city; same state; geographic-only evidence; 1 strong conflict(s),HIGH
A00003,B00003,0.9970336048268789,0.7,0,Geographic similarity without identity evidence,same city; same state; geographic-only evidence; 2 strong conflict(s),HIGH
A00004,B00004,0.9907461117750421,0.7,1,ML probability above threshold,same city; 2 strong conflict(s),HIGH
A00005,B00005,0.9973258493990543,0.7,0,Geographic similarity without identity evidence,same city; same state; geographic-only evidence; 2 strong conflict(s),HIGH
A00006,B00006,0.9864985423562223,0.7,0,Geographic similarity without identity evidence,same city; same state; geographic-only evidence; 2 strong conflict(s),HIGH
A00007,B00007,0.9991812047533819,0.7,0,Geographic similarity without identity evidence,same city; same state; geographic-only evidence; 1 strong conflict(s),HIGH
A00008,B00008,0.921442048953253,0.7,0,Geographic similarity without identity evidence,same city; same state; geographic-only evidence; 2 strong conflict(s),HIGH
A00009,B00009,0.9592524624068451,0.7,0,Geographic similarity without identity evidence,same city; same state; geographic-only evidence; 2 strong conflict(s),HIGH
A00010,B00010,0.9275499998785113,0.7,0,Geographic similarity without identity evidence,same city; same state; geographic-only evidence; 1 strong conflict(s),HIGH
A00011,B00011,0.9965955667263907,0.7,0,Geographic similarity without identity evidence,same city; same state; geographic-only evidence; 2 strong conflict(s),HIGH
A00012,B00012,0.9992450402182009,0.7,0,Geographic similarity without identity evidence,same city; same state; geographic-only evidence; 1 strong conflict(s),HIGH
A00013,B00013,0.9942536824730784,0.7,0,Geographic similarity without identity evidence,same city; same state; geographic-only evidence; 2 strong conflict(s),HIGH
A00014,B00014,0.9043953356970282,0.7,0,Geographic similarity without identity evidence,same city; same state; geographic-only evidence; 2 strong conflict(s),HIGH
A00015,B00015,0.9975022006495653,0.7,0,Geographic similarity without identity evidence,same city; same state; geographic-only evidence; 2 strong conflict(s),HIGH
A00016,B00016,0.9147077910012594,0.7,0,Geographic similarity without identity evidence,same city; same state; geographic-only evidence; 2 strong conflict(s),HIGH
A00017,B00017,0.8221033133772664,0.7,0,Geographic similarity without identity evidence,same city; same state; geographic-only evidence; 2 strong conflict(s),MEDIUM
A00018,B00018,0.9848001108160195,0.7,0,Geographic similarity without identity evidence,same city; same state; geographic-only evidence; 2 strong conflict(s),HIGH
A00019,B00019,0.9950510142847757,0.7,0,Geographic similarity without identity evidence,same city; same state; geographic-only evidence; 1 strong conflict(s),HIGH
A00020,B00020,0.9139740048724077,0.7,0,Geographic similarity without identity evidence,same city; same state; geographic-only evidence; 2 strong conflict(s),HIGH
A00021,B00021,0.9263002670349517,0.7,0,Geographic similarity without identity evidence,same city; same state; geographic-only evidence; 2 strong conflict(s),HIGH
A00022,B00022,0.9055768907930155,0.7,0,Geographic similarity without identity evidence,same city; same state; geographic-only evidence; 1 strong conflict(s),HIGH
A00023,B00023,0.6158776437389194,0.7,0,Geographic similarity without identity evidence,same city; same state; geographic-only evidence; 1 strong conflict(s),LOW
A00024,B00024,0.9964638709936026,0.7,0,Geographic similarity without identity evidence,same city; same state; geographic-only evidence; 1 strong conflict(s),HIGH
A00025,B00025,0.690561618596714,0.7,0,Geographic similarity without identity evidence,same city; same state; geographic-only evidence; 2 strong conflict(s),LOW
A00026,B00026,0.9696438298419944,0.7,0,Geographic similarity without identity evidence,same city; same state; geographic-only evidence; 2 strong conflict(s),HIGH
A00027,B00027,0.8694975596622652,0.7,0,Geographic similarity without identity evidence,same city; same state; geographic-only evidence; 2 strong conflict(s),MEDIUM
A00028,B00028,0.9818674991376926,0.7,0,Geographic similarity without identity evidence,same city; same state; geographic-only evidence; 1 strong conflict(s),HIGH
A00029,B00029,0.989706233177549,0.7,1,ML probability above threshold,same state; 2 strong conflict(s),HIGH
A00030,B00030,0.9957808962617828,0.7,0,Geographic similarity without identity evidence,same city; same state; geographic-only evidence; 1 strong conflict(s),HIGH
A00031,B00031,0.9982809623064998,0.7,0,Geographic similarity without identity evidence,same city; same state; geographic-only evidence; 2 strong conflict(s),HIGH
A00032,B00032,0.9985611309953175,0.7,0,Geographic similarity without identity evidence,same city; same state; geographic-only evidence; 2 strong conflict(s),HIGH
A00033,B00033,0.9470346033043795,0.7,0,Geographic similarity without identity evidence,same city; same state; geographic-only evidence; 2 strong conflict(s),HIGH
A00034,B00034,0.9868613864746026,0.7,0,Geographic similarity without identity evidence,same city; same state; geographic-only evidence; 2 strong conflict(s),HIGH
A00035,B00035,0.9377370834836197,0.7,0,Geographic similarity without identity evidence,same city; same state; geographic-only evidence; 1 strong conflict(s),HIGH
A00036,B00036,0.9914135804724067,0.7,0,Geographic similarity without identity evidence,same city; same state; geographic-only evidence; 2 strong conflict(s),HIGH
A00037,B00037,0.998429743109198,0.7,0,Geographic similarity without identity evidence,same city; same state; geographic-only evidence; 2 strong conflict(s),HIGH
A00038,B00038,0.9922782150781292,0.7,0,Geographic similarity without identity evidence,same city; same state; geographic-only evidence; 2 strong conflict(s),HIGH
A00039,B00039,0.9988467355382754,0.7,1,ML probability above threshold,same city; 2 strong conflict(s),HIGH
A00040,B00040,0.8323981434504765,0.7,0,Geographic similarity without identity evidence,same city; same state; geographic-only evidence; 2 strong conflict(s),MEDIUM
A00041,B00041,0.9960029019846105,0.7,0,Geographic similarity without identity evidence,same city; same state; geographic-only evidence; 2 strong conflict(s),HIGH
A00042,B00042,0.9913179577713667,0.7,0,Geographic similarity without identity evidence,same city; same state; geographic-only evidence; 2 strong conflict(s),HIGH
A00043,B00043,0.9811984149185496,0.7,0,Geographic similarity without identity evidence,same city; same state; geographic-only evidence; 2 strong conflict(s),HIGH
A00044,B00044,0.9590896212181546,0.7,0,Geographic similarity without identity evidence,same city; same state; geographic-only evidence; 2 strong conflict(s),HIGH
A00045,B00045,0.9460340175107076,0.7,0,Geographic similarity without identity evidence,same city; same state; geographic-only evidence; 2 strong conflict(s),HIGH
A00046,B00046,0.3435960013756867,0.7,0,Geographic similarity without identity evidence,same city; same state; geographic-only evidence; 2 strong conflict(s),LOW
A00047,B00047,0.9358184547241454,0.7,0,Geographic similarity without identity evidence,same city; same state; geographic-only evidence; 2 strong conflict(s),HIGH
A00048,B00048,0.9316392732181475,0.7,0,Geographic similarity without identity evidence,same city; same state; geographic-only evidence; 2 strong conflict(s),HIGH
A00049,B00049,0.9323492084342494,0.7,0,Geographic similarity without identity evidence,same city; same state; geographic-only evidence; 2 strong conflict(s),HIGH
A00050,B00050,0.9950025718099115,0.7,0,Geographic similarity without identity evidence,same city; same state; geographic-only evidence; 2 strong conflict(s),HIGH
A00051,B00051,0.9960029170668817,0.7,0,Geographic similarity without identity evidence,same city; same state; geographic-only evidence; 1 strong conflict(s),HIGH
A00052,B00052,0.9435488659153195,0.7,0,Geographic similarity without identity evidence,same city; same state; geographic-only evidence; 1 strong conflict(s),HIGH
A00053,B00053,0.9833028453057416,0.7,0,Geographic similarity without identity evidence,same city; same state; geographic-only evidence; 2 strong conflict(s),HIGH
A00054,B00054,0.9118539741537564,0.7,0,Geographic similarity without identity evidence,same city; same state; geographic-only evidence,HIGH
A00055,B00055,0.990224526404279,0.7,0,Geographic similarity without identity evidence,same city; same state; geographic-only evidence; 1 strong conflict(s),HIGH
A00056,B00056,0.9942627007545596,0.7,1,ML probability above threshold,same state; 2 strong conflict(s),HIGH
A00057,B00057,0.9282635770717281,0.7,0,Geographic similarity without identity evidence,same city; same state; geographic-only evidence; 2 strong conflict(s),HIGH
A00058,B00058,0.9721999715608082,0.7,0,Geographic similarity without identity evidence,same city; same state; geographic-only evidence; 1 strong conflict(s),HIGH
A00059,B00059,0.8158265680305481,0.7,0,Geographic similarity without identity evidence,same city; same state; geographic-only evidence; 2 strong conflict(s),MEDIUM
A00060,B00060,0.9841674099925207,0.7,0,Geographic similarity without identity evidence,same city; same state; geographic-only evidence; 1 strong conflict(s),HIGH
A00061,B00061,0.9826129450739162,0.7,0,Geographic similarity without identity evidence,same city; same state; geographic-only evidence; 2 strong conflict(s),HIGH
A00062,B00062,0.9864781467149496,0.7,0,Geographic similarity without identity evidence,same city; same state; geographic-only evidence; 2 strong conflict(s),HIGH
A00063,B00063,0.9358477014704679,0.7,0,Geographic similarity without identity evidence,same city; same state; geographic-only evidence; 2 strong conflict(s),HIGH
A00064,B00064,0.9945780150677734,0.7,0,Geographic similarity without identity evidence,same city; same state; geographic-only evidence; 2 strong conflict(s),HIGH
A00065,B00065,0.9899558905393442,0.7,0,Geographic similarity without identity evidence,same city; same state; geographic-only evidence; 2 strong conflict(s),HIGH
A00066,B00066,0.985625193799863,0.7,0,Geographic similarity without identity evidence,same city; same state; geographic-only evidence; 2 strong conflict(s),HIGH
A00067,B00067,0.9883802044820742,0.7,0,Geographic similarity without identity evidence,same city; same state; geographic-only evidence; 1 strong conflict(s),HIGH
A00068,B00068,0.9893058440339298,0.7,0,Geographic similarity without identity evidence,same city; same state; geographic-only evidence; 2 strong conflict(s),HIGH
A00069,B00069,0.9956346786862978,0.7,0,Geographic similarity without identity evidence,same city; same state; geographic-only evidence; 2 strong conflict(s),HIGH
A00070,B00070,0.9988608297036881,0.7,0,Geographic similarity without identity evidence,same city; same state; geographic-only evidence; 1 strong conflict(s),HIGH
A00071,B00071,0.975685157097034,0.7,0,Geographic similarity without identity evidence,same city; same state; geographic-only evidence; 1 strong conflict(s),HIGH
A00072,B00072,0.936101713075766,0.7,0,Geographic similarity without identity evidence,same city; same state; geographic-only evidence; 2 strong conflict(s),HIGH
A00073,B00073,0.9718326011519094,0.7,0,Geographic similarity without identity evidence,same city; same state; geographic-only evidence; 2 strong conflict(s),HIGH
A00074,B00074,0.9870110134610042,0.7,0,Geographic similarity without identity evidence,same city; same state; geographic-only evidence; 2 strong conflict(s),HIGH
A00075,B00075,0.9708686302489917,0.7,0,Geographic similarity without identity evidence,same city; same state; geographic-only evidence; 2 strong conflict(s),HIGH
A00076,B00076,0.9581099201984662,0.7,0,Geographic similarity without identity evidence,same city; same state; geographic-only evidence; 2 strong conflict(s),HIGH
A00077,B00077,0.7948310881171113,0.7,0,Geographic similarity without identity evidence,same city; same state; geographic-only evidence; 2 strong conflict(s),MEDIUM
A00078,B00078,0.9687970996175347,0.7,0,Geographic similarity without identity evidence,same city; same state; geographic-only evidence; 2 strong conflict(s),HIGH
A00079,B00079,0.9904778931129817,0.7,0,Geographic similarity without identity evidence,same city; same state; geographic-only evidence; 2 strong conflict(s),HIGH
A00080,B00080,0.9759770734475465,0.7,0,Geographic similarity without identity evidence,same city; same state; geographic-only evidence; 2 strong conflict(s),HIGH
A00081,B00081,0.971796703955674,0.7,0,Geographic similarity without identity evidence,same city; same state; geographic-only evidence; 2 strong conflict(s),HIGH
A00082,B00082,0.9987871151974653,0.7,1,ML probability above threshold,same state; 1 strong conflict(s),HIGH
A00083,B00083,0.7480889549227513,0.7,0,Geographic similarity without identity evidence,same city; same state; geographic-only evidence; 2 strong conflict(s),MEDIUM
A00084,B00084,0.9739972556424475,0.7,0,Geographic similarity without identity evidence,same city; same state; geographic-only evidence; 2 strong conflict(s),HIGH
A00085,B00085,0.829522847985798,0.7,1,ML probability above threshold,same city; 2 strong conflict(s),MEDIUM
A00086,B00086,0.9300656227663061,0.7,0,Geographic similarity without identity evidence,same city; same state; geographic-only evidence; 2 strong conflict(s),HIGH
A00087,B00087,0.8178471868344384,0.7,0,Geographic similarity without identity evidence,same city; same state; geographic-only evidence; 2 strong conflict(s),MEDIUM
A00088,B00088,0.7075705292440442,0.7,0,Geographic similarity without identity evidence,same city; same state; geographic-only evidence; 2 strong conflict(s),MEDIUM
A00089,B00089,0.9187034081961747,0.7,0,Geographic similarity without identity evidence,same city; same state; geographic-only evidence; 2 strong conflict(s),HIGH
A00090,B00090,0.9922665379427663,0.7,0,Geographic similarity without identity evidence,same city; same state; geographic-only evidence; 2 strong conflict(s),HIGH
A00091,B00091,0.982556897309147,0.7,0,Geographic similarity without identity evidence,same city; same state; geographic-only evidence; 2 strong conflict(s),HIGH
A00092,B00092,0.9977774473184386,0.7,0,Geographic similarity without identity evidence,same city; same state; geographic-only evidence; 1 strong conflict(s),HIGH
A00093,B00093,0.7315913417710342,0.7,0,Geographic similarity without identity evidence,same city; same state; geographic-only evidence; 2 strong conflict(s),MEDIUM
A00094,B00094,0.9605800767506691,0.7,0,Geographic similarity without identity evidence,same city; same state; geographic-only evidence; 2 strong conflict(s),HIGH
A00095,B00095,0.9689179166927726,0.7,0,Geographic similarity without identity evidence,same city; same state; geographic-only evidence,HIGH
A00096,B00096,0.9951402500134855,0.7,0,Geographic similarity without identity evidence,same city; same state; geographic-only evidence; 1 strong conflict(s),HIGH
A00097,B00097,0.8385174289585379,0.7,0,Geographic similarity without identity evidence,same city; same state; geographic-only evidence; 1 strong conflict(s),MEDIUM
A00098,B00098,0.963841488549182,0.7,0,Geographic similarity without identity evidence,same city; same state; geographic-only evidence; 2 strong conflict(s),HIGH
A00099,B00099,0.9956600034280852,0.7,0,Geographic similarity without identity evidence,same city; same state; geographic-only evidence; 2 strong conflict(s),HIGH
A00100,B00100,0.9979415901278373,0.7,0,Geographic similarity without identity evidence,same city; same state; geographic-only evidence; 2 strong conflict(s),HIGH
A00101,B00101,0.987785256830999,0.7,0,Geographic similarity without identity evidence,same city; same state; geographic-only evidence; 2 strong conflict(s),HIGH
A00102,B00102,0.9789422440305835,0.7,0,Geographic similarity without identity evidence,same city; same state; geographic-only evidence; 1 strong conflict(s),HIGH
A00103,B00103,0.9380571638467581,0.7,0,Geographic similarity without identity evidence,same city; same state; geographic-only evidence; 2 strong conflict(s),HIGH
A00104,B00104,0.9807470046963924,0.7,0,Geographic similarity without identity evidence,same city; same state; geographic-only evidence; 2 strong conflict(s),HIGH
A00105,B00105,0.4835889859439421,0.7,0,Geographic similarity without identity evidence,same city; same state; geographic-only evidence; 1 strong conflict(s),LOW
A00106,B00106,0.22391792850030226,0.7,0,Geographic similarity without identity evidence,same city; same state; geographic-only evidence; 1 strong conflict(s),LOW
A00107,B00107,0.750410338904693,0.7,0,Geographic similarity without identity evidence,same city; same state; geographic-only evidence; 2 strong conflict(s),MEDIUM
A00108,B00108,0.9474266365266221,0.7,0,Geographic similarity without identity evidence,same city; same state; geographic-only evidence; 2 strong conflict(s),HIGH
A00109,B00109,0.957890783281578,0.7,0,Geographic similarity without identity evidence,same city; same state; geographic-only evidence; 2 strong conflict(s),HIGH
A00110,B00110,0.9873903881983308,0.7,0,Geographic similarity without identity evidence,same city; same state; geographic-only evidence; 2 strong conflict(s),HIGH
A00111,B00111,0.9038831732036403,0.7,0,Geographic similarity without identity evidence,same city; same state; geographic-only evidence; 2 strong conflict(s),HIGH
A00112,B00112,0.9732151955727966,0.7,0,Geographic similarity without identity evidence,same city; same state; geographic-only evidence,HIGH
A00113,B00113,0.8628021276510918,0.7,0,Geographic similarity without identity evidence,same city; same state; geographic-only evidence,MEDIUM
A00114,B00114,0.9297628468645824,0.7,0,Geographic similarity without identity evidence,same city; same state; geographic-only evidence; 2 strong conflict(s),HIGH
A00115,B00115,0.9795141904671533,0.7,0,Geographic similarity without identity evidence,same city; same state; geographic-only evidence; 1 strong conflict(s),HIGH
A00116,B00116,0.9927141412576558,0.7,0,Geographic similarity without identity evidence,same city; same state; geographic-only evidence; 1 strong conflict(s),HIGH
A00117,B00117,0.9905928832255091,0.7,0,Geographic similarity without identity evidence,same city; same state; geographic-only evidence; 2 strong conflict(s),HIGH
A00118,B00118,0.5811632177058877,0.7,0,Geographic similarity without identity evidence,same city; same state; geographic-only evidence; 2 strong conflict(s),LOW
A00119,B00119,0.9638445868616705,0.7,0,Geographic similarity without identity evidence,same city; same state; geographic-only evidence; 1 strong conflict(s),HIGH
A00120,B00120,0.9734959713404324,0.7,0,Geographic similarity without identity evidence,same city; same state; geographic-only evidence; 1 strong conflict(s),HIGH
A00121,B00121,0.9531083237084729,0.7,0,Geographic similarity without identity evidence,same city; same state; geographic-only evidence; 2 strong conflict(s),HIGH
A00122,B00122,0.9799267141923336,0.7,0,Geographic similarity without identity evidence,same city; same state; geographic-only evidence; 2 strong conflict(s),HIGH
A00123,B00123,0.9797343609577526,0.7,0,Geographic similarity without identity evidence,same city; same state; geographic-only evidence; 1 strong conflict(s),HIGH
A00124,B00124,0.9627206596565684,0.7,0,Geographic similarity without identity evidence,same city; same state; geographic-only evidence; 2 strong conflict(s),HIGH
A00125,B00125,0.9887399184459371,0.7,0,Geographic similarity without identity evidence,same city; same state; geographic-only evidence; 3 strong conflict(s),HIGH
A00126,B00126,0.5834139466150373,0.7,0,Geographic similarity without identity evidence,same city; same state; geographic-only evidence; 2 strong conflict(s),LOW
A00127,B00127,0.996226916008512,0.7,0,Geographic similarity without identity evidence,same city; same state; geographic-only evidence; 1 strong conflict(s),HIGH
A00128,B00128,0.8996654962770618,0.7,0,Geographic similarity without identity evidence,same city; same state; geographic-only evidence; 1 strong conflict(s),MEDIUM
A00129,B00129,0.9754570274061067,0.7,0,Geographic similarity without identity evidence,same city; same state; geographic-only evidence; 1 strong conflict(s),HIGH
A00130,B00130,0.9987939374308247,0.7,1,ML probability above threshold,same city; 2 strong conflict(s),HIGH
A00131,B00131,0.9984518442976664,0.7,0,Geographic similarity without identity evidence,same city; same state; geographic-only evidence; 1 strong conflict(s),HIGH
A00132,B00132,0.994744431251462,0.7,0,Geographic similarity without identity evidence,same city; same state; geographic-only evidence; 2 strong conflict(s),HIGH
A00133,B00133,0.7999079856455756,0.7,0,Geographic similarity without identity evidence,same city; same state; geographic-only evidence; 2 strong conflict(s),MEDIUM
A00134,B00134,0.9961817360978523,0.7,0,Geographic similarity without identity evidence,same city; same state; geographic-only evidence; 1 strong conflict(s),HIGH
A00135,B00135,0.9599374829295637,0.7,0,Geographic similarity without identity evidence,same city; same state; geographic-only evidence; 1 strong conflict(s),HIGH
A00136,B00136,0.8999323908728838,0.7,0,Geographic similarity without identity evidence,same city; same state; geographic-only evidence; 3 strong conflict(s),MEDIUM
A00137,B00137,0.9316706650548069,0.7,0,Geographic similarity without identity evidence,same city; same state; geographic-only evidence; 2 strong conflict(s),HIGH
A00138,B00138,0.7256056528278587,0.7,0,Geographic similarity without identity evidence,same city; same state; geographic-only evidence; 2 strong conflict(s),MEDIUM
A00139,B00139,0.9945662938745355,0.7,1,ML probability above threshold,same state; 2 strong conflict(s),HIGH
A00140,B00140,0.9904877094241079,0.7,0,Geographic similarity without identity evidence,same city; same state; geographic-only evidence; 2 strong conflict(s),HIGH
A00141,B00141,0.4815515914900161,0.7,0,Geographic similarity without identity evidence,same city; same state; geographic-only evidence; 2 strong conflict(s),LOW
A00142,B00142,0.8848085603021646,0.7,0,Geographic similarity without identity evidence,same city; same state; geographic-only evidence; 2 strong conflict(s),MEDIUM
A00143,B00143,0.8174108951973118,0.7,0,Geographic similarity without identity evidence,same city; same state; geographic-only evidence; 1 strong conflict(s),MEDIUM
A00144,B00144,0.9564862804526727,0.7,0,Geographic similarity without identity evidence,same city; same state; geographic-only evidence; 1 strong conflict(s),HIGH
A00145,B00145,0.9820702802404193,0.7,1,ML probability above threshold,same state; 2 strong conflict(s),HIGH
A00146,B00146,0.4687659925452394,0.7,0,Geographic similarity without identity evidence,same city; same state; geographic-only evidence; 2 strong conflict(s),LOW
A00147,B00147,0.9766461211785291,0.7,0,Geographic similarity without identity evidence,same city; same state; geographic-only evidence; 2 strong conflict(s),HIGH
A00148,B00148,0.9540326292522974,0.7,0,Geographic similarity without identity evidence,same city; same state; geographic-only evidence; 2 strong conflict(s),HIGH
A00149,B00149,0.9983185663875885,0.7,0,Geographic similarity without identity evidence,same city; same state; geographic-only evidence; 2 strong conflict(s),HIGH
A00150,B00150,0.9431344790785163,0.7,1,ML probability above threshold,same state; 1 strong conflict(s),HIGH
A00151,B00151,0.8917455416879732,0.7,0,Geographic similarity without identity evidence,same city; same state; geographic-only evidence; 1 strong conflict(s),MEDIUM
A00152,B00152,0.8670832039934355,0.7,0,Geographic similarity without identity evidence,same city; same state; geographic-only evidence; 2 strong conflict(s),MEDIUM
A00153,B00153,0.9903189700904683,0.7,0,Geographic similarity without identity evidence,same city; same state; geographic-only evidence; 2 strong conflict(s),HIGH
A00154,B00154,0.7613347003253036,0.7,0,Geographic similarity without identity evidence,same city; same state; geographic-only evidence; 2 strong conflict(s),MEDIUM
A00155,B00155,0.897133167239819,0.7,1,ML probability above threshold,same state; 1 strong conflict(s),MEDIUM
A00156,B00156,0.9141768966783315,0.7,0,Geographic similarity without identity evidence,same city; same state; geographic-only evidence; 2 strong conflict(s),HIGH
A00157,B00157,0.9078195396028016,0.7,0,Geographic similarity without identity evidence,same city; same state; geographic-only evidence; 2 strong conflict(s),HIGH
A00158,B00158,0.9084688140446614,0.7,1,ML probability above threshold,same city; same state; 2 strong conflict(s),HIGH
A00159,B00159,0.9943155672866528,0.7,0,Geographic similarity without identity evidence,same city; same state; geographic-only evidence; 2 strong conflict(s),HIGH
A00160,B00160,0.9963360479820029,0.7,0,Geographic similarity without identity evidence,same city; same state; geographic-only evidence; 2 strong conflict(s),HIGH
A00161,B00161,0.8359641647085051,0.7,0,Geographic similarity without identity evidence,same city; same state; geographic-only evidence; 2 strong conflict(s),MEDIUM
A00162,B00162,0.8192838253739994,0.7,0,Geographic similarity without identity evidence,same city; same state; geographic-only evidence; 3 strong conflict(s),MEDIUM
A00163,B00163,0.811389780128346,0.7,0,Geographic similarity without identity evidence,same city; same state; geographic-only evidence; 1 strong conflict(s),MEDIUM
A00164,B00164,0.9021035528991652,0.7,0,Geographic similarity without identity evidence,same city; same state; geographic-only evidence; 2 strong conflict(s),HIGH
A00165,B00165,0.25817864944338326,0.7,0,Geographic similarity without identity evidence,same city; same state; geographic-only evidence; 1 strong conflict(s),LOW
A00166,B00166,0.9432698346883772,0.7,0,Geographic similarity without identity evidence,same city; same state; geographic-only evidence; 2 strong conflict(s),HIGH
A00167,B00167,0.8598325127990316,0.7,0,Geographic similarity without identity evidence,same city; same state; geographic-only evidence; 1 strong conflict(s),MEDIUM
A00168,B00168,0.938714799448484,0.7,0,Geographic similarity without identity evidence,same city; same state; geographic-only evidence; 3 strong conflict(s),HIGH
A00169,B00169,0.9936643172730343,0.7,0,Geographic similarity without identity evidence,same city; same state; geographic-only evidence; 2 strong conflict(s),HIGH
A00170,B00170,0.9740153123278475,0.7,0,Geographic similarity without identity evidence,same city; same state; geographic-only evidence; 2 strong conflict(s),HIGH
A00171,B00171,0.9723538251657323,0.7,0,Geographic similarity without identity evidence,same city; same state; geographic-only evidence; 2 strong conflict(s),HIGH
A00172,B00172,0.8791341124218246,0.7,0,Geographic similarity without identity evidence,same city; same state; geographic-only evidence; 2 strong conflict(s),MEDIUM
A00173,B00173,0.09926885387521532,0.7,0,Geographic similarity without identity evidence,same city; same state; geographic-only evidence; 2 strong conflict(s),LOW
A00174,B00174,0.7691312109303897,0.7,0,Geographic similarity without identity evidence,same city; same state; geographic-only evidence; 2 strong conflict(s),MEDIUM
A00175,B00175,0.9569237744014746,0.7,0,Geographic similarity without identity evidence,same city; same state; geographic-only evidence; 2 strong conflict(s),HIGH
A00176,B00176,0.8822023081746393,0.7,0,Geographic similarity without identity evidence,same city; same state; geographic-only evidence; 3 strong conflict(s),MEDIUM
A00177,B00177,0.9536111033557358,0.7,0,Geographic similarity without identity evidence,same city; same state; geographic-only evidence; 2 strong conflict(s),HIGH
A00178,B00178,0.9319750714953835,0.7,0,Geographic similarity without identity evidence,same city; same state; geographic-only evidence; 2 strong conflict(s),HIGH
A00179,B00179,0.959590084884762,0.7,0,Geographic similarity without identity evidence,same city; same state; geographic-only evidence; 1 strong conflict(s),HIGH
A00180,B00180,0.9988879638676054,0.7,0,Geographic similarity without identity evidence,same city; same state; geographic-only evidence; 2 strong conflict(s),HIGH
A00181,B00181,0.8017250433101631,0.7,0,Geographic similarity without identity evidence,same city; same state; geographic-only evidence; 3 strong conflict(s),MEDIUM
A00182,B00182,0.9763600031865074,0.7,0,Geographic similarity without identity evidence,same city; same state; geographic-only evidence; 1 strong conflict(s),HIGH
A00183,B00183,0.7284596853031329,0.7,0,Geographic similarity without identity evidence,same city; same state; geographic-only evidence; 2 strong conflict(s),MEDIUM
A00184,B00184,0.7447093003487645,0.7,0,Geographic similarity without identity evidence,same city; same state; geographic-only evidence; 2 strong conflict(s),MEDIUM
A00185,B00185,0.8369292445556638,0.7,0,Geographic similarity without identity evidence,same city; same state; geographic-only evidence; 2 strong conflict(s),MEDIUM
A00186,B00186,0.7397068084395662,0.7,0,Geographic similarity without identity evidence,same city; same state; geographic-only evidence; 2 strong conflict(s),MEDIUM
A00187,B00187,0.7861539963663764,0.7,0,Geographic similarity without identity evidence,same city; same state; geographic-only evidence; 2 strong conflict(s),MEDIUM
A00188,B00188,0.8906395007597192,0.7,0,Geographic similarity without identity evidence,same city; same state; geographic-only evidence; 2 strong conflict(s),MEDIUM
A00189,B00189,0.6169797597775244,0.7,0,Geographic similarity without identity evidence,same city; same state; geographic-only evidence; 2 strong conflict(s),LOW
A00190,B00190,0.9814178979912503,0.7,0,Geographic similarity without identity evidence,same city; same state; geographic-only evidence; 1 strong conflict(s),HIGH
A00191,B00191,0.8390068670845257,0.7,0,Geographic similarity without identity evidence,same city; same state; geographic-only evidence; 2 strong conflict(s),MEDIUM
A00192,B00192,0.9946003359257615,0.7,1,ML probability above threshold,same city; 2 strong conflict(s),HIGH
A00193,B00193,0.9137631179204283,0.7,0,Geographic similarity without identity evidence,same city; same state; geographic-only evidence; 3 strong conflict(s),HIGH
A00194,B00194,0.7509229435185256,0.7,0,Geographic similarity without identity evidence,same city; same state; geographic-only evidence; 2 strong conflict(s),MEDIUM
A00195,B00195,0.985119699472316,0.7,0,Geographic similarity without identity evidence,same city; same state; geographic-only evidence; 2 strong conflict(s),HIGH
A00196,B00196,0.9981715631904295,0.7,1,ML probability above threshold,same state; 1 strong conflict(s),HIGH
A00197,B00197,0.9961999502478164,0.7,1,ML probability above threshold,same city; 1 strong conflict(s),HIGH
A00198,B00198,0.97740025614091,0.7,0,Geographic similarity without identity evidence,same city; same state; geographic-only evidence; 2 strong conflict(s),HIGH
A00199,B00199,0.9607870826176631,0.7,0,Geographic similarity without identity evidence,same city; same state; geographic-only evidence; 2 strong conflict(s),HIGH
A00200,B00200,0.8570798429568611,0.7,0,Geographic similarity without identity evidence,same city; same state; geographic-only evidence; 2 strong conflict(s),MEDIUM
A00201,B00201,0.979725333614351,0.7,0,Geographic similarity without identity evidence,same city; same state; geographic-only evidence; 2 strong conflict(s),HIGH
A00202,B00202,0.9950192917829913,0.7,0,Geographic similarity without identity evidence,same city; same state; geographic-only evidence; 1 strong conflict(s),HIGH
A00203,B00203,0.9404308208324961,0.7,0,Geographic similarity without identity evidence,same city; same state; geographic-only evidence; 2 strong conflict(s),HIGH
A00204,B00204,0.9318525788646288,0.7,0,Geographic similarity without identity evidence,same city; same state; geographic-only evidence; 2 strong conflict(s),HIGH
A00205,B00205,0.8403682657203347,0.7,0,Geographic similarity without identity evidence,same city; same state; geographic-only evidence; 2 strong conflict(s),MEDIUM
A00206,B00206,0.8916894772295664,0.7,0,Geographic similarity without identity evidence,same city; same state; geographic-only evidence; 1 strong conflict(s),MEDIUM
A00207,B00207,0.7472156972100333,0.7,0,Geographic similarity without identity evidence,same city; same state; geographic-only evidence; 2 strong conflict(s),MEDIUM
A00208,B00208,0.942785820655779,0.7,0,Geographic similarity without identity evidence,same city; same state; geographic-only evidence; 2 strong conflict(s),HIGH
A00209,B00209,0.992651361733903,0.7,0,Geographic similarity without identity evidence,same city; same state; geographic-only evidence,HIGH
A00210,B00210,0.396518825324407,0.7,0,Geographic similarity without identity evidence,same city; same state; geographic-only evidence; 1 strong conflict(s),LOW
A00211,B00211,0.9559811140231294,0.7,0,Geographic similarity without identity evidence,same city; same state; geographic-only evidence; 1 strong conflict(s),HIGH
A00212,B00212,0.9185938935297806,0.7,0,Geographic similarity without identity evidence,same city; same state; geographic-only evidence; 1 strong conflict(s),HIGH
A00213,B00213,0.9474047385146726,0.7,0,Geographic similarity without identity evidence,same city; same state; geographic-only evidence; 1 strong conflict(s),HIGH
A00214,B00214,0.5043345862957459,0.7,0,Geographic similarity without identity evidence,same city; same state; geographic-only evidence; 2 strong conflict(s),LOW
A00215,B00215,0.9858063007599641,0.7,0,Geographic similarity without identity evidence,same city; same state; geographic-only evidence; 2 strong conflict(s),HIGH
A00216,B00216,0.9328438776875018,0.7,0,Geographic similarity without identity evidence,same city; same state; geographic-only evidence; 2 strong conflict(s),HIGH
A00217,B00217,0.7698221484434294,0.7,0,Geographic similarity without identity evidence,same city; same state; geographic-only evidence; 1 strong conflict(s),MEDIUM
A00218,B00218,0.9947259367706305,0.7,0,Geographic similarity without identity evidence,same city; same state; geographic-only evidence; 2 strong conflict(s),HIGH
A00219,B00219,0.9819798581138554,0.7,0,Geographic similarity without identity evidence,same city; same state; geographic-only evidence; 1 strong conflict(s),HIGH
A00220,B00220,0.9328731508614998,0.7,0,Geographic similarity without identity evidence,same city; same state; geographic-only evidence; 1 strong conflict(s),HIGH
A00221,B00221,0.9408400143900622,0.7,0,Geographic similarity without identity evidence,same city; same state; geographic-only evidence; 1 strong conflict(s),HIGH
A00222,B00222,0.9902380135911099,0.7,1,ML probability above threshold,same city; 2 strong conflict(s),HIGH
A00223,B00223,0.991065915481797,0.7,0,Geographic similarity without identity evidence,same city; same state; geographic-only evidence; 2 strong conflict(s),HIGH
A00224,B00224,0.9226502642243636,0.7,0,Geographic similarity without identity evidence,same city; same state; geographic-only evidence,HIGH
A00225,B00225,0.755546000154225,0.7,0,Geographic similarity without identity evidence,same city; same state; geographic-only evidence; 1 strong conflict(s),MEDIUM
A00226,B00226,0.7182783375462384,0.7,0,Geographic similarity without identity evidence,same city; same state; geographic-only evidence; 2 strong conflict(s),MEDIUM
A00227,B00227,0.8076471580462616,0.7,0,Geographic similarity without identity evidence,same city; same state; geographic-only evidence; 1 strong conflict(s),MEDIUM
A00228,B00228,0.7346579359020712,0.7,0,Geographic similarity without identity evidence,same city; same state; geographic-only evidence; 2 strong conflict(s),MEDIUM
A00229,B00229,0.9157679405965639,0.7,0,Geographic similarity without identity evidence,same city; same state; geographic-only evidence; 2 strong conflict(s),HIGH
A00230,B00230,0.9862397999603346,0.7,0,Geographic similarity without identity evidence,same city; same state; geographic-only evidence; 2 strong conflict(s),HIGH
A00231,B00231,0.8808947006259448,0.7,0,Geographic similarity without identity evidence,same city; same state; geographic-only evidence; 1 strong conflict(s),MEDIUM
A00232,B00232,0.9929639525552711,0.7,0,Geographic similarity without identity evidence,same city; same state; geographic-only evidence; 2 strong conflict(s),HIGH
A00233,B00233,0.9294609925910847,0.7,0,Geographic similarity without identity evidence,same city; same state; geographic-only evidence; 2 strong conflict(s),HIGH
A00234,B00234,0.9231315324954292,0.7,0,Geographic similarity without identity evidence,same city; same state; geographic-only evidence; 1 strong conflict(s),HIGH
A00235,B00235,0.9693941855323805,0.7,0,Geographic similarity without identity evidence,same city; same state; geographic-only evidence; 2 strong conflict(s),HIGH
A00236,B00236,0.8251861319606715,0.7,0,Geographic similarity without identity evidence,same city; same state; geographic-only evidence; 2 strong conflict(s),MEDIUM
A00237,B00237,0.8220515361174358,0.7,0,Geographic similarity without identity evidence,same city; same state; geographic-only evidence; 2 strong conflict(s),MEDIUM
A00238,B00238,0.9623900793722214,0.7,0,Geographic similarity without identity evidence,same city; same state; geographic-only evidence; 3 strong conflict(s),HIGH
A00239,B00239,0.9515754569627214,0.7,0,Geographic similarity without identity evidence,same city; same state; geographic-only evidence; 2 strong conflict(s),HIGH
A00240,B00240,0.9889286784839035,0.7,0,Geographic similarity without identity evidence,same city; same state; geographic-only evidence; 2 strong conflict(s),HIGH
A00241,B00241,0.7658446379395646,0.7,0,Geographic similarity without identity evidence,same city; same state; geographic-only evidence; 1 strong conflict(s),MEDIUM
A00242,B00242,0.9333229654645169,0.7,0,Geographic similarity without identity evidence,same city; same state; geographic-only evidence; 2 strong conflict(s),HIGH
A00243,B00243,0.4639338268042312,0.7,0,Geographic similarity without identity evidence,same city; same state; geographic-only evidence; 2 strong conflict(s),LOW
A00244,B00244,0.8921426874874692,0.7,0,Geographic similarity without identity evidence,same city; same state; geographic-only evidence; 2 strong conflict(s),MEDIUM
A00245,B00245,0.9192547944271044,0.7,0,Geographic similarity without identity evidence,same city; same state; geographic-only evidence; 2 strong conflict(s),HIGH
A00246,B00246,0.9879048682270553,0.7,0,Geographic similarity without identity evidence,same city; same state; geographic-only evidence; 2 strong conflict(s),HIGH
A00247,B00247,0.8748727038760129,0.7,0,Geographic similarity without identity evidence,same city; same state; geographic-only evidence; 2 strong conflict(s),MEDIUM
A00248,B00248,0.9180868244859488,0.7,0,Geographic similarity without identity evidence,same city; same state; geographic-only evidence; 2 strong conflict(s),HIGH
A00249,B00249,0.6946996020643963,0.7,0,Geographic similarity without identity evidence,same city; same state; geographic-only evidence; 2 strong conflict(s),LOW
A00250,B00250,0.6528129267009339,0.7,0,Geographic similarity without identity evidence,same city; same state; geographic-only evidence; 2 strong conflict(s),LOW
A00251,B00251,0.6651186360893587,0.7,0,Geographic similarity without identity evidence,same city; same state; geographic-only evidence; 2 strong conflict(s),LOW
A00252,B00252,0.8408585007254324,0.7,0,Geographic similarity without identity evidence,same city; same state; geographic-only evidence; 1 strong conflict(s),MEDIUM
A00253,B00253,0.9970893492584373,0.7,1,ML probability above threshold,same state; 2 strong conflict(s),HIGH
A00254,B00254,0.4010417975631421,0.7,0,Geographic similarity without identity evidence,same city; same state; geographic-only evidence; 1 strong conflict(s),LOW
A00255,B00255,0.9585127856608827,0.7,0,Geographic similarity without identity evidence,same city; same state; geographic-only evidence; 1 strong conflict(s),HIGH
A00256,B00256,0.979827365147293,0.7,1,ML probability above threshold,same state,HIGH
A00257,B00257,0.9663303004275673,0.7,0,Geographic similarity without identity evidence,same city; same state; geographic-only evidence; 1 strong conflict(s),HIGH
A00258,B00258,0.9800091114277485,0.7,0,Geographic similarity without identity evidence,same city; same state; geographic-only evidence; 2 strong conflict(s),HIGH
A00259,B00259,0.9877727080379198,0.7,0,Geographic similarity without identity evidence,same city; same state; geographic-only evidence; 2 strong conflict(s),HIGH
A00260,B00260,0.9909887659082411,0.7,0,Geographic similarity without identity evidence,same city; same state; geographic-only evidence; 2 strong conflict(s),HIGH
A00261,B00261,0.1759240454995357,0.7,0,Geographic similarity without identity evidence,same city; same state; geographic-only evidence; 1 strong conflict(s),LOW
A00262,B00262,0.9379141651956446,0.7,0,Geographic similarity without identity evidence,same city; same state; geographic-only evidence; 3 strong conflict(s),HIGH
A00263,B00263,0.908038481566744,0.7,1,ML probability above threshold,same state; 2 strong conflict(s),HIGH
A00264,B00264,0.9978492941257846,0.7,0,Geographic similarity without identity evidence,same city; same state; geographic-only evidence; 2 strong conflict(s),HIGH
A00265,B00265,0.9586057748134342,0.7,0,Geographic similarity without identity evidence,same city; same state; geographic-only evidence; 1 strong conflict(s),HIGH
A00266,B00266,0.7813521909058848,0.7,0,Geographic similarity without identity evidence,same city; same state; geographic-only evidence; 2 strong conflict(s),MEDIUM
A00267,B00267,0.9582247878607488,0.7,0,Geographic similarity without identity evidence,same city; same state; geographic-only evidence; 2 strong conflict(s),HIGH
A00268,B00268,0.8335331559237295,0.7,0,Geographic similarity without identity evidence,same city; same state; geographic-only evidence; 2 strong conflict(s),MEDIUM
A00269,B00269,0.9886637882917368,0.7,0,Geographic similarity without identity evidence,same city; same state; geographic-only evidence; 1 strong conflict(s),HIGH
A00270,B00270,0.9491715338177029,0.7,0,Geographic similarity without identity evidence,same city; same state; geographic-only evidence; 2 strong conflict(s),HIGH
A00271,B00271,0.990965271410362,0.7,0,Geographic similarity without identity evidence,same city; same state; geographic-only evidence; 2 strong conflict(s),HIGH
A00272,B00272,0.9569881310184567,0.7,0,Geographic similarity without identity evidence,same city; same state; geographic-only evidence; 2 strong conflict(s),HIGH
A00273,B00273,0.891084610969315,0.7,0,Geographic similarity without identity evidence,same city; same state; geographic-only evidence; 2 strong conflict(s),MEDIUM
A00274,B00274,0.9633336355112694,0.7,1,ML probability above threshold,same state; 2 strong conflict(s),HIGH
A00275,B00275,0.9242659392185832,0.7,0,Geographic similarity without identity evidence,same city; same state; geographic-only evidence; 1 strong conflict(s),HIGH
A00276,B00276,0.9681976111440466,0.7,0,Geographic similarity without identity evidence,same city; same state; geographic-only evidence,HIGH
A00277,B00277,0.8049484307564885,0.7,0,Geographic similarity without identity evidence,same city; same state; geographic-only evidence; 2 strong conflict(s),MEDIUM
A00278,B00278,0.9689218150764598,0.7,0,Geographic similarity without identity evidence,same city; same state; geographic-only evidence; 2 strong conflict(s),HIGH
A00279,B00279,0.9572390353673081,0.7,0,Geographic similarity without identity evidence,same city; same state; geographic-only evidence; 2 strong conflict(s),HIGH
A00280,B00280,0.9930857241421337,0.7,0,Geographic similarity without identity evidence,same city; same state; geographic-only evidence; 2 strong conflict(s),HIGH
A00281,B00281,0.8331160378805237,0.7,0,Geographic similarity without identity evidence,same city; same state; geographic-only evidence,MEDIUM
A00282,B00282,0.9467172050657253,0.7,0,Geographic similarity without identity evidence,same city; same state; geographic-only evidence; 1 strong conflict(s),HIGH
A00283,B00283,0.9941210155373698,0.7,0,Geographic similarity without identity evidence,same city; same state; geographic-only evidence; 1 strong conflict(s),HIGH
A00284,B00284,0.7092051416870792,0.7,0,Geographic similarity without identity evidence,same city; same state; geographic-only evidence; 2 strong conflict(s),MEDIUM
A00285,B00285,0.9967092109802542,0.7,0,Geographic similarity without identity evidence,same city; same state; geographic-only evidence; 2 strong conflict(s),HIGH
A00286,B00286,0.9611203374975503,0.7,0,Geographic similarity without identity evidence,same city; same state; geographic-only evidence; 2 strong conflict(s),HIGH
A00287,B00287,0.9972565210020543,0.7,0,Geographic similarity without identity evidence,same city; same state; geographic-only evidence; 1 strong conflict(s),HIGH
A00288,B00288,0.9341148117595087,0.7,0,Geographic similarity without identity evidence,same city; same state; geographic-only evidence; 2 strong conflict(s),HIGH
A00289,B00289,0.9784665808069953,0.7,0,Geographic similarity without identity evidence,same city; same state; geographic-only evidence; 2 strong conflict(s),HIGH
A00290,B00290,0.992487491234708,0.7,0,Geographic similarity without identity evidence,same city; same state; geographic-only evidence; 2 strong conflict(s),HIGH
A00291,B00291,0.9944884903579673,0.7,0,Geographic similarity without identity evidence,same city; same state; geographic-only evidence; 2 strong conflict(s),HIGH
A00292,B00292,0.9298333464579842,0.7,0,Geographic similarity without identity evidence,same city; same state; geographic-only evidence; 2 strong conflict(s),HIGH
A00293,B00293,0.9091874509617429,0.7,0,Geographic similarity without identity evidence,same city; same state; geographic-only evidence; 2 strong conflict(s),HIGH
A00294,B00294,0.8070438599931169,0.7,0,Geographic similarity without identity evidence,same city; same state; geographic-only evidence; 1 strong conflict(s),MEDIUM
A00295,B00295,0.9726396317218193,0.7,0,Geographic similarity without identity evidence,same city; same state; geographic-only evidence; 1 strong conflict(s),HIGH
A00296,B00296,0.9963454377442155,0.7,0,Geographic similarity without identity evidence,same city; same state; geographic-only evidence; 2 strong conflict(s),HIGH
A00297,B00297,0.9860888683114019,0.7,0,Geographic similarity without identity evidence,same city; same state; geographic-only evidence; 2 strong conflict(s),HIGH
A00298,B00298,0.8787021393650095,0.7,0,Geographic similarity without identity evidence,same city; same state; geographic-only evidence; 2 strong conflict(s),MEDIUM
A00299,B00299,0.9202496477696337,0.7,0,Geographic similarity without identity evidence,same city; same state; geographic-only evidence; 2 strong conflict(s),HIGH
A00300,B00300,0.9306409873525443,0.7,0,Geographic similarity without identity evidence,same city; same state; geographic-only evidence; 2 strong conflict(s),HIGH
A00301,B00301,0.9025805123729219,0.7,0,Geographic similarity without identity evidence,same city; same state; geographic-only evidence; 1 strong conflict(s),HIGH
A00302,B00302,0.9573956334139713,0.7,0,Geographic similarity without identity evidence,same city; same state; geographic-only evidence; 1 strong conflict(s),HIGH
A00303,B00303,0.9192706413562848,0.7,0,Geographic similarity without identity evidence,same city; same state; geographic-only evidence; 1 strong conflict(s),HIGH
A00304,B00304,0.9281024950395484,0.7,0,Geographic similarity without identity evidence,same city; same state; geographic-only evidence; 2 strong conflict(s),HIGH
A00305,B00305,0.991031969019043,0.7,0,Geographic similarity without identity evidence,same city; same state; geographic-only evidence; 2 strong conflict(s),HIGH
A00306,B00306,0.9052533027495842,0.7,0,Geographic similarity without identity evidence,same city; same state; geographic-only evidence; 2 strong conflict(s),HIGH
A00307,B00307,0.9147435540672403,0.7,0,Geographic similarity without identity evidence,same city; same state; geographic-only evidence,HIGH
A00308,B00308,0.9182880625460301,0.7,0,Geographic similarity without identity evidence,same city; same state; geographic-only evidence; 1 strong conflict(s),HIGH
A00309,B00309,0.6903187984174163,0.7,0,Geographic similarity without identity evidence,same city; same state; geographic-only evidence,LOW
A00310,B00310,0.9958648612507714,0.7,0,Geographic similarity without identity evidence,same city; same state; geographic-only evidence; 2 strong conflict(s),HIGH
A00311,B00311,0.9808976127704834,0.7,1,ML probability above threshold,same state; 1 strong conflict(s),HIGH
A00312,B00312,0.7702779113265437,0.7,0,Geographic similarity without identity evidence,same city; same state; geographic-only evidence; 2 strong conflict(s),MEDIUM
A00313,B00313,0.9506776742196521,0.7,0,Geographic similarity without identity evidence,same city; same state; geographic-only evidence; 2 strong conflict(s),HIGH
A00314,B00314,0.973410446703205,0.7,0,Geographic similarity without identity evidence,same city; same state; geographic-only evidence; 1 strong conflict(s),HIGH
A00315,B00315,0.9487482762517236,0.7,0,Geographic similarity without identity evidence,same city; same state; geographic-only evidence; 1 strong conflict(s),HIGH
A00316,B00316,0.9738487923399355,0.7,0,Geographic similarity without identity evidence,same city; same state; geographic-only evidence; 2 strong conflict(s),HIGH
A00317,B00317,0.985395896185076,0.7,0,Geographic similarity without identity evidence,same city; same state; geographic-only evidence; 1 strong conflict(s),HIGH
A00318,B00318,0.9824542901668881,0.7,0,Geographic similarity without identity evidence,same city; same state; geographic-only evidence; 2 strong conflict(s),HIGH
A00319,B00319,0.9837974138618171,0.7,0,Geographic similarity without identity evidence,same city; same state; geographic-only evidence; 2 strong conflict(s),HIGH
A00320,B00320,0.9963261693445361,0.7,0,Geographic similarity without identity evidence,same city; same state; geographic-only evidence; 2 strong conflict(s),HIGH
A00321,B00321,0.994431308372518,0.7,0,Geographic similarity without identity evidence,same city; same state; geographic-only evidence; 2 strong conflict(s),HIGH
A00322,B00322,0.9898348936152408,0.7,0,Geographic similarity without identity evidence,same city; same state; geographic-only evidence; 2 strong conflict(s),HIGH
A00323,B00323,0.9777257133808928,0.7,0,Geographic similarity without identity evidence,same city; same state; geographic-only evidence; 2 strong conflict(s),HIGH
A00324,B00324,0.9949784175370836,0.7,0,Geographic similarity without identity evidence,same city; same state; geographic-only evidence; 2 strong conflict(s),HIGH
A00325,B00325,0.9494810845298228,0.7,0,Geographic similarity without identity evidence,same city; same state; geographic-only evidence; 2 strong conflict(s),HIGH
A00326,B00326,0.9967665390747541,0.7,0,Geographic similarity without identity evidence,same city; same state; geographic-only evidence; 1 strong conflict(s),HIGH
A00327,B00327,0.9875426898740773,0.7,0,Geographic similarity without identity evidence,same city; same state; geographic-only evidence; 1 strong conflict(s),HIGH
A00328,B00328,0.976379828688731,0.7,0,Geographic similarity without identity evidence,same city; same state; geographic-only evidence; 1 strong conflict(s),HIGH
A00329,B00329,0.9914187480018074,0.7,0,Geographic similarity without identity evidence,same city; same state; geographic-only evidence; 1 strong conflict(s),HIGH
A00330,B00330,0.5449551529434575,0.7,0,Geographic similarity without identity evidence,same city; same state; geographic-only evidence; 2 strong conflict(s),LOW
A00331,B00331,0.9055297686763589,0.7,0,Geographic similarity without identity evidence,same city; same state; geographic-only evidence; 2 strong conflict(s),HIGH
A00332,B00332,0.9272426182200433,0.7,0,Geographic similarity without identity evidence,same city; same state; geographic-only evidence; 2 strong conflict(s),HIGH
A00333,B00333,0.985379959629657,0.7,0,Geographic similarity without identity evidence,same city; same state; geographic-only evidence; 2 strong conflict(s),HIGH
A00334,B00334,0.9715134636461099,0.7,0,Geographic similarity without identity evidence,same city; same state; geographic-only evidence; 1 strong conflict(s),HIGH
A00335,B00335,0.9903052716125448,0.7,1,ML probability above threshold,same city; 2 strong conflict(s),HIGH
A00336,B00336,0.9685424488352743,0.7,0,Geographic similarity without identity evidence,same city; same state; geographic-only evidence; 2 strong conflict(s),HIGH
A00337,B00337,0.6741942031321438,0.7,0,Geographic similarity without identity evidence,same city; same state; geographic-only evidence; 2 strong conflict(s),LOW
A00338,B00338,0.8146779205471317,0.7,0,Geographic similarity without identity evidence,same city; same state; geographic-only evidence; 1 strong conflict(s),MEDIUM
A00339,B00339,0.9863670636575966,0.7,0,Geographic similarity without identity evidence,same city; same state; geographic-only evidence; 2 strong conflict(s),HIGH
A00340,B00340,0.967434577396226,0.7,0,Geographic similarity without identity evidence,same city; same state; geographic-only evidence; 1 strong conflict(s),HIGH
A00341,B00341,0.8613320112544924,0.7,1,ML probability above threshold,same state; 2 strong conflict(s),MEDIUM
A00342,B00342,0.9095081558349304,0.7,0,Geographic similarity without identity evidence,same city; same state; geographic-only evidence; 2 strong conflict(s),HIGH
A00343,B00343,0.311829805585313,0.7,0,Geographic similarity without identity evidence,same city; same state; geographic-only evidence; 2 strong conflict(s),LOW
A00344,B00344,0.9855973362765663,0.7,0,Geographic similarity without identity evidence,same city; same state; geographic-only evidence; 1 strong conflict(s),HIGH
A00345,B00345,0.990676996591418,0.7,1,ML probability above threshold,same city; 2 strong conflict(s),HIGH
A00346,B00346,0.9669431921588298,0.7,0,Geographic similarity without identity evidence,same city; same state; geographic-only evidence; 2 strong conflict(s),HIGH
A00347,B00347,0.9271512769512132,0.7,1,ML probability above threshold,same state; 1 strong conflict(s),HIGH
A00348,B00348,0.9946415788048929,0.7,0,Geographic similarity without identity evidence,same city; same state; geographic-only evidence; 2 strong conflict(s),HIGH
A00349,B00349,0.981928224827299,0.7,0,Geographic similarity without identity evidence,same city; same state; geographic-only evidence; 1 strong conflict(s),HIGH
A00350,B00350,0.9771597043040458,0.7,0,Geographic similarity without identity evidence,same city; same state; geographic-only evidence; 2 strong conflict(s),HIGH
A00351,B00351,0.9563254123557409,0.7,0,Geographic similarity without identity evidence,same city; same state; geographic-only evidence; 1 strong conflict(s),HIGH
A00352,B00352,0.7819336703380839,0.7,0,Geographic similarity without identity evidence,same city; same state; geographic-only evidence; 1 strong conflict(s),MEDIUM
A00353,B00353,0.9666329155349491,0.7,0,Geographic similarity without identity evidence,same city; same state; geographic-only evidence,HIGH
A00354,B00354,0.9730321139757631,0.7,0,Geographic similarity without identity evidence,same city; same state; geographic-only evidence; 2 strong conflict(s),HIGH
A00355,B00355,0.9365657256952993,0.7,0,Geographic similarity without identity evidence,same city; same state; geographic-only evidence; 2 strong conflict(s),HIGH
A00356,B00356,0.8223258246688729,0.7,0,Geographic similarity without identity evidence,same city; same state; geographic-only evidence; 2 strong conflict(s),MEDIUM
A00357,B00357,0.8275594578762104,0.7,0,Geographic similarity without identity evidence,same city; same state; geographic-only evidence; 2 strong conflict(s),MEDIUM
A00358,B00358,0.9787769659476855,0.7,0,Geographic similarity without identity evidence,same city; same state; geographic-only evidence; 2 strong conflict(s),HIGH
A00359,B00359,0.9621671880302151,0.7,0,Geographic similarity without identity evidence,same city; same state; geographic-only evidence,HIGH
A00360,B00360,0.9533620763233811,0.7,0,Geographic similarity without identity evidence,same city; same state; geographic-only evidence; 2 strong conflict(s),HIGH
A00361,B00361,0.9475768082051496,0.7,0,Geographic similarity without identity evidence,same city; same state; geographic-only evidence; 2 strong conflict(s),HIGH
A00362,B00362,0.9961137572899655,0.7,1,ML probability above threshold,same city; 1 strong conflict(s),HIGH
A00363,B00363,0.9167533833510497,0.7,0,Geographic similarity without identity evidence,same city; same state; geographic-only evidence; 2 strong conflict(s),HIGH
A00364,B00364,0.991631044732249,0.7,0,Geographic similarity without identity evidence,same city; same state; geographic-only evidence; 1 strong conflict(s),HIGH
A00365,B00365,0.9827300000716587,0.7,0,Geographic similarity without identity evidence,same city; same state; geographic-only evidence; 1 strong conflict(s),HIGH
A00366,B00366,0.9215343718932767,0.7,0,Geographic similarity without identity evidence,same city; same state; geographic-only evidence; 2 strong conflict(s),HIGH
A00367,B00367,0.9358442353768126,0.7,0,Geographic similarity without identity evidence,same city; same state; geographic-only evidence; 2 strong conflict(s),HIGH
A00368,B00368,0.9537146641731254,0.7,0,Geographic similarity without identity evidence,same city; same state; geographic-only evidence; 2 strong conflict(s),HIGH
A00369,B00369,0.7783042146946206,0.7,0,Geographic similarity without identity evidence,same city; same state; geographic-only evidence; 2 strong conflict(s),MEDIUM
A00370,B00370,0.9297904255735108,0.7,0,Geographic similarity without identity evidence,same city; same state; geographic-only evidence; 2 strong conflict(s),HIGH
A00371,B00371,0.7967966122464889,0.7,0,Geographic similarity without identity evidence,same city; same state; geographic-only evidence; 2 strong conflict(s),MEDIUM
A00372,B00372,0.5396030752526703,0.7,0,Geographic similarity without identity evidence,same city; same state; geographic-only evidence; 2 strong conflict(s),LOW
A00373,B00373,0.9561889495101393,0.7,0,Geographic similarity without identity evidence,same city; same state; geographic-only evidence; 1 strong conflict(s),HIGH
A00374,B00374,0.9358109063198781,0.7,0,Geographic similarity without identity evidence,same city; same state; geographic-only evidence; 2 strong conflict(s),HIGH
A00375,B00375,0.6905193263637269,0.7,0,Geographic similarity without identity evidence,same city; same state; geographic-only evidence; 2 strong conflict(s),LOW
A00376,B00376,0.9507250521059036,0.7,0,Geographic similarity without identity evidence,same city; same state; geographic-only evidence; 1 strong conflict(s),HIGH
A00377,B00377,0.9928600896567525,0.7,0,Geographic similarity without identity evidence,same city; same state; geographic-only evidence; 1 strong conflict(s),HIGH
A00378,B00378,0.8379198772173171,0.7,0,Geographic similarity without identity evidence,same city; same state; geographic-only evidence; 2 strong conflict(s),MEDIUM
A00379,B00379,0.9954138830445735,0.7,0,Geographic similarity without identity evidence,same city; same state; geographic-only evidence,HIGH
A00380,B00380,0.9964469121740283,0.7,0,Geographic similarity without identity evidence,same city; same state; geographic-only evidence; 2 strong conflict(s),HIGH
A00381,B00381,0.8184704885582054,0.7,0,Geographic similarity without identity evidence,same city; same state; geographic-only evidence; 1 strong conflict(s),MEDIUM
A00382,B00382,0.9866708888779309,0.7,0,Geographic similarity without identity evidence,same city; same state; geographic-only evidence; 2 strong conflict(s),HIGH
A00383,B00383,0.7460699685467629,0.7,0,Geographic similarity without identity evidence,same city; same state; geographic-only evidence; 2 strong conflict(s),MEDIUM
A00384,B00384,0.9762027575960132,0.7,0,Geographic similarity without identity evidence,same city; same state; geographic-only evidence; 2 strong conflict(s),HIGH
A00385,B00385,0.6176551786308686,0.7,0,Geographic similarity without identity evidence,same city; same state; geographic-only evidence; 2 strong conflict(s),LOW
A00386,B00386,0.9725273876575885,0.7,0,Geographic similarity without identity evidence,same city; same state; geographic-only evidence; 2 strong conflict(s),HIGH
A00387,B00387,0.8716828158620024,0.7,0,Geographic similarity without identity evidence,same city; same state; geographic-only evidence; 2 strong conflict(s),MEDIUM
A00388,B00388,0.9542639852163419,0.7,0,Geographic similarity without identity evidence,same city; same state; geographic-only evidence; 2 strong conflict(s),HIGH
A00389,B00389,0.9935021669393098,0.7,0,Geographic similarity without identity evidence,same city; same state; geographic-only evidence; 2 strong conflict(s),HIGH
A00390,B00390,0.8342042131782351,0.7,0,Geographic similarity without identity evidence,same city; same state; geographic-only evidence; 1 strong conflict(s),MEDIUM
A00391,B00391,0.7714512583740297,0.7,0,Geographic similarity without identity evidence,same city; same state; geographic-only evidence; 2 strong conflict(s),MEDIUM
A00392,B00392,0.9952678455942685,0.7,0,Geographic similarity without identity evidence,same city; same state; geographic-only evidence; 2 strong conflict(s),HIGH
A00393,B00393,0.8669564140516606,0.7,0,Geographic similarity without identity evidence,same city; same state; geographic-only evidence; 2 strong conflict(s),MEDIUM
A00394,B00394,0.9003620522124446,0.7,0,Geographic similarity without identity evidence,same city; same state; geographic-only evidence; 1 strong conflict(s),HIGH
A00395,B00395,0.935355437440781,0.7,0,Geographic similarity without identity evidence,same city; same state; geographic-only evidence; 1 strong conflict(s),HIGH
A00396,B00396,0.7293078241386748,0.7,0,Geographic similarity without identity evidence,same city; same state; geographic-only evidence; 1 strong conflict(s),MEDIUM
A00397,B00397,0.08222616008865816,0.7,0,Geographic similarity without identity evidence,same city; same state; geographic-only evidence; 2 strong conflict(s),LOW
A00398,B00398,0.9982014284024006,0.7,0,Geographic similarity without identity evidence,same city; same state; geographic-only evidence; 2 strong conflict(s),HIGH
A00399,B00399,0.9160029087122732,0.7,0,Geographic similarity without identity evidence,same city; same state; geographic-only evidence; 2 strong conflict(s),HIGH
A00400,B00400,0.9834226963215349,0.7,0,Geographic similarity without identity evidence,same city; same state; geographic-only evidence; 2 strong conflict(s),HIGH
A00401,B00401,0.9622624217124484,0.7,0,Geographic similarity without identity evidence,same city; same state; geographic-only evidence; 2 strong conflict(s),HIGH
A00402,B00402,0.8136365860531881,0.7,0,Geographic similarity without identity evidence,same city; same state; geographic-only evidence; 2 strong conflict(s),MEDIUM
A00403,B00403,0.9441584038183376,0.7,0,Geographic similarity without identity evidence,same city; same state; geographic-only evidence; 3 strong conflict(s),HIGH
A00404,B00404,0.39560305739682455,0.7,0,Geographic similarity without identity evidence,same city; same state; geographic-only evidence; 1 strong conflict(s),LOW
A00405,B00405,0.9258882713340777,0.7,0,Geographic similarity without identity evidence,same city; same state; geographic-only evidence; 1 strong conflict(s),HIGH
A00406,B00406,0.9263232498564488,0.7,0,Geographic similarity without identity evidence,same city; same state; geographic-only evidence; 2 strong conflict(s),HIGH
A00407,B00407,0.955443565693933,0.7,0,Geographic similarity without identity evidence,same city; same state; geographic-only evidence; 3 strong conflict(s),HIGH
A00408,B00408,0.9483878169393949,0.7,0,Geographic similarity without identity evidence,same city; same state; geographic-only evidence; 2 strong conflict(s),HIGH
A00409,B00409,0.8549239860405438,0.7,0,Geographic similarity without identity evidence,same city; same state; geographic-only evidence; 2 strong conflict(s),MEDIUM
A00410,B00410,0.996952935381372,0.7,0,Geographic similarity without identity evidence,same city; same state; geographic-only evidence; 1 strong conflict(s),HIGH
A00411,B00411,0.9959367912406278,0.7,0,Geographic similarity without identity evidence,same city; same state; geographic-only evidence; 2 strong conflict(s),HIGH
A00412,B00412,0.9891937760335953,0.7,0,Geographic similarity without identity evidence,same city; same state; geographic-only evidence; 2 strong conflict(s),HIGH
A00413,B00413,0.9783075384293578,0.7,0,Geographic similarity without identity evidence,same city; same state; geographic-only evidence; 2 strong conflict(s),HIGH
A00414,B00414,0.910785532717154,0.7,0,Geographic similarity without identity evidence,same city; same state; geographic-only evidence; 2 strong conflict(s),HIGH
A00415,B00415,0.8868918288111389,0.7,0,Geographic similarity without identity evidence,same city; same state; geographic-only evidence; 2 strong conflict(s),MEDIUM
A00416,B00416,0.9938769409573921,0.7,0,Geographic similarity without identity evidence,same city; same state; geographic-only evidence; 2 strong conflict(s),HIGH
A00417,B00417,0.9811720013532653,0.7,1,ML probability above threshold,same city; 2 strong conflict(s),HIGH
A00418,B00418,0.9385863989943966,0.7,0,Geographic similarity without identity evidence,same city; same state; geographic-only evidence; 2 strong conflict(s),HIGH
A00419,B00419,0.9610045784405686,0.7,0,Geographic similarity without identity evidence,same city; same state; geographic-only evidence; 3 strong conflict(s),HIGH
A00420,B00420,0.9855832141134693,0.7,0,Geographic similarity without identity evidence,same city; same state; geographic-only evidence; 1 strong conflict(s),HIGH
A00421,B00421,0.9901158239570097,0.7,0,Geographic similarity without identity evidence,same city; same state; geographic-only evidence; 1 strong conflict(s),HIGH
A00422,B00422,0.9306156269968532,0.7,0,Geographic similarity without identity evidence,same city; same state; geographic-only evidence; 1 strong conflict(s),HIGH
A00423,B00423,0.9392433483513348,0.7,0,Geographic similarity without identity evidence,same city; same state; geographic-only evidence; 3 strong conflict(s),HIGH
A00424,B00424,0.9343348422212583,0.7,0,Geographic similarity without identity evidence,same city; same state; geographic-only evidence; 1 strong conflict(s),HIGH
A00425,B00425,0.9921319929119848,0.7,0,Geographic similarity without identity evidence,same city; same state; geographic-only evidence; 2 strong conflict(s),HIGH
A00426,B00426,0.5818610069366023,0.7,0,Geographic similarity without identity evidence,same city; same state; geographic-only evidence; 1 strong conflict(s),LOW
A00427,B00427,0.9829881850097516,0.7,1,ML probability above threshold,same city; 2 strong conflict(s),HIGH
A00428,B00428,0.9965778040859208,0.7,0,Geographic similarity without identity evidence,same city; same state; geographic-only evidence; 2 strong conflict(s),HIGH
A00429,B00429,0.9492632942397412,0.7,0,Geographic similarity without identity evidence,same city; same state; geographic-only evidence; 2 strong conflict(s),HIGH
A00430,B00430,0.9976432870727537,0.7,0,Geographic similarity without identity evidence,same city; same state; geographic-only evidence; 2 strong conflict(s),HIGH
A00431,B00431,0.28544552918453364,0.7,0,Geographic similarity without identity evidence,same city; same state; geographic-only evidence; 2 strong conflict(s),LOW
A00432,B00432,0.9679570850269179,0.7,0,Geographic similarity without identity evidence,same city; same state; geographic-only evidence; 2 strong conflict(s),HIGH
A00433,B00433,0.7790057648490453,0.7,0,Geographic similarity without identity evidence,same city; same state; geographic-only evidence; 2 strong conflict(s),MEDIUM
A00434,B00434,0.7907758123111968,0.7,0,Geographic similarity without identity evidence,same city; same state; geographic-only evidence; 2 strong conflict(s),MEDIUM
A00435,B00435,0.9767019769531383,0.7,1,ML probability above threshold,same state; 2 strong conflict(s),HIGH
A00436,B00436,0.9348750708006877,0.7,0,Geographic similarity without identity evidence,same city; same state; geographic-only evidence; 2 strong conflict(s),HIGH
A00437,B00437,0.63365592345593,0.7,0,Geographic similarity without identity evidence,same city; same state; geographic-only evidence; 1 strong conflict(s),LOW
A00438,B00438,0.9702698511468585,0.7,0,Geographic similarity without identity evidence,same city; same state; geographic-only evidence; 2 strong conflict(s),HIGH
A00439,B00439,0.9254075737005644,0.7,0,Geographic similarity without identity evidence,same city; same state; geographic-only evidence; 2 strong conflict(s),HIGH
A00440,B00440,0.9757638845023101,0.7,0,Geographic similarity without identity evidence,same city; same state; geographic-only evidence; 1 strong conflict(s),HIGH
A00441,B00441,0.8669099592420213,0.7,0,Geographic similarity without identity evidence,same city; same state; geographic-only evidence; 2 strong conflict(s),MEDIUM
A00442,B00442,0.9687579493090196,0.7,0,Geographic similarity without identity evidence,same city; same state; geographic-only evidence,HIGH
A00443,B00443,0.982495971763161,0.7,0,Geographic similarity without identity evidence,same city; same state; geographic-only evidence; 3 strong conflict(s),HIGH
A00444,B00444,0.9737157744231633,0.7,0,Geographic similarity without identity evidence,same city; same state; geographic-only evidence; 1 strong conflict(s),HIGH
A00445,B00445,0.9511844964480628,0.7,0,Geographic similarity without identity evidence,same city; same state; geographic-only evidence; 1 strong conflict(s),HIGH
A00446,B00446,0.9676566189551684,0.7,0,Geographic similarity without identity evidence,same city; same state; geographic-only evidence; 2 strong conflict(s),HIGH
A00447,B00447,0.9951075829451711,0.7,0,Geographic similarity without identity evidence,same city; same state; geographic-only evidence; 1 strong conflict(s),HIGH
A00448,B00448,0.6756536347011991,0.7,0,Geographic similarity without identity evidence,same city; same state; geographic-only evidence; 2 strong conflict(s),LOW
A00449,B00449,0.9672411251296383,0.7,0,Geographic similarity without identity evidence,same city; same state; geographic-only evidence; 2 strong conflict(s),HIGH
A00450,B00450,0.40738574637445435,0.7,0,Geographic similarity without identity evidence,same city; same state; geographic-only evidence,LOW
A00451,B00451,0.9767145542413289,0.7,0,Geographic similarity without identity evidence,same city; same state; geographic-only evidence; 2 strong conflict(s),HIGH
A00452,B00452,0.8853635475557466,0.7,0,Geographic similarity without identity evidence,same city; same state; geographic-only evidence; 2 strong conflict(s),MEDIUM
A00453,B00453,0.992749377295892,0.7,0,Geographic similarity without identity evidence,same city; same state; geographic-only evidence; 2 strong conflict(s),HIGH
A00454,B00454,0.8389131961136891,0.7,0,Geographic similarity without identity evidence,same city; same state; geographic-only evidence; 1 strong conflict(s),MEDIUM
A00455,B00455,0.9592843714516912,0.7,0,Geographic similarity without identity evidence,same city; same state; geographic-only evidence; 1 strong conflict(s),HIGH
A00456,B00456,0.9728875478562203,0.7,0,Geographic similarity without identity evidence,same city; same state; geographic-only evidence; 2 strong conflict(s),HIGH
A00457,B00457,0.8866225632257134,0.7,0,Geographic similarity without identity evidence,same city; same state; geographic-only evidence; 2 strong conflict(s),MEDIUM
A00458,B00458,0.701536920616958,0.7,0,Geographic similarity without identity evidence,same city; same state; geographic-only evidence; 2 strong conflict(s),MEDIUM
A00459,B00459,0.9957976268881552,0.7,0,Multiple conflicting identity signals,same state; 3 strong conflict(s),HIGH
A00460,B00460,0.9957645208019619,0.7,0,Geographic similarity without identity evidence,same city; same state; geographic-only evidence; 1 strong conflict(s),HIGH
A00461,B00461,0.9621707507799789,0.7,0,Geographic similarity without identity evidence,same city; same state; geographic-only evidence; 2 strong conflict(s),HIGH
A00462,B00462,0.7642479654123547,0.7,0,Geographic similarity without identity evidence,same city; same state; geographic-only evidence; 1 strong conflict(s),MEDIUM
A00463,B00463,0.9847309013008835,0.7,0,Geographic similarity without identity evidence,same city; same state; geographic-only evidence; 3 strong conflict(s),HIGH
A00464,B00464,0.9492188655659264,0.7,0,Geographic similarity without identity evidence,same city; same state; geographic-only evidence; 2 strong conflict(s),HIGH
A00465,B00465,0.7595708571329273,0.7,0,Geographic similarity without identity evidence,same city; same state; geographic-only evidence; 1 strong conflict(s),MEDIUM
A00466,B00466,0.9956608119390137,0.7,0,Geographic similarity without identity evidence,same city; same state; geographic-only evidence; 1 strong conflict(s),HIGH
A00467,B00467,0.7404477566011755,0.7,0,Geographic similarity without identity evidence,same city; same state; geographic-only evidence; 1 strong conflict(s),MEDIUM
A00468,B00468,0.9945677000564915,0.7,0,Geographic similarity without identity evidence,same city; same state; geographic-only evidence; 1 strong conflict(s),HIGH
A00469,B00469,0.35380611722041694,0.7,0,Geographic similarity without identity evidence,same city; same state; geographic-only evidence; 1 strong conflict(s),LOW
A00470,B00470,0.9820358801213602,0.7,0,Geographic similarity without identity evidence,same city; same state; geographic-only evidence,HIGH
A00471,B00471,0.562790585258539,0.7,0,Geographic similarity without identity evidence,same city; same state; geographic-only evidence; 1 strong conflict(s),LOW
A00472,B00472,0.7506053852830333,0.7,0,Geographic similarity without identity evidence,same city; same state; geographic-only evidence; 2 strong conflict(s),MEDIUM
A00473,B00473,0.9967666063000065,0.7,0,Geographic similarity without identity evidence,same city; same state; geographic-only evidence; 2 strong conflict(s),HIGH
A00474,B00474,0.9228852147989614,0.7,0,Geographic similarity without identity evidence,same city; same state; geographic-only evidence; 2 strong conflict(s),HIGH
A00475,B00475,0.9895310134568954,0.7,0,Geographic similarity without identity evidence,same city; same state; geographic-only evidence; 3 strong conflict(s),HIGH
A00476,B00476,0.9470033492426863,0.7,0,Geographic similarity without identity evidence,same city; same state; geographic-only evidence; 3 strong conflict(s),HIGH
A00477,B00477,0.6541489271422988,0.7,0,Geographic similarity without identity evidence,same city; same state; geographic-only evidence; 1 strong conflict(s),LOW
A00478,B00478,0.41590057418501536,0.7,0,Geographic similarity without identity evidence,same city; same state; geographic-only evidence,LOW
A00479,B00479,0.9833189494098201,0.7,0,Geographic similarity without identity evidence,same city; same state; geographic-only evidence; 2 strong conflict(s),HIGH
A00480,B00480,0.9567757425055367,0.7,0,Geographic similarity without identity evidence,same city; same state; geographic-only evidence; 2 strong conflict(s),HIGH
A00481,B00481,0.9533404677708013,0.7,0,Geographic similarity without identity evidence,same city; same state; geographic-only evidence; 2 strong conflict(s),HIGH
A00482,B00482,0.9180678570841879,0.7,0,Geographic similarity without identity evidence,same city; same state; geographic-only evidence; 3 strong conflict(s),HIGH
A00483,B00483,0.1795288453636548,0.7,0,Geographic similarity without identity evidence,same city; same state; geographic-only evidence; 2 strong conflict(s),LOW
A00484,B00484,0.9670426996798442,0.7,0,Geographic similarity without identity evidence,same city; same state; geographic-only evidence; 1 strong conflict(s),HIGH
A00485,B00485,0.21189290195286078,0.7,0,Geographic similarity without identity evidence,same city; same state; geographic-only evidence; 2 strong conflict(s),LOW
A00486,B00486,0.9392117293051123,0.7,0,Geographic similarity without identity evidence,same city; same state; geographic-only evidence; 3 strong conflict(s),HIGH
A00487,B00487,0.8849923568733068,0.7,0,Geographic similarity without identity evidence,same city; same state; geographic-only evidence; 2 strong conflict(s),MEDIUM
A00488,B00488,0.8747610358631032,0.7,0,Geographic similarity without identity evidence,same city; same state; geographic-only evidence; 2 strong conflict(s),MEDIUM
A00489,B00489,0.913413792055376,0.7,1,ML probability above threshold,same state; 2 strong conflict(s),HIGH
A00490,B00490,0.7996415351489919,0.7,0,Geographic similarity without identity evidence,same city; same state; geographic-only evidence; 1 strong conflict(s),MEDIUM
A00491,B00491,0.9980339443883468,0.7,1,ML probability above threshold,same city; 2 strong conflict(s),HIGH
A00492,B00492,0.9601412985458032,0.7,0,Geographic similarity without identity evidence,same city; same state; geographic-only evidence; 3 strong conflict(s),HIGH
A00493,B00493,0.9820585816392973,0.7,0,Geographic similarity without identity evidence,same city; same state; geographic-only evidence; 2 strong conflict(s),HIGH
A00494,B00494,0.9183467871575363,0.7,0,Geographic similarity without identity evidence,same city; same state; geographic-only evidence; 2 strong conflict(s),HIGH
A00495,B00495,0.9109642731594455,0.7,0,Geographic similarity without identity evidence,same city; same state; geographic-only evidence; 2 strong conflict(s),HIGH
A00496,B00496,0.9409391951444341,0.7,0,Geographic similarity without identity evidence,same city; same state; geographic-only evidence; 3 strong conflict(s),HIGH
A00497,B00497,0.7499347969377479,0.7,0,Geographic similarity without identity evidence,same city; same state; geographic-only evidence; 2 strong conflict(s),MEDIUM
A00498,B00498,0.994307181017808,0.7,1,ML probability above threshold,same state; 2 strong conflict(s),HIGH
A00499,B00499,0.9215659274605219,0.7,0,Geographic similarity without identity evidence,same city; same state; geographic-only evidence; 2 strong conflict(s),HIGH
A00500,B00500,0.9850108932138948,0.7,0,Geographic similarity without identity evidence,same city; same state; geographic-only evidence; 2 strong conflict(s),HIGH
A00501,B00501,0.9583628971514602,0.7,0,Geographic similarity without identity evidence,same city; same state; geographic-only evidence; 1 strong conflict(s),HIGH
A00502,B00502,0.8713698343105585,0.7,0,Geographic similarity without identity evidence,same city; same state; geographic-only evidence; 3 strong conflict(s),MEDIUM
A00503,B00503,0.9279168456756078,0.7,0,Geographic similarity without identity evidence,same city; same state; geographic-only evidence; 2 strong conflict(s),HIGH
A00504,B00504,0.8745557010565512,0.7,0,Geographic similarity without identity evidence,same city; same state; geographic-only evidence; 2 strong conflict(s),MEDIUM
A00505,B00505,0.8123968027902407,0.7,0,Geographic similarity without identity evidence,same city; same state; geographic-only evidence; 2 strong conflict(s),MEDIUM
A00506,B00506,0.9944636956184152,0.7,0,Geographic similarity without identity evidence,same city; same state; geographic-only evidence; 2 strong conflict(s),HIGH
A00507,B00507,0.9969350563760809,0.7,0,Geographic similarity without identity evidence,same city; same state; geographic-only evidence; 2 strong conflict(s),HIGH
A00508,B00508,0.9692817559293455,0.7,0,Geographic similarity without identity evidence,same city; same state; geographic-only evidence; 2 strong conflict(s),HIGH
A00509,B00509,0.9744743035017417,0.7,0,Geographic similarity without identity evidence,same city; same state; geographic-only evidence; 1 strong conflict(s),HIGH
A00510,B00510,0.5976688481477033,0.7,0,Geographic similarity without identity evidence,same city; same state; geographic-only evidence; 1 strong conflict(s),LOW
A00511,B00511,0.9908585572481216,0.7,0,Geographic similarity without identity evidence,same city; same state; geographic-only evidence; 2 strong conflict(s),HIGH
A00512,B00512,0.972005158581467,0.7,0,Geographic similarity without identity evidence,same city; same state; geographic-only evidence; 1 strong conflict(s),HIGH
A00513,B00513,0.955368460548296,0.7,0,Geographic similarity without identity evidence,same city; same state; geographic-only evidence; 1 strong conflict(s),HIGH
A00514,B00514,0.6694592213431728,0.7,0,Geographic similarity without identity evidence,same city; same state; geographic-only evidence; 2 strong conflict(s),LOW
A00515,B00515,0.9407810661512107,0.7,0,Geographic similarity without identity evidence,same city; same state; geographic-only evidence; 2 strong conflict(s),HIGH
A00516,B00516,0.9506861108313873,0.7,0,Geographic similarity without identity evidence,same city; same state; geographic-only evidence; 2 strong conflict(s),HIGH
A00517,B00517,0.9902763312517483,0.7,0,Geographic similarity without identity evidence,same city; same state; geographic-only evidence; 1 strong conflict(s),HIGH
A00518,B00518,0.938244793164222,0.7,0,Geographic similarity without identity evidence,same city; same state; geographic-only evidence; 2 strong conflict(s),HIGH
A00519,B00519,0.9523240917677693,0.7,0,Geographic similarity without identity evidence,same city; same state; geographic-only evidence; 2 strong conflict(s),HIGH
A00520,B00520,0.9339244194360504,0.7,0,Geographic similarity without identity evidence,same city; same state; geographic-only evidence; 2 strong conflict(s),HIGH
A00521,B00521,0.9607554809274109,0.7,1,ML probability above threshold,same state; 2 strong conflict(s),HIGH
A00522,B00522,0.9422356294106747,0.7,0,Geographic similarity without identity evidence,same city; same state; geographic-only evidence; 2 strong conflict(s),HIGH
A00523,B00523,0.8223409720293489,0.7,1,ML probability above threshold,same city; same state; 2 strong conflict(s),MEDIUM
A00524,B00524,0.884051427282969,0.7,0,Geographic similarity without identity evidence,same city; same state; geographic-only evidence; 1 strong conflict(s),MEDIUM
A00525,B00525,0.9860358163597639,0.7,0,Geographic similarity without identity evidence,same city; same state; geographic-only evidence; 2 strong conflict(s),HIGH
A00526,B00526,0.999823035705624,0.7,1,ML probability above threshold,1 strong conflict(s),HIGH
A00527,B00527,0.9629215037438229,0.7,0,Geographic similarity without identity evidence,same city; same state; geographic-only evidence; 2 strong conflict(s),HIGH
A00528,B00528,0.39280293531783356,0.7,0,Geographic similarity without identity evidence,same city; same state; geographic-only evidence; 2 strong conflict(s),LOW
A00529,B00529,0.998521931732241,0.7,1,ML probability above threshold,same city; 2 strong conflict(s),HIGH
A00530,B00530,0.9636576781057073,0.7,0,Geographic similarity without identity evidence,same city; same state; geographic-only evidence; 1 strong conflict(s),HIGH
A00531,B00531,0.9049101628735283,0.7,0,Geographic similarity without identity evidence,same city; same state; geographic-only evidence; 2 strong conflict(s),HIGH
A00532,B00532,0.986383257568009,0.7,0,Geographic similarity without identity evidence,same city; same state; geographic-only evidence; 2 strong conflict(s),HIGH
A00533,B00533,0.9212200565278749,0.7,0,Geographic similarity without identity evidence,same city; same state; geographic-only evidence; 2 strong conflict(s),HIGH
A00534,B00534,0.8760822161228579,0.7,0,Geographic similarity without identity evidence,same city; same state; geographic-only evidence; 2 strong conflict(s),MEDIUM
A00535,B00535,0.8235596817058077,0.7,0,Geographic similarity without identity evidence,same city; same state; geographic-only evidence; 1 strong conflict(s),MEDIUM
A00536,B00536,0.9818523188793234,0.7,0,Geographic similarity without identity evidence,same city; same state; geographic-only evidence; 2 strong conflict(s),HIGH
A00537,B00537,0.9838146932357128,0.7,1,ML probability above threshold,same city; same state; 2 strong conflict(s),HIGH
A00538,B00538,0.8033851191126379,0.7,1,ML probability above threshold,same city; 2 strong conflict(s),MEDIUM
A00539,B00539,0.9568284144980646,0.7,0,Geographic similarity without identity evidence,same city; same state; geographic-only evidence; 1 strong conflict(s),HIGH
A00540,B00540,0.9779292994155742,0.7,0,Geographic similarity without identity evidence,same city; same state; geographic-only evidence; 2 strong conflict(s),HIGH
A00541,B00541,0.9716569080581373,0.7,0,Geographic similarity without identity evidence,same city; same state; geographic-only evidence; 2 strong conflict(s),HIGH
A00542,B00542,0.8905654457279752,0.7,0,Geographic similarity without identity evidence,same city; same state; geographic-only evidence; 2 strong conflict(s),MEDIUM
A00543,B00543,0.9771494179351726,0.7,0,Geographic similarity without identity evidence,same city; same state; geographic-only evidence,HIGH
A00544,B00544,0.9513558247262786,0.7,1,ML probability above threshold,same city; 1 strong conflict(s),HIGH
A00545,B00545,0.8757029833305783,0.7,0,Geographic similarity without identity evidence,same city; same state; geographic-only evidence; 2 strong conflict(s),MEDIUM
A00546,B00546,0.7371104078965858,0.7,0,Geographic similarity without identity evidence,same city; same state; geographic-only evidence; 1 strong conflict(s),MEDIUM
A00547,B00547,0.9351388368144266,0.7,0,Geographic similarity without identity evidence,same city; same state; geographic-only evidence; 2 strong conflict(s),HIGH
A00548,B00548,0.20419383483719936,0.7,0,Geographic similarity without identity evidence,same city; same state; geographic-only evidence; 1 strong conflict(s),LOW
A00549,B00549,0.7887304858118205,0.7,0,Geographic similarity without identity evidence,same city; same state; geographic-only evidence; 1 strong conflict(s),MEDIUM
A00550,B00550,0.9993190964347302,0.7,1,ML probability above threshold,same city; 1 strong conflict(s),HIGH
A00551,B00551,0.9157200971032508,0.7,0,Geographic similarity without identity evidence,same city; same state; geographic-only evidence; 1 strong conflict(s),HIGH
A00552,B00552,0.9080299743652124,0.7,0,Geographic similarity without identity evidence,same city; same state; geographic-only evidence; 1 strong conflict(s),HIGH
A00553,B00553,0.825622555072544,0.7,0,Geographic similarity without identity evidence,same city; same state; geographic-only evidence; 2 strong conflict(s),MEDIUM
A00554,B00554,0.8249170226739071,0.7,0,Geographic similarity without identity evidence,same city; same state; geographic-only evidence; 2 strong conflict(s),MEDIUM
A00555,B00555,0.5748534788947625,0.7,0,ML probability below threshold,same city,LOW
A00556,B00556,0.9453095940286161,0.7,0,Geographic similarity without identity evidence,same city; same state; geographic-only evidence; 1 strong conflict(s),HIGH
A00557,B00557,0.9524141203453992,0.7,0,Geographic similarity without identity evidence,same city; same state; geographic-only evidence; 2 strong conflict(s),HIGH
A00558,B00558,0.9988736207619444,0.7,1,ML probability above threshold,same city; 2 strong conflict(s),HIGH
A00559,B00559,0.6879529762984422,0.7,0,Geographic similarity without identity evidence,same city; same state; geographic-only evidence; 1 strong conflict(s),LOW
A00560,B00560,0.9928172988700237,0.7,0,Geographic similarity without identity evidence,same city; same state; geographic-only evidence; 2 strong conflict(s),HIGH
A00561,B00561,0.9467173670601607,0.7,0,Geographic similarity without identity evidence,same city; same state; geographic-only evidence; 2 strong conflict(s),HIGH
A00562,B00562,0.8778473485690977,0.7,0,Geographic similarity without identity evidence,same city; same state; geographic-only evidence; 1 strong conflict(s),MEDIUM
A00563,B00563,0.8514590618137747,0.7,0,Geographic similarity without identity evidence,same city; same state; geographic-only evidence; 3 strong conflict(s),MEDIUM
A00564,B00564,0.853623664923886,0.7,0,Geographic similarity without identity evidence,same city; same state; geographic-only evidence; 2 strong conflict(s),MEDIUM
A00565,B00565,0.9273151984778053,0.7,0,Geographic similarity without identity evidence,same city; same state; geographic-only evidence; 2 strong conflict(s),HIGH
A00566,B00566,0.8978665152348193,0.7,0,Geographic similarity without identity evidence,same city; same state; geographic-only evidence; 2 strong conflict(s),MEDIUM
A00567,B00567,0.9488441940604844,0.7,0,Geographic similarity without identity evidence,same city; same state; geographic-only evidence; 2 strong conflict(s),HIGH
A00568,B00568,0.8969063904364916,0.7,0,Geographic similarity without identity evidence,same city; same state; geographic-only evidence; 2 strong conflict(s),MEDIUM
A00569,B00569,0.9946418434463423,0.7,0,Geographic similarity without identity evidence,same city; same state; geographic-only evidence; 2 strong conflict(s),HIGH
A00570,B00570,0.9846380198551463,0.7,0,Geographic similarity without identity evidence,same city; same state; geographic-only evidence; 2 strong conflict(s),HIGH
A00571,B00571,0.14112797922558024,0.7,0,Geographic similarity without identity evidence,same city; same state; geographic-only evidence; 2 strong conflict(s),LOW
A00572,B00572,0.7675223867256741,0.7,0,Geographic similarity without identity evidence,same city; same state; geographic-only evidence; 2 strong conflict(s),MEDIUM
A00573,B00573,0.4162162060815933,0.7,0,Geographic similarity without identity evidence,same city; same state; geographic-only evidence; 2 strong conflict(s),LOW
A00574,B00574,0.9009213904855342,0.7,0,Geographic similarity without identity evidence,same city; same state; geographic-only evidence; 2 strong conflict(s),HIGH
A00575,B00575,0.910925335437185,0.7,0,Geographic similarity without identity evidence,same city; same state; geographic-only evidence; 2 strong conflict(s),HIGH
A00576,B00576,0.33637394027644574,0.7,0,Geographic similarity without identity evidence,same city; same state; geographic-only evidence; 1 strong conflict(s),LOW
A00577,B00577,0.8197026048366333,0.7,0,Geographic similarity without identity evidence,same city; same state; geographic-only evidence; 2 strong conflict(s),MEDIUM
A00578,B00578,0.9274650281685681,0.7,0,Geographic similarity without identity evidence,same city; same state; geographic-only evidence; 2 strong conflict(s),HIGH
A00579,B00579,0.9972354417837436,0.7,0,Geographic similarity without identity evidence,same city; same state; geographic-only evidence; 1 strong conflict(s),HIGH
A00580,B00580,0.992966371342614,0.7,0,Geographic similarity without identity evidence,same city; same state; geographic-only evidence; 1 strong conflict(s),HIGH
A00581,B00581,0.9921445930474501,0.7,0,Geographic similarity without identity evidence,same city; same state; geographic-only evidence; 1 strong conflict(s),HIGH
A00582,B00582,0.9428777977168958,0.7,0,Geographic similarity without identity evidence,same city; same state; geographic-only evidence; 2 strong conflict(s),HIGH
A00583,B00583,0.9944586281304053,0.7,1,ML probability above threshold,same city; 2 strong conflict(s),HIGH
A00584,B00584,0.8972651877655018,0.7,0,Geographic similarity without identity evidence,same city; same state; geographic-only evidence; 2 strong conflict(s),MEDIUM
A00585,B00585,0.9936629274702014,0.7,0,Geographic similarity without identity evidence,same city; same state; geographic-only evidence; 2 strong conflict(s),HIGH
A00586,B00586,0.9611192443077593,0.7,0,Geographic similarity without identity evidence,same city; same state; geographic-only evidence; 2 strong conflict(s),HIGH
A00587,B00587,0.8909674155811882,0.7,0,Geographic similarity without identity evidence,same city; same state; geographic-only evidence; 3 strong conflict(s),MEDIUM
A00588,B00588,0.9933446186308127,0.7,0,Geographic similarity without identity evidence,same city; same state; geographic-only evidence; 2 strong conflict(s),HIGH
A00589,B00589,0.8427807935371863,0.7,0,Geographic similarity without identity evidence,same city; same state; geographic-only evidence; 2 strong conflict(s),MEDIUM
A00590,B00590,0.993291883226491,0.7,0,Geographic similarity without identity evidence,same city; same state; geographic-only evidence; 2 strong conflict(s),HIGH
A00591,B00591,0.9925968036497022,0.7,0,Geographic similarity without identity evidence,same city; same state; geographic-only evidence; 2 strong conflict(s),HIGH
A00592,B00592,0.9430832043889645,0.7,0,Geographic similarity without identity evidence,same city; same state; geographic-only evidence; 1 strong conflict(s),HIGH
A00593,B00593,0.9462703094670167,0.7,0,Multiple conflicting identity signals,same state; 3 strong conflict(s),HIGH
A00594,B00594,0.9956864752783993,0.7,0,Geographic similarity without identity evidence,same city; same state; geographic-only evidence; 1 strong conflict(s),HIGH
A00595,B00595,0.9935144035654209,0.7,0,Geographic similarity without identity evidence,same city; same state; geographic-only evidence; 2 strong conflict(s),HIGH
A00596,B00596,0.7784625287541435,0.7,0,Geographic similarity without identity evidence,same city; same state; geographic-only evidence; 1 strong conflict(s),MEDIUM
A00597,B00597,0.977611898482974,0.7,1,ML probability above threshold,same city; 1 strong conflict(s),HIGH
A00598,B00598,0.81818184970353,0.7,0,Geographic similarity without identity evidence,same city; same state; geographic-only evidence; 2 strong conflict(s),MEDIUM
A00599,B00599,0.7972166564006732,0.7,0,Geographic similarity without identity evidence,same city; same state; geographic-only evidence; 2 strong conflict(s),MEDIUM
A00600,B00600,0.9988102352184203,0.7,1,ML probability above threshold,same city; 1 strong conflict(s),HIGH
A00601,B00601,0.9738205483730953,0.7,0,Geographic similarity without identity evidence,same city; same state; geographic-only evidence,HIGH
A00602,B00602,0.38161408576606815,0.7,0,Geographic similarity without identity evidence,same city; same state; geographic-only evidence; 3 strong conflict(s),LOW
A00603,B00603,0.9677929793951371,0.7,1,ML probability above threshold,same city; 2 strong conflict(s),HIGH
A00604,B00604,0.7790369715636241,0.7,0,Geographic similarity without identity evidence,same city; same state; geographic-only evidence; 2 strong conflict(s),MEDIUM
A00605,B00605,0.899281637557656,0.7,0,Geographic similarity without identity evidence,same city; same state; geographic-only evidence; 2 strong conflict(s),MEDIUM
A00606,B00606,0.9148785985636579,0.7,0,Geographic similarity without identity evidence,same city; same state; geographic-only evidence,HIGH
A00607,B00607,0.9960819371706761,0.7,0,Geographic similarity without identity evidence,same city; same state; geographic-only evidence; 1 strong conflict(s),HIGH
A00608,B00608,0.8492712636537073,0.7,0,Geographic similarity without identity evidence,same city; same state; geographic-only evidence; 2 strong conflict(s),MEDIUM
A00609,B00609,0.542481290526469,0.7,0,Geographic similarity without identity evidence,same city; same state; geographic-only evidence; 1 strong conflict(s),LOW
A00610,B00610,0.9954851028242487,0.7,0,Geographic similarity without identity evidence,same city; same state; geographic-only evidence; 2 strong conflict(s),HIGH
A00611,B00611,0.7501525784304871,0.7,0,Geographic similarity without identity evidence,same city; same state; geographic-only evidence; 2 strong conflict(s),MEDIUM
A00612,B00612,0.8091345035212305,0.7,0,Geographic similarity without identity evidence,same city; same state; geographic-only evidence; 1 strong conflict(s),MEDIUM
A00613,B00613,0.8151167119624315,0.7,0,Geographic similarity without identity evidence,same city; same state; geographic-only evidence; 1 strong conflict(s),MEDIUM
A00614,B00614,0.814910589931352,0.7,0,Geographic similarity without identity evidence,same city; same state; geographic-only evidence; 2 strong conflict(s),MEDIUM
A00615,B00615,0.9017189298522907,0.7,0,Geographic similarity without identity evidence,same city; same state; geographic-only evidence; 1 strong conflict(s),HIGH
A00616,B00616,0.9446390993831588,0.7,0,Geographic similarity without identity evidence,same city; same state; geographic-only evidence; 2 strong conflict(s),HIGH
A00617,B00617,0.8235070981784303,0.7,0,Geographic similarity without identity evidence,same city; same state; geographic-only evidence; 2 strong conflict(s),MEDIUM
A00618,B00618,0.7618810229458198,0.7,1,ML probability above threshold,same city; 1 strong conflict(s),MEDIUM
A00619,B00619,0.37549973401826625,0.7,0,Geographic similarity without identity evidence,same city; same state; geographic-only evidence; 2 strong conflict(s),LOW
A00620,B00620,0.40143194375705826,0.7,0,Geographic similarity without identity evidence,same city; same state; geographic-only evidence; 2 strong conflict(s),LOW
A00621,B00621,0.1748980025554213,0.7,0,Geographic similarity without identity evidence,same city; same state; geographic-only evidence; 2 strong conflict(s),LOW
A00622,B00622,0.9672317285746299,0.7,0,Geographic similarity without identity evidence,same city; same state; geographic-only evidence; 2 strong conflict(s),HIGH
A00623,B00623,0.8540871697452369,0.7,0,Geographic similarity without identity evidence,same city; same state; geographic-only evidence; 2 strong conflict(s),MEDIUM
A00624,B00624,0.9735150901856031,0.7,0,Geographic similarity without identity evidence,same city; same state; geographic-only evidence; 2 strong conflict(s),HIGH
A00625,B00625,0.8876815659483845,0.7,0,Geographic similarity without identity evidence,same city; same state; geographic-only evidence; 3 strong conflict(s),MEDIUM
A00626,B00626,0.8005771033113583,0.7,0,Geographic similarity without identity evidence,same city; same state; geographic-only evidence; 2 strong conflict(s),MEDIUM
A00627,B00627,0.9772931446611534,0.7,0,Geographic similarity without identity evidence,same city; same state; geographic-only evidence; 2 strong conflict(s),HIGH
A00628,B00628,0.9337672721623641,0.7,0,Geographic similarity without identity evidence,same city; same state; geographic-only evidence; 1 strong conflict(s),HIGH
A00629,B00629,0.9822045963391693,0.7,0,Geographic similarity without identity evidence,same city; same state; geographic-only evidence; 2 strong conflict(s),HIGH
A00630,B00630,0.9015170599006155,0.7,1,ML probability above threshold,same state; 2 strong conflict(s),HIGH
A00631,B00631,0.3641004762586956,0.7,0,Geographic similarity without identity evidence,same city; same state; geographic-only evidence; 3 strong conflict(s),LOW
A00632,B00632,0.9913696127269778,0.7,0,Geographic similarity without identity evidence,same city; same state; geographic-only evidence; 2 strong conflict(s),HIGH
A00633,B00633,0.7622944025059886,0.7,0,Geographic similarity without identity evidence,same city; same state; geographic-only evidence; 1 strong conflict(s),MEDIUM
A00634,B00634,0.654007235699573,0.7,0,Geographic similarity without identity evidence,same city; same state; geographic-only evidence; 2 strong conflict(s),LOW
A00635,B00635,0.991801396116955,0.7,0,Geographic similarity without identity evidence,same city; same state; geographic-only evidence; 1 strong conflict(s),HIGH
A00636,B00636,0.9121760444804805,0.7,0,Geographic similarity without identity evidence,same city; same state; geographic-only evidence; 2 strong conflict(s),HIGH
A00637,B00637,0.9721854793431575,0.7,0,Geographic similarity without identity evidence,same city; same state; geographic-only evidence; 2 strong conflict(s),HIGH
A00638,B00638,0.8571219413512429,0.7,0,Geographic similarity without identity evidence,same city; same state; geographic-only evidence; 2 strong conflict(s),MEDIUM
A00639,B00639,0.9986749453637682,0.7,0,Geographic similarity without identity evidence,same city; same state; geographic-only evidence; 1 strong conflict(s),HIGH
A00640,B00640,0.9231869069822669,0.7,1,ML probability above threshold,same city; 1 strong conflict(s),HIGH
A00641,B00641,0.9134013479771144,0.7,0,Geographic similarity without identity evidence,same city; same state; geographic-only evidence; 2 strong conflict(s),HIGH
A00642,B00642,0.7139758912402407,0.7,0,Geographic similarity without identity evidence,same city; same state; geographic-only evidence; 2 strong conflict(s),MEDIUM
A00643,B00643,0.9976116441381326,0.7,1,ML probability above threshold,2 strong conflict(s),HIGH
A00644,B00644,0.910658897560593,0.7,0,Geographic similarity without identity evidence,same city; same state; geographic-only evidence; 1 strong conflict(s),HIGH
A00645,B00645,0.937624892486113,0.7,0,Geographic similarity without identity evidence,same city; same state; geographic-only evidence; 2 strong conflict(s),HIGH
A00646,B00646,0.9678412876083018,0.7,0,Geographic similarity without identity evidence,same city; same state; geographic-only evidence; 2 strong conflict(s),HIGH
A00647,B00647,0.9838336478113353,0.7,0,Geographic similarity without identity evidence,same city; same state; geographic-only evidence,HIGH
A00648,B00648,0.9134894839883272,0.7,0,Geographic similarity without identity evidence,same city; same state; geographic-only evidence; 2 strong conflict(s),HIGH
A00649,B00649,0.9449807751434393,0.7,0,Geographic similarity without identity evidence,same city; same state; geographic-only evidence; 1 strong conflict(s),HIGH
A00650,B00650,0.983976227062586,0.7,0,Geographic similarity without identity evidence,same city; same state; geographic-only evidence; 2 strong conflict(s),HIGH
A00651,B00651,0.9223230858080541,0.7,0,Geographic similarity without identity evidence,same city; same state; geographic-only evidence; 2 strong conflict(s),HIGH
A00652,B00652,0.9536088306427142,0.7,0,Geographic similarity without identity evidence,same city; same state; geographic-only evidence; 2 strong conflict(s),HIGH
A00653,B00653,0.9969608446666185,0.7,0,Geographic similarity without identity evidence,same city; same state; geographic-only evidence,HIGH
A00654,B00654,0.9910915220303868,0.7,0,Geographic similarity without identity evidence,same city; same state; geographic-only evidence; 2 strong conflict(s),HIGH
A00655,B00655,0.944710731336732,0.7,0,Geographic similarity without identity evidence,same city; same state; geographic-only evidence; 2 strong conflict(s),HIGH
A00656,B00656,0.9610894814321319,0.7,0,Geographic similarity without identity evidence,same city; same state; geographic-only evidence; 2 strong conflict(s),HIGH
A00657,B00657,0.9849739807192851,0.7,0,Geographic similarity without identity evidence,same city; same state; geographic-only evidence; 1 strong conflict(s),HIGH
A00658,B00658,0.9794763038788774,0.7,0,Geographic similarity without identity evidence,same city; same state; geographic-only evidence; 2 strong conflict(s),HIGH
A00659,B00659,0.9664370170316334,0.7,1,ML probability above threshold,same city; 2 strong conflict(s),HIGH
A00660,B00660,0.9981417939437743,0.7,0,Geographic similarity without identity evidence,same city; same state; geographic-only evidence; 2 strong conflict(s),HIGH
A00661,B00661,0.7652183685229506,0.7,0,Geographic similarity without identity evidence,same city; same state; geographic-only evidence; 1 strong conflict(s),MEDIUM
A00662,B00662,0.7647564777534086,0.7,0,Geographic similarity without identity evidence,same city; same state; geographic-only evidence; 2 strong conflict(s),MEDIUM
A00663,B00663,0.9847619863736179,0.7,0,Geographic similarity without identity evidence,same city; same state; geographic-only evidence; 2 strong conflict(s),HIGH
A00664,B00664,0.9775922434117492,0.7,0,Geographic similarity without identity evidence,same city; same state; geographic-only evidence; 2 strong conflict(s),HIGH
A00665,B00665,0.728288621139633,0.7,1,ML probability above threshold,same city; 2 strong conflict(s),MEDIUM
A00666,B00666,0.9463077271807341,0.7,0,Geographic similarity without identity evidence,same city; same state; geographic-only evidence; 2 strong conflict(s),HIGH
A00667,B00667,0.9598597003114192,0.7,0,Geographic similarity without identity evidence,same city; same state; geographic-only evidence; 2 strong conflict(s),HIGH
A00668,B00668,0.8958728413502676,0.7,0,Geographic similarity without identity evidence,same city; same state; geographic-only evidence; 2 strong conflict(s),MEDIUM
A00669,B00669,0.61899699894512,0.7,0,Geographic similarity without identity evidence,same city; same state; geographic-only evidence; 2 strong conflict(s),LOW
A00670,B00670,0.8970407583731621,0.7,0,Geographic similarity without identity evidence,same city; same state; geographic-only evidence; 2 strong conflict(s),MEDIUM
A00671,B00671,0.5988337757214631,0.7,0,Geographic similarity without identity evidence,same city; same state; geographic-only evidence; 2 strong conflict(s),LOW
A00672,B00672,0.9483402402914725,0.7,0,Geographic similarity without identity evidence,same city; same state; geographic-only evidence; 2 strong conflict(s),HIGH
A00673,B00673,0.6961595973682383,0.7,0,Geographic similarity without identity evidence,same city; same state; geographic-only evidence; 2 strong conflict(s),LOW
A00674,B00674,0.9849591974494339,0.7,0,Geographic similarity without identity evidence,same city; same state; geographic-only evidence; 2 strong conflict(s),HIGH
A00675,B00675,0.9437263528245531,0.7,0,Geographic similarity without identity evidence,same city; same state; geographic-only evidence; 2 strong conflict(s),HIGH
A00676,B00676,0.8985283019933521,0.7,0,Geographic similarity without identity evidence,same city; same state; geographic-only evidence; 2 strong conflict(s),MEDIUM
A00677,B00677,0.9051944150516615,0.7,0,Geographic similarity without identity evidence,same city; same state; geographic-only evidence; 2 strong conflict(s),HIGH
A00678,B00678,0.9097689733893662,0.7,1,ML probability above threshold,same city; same state; 2 strong conflict(s),HIGH
A00679,B00679,0.9623749918766265,0.7,0,Geographic similarity without identity evidence,same city; same state; geographic-only evidence; 1 strong conflict(s),HIGH
A00680,B00680,0.9374090761125149,0.7,0,Geographic similarity without identity evidence,same city; same state; geographic-only evidence; 2 strong conflict(s),HIGH
A00681,B00681,0.9272026143620277,0.7,0,Geographic similarity without identity evidence,same city; same state; geographic-only evidence; 3 strong conflict(s),HIGH
A00682,B00682,0.9829227142157745,0.7,0,Geographic similarity without identity evidence,same city; same state; geographic-only evidence; 2 strong conflict(s),HIGH
A00683,B00683,0.9291906519950318,0.7,0,Geographic similarity without identity evidence,same city; same state; geographic-only evidence; 2 strong conflict(s),HIGH
A00684,B00684,0.7261655581779526,0.7,0,Geographic similarity without identity evidence,same city; same state; geographic-only evidence; 2 strong conflict(s),MEDIUM
A00685,B00685,0.945476790585047,0.7,0,Geographic similarity without identity evidence,same city; same state; geographic-only evidence; 2 strong conflict(s),HIGH
A00686,B00686,0.9953640352414732,0.7,0,Geographic similarity without identity evidence,same city; same state; geographic-only evidence; 2 strong conflict(s),HIGH
A00687,B00687,0.9804510030110188,0.7,0,Geographic similarity without identity evidence,same city; same state; geographic-only evidence; 2 strong conflict(s),HIGH
A00688,B00688,0.6673810266477376,0.7,0,Geographic similarity without identity evidence,same city; same state; geographic-only evidence; 2 strong conflict(s),LOW
A00689,B00689,0.986864657556812,0.7,0,Geographic similarity without identity evidence,same city; same state; geographic-only evidence; 1 strong conflict(s),HIGH
A00690,B00690,0.9910714584367727,0.7,0,Geographic similarity without identity evidence,same city; same state; geographic-only evidence; 1 strong conflict(s),HIGH
A00691,B00691,0.9783496414692143,0.7,0,Geographic similarity without identity evidence,same city; same state; geographic-only evidence; 2 strong conflict(s),HIGH
A00692,B00692,0.9710169700085738,0.7,1,ML probability above threshold,same state; 2 strong conflict(s),HIGH
A00693,B00693,0.9563727234302133,0.7,0,Geographic similarity without identity evidence,same city; same state; geographic-only evidence; 1 strong conflict(s),HIGH
A00694,B00694,0.6013217601725329,0.7,0,Geographic similarity without identity evidence,same city; same state; geographic-only evidence; 1 strong conflict(s),LOW
A00695,B00695,0.9785302492186004,0.7,0,Geographic similarity without identity evidence,same city; same state; geographic-only evidence; 2 strong conflict(s),HIGH
A00696,B00696,0.9915776913086556,0.7,0,Geographic similarity without identity evidence,same city; same state; geographic-only evidence; 2 strong conflict(s),HIGH
A00697,B00697,0.8913061813902884,0.7,0,Geographic similarity without identity evidence,same city; same state; geographic-only evidence; 2 strong conflict(s),MEDIUM
A00698,B00698,0.8555296204389029,0.7,0,Geographic similarity without identity evidence,same city; same state; geographic-only evidence; 2 strong conflict(s),MEDIUM
A00699,B00699,0.6214239575827908,0.7,0,Geographic similarity without identity evidence,same city; same state; geographic-only evidence; 1 strong conflict(s),LOW
A00700,B00700,0.999245001187386,0.7,1,ML probability above threshold,same city; 2 strong conflict(s),HIGH
A00701,B00701,0.944047106294758,0.7,0,Geographic similarity without identity evidence,same city; same state; geographic-only evidence; 1 strong conflict(s),HIGH
A00702,B00702,0.9639314846272867,0.7,0,Geographic similarity without identity evidence,same city; same state; geographic-only evidence; 2 strong conflict(s),HIGH
A00703,B00703,0.9600959664685856,0.7,0,Geographic similarity without identity evidence,same city; same state; geographic-only evidence; 1 strong conflict(s),HIGH
A00704,B00704,0.9879510160765388,0.7,1,ML probability above threshold,same city; same state; 2 strong conflict(s),HIGH
A00705,B00705,0.9454765332004306,0.7,0,Geographic similarity without identity evidence,same city; same state; geographic-only evidence; 2 strong conflict(s),HIGH
A00706,B00706,0.714291717224683,0.7,0,Geographic similarity without identity evidence,same city; same state; geographic-only evidence; 1 strong conflict(s),MEDIUM
A00707,B00707,0.8380752825961582,0.7,0,Geographic similarity without identity evidence,same city; same state; geographic-only evidence; 2 strong conflict(s),MEDIUM
A00708,B00708,0.7685293472507216,0.7,0,Geographic similarity without identity evidence,same city; same state; geographic-only evidence; 1 strong conflict(s),MEDIUM
A00709,B00709,0.9833644567096556,0.7,0,Geographic similarity without identity evidence,same city; same state; geographic-only evidence; 1 strong conflict(s),HIGH
A00710,B00710,0.5169126985553969,0.7,0,Geographic similarity without identity evidence,same city; same state; geographic-only evidence; 2 strong conflict(s),LOW
A00711,B00711,0.9265455158559278,0.7,0,Geographic similarity without identity evidence,same city; same state; geographic-only evidence; 2 strong conflict(s),HIGH
A00712,B00712,0.5480001126348595,0.7,0,Geographic similarity without identity evidence,same city; same state; geographic-only evidence; 2 strong conflict(s),LOW
A00713,B00713,0.7732379987849661,0.7,0,Geographic similarity without identity evidence,same city; same state; geographic-only evidence; 2 strong conflict(s),MEDIUM
A00714,B00714,0.9949383096115045,0.7,0,Geographic similarity without identity evidence,same city; same state; geographic-only evidence; 2 strong conflict(s),HIGH
A00715,B00715,0.8242180894876967,0.7,0,Geographic similarity without identity evidence,same city; same state; geographic-only evidence; 2 strong conflict(s),MEDIUM
A00716,B00716,0.9931125088653344,0.7,0,Geographic similarity without identity evidence,same city; same state; geographic-only evidence; 2 strong conflict(s),HIGH
A00717,B00717,0.7564907754922988,0.7,0,Geographic similarity without identity evidence,same city; same state; geographic-only evidence; 2 strong conflict(s),MEDIUM
A00718,B00718,0.9466425612651709,0.7,0,Geographic similarity without identity evidence,same city; same state; geographic-only evidence; 1 strong conflict(s),HIGH
A00719,B00719,0.9974231681563028,0.7,0,Geographic similarity without identity evidence,same city; same state; geographic-only evidence; 2 strong conflict(s),HIGH
A00720,B00720,0.9966079567732902,0.7,1,ML probability above threshold,same state; 1 strong conflict(s),HIGH
A00721,B00721,0.972488312978868,0.7,0,Geographic similarity without identity evidence,same city; same state; geographic-only evidence; 1 strong conflict(s),HIGH
A00722,B00722,0.9916992584925448,0.7,0,Geographic similarity without identity evidence,same city; same state; geographic-only evidence; 2 strong conflict(s),HIGH
A00723,B00723,0.7119565319243032,0.7,0,Geographic similarity without identity evidence,same city; same state; geographic-only evidence; 2 strong conflict(s),MEDIUM
A00724,B00724,0.6823515904436104,0.7,0,Geographic similarity without identity evidence,same city; same state; geographic-only evidence; 1 strong conflict(s),LOW
A00725,B00725,0.9720374676937386,0.7,0,Geographic similarity without identity evidence,same city; same state; geographic-only evidence; 1 strong conflict(s),HIGH
A00726,B00726,0.9369254006920299,0.7,1,ML probability above threshold,same state; 1 strong conflict(s),HIGH
A00727,B00727,0.549004097979126,0.7,0,Geographic similarity without identity evidence,same city; same state; geographic-only evidence; 1 strong conflict(s),LOW
A00728,B00728,0.9944301225352619,0.7,0,Geographic similarity without identity evidence,same city; same state; geographic-only evidence; 1 strong conflict(s),HIGH
A00729,B00729,0.9495998638490978,0.7,0,Geographic similarity without identity evidence,same city; same state; geographic-only evidence; 2 strong conflict(s),HIGH
A00730,B00730,0.6595890061971406,0.7,0,Geographic similarity without identity evidence,same city; same state; geographic-only evidence; 2 strong conflict(s),LOW
A00731,B00731,0.9584894423211067,0.7,1,ML probability above threshold,same city; 2 strong conflict(s),HIGH
A00732,B00732,0.9460290699170067,0.7,0,Geographic similarity without identity evidence,same city; same state; geographic-only evidence; 1 strong conflict(s),HIGH
A00733,B00733,0.7350036154923462,0.7,0,Geographic similarity without identity evidence,same city; same state; geographic-only evidence; 2 strong conflict(s),MEDIUM
A00734,B00734,0.9382829209326035,0.7,0,Geographic similarity without identity evidence,same city; same state; geographic-only evidence; 2 strong conflict(s),HIGH
A00735,B00735,0.6688691618862116,0.7,0,Geographic similarity without identity evidence,same city; same state; geographic-only evidence; 2 strong conflict(s),LOW
A00736,B00736,0.7109655554722252,0.7,0,Geographic similarity without identity evidence,same city; same state; geographic-only evidence; 2 strong conflict(s),MEDIUM
A00737,B00737,0.9538124526183342,0.7,0,Geographic similarity without identity evidence,same city; same state; geographic-only evidence; 2 strong conflict(s),HIGH
A00738,B00738,0.9389001810665945,0.7,1,ML probability above threshold,same state; 1 strong conflict(s),HIGH
A00739,B00739,0.9971987630735577,0.7,0,Geographic similarity without identity evidence,same city; same state; geographic-only evidence; 1 strong conflict(s),HIGH
A00740,B00740,0.9909867476791483,0.7,0,Geographic similarity without identity evidence,same city; same state; geographic-only evidence; 2 strong conflict(s),HIGH
A00741,B00741,0.7593426004873955,0.7,0,Geographic similarity without identity evidence,same city; same state; geographic-only evidence; 2 strong conflict(s),MEDIUM
A00742,B00742,0.780380036363145,0.7,0,Geographic similarity without identity evidence,same city; same state; geographic-only evidence; 2 strong conflict(s),MEDIUM
A00743,B00743,0.7750595779035496,0.7,0,Geographic similarity without identity evidence,same city; same state; geographic-only evidence; 1 strong conflict(s),MEDIUM
A00744,B00744,0.9781330150140864,0.7,0,Geographic similarity without identity evidence,same city; same state; geographic-only evidence; 2 strong conflict(s),HIGH
A00745,B00745,0.8797755034050025,0.7,0,Geographic similarity without identity evidence,same city; same state; geographic-only evidence; 2 strong conflict(s),MEDIUM
A00746,B00746,0.9909408264232862,0.7,0,Geographic similarity without identity evidence,same city; same state; geographic-only evidence; 1 strong conflict(s),HIGH
A00747,B00747,0.963598186306415,0.7,0,Geographic similarity without identity evidence,same city; same state; geographic-only evidence; 2 strong conflict(s),HIGH
A00748,B00748,0.9437452819055446,0.7,0,Geographic similarity without identity evidence,same city; same state; geographic-only evidence; 2 strong conflict(s),HIGH
A00749,B00749,0.6547036447968833,0.7,0,Geographic similarity without identity evidence,same city; same state; geographic-only evidence; 3 strong conflict(s),LOW
A00750,B00750,0.8853377823489191,0.7,0,Geographic similarity without identity evidence,same city; same state; geographic-only evidence; 2 strong conflict(s),MEDIUM
A00751,B00751,0.7553175866972953,0.7,0,Geographic similarity without identity evidence,same city; same state; geographic-only evidence; 2 strong conflict(s),MEDIUM
A00752,B00752,0.9454803272021517,0.7,0,Geographic similarity without identity evidence,same city; same state; geographic-only evidence; 2 strong conflict(s),HIGH
A00753,B00753,0.9164848650907524,0.7,0,Geographic similarity without identity evidence,same city; same state; geographic-only evidence; 2 strong conflict(s),HIGH
A00754,B00754,0.9257086613412276,0.7,0,Geographic similarity without identity evidence,same city; same state; geographic-only evidence; 3 strong conflict(s),HIGH
A00755,B00755,0.9709025061435703,0.7,1,ML probability above threshold,same city; 2 strong conflict(s),HIGH
A00756,B00756,0.7852236398877346,0.7,0,Geographic similarity without identity evidence,same city; same state; geographic-only evidence; 1 strong conflict(s),MEDIUM
A00757,B00757,0.7717047604577169,0.7,0,Geographic similarity without identity evidence,same city; same state; geographic-only evidence; 2 strong conflict(s),MEDIUM
A00758,B00758,0.993210640201251,0.7,0,Geographic similarity without identity evidence,same city; same state; geographic-only evidence; 1 strong conflict(s),HIGH
A00759,B00759,0.9967244875037674,0.7,0,Geographic similarity without identity evidence,same city; same state; geographic-only evidence; 1 strong conflict(s),HIGH
A00760,B00760,0.9381521312865044,0.7,0,Geographic similarity without identity evidence,same city; same state; geographic-only evidence; 2 strong conflict(s),HIGH
A00761,B00761,0.9784740855577283,0.7,0,Geographic similarity without identity evidence,same city; same state; geographic-only evidence; 2 strong conflict(s),HIGH
A00762,B00762,0.9222670566660728,0.7,0,Geographic similarity without identity evidence,same city; same state; geographic-only evidence; 2 strong conflict(s),HIGH
A00763,B00763,0.9911237933280914,0.7,0,Geographic similarity without identity evidence,same city; same state; geographic-only evidence; 2 strong conflict(s),HIGH
A00764,B00764,0.9861716869424222,0.7,0,Geographic similarity without identity evidence,same city; same state; geographic-only evidence; 1 strong conflict(s),HIGH
A00765,B00765,0.9707779571839438,0.7,0,Geographic similarity without identity evidence,same city; same state; geographic-only evidence; 2 strong conflict(s),HIGH
A00766,B00766,0.9939193398780966,0.7,0,Geographic similarity without identity evidence,same city; same state; geographic-only evidence; 1 strong conflict(s),HIGH
A00767,B00767,0.9652454917297498,0.7,0,Geographic similarity without identity evidence,same city; same state; geographic-only evidence; 2 strong conflict(s),HIGH
A00768,B00768,0.7941478906468119,0.7,0,Geographic similarity without identity evidence,same city; same state; geographic-only evidence; 2 strong conflict(s),MEDIUM
A00769,B00769,0.7402744047904453,0.7,0,Geographic similarity without identity evidence,same city; same state; geographic-only evidence; 2 strong conflict(s),MEDIUM
A00770,B00770,0.9848233051701479,0.7,1,ML probability above threshold,same city; 2 strong conflict(s),HIGH
A00771,B00771,0.9182853709287812,0.7,1,ML probability above threshold,same city; same state; 2 strong conflict(s),HIGH
A00772,B00772,0.57478153742811,0.7,0,Geographic similarity without identity evidence,same city; same state; geographic-only evidence; 1 strong conflict(s),LOW
A00773,B00773,0.9896078690678332,0.7,0,Geographic similarity without identity evidence,same city; same state; geographic-only evidence; 2 strong conflict(s),HIGH
A00774,B00774,0.9506506886473278,0.7,1,ML probability above threshold,same state; 2 strong conflict(s),HIGH
A00775,B00775,0.7371023870000633,0.7,0,Geographic similarity without identity evidence,same city; same state; geographic-only evidence; 1 strong conflict(s),MEDIUM
A00776,B00776,0.9638175847550908,0.7,0,Geographic similarity without identity evidence,same city; same state; geographic-only evidence; 3 strong conflict(s),HIGH
A00777,B00777,0.9955039641966872,0.7,0,Geographic similarity without identity evidence,same city; same state; geographic-only evidence; 2 strong conflict(s),HIGH
A00778,B00778,0.7755447572712928,0.7,0,Geographic similarity without identity evidence,same city; same state; geographic-only evidence; 1 strong conflict(s),MEDIUM
A00779,B00779,0.7586376614524203,0.7,0,Geographic similarity without identity evidence,same city; same state; geographic-only evidence; 2 strong conflict(s),MEDIUM
A00780,B00780,0.9056521738538758,0.7,0,Geographic similarity without identity evidence,same city; same state; geographic-only evidence; 2 strong conflict(s),HIGH
A00781,B00781,0.7845189189635693,0.7,0,Geographic similarity without identity evidence,same city; same state; geographic-only evidence; 1 strong conflict(s),MEDIUM
A00782,B00782,0.9132966799754957,0.7,0,Geographic similarity without identity evidence,same city; same state; geographic-only evidence; 2 strong conflict(s),HIGH
A00783,B00783,0.9956465201137722,0.7,0,Geographic similarity without identity evidence,same city; same state; geographic-only evidence; 2 strong conflict(s),HIGH
A00784,B00784,0.9956155646937755,0.7,0,Geographic similarity without identity evidence,same city; same state; geographic-only evidence; 2 strong conflict(s),HIGH
A00785,B00785,0.8569932980804983,0.7,0,Geographic similarity without identity evidence,same city; same state; geographic-only evidence; 1 strong conflict(s),MEDIUM
A00786,B00786,0.9757853737302403,0.7,1,ML probability above threshold,same city; 2 strong conflict(s),HIGH
A00787,B00787,0.997462848830346,0.7,1,ML probability above threshold,same city; 2 strong conflict(s),HIGH
A00788,B00788,0.9334780178861362,0.7,0,Geographic similarity without identity evidence,same city; same state; geographic-only evidence; 2 strong conflict(s),HIGH
A00789,B00789,0.9566156801806281,0.7,0,Geographic similarity without identity evidence,same city; same state; geographic-only evidence; 2 strong conflict(s),HIGH
A00790,B00790,0.9957708550538565,0.7,1,ML probability above threshold,same state; 2 strong conflict(s),HIGH
A00791,B00791,0.938085228476106,0.7,0,Geographic similarity without identity evidence,same city; same state; geographic-only evidence; 3 strong conflict(s),HIGH
A00792,B00792,0.8330325330911085,0.7,0,Geographic similarity without identity evidence,same city; same state; geographic-only evidence; 2 strong conflict(s),MEDIUM
A00793,B00793,0.7526718731178704,0.7,1,ML probability above threshold,same city; 2 strong conflict(s),MEDIUM
A00794,B00794,0.8133623929048001,0.7,0,Geographic similarity without identity evidence,same city; same state; geographic-only evidence; 2 strong conflict(s),MEDIUM
A00795,B00795,0.9564841216852135,0.7,0,Geographic similarity without identity evidence,same city; same state; geographic-only evidence; 1 strong conflict(s),HIGH
A00796,B00796,0.990881833930557,0.7,0,Geographic similarity without identity evidence,same city; same state; geographic-only evidence; 2 strong conflict(s),HIGH
A00797,B00797,0.4993006380151543,0.7,0,Geographic similarity without identity evidence,same city; same state; geographic-only evidence; 2 strong conflict(s),LOW
A00798,B00798,0.9844730059106028,0.7,0,Geographic similarity without identity evidence,same city; same state; geographic-only evidence; 3 strong conflict(s),HIGH
A00799,B00799,0.9949964270429652,0.7,1,ML probability above threshold,same city; 1 strong conflict(s),HIGH
A00800,B00800,0.893427992338806,0.7,0,Geographic similarity without identity evidence,same city; same state; geographic-only evidence,MEDIUM
A00801,B00801,0.981183399631669,0.7,0,Geographic similarity without identity evidence,same city; same state; geographic-only evidence; 2 strong conflict(s),HIGH
A00802,B00802,0.9767694114133127,0.7,0,Geographic similarity without identity evidence,same city; same state; geographic-only evidence; 1 strong conflict(s),HIGH
A00803,B00803,0.9853623655587742,0.7,0,Geographic similarity without identity evidence,same city; same state; geographic-only evidence; 3 strong conflict(s),HIGH
A00804,B00804,0.949450433730743,0.7,0,Geographic similarity without identity evidence,same city; same state; geographic-only evidence; 3 strong conflict(s),HIGH
A00805,B00805,0.8316844159067338,0.7,0,Geographic similarity without identity evidence,same city; same state; geographic-only evidence; 1 strong conflict(s),MEDIUM
A00806,B00806,0.9962990892332934,0.7,0,Geographic similarity without identity evidence,same city; same state; geographic-only evidence; 2 strong conflict(s),HIGH
A00807,B00807,0.8683367832247094,0.7,0,Geographic similarity without identity evidence,same city; same state; geographic-only evidence; 2 strong conflict(s),MEDIUM
A00808,B00808,0.9659288557701768,0.7,0,Geographic similarity without identity evidence,same city; same state; geographic-only evidence; 2 strong conflict(s),HIGH
A00809,B00809,0.9715090643262668,0.7,0,Geographic similarity without identity evidence,same city; same state; geographic-only evidence; 2 strong conflict(s),HIGH
A00810,B00810,0.9823042326814436,0.7,0,Geographic similarity without identity evidence,same city; same state; geographic-only evidence; 1 strong conflict(s),HIGH
A00811,B00811,0.9873142174038897,0.7,0,Geographic similarity without identity evidence,same city; same state; geographic-only evidence; 1 strong conflict(s),HIGH
A00812,B00812,0.9837507170826986,0.7,0,Geographic similarity without identity evidence,same city; same state; geographic-only evidence; 2 strong conflict(s),HIGH
A00813,B00813,0.8878646821776618,0.7,0,Geographic similarity without identity evidence,same city; same state; geographic-only evidence; 2 strong conflict(s),MEDIUM
A00814,B00814,0.4995448811678823,0.7,0,Geographic similarity without identity evidence,same city; same state; geographic-only evidence; 2 strong conflict(s),LOW
A00815,B00815,0.9154815850550607,0.7,0,Geographic similarity without identity evidence,same city; same state; geographic-only evidence; 2 strong conflict(s),HIGH
A00816,B00816,0.9769563971020412,0.7,0,Geographic similarity without identity evidence,same city; same state; geographic-only evidence; 2 strong conflict(s),HIGH
A00817,B00817,0.47493248921980163,0.7,0,Geographic similarity without identity evidence,same city; same state; geographic-only evidence; 2 strong conflict(s),LOW
A00818,B00818,0.9838262019190627,0.7,1,ML probability above threshold,same state; 2 strong conflict(s),HIGH
A00819,B00819,0.9561973329912636,0.7,0,Geographic similarity without identity evidence,same city; same state; geographic-only evidence; 2 strong conflict(s),HIGH
A00820,B00820,0.9649987615363413,0.7,0,Geographic similarity without identity evidence,same city; same state; geographic-only evidence; 1 strong conflict(s),HIGH
A00821,B00821,0.9877484834955607,0.7,0,Geographic similarity without identity evidence,same city; same state; geographic-only evidence; 2 strong conflict(s),HIGH
A00822,B00822,0.9784360756633625,0.7,0,Geographic similarity without identity evidence,same city; same state; geographic-only evidence; 2 strong conflict(s),HIGH
A00823,B00823,0.9946917988538159,0.7,0,Geographic similarity without identity evidence,same city; same state; geographic-only evidence; 1 strong conflict(s),HIGH
A00824,B00824,0.9985571406331086,0.7,0,Geographic similarity without identity evidence,same city; same state; geographic-only evidence; 2 strong conflict(s),HIGH
A00825,B00825,0.976669579247441,0.7,0,Geographic similarity without identity evidence,same city; same state; geographic-only evidence; 3 strong conflict(s),HIGH
A00826,B00826,0.9969946955198806,0.7,1,ML probability above threshold,same state; 2 strong conflict(s),HIGH
A00827,B00827,0.9827163021881365,0.7,0,Geographic similarity without identity evidence,same city; same state; geographic-only evidence; 2 strong conflict(s),HIGH
A00828,B00828,0.9911495536668135,0.7,0,Geographic similarity without identity evidence,same city; same state; geographic-only evidence; 2 strong conflict(s),HIGH
A00829,B00829,0.919357359287454,0.7,0,Geographic similarity without identity evidence,same city; same state; geographic-only evidence; 1 strong conflict(s),HIGH
A00830,B00830,0.9900258015521667,0.7,0,Geographic similarity without identity evidence,same city; same state; geographic-only evidence; 2 strong conflict(s),HIGH
A00831,B00831,0.9330773359893243,0.7,0,Geographic similarity without identity evidence,same city; same state; geographic-only evidence; 1 strong conflict(s),HIGH
A00832,B00832,0.8962273185142481,0.7,0,Geographic similarity without identity evidence,same city; same state; geographic-only evidence; 2 strong conflict(s),MEDIUM
A00833,B00833,0.9645493966012437,0.7,0,Geographic similarity without identity evidence,same city; same state; geographic-only evidence; 1 strong conflict(s),HIGH
A00834,B00834,0.9679488676220539,0.7,0,Geographic similarity without identity evidence,same city; same state; geographic-only evidence; 2 strong conflict(s),HIGH
A00835,B00835,0.9208263135629865,0.7,0,Geographic similarity without identity evidence,same city; same state; geographic-only evidence; 2 strong conflict(s),HIGH
A00836,B00836,0.9745357358840842,0.7,0,Geographic similarity without identity evidence,same city; same state; geographic-only evidence; 2 strong conflict(s),HIGH
A00837,B00837,0.9436698528377357,0.7,0,Geographic similarity without identity evidence,same city; same state; geographic-only evidence; 1 strong conflict(s),HIGH
A00838,B00838,0.9880971559513481,0.7,0,Geographic similarity without identity evidence,same city; same state; geographic-only evidence; 3 strong conflict(s),HIGH
A00839,B00839,0.9231911584008693,0.7,0,Geographic similarity without identity evidence,same city; same state; geographic-only evidence; 2 strong conflict(s),HIGH
A00840,B00840,0.9665008636398529,0.7,0,Geographic similarity without identity evidence,same city; same state; geographic-only evidence; 1 strong conflict(s),HIGH
A00841,B00841,0.9264974999798579,0.7,0,Geographic similarity without identity evidence,same city; same state; geographic-only evidence; 3 strong conflict(s),HIGH
A00842,B00842,0.9995231775679149,0.7,0,Insufficient identity evidence,same state; 1 strong conflict(s),HIGH
A00843,B00843,0.9752912889043897,0.7,0,Geographic similarity without identity evidence,same city; same state; geographic-only evidence; 3 strong conflict(s),HIGH
A00844,B00844,0.8369965510113014,0.7,0,Geographic similarity without identity evidence,same city; same state; geographic-only evidence; 3 strong conflict(s),MEDIUM
A00845,B00845,0.9849037503163883,0.7,1,ML probability above threshold,same state; 1 strong conflict(s),HIGH
A00846,B00846,0.8381760600912725,0.7,0,Geographic similarity without identity evidence,same city; same state; geographic-only evidence; 3 strong conflict(s),MEDIUM
A00847,B00847,0.9817947205479233,0.7,0,Geographic similarity without identity evidence,same city; same state; geographic-only evidence; 3 strong conflict(s),HIGH
A00848,B00848,0.777949380111986,0.7,0,Geographic similarity without identity evidence,same city; same state; geographic-only evidence; 2 strong conflict(s),MEDIUM
A00849,B00849,0.9117424725775647,0.7,0,Geographic similarity without identity evidence,same city; same state; geographic-only evidence; 2 strong conflict(s),HIGH
A00850,B00850,0.8663510288212302,0.7,0,Geographic similarity without identity evidence,same city; same state; geographic-only evidence; 2 strong conflict(s),MEDIUM
A00851,B00851,0.8621637228168956,0.7,0,Geographic similarity without identity evidence,same city; same state; geographic-only evidence,MEDIUM
A00852,B00852,0.8560522379206714,0.7,0,Geographic similarity without identity evidence,same city; same state; geographic-only evidence; 2 strong conflict(s),MEDIUM
A00853,B00853,0.9555789757297043,0.7,0,Geographic similarity without identity evidence,same city; same state; geographic-only evidence; 1 strong conflict(s),HIGH
A00854,B00854,0.9686223568041609,0.7,0,Geographic similarity without identity evidence,same city; same state; geographic-only evidence; 3 strong conflict(s),HIGH
A00855,B00855,0.8399967211834312,0.7,0,Geographic similarity without identity evidence,same city; same state; geographic-only evidence; 2 strong conflict(s),MEDIUM
A00856,B00856,0.8616222182905094,0.7,0,Geographic similarity without identity evidence,same city; same state; geographic-only evidence; 2 strong conflict(s),MEDIUM
A00857,B00857,0.32169232230336187,0.7,0,Geographic similarity without identity evidence,same city; same state; geographic-only evidence; 2 strong conflict(s),LOW
A00858,B00858,0.964893558482355,0.7,0,Geographic similarity without identity evidence,same city; same state; geographic-only evidence; 2 strong conflict(s),HIGH
A00859,B00859,0.9941092787087291,0.7,0,Geographic similarity without identity evidence,same city; same state; geographic-only evidence; 2 strong conflict(s),HIGH
A00860,B00860,0.9829377459432453,0.7,0,Geographic similarity without identity evidence,same city; same state; geographic-only evidence; 2 strong conflict(s),HIGH
A00861,B00861,0.9551875827066917,0.7,0,Geographic similarity without identity evidence,same city; same state; geographic-only evidence; 2 strong conflict(s),HIGH
A00862,B00862,0.9240572883590285,0.7,0,Geographic similarity without identity evidence,same city; same state; geographic-only evidence; 3 strong conflict(s),HIGH
A00863,B00863,0.8488621333645305,0.7,0,Geographic similarity without identity evidence,same city; same state; geographic-only evidence; 2 strong conflict(s),MEDIUM
A00864,B00864,0.9959928819198183,0.7,1,ML probability above threshold,same city; 1 strong conflict(s),HIGH
A00865,B00865,0.9112828434144702,0.7,0,Geographic similarity without identity evidence,same city; same state; geographic-only evidence; 3 strong conflict(s),HIGH
A00866,B00866,0.9742116859421284,0.7,0,Geographic similarity without identity evidence,same city; same state; geographic-only evidence; 2 strong conflict(s),HIGH
A00867,B00867,0.910611220149043,0.7,0,Geographic similarity without identity evidence,same city; same state; geographic-only evidence; 2 strong conflict(s),HIGH
A00868,B00868,0.8646518972095033,0.7,0,Geographic similarity without identity evidence,same city; same state; geographic-only evidence; 3 strong conflict(s),MEDIUM
A00869,B00869,0.7335407976003379,0.7,0,Geographic similarity without identity evidence,same city; same state; geographic-only evidence; 1 strong conflict(s),MEDIUM
A00870,B00870,0.24620069756961802,0.7,0,Geographic similarity without identity evidence,same city; same state; geographic-only evidence; 1 strong conflict(s),LOW
A00871,B00871,0.9756912549926441,0.7,1,ML probability above threshold,same city; 2 strong conflict(s),HIGH
A00872,B00872,0.9973111538166379,0.7,0,Geographic similarity without identity evidence,same city; same state; geographic-only evidence; 1 strong conflict(s),HIGH
A00873,B00873,0.9093255175144495,0.7,0,Geographic similarity without identity evidence,same city; same state; geographic-only evidence; 2 strong conflict(s),HIGH
A00874,B00874,0.9678676782024295,0.7,0,Geographic similarity without identity evidence,same city; same state; geographic-only evidence; 2 strong conflict(s),HIGH
A00875,B00875,0.9163431480320949,0.7,0,Geographic similarity without identity evidence,same city; same state; geographic-only evidence; 2 strong conflict(s),HIGH
A00876,B00876,0.849010186131603,0.7,0,Geographic similarity without identity evidence,same city; same state; geographic-only evidence; 2 strong conflict(s),MEDIUM
A00877,B00877,0.8360751101167062,0.7,0,Geographic similarity without identity evidence,same city; same state; geographic-only evidence; 2 strong conflict(s),MEDIUM
A00878,B00878,0.7824802398690891,0.7,0,Geographic similarity without identity evidence,same city; same state; geographic-only evidence; 2 strong conflict(s),MEDIUM
A00879,B00879,0.8917592522879173,0.7,0,Geographic similarity without identity evidence,same city; same state; geographic-only evidence; 2 strong conflict(s),MEDIUM
A00880,B00880,0.9526851589749938,0.7,0,Geographic similarity without identity evidence,same city; same state; geographic-only evidence; 2 strong conflict(s),HIGH
A00881,B00881,0.9977911162597836,0.7,0,Geographic similarity without identity evidence,same city; same state; geographic-only evidence; 2 strong conflict(s),HIGH
A00882,B00882,0.251150879388127,0.7,0,Geographic similarity without identity evidence,same city; same state; geographic-only evidence; 2 strong conflict(s),LOW
A00883,B00883,0.6857550484299727,0.7,0,Geographic similarity without identity evidence,same city; same state; geographic-only evidence,LOW
A00884,B00884,0.9974447696206213,0.7,1,ML probability above threshold,same state; 1 strong conflict(s),HIGH
A00885,B00885,0.8853294527435013,0.7,0,Geographic similarity without identity evidence,same city; same state; geographic-only evidence; 2 strong conflict(s),MEDIUM
A00886,B00886,0.982206451898731,0.7,0,Geographic similarity without identity evidence,same city; same state; geographic-only evidence; 2 strong conflict(s),HIGH
A00887,B00887,0.9081626665281803,0.7,0,Geographic similarity without identity evidence,same city; same state; geographic-only evidence; 2 strong conflict(s),HIGH
A00888,B00888,0.9298582953750271,0.7,0,Geographic similarity without identity evidence,same city; same state; geographic-only evidence; 2 strong conflict(s),HIGH
A00889,B00889,0.9202753515242156,0.7,0,Geographic similarity without identity evidence,same city; same state; geographic-only evidence; 1 strong conflict(s),HIGH
A00890,B00890,0.969363538022575,0.7,0,Geographic similarity without identity evidence,same city; same state; geographic-only evidence; 2 strong conflict(s),HIGH
A00891,B00891,0.9570554080922248,0.7,0,Geographic similarity without identity evidence,same city; same state; geographic-only evidence; 1 strong conflict(s),HIGH
A00892,B00892,0.9860357150338049,0.7,0,Geographic similarity without identity evidence,same city; same state; geographic-only evidence; 1 strong conflict(s),HIGH
A00893,B00893,0.9864027512536243,0.7,0,Multiple conflicting identity signals,same state; 3 strong conflict(s),HIGH
A00894,B00894,0.9827349544898596,0.7,0,Geographic similarity without identity evidence,same city; same state; geographic-only evidence; 2 strong conflict(s),HIGH
A00895,B00895,0.9736002012406468,0.7,0,Geographic similarity without identity evidence,same city; same state; geographic-only evidence; 1 strong conflict(s),HIGH
A00896,B00896,0.9874716747598159,0.7,0,Geographic similarity without identity evidence,same city; same state; geographic-only evidence; 2 strong conflict(s),HIGH
A00897,B00897,0.9621972781051186,0.7,0,Geographic similarity without identity evidence,same city; same state; geographic-only evidence; 1 strong conflict(s),HIGH
A00898,B00898,0.8966136629104906,0.7,0,Geographic similarity without identity evidence,same city; same state; geographic-only evidence; 2 strong conflict(s),MEDIUM
A00899,B00899,0.9329949671987506,0.7,0,Geographic similarity without identity evidence,same city; same state; geographic-only evidence; 3 strong conflict(s),HIGH
A00900,B00900,0.8448055599741715,0.7,0,Geographic similarity without identity evidence,same city; same state; geographic-only evidence; 1 strong conflict(s),MEDIUM
A00901,B00901,0.975613219407721,0.7,0,Geographic similarity without identity evidence,same city; same state; geographic-only evidence; 3 strong conflict(s),HIGH
A00902,B00902,0.9985188863950977,0.7,0,Geographic similarity without identity evidence,same city; same state; geographic-only evidence; 2 strong conflict(s),HIGH
A00903,B00903,0.8951885085359489,0.7,0,Geographic similarity without identity evidence,same city; same state; geographic-only evidence,MEDIUM
A00904,B00904,0.9754650468642445,0.7,0,Geographic similarity without identity evidence,same city; same state; geographic-only evidence; 2 strong conflict(s),HIGH
A00905,B00905,0.8378006912196488,0.7,0,Geographic similarity without identity evidence,same city; same state; geographic-only evidence; 2 strong conflict(s),MEDIUM
A00906,B00906,0.8694761990292659,0.7,0,Geographic similarity without identity evidence,same city; same state; geographic-only evidence; 1 strong conflict(s),MEDIUM
A00907,B00907,0.9494896995539567,0.7,0,Geographic similarity without identity evidence,same city; same state; geographic-only evidence; 2 strong conflict(s),HIGH
A00908,B00908,0.9569499065900252,0.7,0,Geographic similarity without identity evidence,same city; same state; geographic-only evidence; 2 strong conflict(s),HIGH
A00909,B00909,0.9811448795171379,0.7,0,Multiple conflicting identity signals,same state; 3 strong conflict(s),HIGH
A00910,B00910,0.9675397767982215,0.7,0,Geographic similarity without identity evidence,same city; same state; geographic-only evidence; 1 strong conflict(s),HIGH
A00911,B00911,0.9742839567119197,0.7,0,Geographic similarity without identity evidence,same city; same state; geographic-only evidence; 2 strong conflict(s),HIGH
A00912,B00912,0.9962795208348574,0.7,1,ML probability above threshold,same state; 2 strong conflict(s),HIGH
A00913,B00913,0.9569747054368247,0.7,0,Geographic similarity without identity evidence,same city; same state; geographic-only evidence; 2 strong conflict(s),HIGH
A00914,B00914,0.8257020504594754,0.7,0,Geographic similarity without identity evidence,same city; same state; geographic-only evidence; 2 strong conflict(s),MEDIUM
A00915,B00915,0.9970829765587937,0.7,0,Geographic similarity without identity evidence,same city; same state; geographic-only evidence; 2 strong conflict(s),HIGH
A00916,B00916,0.8994710676500802,0.7,0,Geographic similarity without identity evidence,same city; same state; geographic-only evidence; 2 strong conflict(s),MEDIUM
A00917,B00917,0.9269671907098594,0.7,1,ML probability above threshold,same state; 2 strong conflict(s),HIGH
A00918,B00918,0.9997945445493078,0.7,1,ML probability above threshold,2 strong conflict(s),HIGH
A00919,B00919,0.9823054523328478,0.7,0,Geographic similarity without identity evidence,same city; same state; geographic-only evidence; 3 strong conflict(s),HIGH
A00920,B00920,0.9903368602103015,0.7,0,Geographic similarity without identity evidence,same city; same state; geographic-only evidence; 2 strong conflict(s),HIGH
A00921,B00921,0.990574593463064,0.7,0,Geographic similarity without identity evidence,same city; same state; geographic-only evidence; 1 strong conflict(s),HIGH
A00922,B00922,0.980938218551648,0.7,1,ML probability above threshold,same city; 2 strong conflict(s),HIGH
A00923,B00923,0.8947917792155081,0.7,0,Geographic similarity without identity evidence,same city; same state; geographic-only evidence; 1 strong conflict(s),MEDIUM
A00924,B00924,0.5613998792037799,0.7,0,Geographic similarity without identity evidence,same city; same state; geographic-only evidence; 1 strong conflict(s),LOW
A00925,B00925,0.9626500172477505,0.7,0,Geographic similarity without identity evidence,same city; same state; geographic-only evidence; 2 strong conflict(s),HIGH
A00926,B00926,0.11069820952440508,0.7,0,Geographic similarity without identity evidence,same city; same state; geographic-only evidence; 2 strong conflict(s),LOW
A00927,B00927,0.40504964648053776,0.7,0,Geographic similarity without identity evidence,same city; same state; geographic-only evidence; 2 strong conflict(s),LOW
A00928,B00928,0.7987510833255387,0.7,0,Geographic similarity without identity evidence,same city; same state; geographic-only evidence; 1 strong conflict(s),MEDIUM
A00929,B00929,0.7692151480411468,0.7,0,Geographic similarity without identity evidence,same city; same state; geographic-only evidence; 2 strong conflict(s),MEDIUM
A00930,B00930,0.2842180649113754,0.7,0,Geographic similarity without identity evidence,same city; same state; geographic-only evidence; 1 strong conflict(s),LOW
A00931,B00931,0.972079914976087,0.7,0,Geographic similarity without identity evidence,same city; same state; geographic-only evidence; 2 strong conflict(s),HIGH
A00932,B00932,0.971909607096041,0.7,0,Geographic similarity without identity evidence,same city; same state; geographic-only evidence; 2 strong conflict(s),HIGH
A00933,B00933,0.8032886502113932,0.7,0,Geographic similarity without identity evidence,same city; same state; geographic-only evidence; 1 strong conflict(s),MEDIUM
A00934,B00934,0.9777966620408323,0.7,1,ML probability above threshold,same state; 2 strong conflict(s),HIGH
A00935,B00935,0.9815582085286855,0.7,0,Geographic similarity without identity evidence,same city; same state; geographic-only evidence; 2 strong conflict(s),HIGH
A00936,B00936,0.5885062110821744,0.7,0,Geographic similarity without identity evidence,same city; same state; geographic-only evidence; 2 strong conflict(s),LOW
A00937,B00937,0.5704268910837648,0.7,0,Geographic similarity without identity evidence,same city; same state; geographic-only evidence; 2 strong conflict(s),LOW
A00938,B00938,0.9478381320789269,0.7,0,Geographic similarity without identity evidence,same city; same state; geographic-only evidence; 2 strong conflict(s),HIGH
A00939,B00939,0.8972096620877503,0.7,0,Geographic similarity without identity evidence,same city; same state; geographic-only evidence; 2 strong conflict(s),MEDIUM
A00940,B00940,0.9932030447586515,0.7,0,Geographic similarity without identity evidence,same city; same state; geographic-only evidence; 1 strong conflict(s),HIGH
A00941,B00941,0.8429354419541536,0.7,0,Geographic similarity without identity evidence,same city; same state; geographic-only evidence; 3 strong conflict(s),MEDIUM
A00942,B00942,0.2006255598270043,0.7,0,Geographic similarity without identity evidence,same city; same state; geographic-only evidence; 2 strong conflict(s),LOW
A00943,B00943,0.7927239826724652,0.7,0,Geographic similarity without identity evidence,same city; same state; geographic-only evidence; 2 strong conflict(s),MEDIUM
A00944,B00944,0.5564477911000604,0.7,0,Geographic similarity without identity evidence,same city; same state; geographic-only evidence; 1 strong conflict(s),LOW
A00945,B00945,0.997489294307027,0.7,0,Geographic similarity without identity evidence,same city; same state; geographic-only evidence; 2 strong conflict(s),HIGH
A00946,B00946,0.5177948210047214,0.7,0,Geographic similarity without identity evidence,same city; same state; geographic-only evidence; 1 strong conflict(s),LOW
A00947,B00947,0.7932051274803965,0.7,0,Geographic similarity without identity evidence,same city; same state; geographic-only evidence; 1 strong conflict(s),MEDIUM
A00948,B00948,0.8031264020274339,0.7,0,Geographic similarity without identity evidence,same city; same state; geographic-only evidence; 1 strong conflict(s),MEDIUM
A00949,B00949,0.9930471480279583,0.7,0,Geographic similarity without identity evidence,same city; same state; geographic-only evidence; 1 strong conflict(s),HIGH
A00950,B00950,0.29078021938772175,0.7,0,Geographic similarity without identity evidence,same city; same state; geographic-only evidence; 1 strong conflict(s),LOW
A00951,B00951,0.8800998926200096,0.7,0,Geographic similarity without identity evidence,same city; same state; geographic-only evidence; 2 strong conflict(s),MEDIUM
A00952,B00952,0.7598151965605063,0.7,0,Geographic similarity without identity evidence,same city; same state; geographic-only evidence; 3 strong conflict(s),MEDIUM
A00953,B00953,0.9644177959101525,0.7,0,Geographic similarity without identity evidence,same city; same state; geographic-only evidence; 2 strong conflict(s),HIGH
A00954,B00954,0.9867496691650794,0.7,0,Geographic similarity without identity evidence,same city; same state; geographic-only evidence; 1 strong conflict(s),HIGH
A00955,B00955,0.5292513141473044,0.7,0,Geographic similarity without identity evidence,same city; same state; geographic-only evidence; 2 strong conflict(s),LOW
A00956,B00956,0.9104944101374224,0.7,0,Geographic similarity without identity evidence,same city; same state; geographic-only evidence; 2 strong conflict(s),HIGH
A00957,B00957,0.75772929592749,0.7,0,Geographic similarity without identity evidence,same city; same state; geographic-only evidence; 2 strong conflict(s),MEDIUM
A00958,B00958,0.7623872572463293,0.7,0,Geographic similarity without identity evidence,same city; same state; geographic-only evidence; 1 strong conflict(s),MEDIUM
A00959,B00959,0.9511074375908348,0.7,0,Geographic similarity without identity evidence,same city; same state; geographic-only evidence; 2 strong conflict(s),HIGH
A00960,B00960,0.9992431963113855,0.7,0,Geographic similarity without identity evidence,same city; same state; geographic-only evidence; 2 strong conflict(s),HIGH
A00961,B00961,0.9021390000816585,0.7,0,Geographic similarity without identity evidence,same city; same state; geographic-only evidence; 2 strong conflict(s),HIGH
A00962,B00962,0.901967320760847,0.7,0,Geographic similarity without identity evidence,same city; same state; geographic-only evidence; 3 strong conflict(s),HIGH
A00963,B00963,0.7367611991965599,0.7,0,Geographic similarity without identity evidence,same city; same state; geographic-only evidence; 1 strong conflict(s),MEDIUM
A00964,B00964,0.991507132264899,0.7,0,Geographic similarity without identity evidence,same city; same state; geographic-only evidence; 1 strong conflict(s),HIGH
A00965,B00965,0.9387792219970258,0.7,0,Geographic similarity without identity evidence,same city; same state; geographic-only evidence; 3 strong conflict(s),HIGH
A00966,B00966,0.7774742910951962,0.7,0,Geographic similarity without identity evidence,same city; same state; geographic-only evidence; 2 strong conflict(s),MEDIUM
A00967,B00967,0.910115002941583,0.7,0,Geographic similarity without identity evidence,same city; same state; geographic-only evidence; 3 strong conflict(s),HIGH
A00968,B00968,0.9047383199937024,0.7,0,Geographic similarity without identity evidence,same city; same state; geographic-only evidence; 2 strong conflict(s),HIGH
A00969,B00969,0.8008808850618968,0.7,0,Geographic similarity without identity evidence,same city; same state; geographic-only evidence; 3 strong conflict(s),MEDIUM
A00970,B00970,0.9032692250023707,0.7,0,Geographic similarity without identity evidence,same city; same state; geographic-only evidence; 1 strong conflict(s),HIGH
A00971,B00971,0.9291559681968934,0.7,0,Geographic similarity without identity evidence,same city; same state; geographic-only evidence; 2 strong conflict(s),HIGH
A00972,B00972,0.9291160028368993,0.7,0,Geographic similarity without identity evidence,same city; same state; geographic-only evidence; 2 strong conflict(s),HIGH
A00973,B00973,0.8948794338489306,0.7,0,Geographic similarity without identity evidence,same city; same state; geographic-only evidence; 2 strong conflict(s),MEDIUM
A00974,B00974,0.8073597477884041,0.7,0,Geographic similarity without identity evidence,same city; same state; geographic-only evidence; 3 strong conflict(s),MEDIUM
A00975,B00975,0.7527670555180455,0.7,0,Geographic similarity without identity evidence,same city; same state; geographic-only evidence; 2 strong conflict(s),MEDIUM
A00976,B00976,0.902234070011832,0.7,0,Geographic similarity without identity evidence,same city; same state; geographic-only evidence; 1 strong conflict(s),HIGH
A00977,B00977,0.909486339792546,0.7,0,Geographic similarity without identity evidence,same city; same state; geographic-only evidence; 3 strong conflict(s),HIGH
A00978,B00978,0.8969009483174634,0.7,0,Geographic similarity without identity evidence,same city; same state; geographic-only evidence,MEDIUM
A00979,B00979,0.9961267845610418,0.7,1,ML probability above threshold,same city; 2 strong conflict(s),HIGH
A00980,B00980,0.9838905987557556,0.7,1,ML probability above threshold,same state; 2 strong conflict(s),HIGH
A00981,B00981,0.8535213318600462,0.7,0,Geographic similarity without identity evidence,same city; same state; geographic-only evidence; 3 strong conflict(s),MEDIUM
A00982,B00982,0.839253081762189,0.7,0,Geographic similarity without identity evidence,same city; same state; geographic-only evidence; 2 strong conflict(s),MEDIUM
A00983,B00983,0.9939302340180783,0.7,0,Geographic similarity without identity evidence,same city; same state; geographic-only evidence; 2 strong conflict(s),HIGH
A00984,B00984,0.9358445548748329,0.7,0,Geographic similarity without identity evidence,same city; same state; geographic-only evidence; 1 strong conflict(s),HIGH
A00985,B00985,0.9768497597767546,0.7,0,Geographic similarity without identity evidence,same city; same state; geographic-only evidence; 2 strong conflict(s),HIGH
A00986,B00986,0.911596374824731,0.7,0,Geographic similarity without identity evidence,same city; same state; geographic-only evidence; 2 strong conflict(s),HIGH
A00987,B00987,0.9980797540563443,0.7,0,Geographic similarity without identity evidence,same city; same state; geographic-only evidence; 2 strong conflict(s),HIGH
A00988,B00988,0.771644037437528,0.7,0,Geographic similarity without identity evidence,same city; same state; geographic-only evidence; 2 strong conflict(s),MEDIUM
A00989,B00989,0.9070683668117927,0.7,0,Geographic similarity without identity evidence,same city; same state; geographic-only evidence; 3 strong conflict(s),HIGH
A00990,B00990,0.9484046327854959,0.7,0,Geographic similarity without identity evidence,same city; same state; geographic-only evidence; 3 strong conflict(s),HIGH
A00991,B00991,0.9257348482842339,0.7,0,Geographic similarity without identity evidence,same city; same state; geographic-only evidence; 3 strong conflict(s),HIGH
A00992,B00992,0.9806940807368254,0.7,0,Geographic similarity without identity evidence,same city; same state; geographic-only evidence; 2 strong conflict(s),HIGH
A00993,B00993,0.6375236834019947,0.7,0,Geographic similarity without identity evidence,same city; same state; geographic-only evidence; 2 strong conflict(s),LOW
A00994,B00994,0.9681398952532891,0.7,0,Geographic similarity without identity evidence,same city; same state; geographic-only evidence; 3 strong conflict(s),HIGH
A00995,B00995,0.8722678945964069,0.7,0,Insufficient identity evidence,same state,MEDIUM
A00996,B00996,0.9016730672620679,0.7,0,Geographic similarity without identity evidence,same city; same state; geographic-only evidence; 3 strong conflict(s),HIGH
A00997,B00997,0.9488918542942494,0.7,0,Geographic similarity without identity evidence,same city; same state; geographic-only evidence; 3 strong conflict(s),HIGH
A00998,B00998,0.9812417133977771,0.7,0,Geographic similarity without identity evidence,same city; same state; geographic-only evidence; 2 strong conflict(s),HIGH
A00999,B00999,0.2666656021505615,0.7,0,Geographic similarity without identity evidence,same city; same state; geographic-only evidence; 2 strong conflict(s),LOW
A00510,B00856,1.977289969479022e-08,0.7,0,ML probability below threshold,1 strong conflict(s),LOW
A00393,B00454,4.2137495262211104e-10,0.7,0,ML probability below threshold,2 strong conflict(s),LOW
A00632,B00671,1.4471097644561512e-08,0.7,0,Multiple conflicting identity signals,3 strong conflict(s),LOW
A00117,B00670,5.212183703159348e-06,0.7,0,ML probability below threshold,2 strong conflict(s),LOW
A00593,B00324,7.221548367450063e-08,0.7,0,ML probability below threshold,2 strong conflict(s),LOW
A00289,B00146,4.5422032962975834e-05,0.7,0,ML probability below threshold,2 strong conflict(s),LOW
A00301,B00636,2.853702018774159e-09,0.7,0,ML probability below threshold,2 strong conflict(s),LOW
A00897,B00464,1.5156583426665242e-05,0.7,0,Multiple conflicting identity signals,3 strong conflict(s),LOW
A00388,B00328,0.13562369333838595,0.7,0,Geographic similarity without identity evidence,same city; same state; geographic-only evidence; 1 strong conflict(s),LOW
A00772,B00172,0.583607716780051,0.7,0,Geographic similarity without identity evidence,same city; same state; geographic-only evidence; 3 strong conflict(s),LOW
A00362,B00822,0.026743243847790598,0.7,0,Geographic similarity without identity evidence,same city; same state; geographic-only evidence; 3 strong conflict(s),LOW
A00767,B00219,1.715694103991381e-07,0.7,0,ML probability below threshold,1 strong conflict(s),LOW
A00704,B00253,0.009844877261610884,0.7,0,ML probability below threshold,2 strong conflict(s),LOW
A00750,B00425,2.8035468721700544e-09,0.7,0,ML probability below threshold,2 strong conflict(s),LOW
A00778,B00238,0.021765372067229585,0.7,0,Geographic similarity without identity evidence,same city; same state; geographic-only evidence; 2 strong conflict(s),LOW
A00995,B00116,1.7414917449083343e-06,0.7,0,Insufficient identity evidence,1 strong conflict(s),LOW
A00353,B00643,0.24874348790307563,0.7,0,ML probability below threshold,2 strong conflict(s),LOW
A00214,B00172,1.2346225183323734e-08,0.7,0,Multiple conflicting identity signals,3 strong conflict(s),LOW
A00538,B00199,2.3212497304530065e-07,0.7,0,ML probability below threshold,2 strong conflict(s),LOW
A00377,B00937,0.5337073832387865,0.7,0,Geographic similarity without identity evidence,same city; same state; geographic-only evidence; 2 strong conflict(s),LOW
A00490,B00407,2.0794882215122456e-09,0.7,0,ML probability below threshold,2 strong conflict(s),LOW
A00039,B00378,1.7106511188500073e-07,0.7,0,ML probability below threshold,1 strong conflict(s),LOW
A00963,B00003,0.40818257067442465,0.7,0,Geographic similarity without identity evidence,same city; same state; geographic-only evidence; 2 strong conflict(s),LOW
A00325,B00605,0.6586765987371263,0.7,0,Geographic similarity without identity evidence,same city; same state; geographic-only evidence; 2 strong conflict(s),LOW
A00173,B00807,3.5068149621956463e-09,0.7,0,ML probability below threshold,2 strong conflict(s),LOW
A00478,B00267,9.934938088605416e-10,0.7,0,ML probability below threshold,1 strong conflict(s),LOW
A00190,B00770,0.854009594042324,0.7,1,ML probability above threshold,same city; 1 strong conflict(s),MEDIUM
A00169,B00471,0.0005894870509431963,0.7,0,ML probability below threshold,2 strong conflict(s),LOW
A00604,B00264,0.4804221287257733,0.7,0,Geographic similarity without identity evidence,same city; same state; geographic-only evidence; 2 strong conflict(s),LOW
A00465,B00445,0.019974842752597227,0.7,0,Geographic similarity without identity evidence,same city; same state; geographic-only evidence; 1 strong conflict(s),LOW
A00365,B00427,0.0005398843856560566,0.7,0,ML probability below threshold,2 strong conflict(s),LOW
A00952,B00571,3.5812580354620165e-06,0.7,0,ML probability below threshold,2 strong conflict(s),LOW
A00690,B00478,2.8143567778908633e-08,0.7,0,ML probability below threshold,limited evidence,LOW
A00418,B00968,2.0352296487060443e-08,0.7,0,ML probability below threshold,2 strong conflict(s),LOW
A00974,B00379,3.4046805920873628e-09,0.7,0,Insufficient identity evidence,limited evidence,LOW
A00546,B00731,2.718970714232838e-05,0.7,0,ML probability below threshold,2 strong conflict(s),LOW
A00814,B00494,0.6279820805874197,0.7,0,Geographic similarity without identity evidence,same city; same state; geographic-only evidence; 2 strong conflict(s),LOW
A00350,B00230,0.14795399821639252,0.7,0,Geographic similarity without identity evidence,same city; same state; geographic-only evidence; 2 strong conflict(s),LOW
A00467,B00181,0.00011795876040259289,0.7,0,ML probability below threshold,same state; 2 strong conflict(s),LOW
A00543,B00483,0.6412839629444544,0.7,0,ML probability below threshold,same city; same state; 2 strong conflict(s),LOW
A00994,B00969,1.3720460449266637e-08,0.7,0,Multiple conflicting identity signals,3 strong conflict(s),LOW
A00765,B00905,0.10705841072319779,0.7,0,Geographic similarity without identity evidence,same city; same state; geographic-only evidence; 1 strong conflict(s),LOW
A00442,B00910,1.6242289553661727e-09,0.7,0,ML probability below threshold,1 strong conflict(s),LOW
A00588,B00300,1.0965121466005642e-10,0.7,0,Multiple conflicting identity signals,4 strong conflict(s),LOW
A00848,B00399,8.531655559998675e-09,0.7,0,ML probability below threshold,2 strong conflict(s),LOW
A00230,B00330,0.5917610894314473,0.7,0,Geographic similarity without identity evidence,same city; same state; geographic-only evidence; 2 strong conflict(s),LOW
A00791,B00151,0.011265851750222034,0.7,0,Geographic similarity without identity evidence,same city; same state; geographic-only evidence; 2 strong conflict(s),LOW
A00185,B00103,1.7071707045421719e-10,0.7,0,Multiple conflicting identity signals,3 strong conflict(s),LOW
A00970,B00384,2.8952437459409456e-08,0.7,0,ML probability below threshold,2 strong conflict(s),LOW
A00213,B00389,3.340236222309844e-08,0.7,0,ML probability below threshold,2 strong conflict(s),LOW
A00967,B00467,0.4010798323692785,0.7,0,Geographic similarity without identity evidence,same city; same state; geographic-only evidence; 3 strong conflict(s),LOW
A00667,B00307,0.024352423496265086,0.7,0,Geographic similarity without identity evidence,same city; same state; geographic-only evidence,LOW
A00181,B00578,3.8408175746319104e-05,0.7,0,ML probability below threshold,2 strong conflict(s),LOW
A00481,B00780,7.692638757011563e-08,0.7,0,ML probability below threshold,2 strong conflict(s),LOW
A00805,B00166,5.8611562126406216e-08,0.7,0,Multiple conflicting identity signals,3 strong conflict(s),LOW
A00636,B00328,5.584745072525207e-10,0.7,0,ML probability below threshold,1 strong conflict(s),LOW
A00026,B00339,5.6883859905273126e-06,0.7,0,ML probability below threshold,2 strong conflict(s),LOW
A00672,B00552,0.11940882703552379,0.7,0,Geographic similarity without identity evidence,same city; same state; geographic-only evidence; 1 strong conflict(s),LOW
A00957,B00871,0.00020442141888794323,0.7,0,ML probability below threshold,2 strong conflict(s),LOW
A00526,B00946,0.04303054422676502,0.7,0,Geographic similarity without identity evidence,same city; same state; geographic-only evidence; 2 strong conflict(s),LOW
A00778,B00335,4.935726397743312e-06,0.7,0,Multiple conflicting identity signals,3 strong conflict(s),LOW
A00735,B00762,4.910164655848504e-08,0.7,0,ML probability below threshold,2 strong conflict(s),LOW
A00453,B00845,0.00011020136593967926,0.7,0,ML probability below threshold,1 strong conflict(s),LOW
A00098,B00318,0.09405504185855003,0.7,0,Geographic similarity without identity evidence,same city; same state; geographic-only evidence; 2 strong conflict(s),LOW
A00986,B00541,3.5969318826753664e-09,0.7,0,ML probability below threshold,2 strong conflict(s),LOW
A00197,B00617,0.13005303419922828,0.7,0,Geographic similarity without identity evidence,same city; same state; geographic-only evidence; 2 strong conflict(s),LOW
A00547,B00028,3.169607265307068e-10,0.7,0,ML probability below threshold,2 strong conflict(s),LOW
A00946,B00297,2.436157517648444e-09,0.7,0,ML probability below threshold,2 strong conflict(s),LOW
A00419,B00706,7.193960182169105e-06,0.7,0,ML probability below threshold,1 strong conflict(s),LOW
A00843,B00423,0.6136277802417497,0.7,0,Geographic similarity without identity evidence,same city; same state; geographic-only evidence; 2 strong conflict(s),LOW
A00072,B00652,0.3741327625079966,0.7,0,Geographic similarity without identity evidence,same city; same state; geographic-only evidence; 2 strong conflict(s),LOW
A00611,B00787,0.0005158759972536057,0.7,0,ML probability below threshold,2 strong conflict(s),LOW
A00263,B00903,0.07627350065655616,0.7,0,Geographic similarity without identity evidence,same city; same state; geographic-only evidence; 1 strong conflict(s),LOW
A00307,B00147,0.9156221158898202,0.7,0,Geographic similarity without identity evidence,same city; same state; geographic-only evidence; 2 strong conflict(s),HIGH
A00641,B00361,0.13185637418382243,0.7,0,Geographic similarity without identity evidence,same city; same state; geographic-only evidence; 2 strong conflict(s),LOW
A00471,B00751,0.02416813615345535,0.7,0,Geographic similarity without identity evidence,same city; same state; geographic-only evidence; 2 strong conflict(s),LOW
A00965,B00453,4.31408093353999e-09,0.7,0,ML probability below threshold,2 strong conflict(s),LOW
A00066,B00087,2.1005568407732006e-07,0.7,0,ML probability below threshold,2 strong conflict(s),LOW
A00099,B00773,3.9670020292808526e-07,0.7,0,ML probability below threshold,2 strong conflict(s),LOW
A00818,B00506,3.672225748175323e-08,0.7,0,ML probability below threshold,2 strong conflict(s),LOW
A00443,B00345,1.9364926488502213e-05,0.7,0,Multiple conflicting identity signals,4 strong conflict(s),LOW
A00948,B00639,9.271651078884557e-08,0.7,0,ML probability below threshold,1 strong conflict(s),LOW
A00009,B00740,3.3547374745649664e-08,0.7,0,Multiple conflicting identity signals,3 strong conflict(s),LOW
A00632,B00072,0.9660143345854681,0.7,0,Geographic similarity without identity evidence,same city; same state; geographic-only evidence; 2 strong conflict(s),HIGH
A00974,B00093,1.8632365660394345e-09,0.7,0,Multiple conflicting identity signals,3 strong conflict(s),LOW
A00601,B00174,8.399197542261076e-09,0.7,0,ML probability below threshold,2 strong conflict(s),LOW
A00429,B00972,9.426684840904065e-08,0.7,0,ML probability below threshold,1 strong conflict(s),LOW
A00374,B00014,0.005536934404466241,0.7,0,Geographic similarity without identity evidence,same city; same state; geographic-only evidence; 2 strong conflict(s),LOW
A00968,B00188,0.02660262839760474,0.7,0,Geographic similarity without identity evidence,same city; same state; geographic-only evidence; 2 strong conflict(s),LOW
A00621,B00741,0.01791742571528204,0.7,0,Geographic similarity without identity evidence,same city; same state; geographic-only evidence; 2 strong conflict(s),LOW
A00147,B00303,1.962525088276317e-08,0.7,0,ML probability below threshold,1 strong conflict(s),LOW
A00931,B00151,0.29407578377375887,0.7,0,Geographic similarity without identity evidence,same city; same state; geographic-only evidence; 1 strong conflict(s),LOW
A00330,B00979,9.619163889710429e-05,0.7,0,ML probability below threshold,2 strong conflict(s),LOW
A00774,B00582,2.5229850259837157e-10,0.7,0,ML probability below threshold,2 strong conflict(s),LOW
A00949,B00069,0.4549477144215355,0.7,0,Geographic similarity without identity evidence,same city; same state; geographic-only evidence; 1 strong conflict(s),LOW
A00699,B00571,7.167900642251775e-06,0.7,0,ML probability below threshold,2 strong conflict(s),LOW
A00490,B00043,5.404481359604167e-05,0.7,0,ML probability below threshold,same state; 2 strong conflict(s),LOW
A00204,B00603,0.00035337446681764037,0.7,0,ML probability below threshold,2 strong conflict(s),LOW
A00848,B00168,0.07383316219013365,0.7,0,Geographic similarity without identity evidence,same city; same state; geographic-only evidence; 2 strong conflict(s),LOW
A00155,B00549,2.845113060260705e-08,0.7,0,ML probability below threshold,1 strong conflict(s),LOW
A00383,B00523,0.016918698551646245,0.7,0,Geographic similarity without identity evidence,same city; same state; geographic-only evidence; 2 strong conflict(s),LOW
A00262,B00342,0.0579958590353974,0.7,0,Geographic similarity without identity evidence,same city; same state; geographic-only evidence; 2 strong conflict(s),LOW
A00209,B00189,0.07104897760228547,0.7,0,Geographic similarity without identity evidence,same city; same state; geographic-only evidence; 2 strong conflict(s),LOW
A00955,B00895,0.004553796375955645,0.7,0,Geographic similarity without identity evidence,same city; same state; geographic-only evidence; 1 strong conflict(s),LOW
A00222,B00523,2.6724037572141778e-08,0.7,0,ML probability below threshold,2 strong conflict(s),LOW
A00279,B00276,1.032221283650765e-08,0.7,0,ML probability below threshold,1 strong conflict(s),LOW
A00868,B00760,1.0582077133770869e-10,0.7,0,Multiple conflicting identity signals,4 strong conflict(s),LOW
A00834,B00195,7.776812211596952e-09,0.7,0,ML probability below threshold,2 strong conflict(s),LOW
A00874,B00166,7.450669321405203e-08,0.7,0,ML probability below threshold,2 strong conflict(s),LOW
A00619,B00576,0.00014222002992228877,0.7,0,ML probability below threshold,1 strong conflict(s),LOW
A00140,B00123,8.87035930536268e-10,0.7,0,ML probability below threshold,1 strong conflict(s),LOW
A00118,B00573,0.00010321060821733602,0.7,0,ML probability below threshold,2 strong conflict(s),LOW
A00770,B00442,4.556609727112837e-09,0.7,0,ML probability below threshold,1 strong conflict(s),LOW
A00350,B00329,1.1640505965288558e-08,0.7,0,ML probability below threshold,1 strong conflict(s),LOW
A00730,B00819,7.593454014568695e-09,0.7,0,ML probability below threshold,2 strong conflict(s),LOW
A00251,B00805,1.6204346632782537e-09,0.7,0,ML probability below threshold,1 strong conflict(s),LOW
A00386,B00139,8.498774982536603e-05,0.7,0,ML probability below threshold,2 strong conflict(s),LOW
A00045,B00310,2.3493723562258792e-07,0.7,0,ML probability below threshold,2 strong conflict(s),LOW
A00231,B00834,9.72944996540509e-09,0.7,0,ML probability below threshold,2 strong conflict(s),LOW
A00258,B00398,0.6249131651649907,0.7,0,Geographic similarity without identity evidence,same city; same state; geographic-only evidence; 2 strong conflict(s),LOW
A00716,B00188,3.1522885531806205e-08,0.7,0,ML probability below threshold,2 strong conflict(s),LOW
A00342,B00151,2.959722517371624e-08,0.7,0,ML probability below threshold,1 strong conflict(s),LOW
A00039,B00789,3.0355278990514623e-07,0.7,0,ML probability below threshold,2 strong conflict(s),LOW
A00773,B00467,2.4034863066929284e-07,0.7,0,ML probability below threshold,2 strong conflict(s),LOW
A00667,B00872,5.7417018976837465e-05,0.7,0,Insufficient identity evidence,1 strong conflict(s),LOW
A00543,B00234,4.431419358205291e-06,0.7,0,ML probability below threshold,1 strong conflict(s),LOW
A00021,B00101,0.7556942124753044,0.7,0,Geographic similarity without identity evidence,same city; same state; geographic-only evidence; 2 strong conflict(s),MEDIUM
A00284,B00804,0.037439860535913985,0.7,0,Geographic similarity without identity evidence,same city; same state; geographic-only evidence; 2 strong conflict(s),LOW
A00203,B00921,5.10648672114472e-08,0.7,0,Insufficient identity evidence,1 strong conflict(s),LOW
A00463,B00192,2.0118744590955614e-05,0.7,0,ML probability below threshold,2 strong conflict(s),LOW
A00416,B00023,1.4114934920105186e-08,0.7,0,ML probability below threshold,1 strong conflict(s),LOW
A00967,B00602,6.640227171903613e-05,0.7,0,Multiple conflicting identity signals,3 strong conflict(s),LOW
A00912,B00488,1.22743046638973e-08,0.7,0,ML probability below threshold,1 strong conflict(s),LOW
A00619,B00509,3.924530927382423e-06,0.7,0,ML probability below threshold,1 strong conflict(s),LOW
A00849,B00712,0.00014068356240081698,0.7,0,ML probability below threshold,1 strong conflict(s),LOW
A00109,B00349,0.2598194042101154,0.7,0,Geographic similarity without identity evidence,same city; same state; geographic-only evidence; 1 strong conflict(s),LOW
A00050,B00258,1.5711005019687943e-08,0.7,0,ML probability below threshold,2 strong conflict(s),LOW
A00436,B00787,2.8725171979966557e-05,0.7,0,Multiple conflicting identity signals,3 strong conflict(s),LOW
A00926,B00136,2.9329394073276513e-08,0.7,0,Multiple conflicting identity signals,3 strong conflict(s),LOW
A00240,B00660,0.9296079906487419,0.7,0,Geographic similarity without identity evidence,same city; same state; geographic-only evidence; 2 strong conflict(s),HIGH
A00914,B00214,0.14232835627038756,0.7,0,Geographic similarity without identity evidence,same city; same state; geographic-only evidence; 2 strong conflict(s),LOW
A00357,B00957,0.2609125824901653,0.7,0,Geographic similarity without identity evidence,same city; same state; geographic-only evidence; 2 strong conflict(s),LOW
A00642,B00585,9.189317767310822e-07,0.7,0,ML probability below threshold,2 strong conflict(s),LOW
A00485,B00387,3.134070709298678e-05,0.7,0,ML probability below threshold,2 strong conflict(s),LOW
A00790,B00855,2.9059197308739217e-07,0.7,0,ML probability below threshold,2 strong conflict(s),LOW
A00895,B00595,0.8646057514769306,0.7,0,Geographic similarity without identity evidence,same city; same state; geographic-only evidence; 2 strong conflict(s),MEDIUM
A00033,B00783,1.8299105740291128e-07,0.7,0,ML probability below threshold,2 strong conflict(s),LOW
A00478,B00026,3.040124808507902e-07,0.7,0,ML probability below threshold,limited evidence,LOW
A00541,B00756,1.3733109057753432e-08,0.7,0,ML probability below threshold,1 strong conflict(s),LOW
A00541,B00441,0.386759769855818,0.7,0,Geographic similarity without identity evidence,same city; same state; geographic-only evidence; 1 strong conflict(s),LOW
A00968,B00768,0.42091986813152815,0.7,0,Geographic similarity without identity evidence,same city; same state; geographic-only evidence; 2 strong conflict(s),LOW
A00704,B00348,4.157311568040538e-09,0.7,0,ML probability below threshold,2 strong conflict(s),LOW
A00783,B00843,0.013862783054279154,0.7,0,ML probability below threshold,same city; same state; 2 strong conflict(s),LOW
A00330,B00231,4.6310442638028717e-08,0.7,0,ML probability below threshold,1 strong conflict(s),LOW
A00416,B00875,2.756084081732476e-07,0.7,0,ML probability below threshold,2 strong conflict(s),LOW
A00913,B00008,1.8376442094395835e-09,0.7,0,ML probability below threshold,2 strong conflict(s),LOW
A00892,B00781,1.1980477531409276e-06,0.7,0,ML probability below threshold,1 strong conflict(s),LOW
A00798,B00198,0.779255453575189,0.7,0,Geographic similarity without identity evidence,same city; same state; geographic-only evidence; 2 strong conflict(s),MEDIUM
A00707,B00710,7.383971512468382e-06,0.7,0,ML probability below threshold,2 strong conflict(s),LOW
A00186,B00957,1.6829469757914317e-09,0.7,0,ML probability below threshold,2 strong conflict(s),LOW
A00338,B00578,0.8599119117767858,0.7,0,Geographic similarity without identity evidence,same city; same state; geographic-only evidence; 2 strong conflict(s),MEDIUM
A00995,B00913,1.2711961087632464e-09,0.7,0,ML probability below threshold,2 strong conflict(s),LOW
A00291,B00847,1.7083435352354645e-07,0.7,0,ML probability below threshold,2 strong conflict(s),LOW
A00444,B00349,7.635757596437114e-06,0.7,0,ML probability below threshold,limited evidence,LOW
A00641,B00920,1.8322702901781027e-08,0.7,0,ML probability below threshold,2 strong conflict(s),LOW
A00140,B00352,1.3760955077356126e-09,0.7,0,ML probability below threshold,1 strong conflict(s),LOW
A00796,B00269,1.4386186758089275e-08,0.7,0,ML probability below threshold,1 strong conflict(s),LOW
A00525,B00685,0.8005212032395069,0.7,0,Geographic similarity without identity evidence,same city; same state; geographic-only evidence; 2 strong conflict(s),MEDIUM
A00592,B00330,3.843189355041212e-06,0.7,0,ML probability below threshold,2 strong conflict(s),LOW
A00373,B00782,4.3374595664921833e-10,0.7,0,ML probability below threshold,2 strong conflict(s),LOW
A00015,B00795,0.0736344687962379,0.7,0,Geographic similarity without identity evidence,same city; same state; geographic-only evidence; 1 strong conflict(s),LOW
A00608,B00977,6.8694114047789845e-09,0.7,0,ML probability below threshold,2 strong conflict(s),LOW
A00559,B00888,4.213379740128839e-06,0.7,0,ML probability below threshold,2 strong conflict(s),LOW
A00672,B00191,3.2053523559028322e-09,0.7,0,ML probability below threshold,2 strong conflict(s),LOW
A00544,B00504,0.09236118080203048,0.7,0,Geographic similarity without identity evidence,same city; same state; geographic-only evidence; 1 strong conflict(s),LOW
A00954,B00494,0.10554687792109693,0.7,0,Geographic similarity without identity evidence,same city; same state; geographic-only evidence; 2 strong conflict(s),LOW
A00115,B00935,0.0911744450190475,0.7,0,Geographic similarity without identity evidence,same city; same state; geographic-only evidence; 2 strong conflict(s),LOW
A00495,B00168,3.5254253822323675e-07,0.7,0,Multiple conflicting identity signals,3 strong conflict(s),LOW
A00811,B00089,2.0334813781835238e-07,0.7,0,Multiple conflicting identity signals,3 strong conflict(s),LOW
A00006,B00903,0.0005856016267368531,0.7,0,ML probability below threshold,same state,LOW
A00474,B00353,5.411498354437556e-10,0.7,0,ML probability below threshold,limited evidence,LOW
A00833,B00787,0.000761130985526034,0.7,0,ML probability below threshold,2 strong conflict(s),LOW
A00747,B00219,4.38722164343377e-07,0.7,0,ML probability below threshold,1 strong conflict(s),LOW
A00345,B00880,7.209534019453169e-10,0.7,0,ML probability below threshold,2 strong conflict(s),LOW
A00022,B00422,0.1998469486176438,0.7,0,Geographic similarity without identity evidence,same city; same state; geographic-only evidence; 1 strong conflict(s),LOW
A00039,B00212,7.331277443466922e-07,0.7,0,ML probability below threshold,1 strong conflict(s),LOW
A00151,B00606,2.3769937810110275e-08,0.7,0,ML probability below threshold,limited evidence,LOW
A00200,B00520,0.4865026633337652,0.7,0,Geographic similarity without identity evidence,same city; same state; geographic-only evidence; 2 strong conflict(s),LOW
A00081,B00992,8.315480788835656e-07,0.7,0,ML probability below threshold,2 strong conflict(s),LOW
A00259,B00508,1.085363410389927e-06,0.7,0,ML probability below threshold,2 strong conflict(s),LOW
A00123,B00574,2.1815980222519524e-07,0.7,0,ML probability below threshold,2 strong conflict(s),LOW
A00874,B00486,4.084539437779885e-08,0.7,0,ML probability below threshold,2 strong conflict(s),LOW
A00258,B00038,0.4790466972500453,0.7,0,Geographic similarity without identity evidence,same city; same state; geographic-only evidence; 2 strong conflict(s),LOW
A00623,B00513,3.963487414098859e-10,0.7,0,ML probability below threshold,2 strong conflict(s),LOW
A00293,B00975,6.393956100826042e-06,0.7,0,ML probability below threshold,2 strong conflict(s),LOW
A00456,B00826,1.8387295579645018e-05,0.7,0,ML probability below threshold,2 strong conflict(s),LOW
A00455,B00985,3.6731710042935585e-08,0.7,0,ML probability below threshold,2 strong conflict(s),LOW
A00677,B00520,8.440390439778823e-07,0.7,0,ML probability below threshold,2 strong conflict(s),LOW
A00063,B00831,2.8886337261634554e-08,0.7,0,ML probability below threshold,1 strong conflict(s),LOW
A00713,B00513,0.44470204162132715,0.7,0,Geographic similarity without identity evidence,same city; same state; geographic-only evidence; 1 strong conflict(s),LOW
A00264,B00404,0.7443809715425994,0.7,0,Geographic similarity without identity evidence,same city; same state; geographic-only evidence; 1 strong conflict(s),MEDIUM
A00589,B00069,0.0785533352693887,0.7,0,Geographic similarity without identity evidence,same city; same state; geographic-only evidence; 2 strong conflict(s),LOW
A00559,B00645,1.6950624436073e-07,0.7,0,ML probability below threshold,2 strong conflict(s),LOW
A00489,B00369,0.021412251095186532,0.7,0,Geographic similarity without identity evidence,same city; same state; geographic-only evidence; 2 strong conflict(s),LOW
A00388,B00497,1.0111713121680268e-06,0.7,0,ML probability below threshold,2 strong conflict(s),LOW
A00256,B00183,2.045986898374581e-09,0.7,0,Multiple conflicting identity signals,3 strong conflict(s),LOW
A00550,B00913,6.88563411502983e-09,0.7,0,Multiple conflicting identity signals,3 strong conflict(s),LOW
A00788,B00428,0.467999144609269,0.7,0,Geographic similarity without identity evidence,same city; same state; geographic-only evidence; 2 strong conflict(s),LOW
A00490,B00350,0.6189511500985183,0.7,0,Geographic similarity without identity evidence,same city; same state; geographic-only evidence; 2 strong conflict(s),LOW
A00972,B00274,8.720880100166552e-05,0.7,0,Multiple conflicting identity signals,3 strong conflict(s),LOW
A00501,B00173,9.456007609051761e-06,0.7,0,ML probability below threshold,2 strong conflict(s),LOW
A00252,B00846,1.8494282554483524e-08,0.7,0,ML probability below threshold,2 strong conflict(s),LOW
A00312,B00012,0.9775010105844343,0.7,0,Geographic similarity without identity evidence,same city; same state; geographic-only evidence; 1 strong conflict(s),HIGH
A00526,B00926,0.2900717933337777,0.7,0,Geographic similarity without identity evidence,same city; same state; geographic-only evidence; 2 strong conflict(s),LOW
A00910,B00002,9.338846511954699e-10,0.7,0,ML probability below threshold,1 strong conflict(s),LOW
A00492,B00732,0.043487819829170105,0.7,0,Geographic similarity without identity evidence,same city; same state; geographic-only evidence; 2 strong conflict(s),LOW
A00815,B00095,0.01912238819732122,0.7,0,Geographic similarity without identity evidence,same city; same state; geographic-only evidence,LOW
A00937,B00186,8.662151970847152e-06,0.7,0,ML probability below threshold,2 strong conflict(s),LOW
A00924,B00705,1.2593074749741597e-07,0.7,0,ML probability below threshold,2 strong conflict(s),LOW
A00918,B00386,5.1967563334360785e-08,0.7,0,ML probability below threshold,2 strong conflict(s),LOW
A00566,B00875,3.2498180429651396e-08,0.7,0,ML probability below threshold,2 strong conflict(s),LOW
A00853,B00855,6.180861431486736e-06,0.7,0,ML probability below threshold,2 strong conflict(s),LOW
A00508,B00850,8.759603049567915e-05,0.7,0,ML probability below threshold,same state; 2 strong conflict(s),LOW
A00906,B00806,0.9211511634416197,0.7,0,Geographic similarity without identity evidence,same city; same state; geographic-only evidence; 2 strong conflict(s),HIGH
A00790,B00382,4.312571242862159e-09,0.7,0,ML probability below threshold,2 strong conflict(s),LOW
A00771,B00971,0.6450121488733,0.7,0,Geographic similarity without identity evidence,same city; same state; geographic-only evidence; 1 strong conflict(s),LOW
A00033,B00473,0.48875814021342173,0.7,0,Geographic similarity without identity evidence,same city; same state; geographic-only evidence; 2 strong conflict(s),LOW
A00558,B00445,1.1316352150034334e-07,0.7,0,ML probability below threshold,1 strong conflict(s),LOW
A00310,B00990,0.01854778869278267,0.7,0,Geographic similarity without identity evidence,same city; same state; geographic-only evidence; 2 strong conflict(s),LOW
A00141,B00553,9.55546446500828e-09,0.7,0,ML probability below threshold,2 strong conflict(s),LOW
A00615,B00703,1.9586910455456666e-08,0.7,0,ML probability below threshold,1 strong conflict(s),LOW
A00172,B00649,4.913536948151124e-07,0.7,0,ML probability below threshold,1 strong conflict(s),LOW
A00632,B00347,0.00025720749501003407,0.7,0,ML probability below threshold,1 strong conflict(s),LOW
A00769,B00849,0.034202027160087,0.7,0,Geographic similarity without identity evidence,same city; same state; geographic-only evidence; 3 strong conflict(s),LOW
A00882,B00230,7.219333096253146e-08,0.7,0,ML probability below threshold,2 strong conflict(s),LOW
A00402,B00502,0.27877159104022997,0.7,0,Geographic similarity without identity evidence,same city; same state; geographic-only evidence; 2 strong conflict(s),LOW
A00342,B00335,1.6435220128975172e-05,0.7,0,ML probability below threshold,2 strong conflict(s),LOW
A00920,B00400,0.4061665285645248,0.7,0,Geographic similarity without identity evidence,same city; same state; geographic-only evidence; 2 strong conflict(s),LOW
A00754,B00806,2.697753810446419e-07,0.7,0,ML probability below threshold,2 strong conflict(s),LOW
A00364,B00250,3.6632496662129525e-08,0.7,0,ML probability below threshold,2 strong conflict(s),LOW
A00500,B00740,0.7907039603477045,0.7,0,Geographic similarity without identity evidence,same city; same state; geographic-only evidence; 2 strong conflict(s),MEDIUM
A00200,B00717,1.3981342667314079e-08,0.7,0,ML probability below threshold,2 strong conflict(s),LOW
A00013,B00130,5.1429382235851984e-05,0.7,0,ML probability below threshold,2 strong conflict(s),LOW
A00449,B00509,0.8248927873466932,0.7,0,Geographic similarity without identity evidence,same city; same state; geographic-only evidence; 1 strong conflict(s),MEDIUM
A00885,B00622,1.5328168430368286e-07,0.7,0,ML probability below threshold,2 strong conflict(s),LOW
A00966,B00804,8.083964842153028e-09,0.7,0,Multiple conflicting identity signals,3 strong conflict(s),LOW
A00429,B00498,0.0001764072624075007,0.7,0,ML probability below threshold,1 strong conflict(s),LOW
A00898,B00912,6.0895429774426095e-05,0.7,0,ML probability below threshold,1 strong conflict(s),LOW
A00823,B00403,0.4597684225329656,0.7,0,Geographic similarity without identity evidence,same city; same state; geographic-only evidence; 2 strong conflict(s),LOW
A00307,B00671,3.783107916884584e-06,0.7,0,ML probability below threshold,2 strong conflict(s),LOW
A00201,B00701,0.6594799555075118,0.7,0,Geographic similarity without identity evidence,same city; same state; geographic-only evidence; 1 strong conflict(s),LOW
A00927,B00287,0.5410121335921908,0.7,0,Geographic similarity without identity evidence,same city; same state; geographic-only evidence; 1 strong conflict(s),LOW
A00944,B00245,9.999636754072386e-08,0.7,0,ML probability below threshold,1 strong conflict(s),LOW
A00697,B00925,7.716109551744575e-07,0.7,0,ML probability below threshold,2 strong conflict(s),LOW
A00695,B00510,0.00010953296809601089,0.7,0,ML probability below threshold,1 strong conflict(s),LOW
A00835,B00692,0.00016291501459164237,0.7,0,ML probability below threshold,2 strong conflict(s),LOW
A00661,B00847,3.3888073625974354e-05,0.7,0,ML probability below threshold,same state; 2 strong conflict(s),LOW
A00046,B00037,2.5544626355700524e-07,0.7,0,ML probability below threshold,2 strong conflict(s),LOW
A00168,B00930,1.4919602131507668e-06,0.7,0,ML probability below threshold,same state; 2 strong conflict(s),LOW
A00928,B00738,1.9400146876965763e-06,0.7,0,ML probability below threshold,2 strong conflict(s),LOW
A00252,B00352,0.2096186157329403,0.7,0,Geographic similarity without identity evidence,same city; same state; geographic-only evidence; 1 strong conflict(s),LOW
A00358,B00995,3.005860458436975e-06,0.7,0,ML probability below threshold,1 strong conflict(s),LOW
A00039,B00101,3.1127637480383236e-07,0.7,0,ML probability below threshold,2 strong conflict(s),LOW
A00336,B00316,0.2286831847838325,0.7,0,Geographic similarity without identity evidence,same city; same state; geographic-only evidence; 2 strong conflict(s),LOW
A00728,B00051,8.546364017458108e-09,0.7,0,ML probability below threshold,2 strong conflict(s),LOW
A00481,B00203,1.7762879939298193e-09,0.7,0,ML probability below threshold,2 strong conflict(s),LOW
A00419,B00270,2.8038795190098863e-09,0.7,0,Multiple conflicting identity signals,3 strong conflict(s),LOW
A00106,B00990,9.352817131724451e-06,0.7,0,Multiple conflicting identity signals,same state; 3 strong conflict(s),LOW
A00250,B00010,0.016852062296157166,0.7,0,Geographic similarity without identity evidence,same city; same state; geographic-only evidence; 1 strong conflict(s),LOW
A00671,B00110,4.713742082894015e-07,0.7,0,ML probability below threshold,2 strong conflict(s),LOW
A00851,B00028,4.1530325876620235e-09,0.7,0,ML probability below threshold,2 strong conflict(s),LOW
A00174,B00240,8.32511609754163e-10,0.7,0,Multiple conflicting identity signals,3 strong conflict(s),LOW
A00811,B00134,3.2516372661471387e-06,0.7,0,ML probability below threshold,1 strong conflict(s),LOW
A00939,B00789,8.409236150514612e-08,0.7,0,ML probability below threshold,2 strong conflict(s),LOW
A00893,B00953,0.04165055706873026,0.7,0,Geographic similarity without identity evidence,same city; same state; geographic-only evidence; 3 strong conflict(s),LOW
A00989,B00525,8.418158419211505e-08,0.7,0,Multiple conflicting identity signals,3 strong conflict(s),LOW
A00760,B00628,3.350280745094835e-10,0.7,0,ML probability below threshold,1 strong conflict(s),LOW
A00186,B00167,3.1935106525723256e-09,0.7,0,ML probability below threshold,2 strong conflict(s),LOW
A00926,B00853,1.453329790930879e-08,0.7,0,ML probability below threshold,2 strong conflict(s),LOW
A00698,B00458,0.5650921293790037,0.7,0,Geographic similarity without identity evidence,same city; same state; geographic-only evidence; 2 strong conflict(s),LOW
A00324,B00424,0.9173871447592346,0.7,0,Geographic similarity without identity evidence,same city; same state; geographic-only evidence; 1 strong conflict(s),HIGH
A00157,B00017,0.015725207309143497,0.7,0,Geographic similarity without identity evidence,same city; same state; geographic-only evidence; 2 strong conflict(s),LOW
A00223,B00043,0.07292856556596827,0.7,0,Geographic similarity without identity evidence,same city; same state; geographic-only evidence; 3 strong conflict(s),LOW
A00976,B00184,1.4962757307633899e-05,0.7,0,ML probability below threshold,2 strong conflict(s),LOW
A00099,B00199,0.25235266737817047,0.7,0,Geographic similarity without identity evidence,same city; same state; geographic-only evidence; 2 strong conflict(s),LOW
A00778,B00871,1.65974439810178e-05,0.7,0,ML probability below threshold,2 strong conflict(s),LOW
A00305,B00915,6.535852889436513e-08,0.7,0,ML probability below threshold,2 strong conflict(s),LOW
A00856,B00689,9.688389810809886e-09,0.7,0,ML probability below threshold,2 strong conflict(s),LOW
A00172,B00723,3.5896211466326165e-06,0.7,0,ML probability below threshold,2 strong conflict(s),LOW
A00595,B00171,1.1272516535577563e-05,0.7,0,ML probability below threshold,2 strong conflict(s),LOW
A00022,B00575,8.551042290305465e-08,0.7,0,ML probability below threshold,2 strong conflict(s),LOW
A00403,B00896,9.932829572718809e-11,0.7,0,Multiple conflicting identity signals,4 strong conflict(s),LOW
A00681,B00823,7.551717013942707e-07,0.7,0,ML probability below threshold,1 strong conflict(s),LOW
A00886,B00242,2.0050800507057694e-09,0.7,0,ML probability below threshold,2 strong conflict(s),LOW
A00379,B00937,1.083145348673087e-05,0.7,0,ML probability below threshold,2 strong conflict(s),LOW
A00000,B00217,1.651357874313391e-05,0.7,0,ML probability below threshold,1 strong conflict(s),LOW
A00822,B00035,5.238535147391921e-08,0.7,0,ML probability below threshold,1 strong conflict(s),LOW
A00610,B00057,4.4905462238722074e-08,0.7,0,ML probability below threshold,2 strong conflict(s),LOW
A00189,B00969,0.058592827317023456,0.7,0,Geographic similarity without identity evidence,same city; same state; geographic-only evidence; 3 strong conflict(s),LOW
A00522,B00547,7.240920305755516e-09,0.7,0,Multiple conflicting identity signals,3 strong conflict(s),LOW
A00486,B00201,1.1506366949876332e-08,0.7,0,Multiple conflicting identity signals,3 strong conflict(s),LOW
A00185,B00125,0.3950491933965863,0.7,0,Geographic similarity without identity evidence,same city; same state; geographic-only evidence; 2 strong conflict(s),LOW
A00890,B00390,0.8673193804810242,0.7,0,Geographic similarity without identity evidence,same city; same state; geographic-only evidence; 1 strong conflict(s),MEDIUM
A00599,B00809,2.25960215377436e-06,0.7,0,ML probability below threshold,2 strong conflict(s),LOW
A00037,B00114,1.2564705832160701e-07,0.7,0,ML probability below threshold,2 strong conflict(s),LOW
A00233,B00591,3.0270693703611986e-07,0.7,0,ML probability below threshold,2 strong conflict(s),LOW
A00772,B00532,0.026971805949439834,0.7,0,Geographic similarity without identity evidence,same city; same state; geographic-only evidence; 2 strong conflict(s),LOW
A00689,B00404,3.9015070556279045e-05,0.7,0,ML probability below threshold,1 strong conflict(s),LOW
A00246,B00806,0.573851998368185,0.7,0,Geographic similarity without identity evidence,same city; same state; geographic-only evidence; 2 strong conflict(s),LOW
A00740,B00436,1.1604513464479789e-07,0.7,0,ML probability below threshold,2 strong conflict(s),LOW
A00986,B00127,4.570509242705965e-08,0.7,0,ML probability below threshold,1 strong conflict(s),LOW
A00588,B00816,2.871994150906095e-10,0.7,0,ML probability below threshold,2 strong conflict(s),LOW
A00708,B00941,3.1888511482920873e-09,0.7,0,Multiple conflicting identity signals,3 strong conflict(s),LOW
A00909,B00201,1.8220048047616865e-06,0.7,0,ML probability below threshold,same state; 2 strong conflict(s),LOW
A00984,B00524,0.11540123114354206,0.7,0,Geographic similarity without identity evidence,same city; same state; geographic-only evidence; 3 strong conflict(s),LOW
A00239,B00219,0.15374820575435333,0.7,0,Geographic similarity without identity evidence,same city; same state; geographic-only evidence; 1 strong conflict(s),LOW
A00576,B00988,2.497747939565309e-10,0.7,0,ML probability below threshold,2 strong conflict(s),LOW
A00680,B00747,4.484889865228674e-08,0.7,0,ML probability below threshold,2 strong conflict(s),LOW
A00384,B00631,0.00014377541695129466,0.7,0,ML probability below threshold,2 strong conflict(s),LOW
A00617,B00837,0.7976000566893027,0.7,0,Geographic similarity without identity evidence,same city; same state; geographic-only evidence; 1 strong conflict(s),MEDIUM
A00467,B00265,3.7196553583895278e-06,0.7,0,ML probability below threshold,1 strong conflict(s),LOW
A00967,B00973,3.234930968639249e-07,0.7,0,Multiple conflicting identity signals,3 strong conflict(s),LOW
A00731,B00876,7.668291151124583e-08,0.7,0,Multiple conflicting identity signals,same state; 3 strong conflict(s),LOW
A00002,B00062,0.29852177959297244,0.7,0,Geographic similarity without identity evidence,same city; same state; geographic-only evidence; 2 strong conflict(s),LOW
A00113,B00626,1.0645042721959313e-09,0.7,0,ML probability below threshold,2 strong conflict(s),LOW
A00817,B00002,6.509202371003209e-09,0.7,0,ML probability below threshold,1 strong conflict(s),LOW
A00397,B00250,4.5901252092488297e-07,0.7,0,ML probability below threshold,2 strong conflict(s),LOW
A00659,B00738,0.0002337076545089336,0.7,0,ML probability below threshold,1 strong conflict(s),LOW
A00400,B00144,2.082471734070552e-07,0.7,0,ML probability below threshold,1 strong conflict(s),LOW
A00465,B00017,1.2268595639634867e-06,0.7,0,ML probability below threshold,2 strong conflict(s),LOW
A00354,B00578,7.992442848942956e-05,0.7,0,ML probability below threshold,2 strong conflict(s),LOW
A00117,B00904,1.4753106281925517e-06,0.7,0,ML probability below threshold,2 strong conflict(s),LOW
A00469,B00088,1.0431556081135075e-08,0.7,0,ML probability below threshold,1 strong conflict(s),LOW
A00845,B00989,1.899660834819561e-07,0.7,0,ML probability below threshold,2 strong conflict(s),LOW
A00156,B00876,0.3749638788652282,0.7,0,Geographic similarity without identity evidence,same city; same state; geographic-only evidence; 2 strong conflict(s),LOW
A00212,B00370,9.82745563260388e-07,0.7,0,ML probability below threshold,2 strong conflict(s),LOW
A00214,B00314,0.0954494113315555,0.7,0,Geographic similarity without identity evidence,same city; same state; geographic-only evidence; 1 strong conflict(s),LOW
A00658,B00838,0.3736055893911528,0.7,0,Geographic similarity without identity evidence,same city; same state; geographic-only evidence; 2 strong conflict(s),LOW
A00429,B00549,0.5344435048395649,0.7,0,Geographic similarity without identity evidence,same city; same state; geographic-only evidence; 1 strong conflict(s),LOW
A00540,B00434,1.5515476577233144e-08,0.7,0,ML probability below threshold,2 strong conflict(s),LOW
A00643,B00123,0.034898941687399564,0.7,0,Geographic similarity without identity evidence,same city; same state; geographic-only evidence; 1 strong conflict(s),LOW
A00921,B00924,4.353526580595952e-08,0.7,0,ML probability below threshold,1 strong conflict(s),LOW
A00400,B00599,3.702086812913434e-06,0.7,0,ML probability below threshold,2 strong conflict(s),LOW
A00416,B00916,0.3941949069354129,0.7,0,Geographic similarity without identity evidence,same city; same state; geographic-only evidence; 2 strong conflict(s),LOW
A00491,B00950,2.91964850164626e-06,0.7,0,ML probability below threshold,2 strong conflict(s),LOW
A00202,B00372,5.62626415610781e-07,0.7,0,ML probability below threshold,2 strong conflict(s),LOW
A00800,B00160,0.9834587920684282,0.7,0,Geographic similarity without identity evidence,same city; same state; geographic-only evidence; 2 strong conflict(s),HIGH
A00067,B00225,0.0001455724800107685,0.7,0,ML probability below threshold,1 strong conflict(s),LOW
A00092,B00095,4.284954523854654e-07,0.7,0,ML probability below threshold,limited evidence,LOW
A00961,B00654,2.239961797692243e-07,0.7,0,ML probability below threshold,2 strong conflict(s),LOW
A00452,B00104,7.681101981575457e-07,0.7,0,ML probability below threshold,2 strong conflict(s),LOW
A00233,B00542,1.4900777909402566e-09,0.7,0,ML probability below threshold,2 strong conflict(s),LOW
A00978,B00592,1.0838566934840026e-07,0.7,0,ML probability below threshold,1 strong conflict(s),LOW
A00011,B00963,1.4121665075434066e-08,0.7,0,ML probability below threshold,1 strong conflict(s),LOW
A00576,B00836,0.3969383771165208,0.7,0,Geographic similarity without identity evidence,same city; same state; geographic-only evidence; 2 strong conflict(s),LOW
A00699,B00919,0.51142850002877,0.7,0,Geographic similarity without identity evidence,same city; same state; geographic-only evidence; 2 strong conflict(s),LOW
A00831,B00550,0.00038534588500574446,0.7,0,ML probability below threshold,1 strong conflict(s),LOW
A00784,B00234,5.748927995088594e-09,0.7,0,ML probability below threshold,1 strong conflict(s),LOW
A00890,B00358,4.1038056188872594e-07,0.7,0,ML probability below threshold,2 strong conflict(s),LOW
A00391,B00872,5.0549271969343627e-08,0.7,0,Insufficient identity evidence,1 strong conflict(s),LOW
A00497,B00674,1.2970837953834527e-07,0.7,0,ML probability below threshold,2 strong conflict(s),LOW
A00293,B00573,0.40523924569130715,0.7,0,Geographic similarity without identity evidence,same city; same state; geographic-only evidence; 2 strong conflict(s),LOW
A00064,B00668,6.738092801973963e-09,0.7,0,ML probability below threshold,1 strong conflict(s),LOW
A00855,B00817,8.342577272943278e-05,0.7,0,ML probability below threshold,2 strong conflict(s),LOW
A00359,B00899,0.08314992252007175,0.7,0,Geographic similarity without identity evidence,same city; same state; geographic-only evidence; 2 strong conflict(s),LOW
A00315,B00342,3.256989778136448e-07,0.7,0,ML probability below threshold,2 strong conflict(s),LOW
A00575,B00394,4.6938394927488696e-08,0.7,0,ML probability below threshold,1 strong conflict(s),LOW
A00345,B00921,2.3185773260209978e-06,0.7,0,Insufficient identity evidence,1 strong conflict(s),LOW
A00251,B00216,8.332480069209204e-07,0.7,0,Multiple conflicting identity signals,same state; 3 strong conflict(s),LOW
A00330,B00868,8.365945521707523e-06,0.7,0,ML probability below threshold,same state; 2 strong conflict(s),LOW
A00740,B00453,3.3008606336007214e-07,0.7,0,ML probability below threshold,2 strong conflict(s),LOW
A00298,B00161,4.983766812613675e-09,0.7,0,ML probability below threshold,2 strong conflict(s),LOW
A00615,B00708,6.819573832385167e-08,0.7,0,ML probability below threshold,1 strong conflict(s),LOW
A00449,B00194,5.4886060561513176e-09,0.7,0,Multiple conflicting identity signals,3 strong conflict(s),LOW
A00976,B00656,0.30050816470360037,0.7,0,Geographic similarity without identity evidence,same city; same state; geographic-only evidence; 2 strong conflict(s),LOW
A00015,B00570,8.984850887521057e-06,0.7,0,ML probability below threshold,2 strong conflict(s),LOW
A00136,B00860,9.257137122992269e-11,0.7,0,ML probability below threshold,2 strong conflict(s),LOW
A00496,B00921,1.2472720645387428e-07,0.7,0,Insufficient identity evidence,1 strong conflict(s),LOW
A00417,B00610,6.311553315159731e-07,0.7,0,ML probability below threshold,2 strong conflict(s),LOW
A00706,B00315,3.9793384637193777e-07,0.7,0,ML probability below threshold,1 strong conflict(s),LOW
A00537,B00176,4.3987597413078e-05,0.7,0,ML probability below threshold,2 strong conflict(s),LOW
A00129,B00412,7.3662257926616e-06,0.7,0,ML probability below threshold,2 strong conflict(s),LOW
A00307,B00121,0.0027423745182488047,0.7,0,ML probability below threshold,same state; 2 strong conflict(s),LOW
A00851,B00237,2.164734269915307e-09,0.7,0,ML probability below threshold,2 strong conflict(s),LOW
A00013,B00053,0.8192186325338322,0.7,0,Geographic similarity without identity evidence,same city; same state; geographic-only evidence; 2 strong conflict(s),MEDIUM
A00215,B00470,2.6037628341178657e-07,0.7,0,ML probability below threshold,1 strong conflict(s),LOW
A00563,B00623,0.05158648631001585,0.7,0,Geographic similarity without identity evidence,same city; same state; geographic-only evidence; 2 strong conflict(s),LOW
A00848,B00820,7.475376970277765e-10,0.7,0,ML probability below threshold,1 strong conflict(s),LOW
A00269,B00870,2.1657975502978463e-06,0.7,0,ML probability below threshold,1 strong conflict(s),LOW
A00671,B00412,1.3120901065482506e-08,0.7,0,ML probability below threshold,2 strong conflict(s),LOW
A00162,B00150,3.5820317942717895e-05,0.7,0,ML probability below threshold,1 strong conflict(s),LOW
A00402,B00242,0.3272099401204798,0.7,0,Geographic similarity without identity evidence,same city; same state; geographic-only evidence; 2 strong conflict(s),LOW
A00008,B00379,1.1512214511001533e-07,0.7,0,ML probability below threshold,limited evidence,LOW
A00272,B00857,2.115803493074819e-05,0.7,0,ML probability below threshold,2 strong conflict(s),LOW
A00785,B00965,0.027263575129110783,0.7,0,Geographic similarity without identity evidence,same city; same state; geographic-only evidence; 2 strong conflict(s),LOW
A00554,B00433,4.724582105457465e-10,0.7,0,ML probability below threshold,2 strong conflict(s),LOW
A00923,B00943,0.6858890961520363,0.7,0,Geographic similarity without identity evidence,same city; same state; geographic-only evidence; 2 strong conflict(s),LOW
A00203,B00697,5.7894454288793566e-05,0.7,0,ML probability below threshold,2 strong conflict(s),LOW
A00508,B00828,0.8784505914022892,0.7,0,Geographic similarity without identity evidence,same city; same state; geographic-only evidence; 2 strong conflict(s),MEDIUM
A00334,B00314,0.02470223151558074,0.7,0,Geographic similarity without identity evidence,same city; same state; geographic-only evidence; 1 strong conflict(s),LOW
A00190,B00167,1.1777494621555404e-08,0.7,0,ML probability below threshold,2 strong conflict(s),LOW
A00169,B00449,0.015053529519857856,0.7,0,Geographic similarity without identity evidence,same city; same state; geographic-only evidence; 2 strong conflict(s),LOW
A00339,B00839,0.08551916329178544,0.7,0,Geographic similarity without identity evidence,same city; same state; geographic-only evidence; 2 strong conflict(s),LOW
A00716,B00983,1.9740114995029326e-09,0.7,0,ML probability below threshold,2 strong conflict(s),LOW
A00747,B00489,0.13293212264341606,0.7,0,ML probability below threshold,same state; 2 strong conflict(s),LOW
A00821,B00453,2.399329091657253e-08,0.7,0,ML probability below threshold,2 strong conflict(s),LOW
A00387,B00816,1.879924097291358e-07,0.7,0,ML probability below threshold,2 strong conflict(s),LOW
A00515,B00815,0.5281541191425838,0.7,0,Geographic similarity without identity evidence,same city; same state; geographic-only evidence; 2 strong conflict(s),LOW
A00701,B00461,0.21357881950080224,0.7,0,Geographic similarity without identity evidence,same city; same state; geographic-only evidence; 2 strong conflict(s),LOW
A00397,B00534,1.426676902391364e-07,0.7,0,ML probability below threshold,2 strong conflict(s),LOW
A00694,B00554,0.1103757764418908,0.7,0,Geographic similarity without identity evidence,same city; same state; geographic-only evidence; 2 strong conflict(s),LOW
A00481,B00441,0.16657039613792882,0.7,0,Geographic similarity without identity evidence,same city; same state; geographic-only evidence; 2 strong conflict(s),LOW
A00262,B00882,0.4170147095918036,0.7,0,Geographic similarity without identity evidence,same city; same state; geographic-only evidence; 2 strong conflict(s),LOW
A00481,B00888,9.779990949671853e-08,0.7,0,ML probability below threshold,2 strong conflict(s),LOW
A00065,B00463,4.324204721689529e-09,0.7,0,ML probability below threshold,2 strong conflict(s),LOW
A00062,B00177,1.2562367958548772e-08,0.7,0,ML probability below threshold,2 strong conflict(s),LOW
A00257,B00693,5.951141849992613e-08,0.7,0,ML probability below threshold,1 strong conflict(s),LOW
A00779,B00561,2.7791388809729613e-07,0.7,0,ML probability below threshold,2 strong conflict(s),LOW
A00673,B00442,3.506061405923773e-10,0.7,0,ML probability below threshold,1 strong conflict(s),LOW
A00992,B00092,0.9799023148802684,0.7,0,Geographic similarity without identity evidence,same city; same state; geographic-only evidence; 1 strong conflict(s),HIGH
A00162,B00206,4.0646027565465186e-09,0.7,0,ML probability below threshold,1 strong conflict(s),LOW
A00607,B00856,7.562771851151249e-06,0.7,0,ML probability below threshold,1 strong conflict(s),LOW
A00430,B00950,0.5790198863509288,0.7,0,Geographic similarity without identity evidence,same city; same state; geographic-only evidence; 2 strong conflict(s),LOW
A00210,B00537,2.890561098330878e-09,0.7,0,ML probability below threshold,2 strong conflict(s),LOW
A00159,B00982,2.1607179933673855e-07,0.7,0,ML probability below threshold,2 strong conflict(s),LOW
A00835,B00827,7.929373065847945e-07,0.7,0,ML probability below threshold,2 strong conflict(s),LOW
A00847,B00500,7.94973986784676e-07,0.7,0,ML probability below threshold,2 strong conflict(s),LOW
A00894,B00121,1.5586463057645901e-06,0.7,0,ML probability below threshold,2 strong conflict(s),LOW
A00707,B00456,2.70168397922665e-07,0.7,0,ML probability below threshold,2 strong conflict(s),LOW
A00348,B00647,7.600678920774836e-09,0.7,0,ML probability below threshold,1 strong conflict(s),LOW
A00692,B00926,5.9963204735068724e-05,0.7,0,ML probability below threshold,2 strong conflict(s),LOW
A00076,B00761,2.280907081858195e-07,0.7,0,ML probability below threshold,2 strong conflict(s),LOW
A00305,B00833,2.35814905681601e-09,0.7,0,ML probability below threshold,1 strong conflict(s),LOW
A00065,B00452,9.546597287353806e-09,0.7,0,ML probability below threshold,2 strong conflict(s),LOW
A00975,B00079,3.201459678234315e-08,0.7,0,ML probability below threshold,2 strong conflict(s),LOW
A00972,B00943,4.333109251731917e-09,0.7,0,Multiple conflicting identity signals,3 strong conflict(s),LOW
A00016,B00096,0.7729159133110247,0.7,0,Geographic similarity without identity evidence,same city; same state; geographic-only evidence; 1 strong conflict(s),MEDIUM
A00833,B00413,0.12708530567137696,0.7,0,Geographic similarity without identity evidence,same city; same state; geographic-only evidence; 2 strong conflict(s),LOW
A00622,B00046,9.562638768504622e-06,0.7,0,ML probability below threshold,2 strong conflict(s),LOW
A00143,B00670,7.23242146198159e-05,0.7,0,ML probability below threshold,same state; 2 strong conflict(s),LOW
A00116,B00776,0.09590663336294393,0.7,0,Geographic similarity without identity evidence,same city; same state; geographic-only evidence; 2 strong conflict(s),LOW
A00307,B00107,0.33869036543913433,0.7,0,Geographic similarity without identity evidence,same city; same state; geographic-only evidence; 2 strong conflict(s),LOW
A00029,B00250,1.4404203661015808e-07,0.7,0,ML probability below threshold,2 strong conflict(s),LOW
A00791,B00584,1.48024573470192e-07,0.7,0,Multiple conflicting identity signals,3 strong conflict(s),LOW
A00102,B00288,2.166872372214614e-10,0.7,0,ML probability below threshold,2 strong conflict(s),LOW
A00085,B00790,6.024462724847822e-06,0.7,0,ML probability below threshold,2 strong conflict(s),LOW
A00567,B00807,0.015091535918972509,0.7,0,Geographic similarity without identity evidence,same city; same state; geographic-only evidence; 2 strong conflict(s),LOW
A00972,B00612,0.04287511643368433,0.7,0,Geographic similarity without identity evidence,same city; same state; geographic-only evidence; 1 strong conflict(s),LOW
A00008,B00487,5.536870172610126e-10,0.7,0,Multiple conflicting identity signals,3 strong conflict(s),LOW
A00858,B00227,4.762067766174603e-09,0.7,0,ML probability below threshold,1 strong conflict(s),LOW
A00184,B00266,0.00012274426331973024,0.7,0,ML probability below threshold,2 strong conflict(s),LOW
A00536,B00246,2.470702857550333e-08,0.7,0,ML probability below threshold,2 strong conflict(s),LOW
A00948,B00553,2.5837476555024567e-08,0.7,0,ML probability below threshold,2 strong conflict(s),LOW
A00248,B00308,0.12005045369774858,0.7,0,Geographic similarity without identity evidence,same city; same state; geographic-only evidence; 2 strong conflict(s),LOW
A00419,B00819,0.024602086852745925,0.7,0,Geographic similarity without identity evidence,same city; same state; geographic-only evidence; 2 strong conflict(s),LOW
A00727,B00991,0.00016249569648444897,0.7,0,ML probability below threshold,2 strong conflict(s),LOW
A00714,B00786,0.0025320564192342107,0.7,0,ML probability below threshold,2 strong conflict(s),LOW
A00916,B00754,9.926598669398542e-10,0.7,0,ML probability below threshold,2 strong conflict(s),LOW
A00580,B00652,7.132984354040888e-09,0.7,0,ML probability below threshold,2 strong conflict(s),LOW
A00430,B00470,0.746864238336299,0.7,0,Geographic similarity without identity evidence,same city; same state; geographic-only evidence; 1 strong conflict(s),MEDIUM
A00454,B00915,2.3170294464705313e-08,0.7,0,ML probability below threshold,1 strong conflict(s),LOW
A00396,B00231,1.378429920234054e-06,0.7,0,ML probability below threshold,same state; 1 strong conflict(s),LOW
A00451,B00751,0.3798756688750187,0.7,0,Geographic similarity without identity evidence,same city; same state; geographic-only evidence; 2 strong conflict(s),LOW
A00250,B00454,2.5381999884766917e-08,0.7,0,Multiple conflicting identity signals,3 strong conflict(s),LOW
A00142,B00042,0.8702002139879074,0.7,0,Geographic similarity without identity evidence,same city; same state; geographic-only evidence; 2 strong conflict(s),MEDIUM
A00380,B00922,0.00020169893887720135,0.7,0,ML probability below threshold,2 strong conflict(s),LOW
A00747,B00455,1.6797490433463761e-07,0.7,0,ML probability below threshold,1 strong conflict(s),LOW
A00911,B00895,5.33707112009209e-07,0.7,0,ML probability below threshold,1 strong conflict(s),LOW
A00745,B00752,5.831750089351038e-09,0.7,0,ML probability below threshold,2 strong conflict(s),LOW
A00949,B00622,2.8925346478934998e-08,0.7,0,ML probability below threshold,1 strong conflict(s),LOW
A00203,B00163,0.620134420027041,0.7,0,Geographic similarity without identity evidence,same city; same state; geographic-only evidence; 1 strong conflict(s),LOW
A00487,B00890,1.2158709056249979e-09,0.7,0,ML probability below threshold,2 strong conflict(s),LOW
A00328,B00885,6.318087329493046e-05,0.7,0,ML probability below threshold,2 strong conflict(s),LOW
A00343,B00572,1.169731557182762e-09,0.7,0,ML probability below threshold,2 strong conflict(s),LOW
A00795,B00207,2.8771399964851182e-08,0.7,0,ML probability below threshold,2 strong conflict(s),LOW
A00807,B00527,0.04739320228121377,0.7,0,Geographic similarity without identity evidence,same city; same state; geographic-only evidence; 2 strong conflict(s),LOW
A00433,B00373,0.03080275186300784,0.7,0,Geographic similarity without identity evidence,same city; same state; geographic-only evidence; 1 strong conflict(s),LOW
A00297,B00002,2.2942076445933514e-08,0.7,0,ML probability below threshold,1 strong conflict(s),LOW
A00386,B00808,6.653157597279331e-05,0.7,0,ML probability below threshold,same state; 2 strong conflict(s),LOW
A00088,B00603,1.160467683417348e-05,0.7,0,ML probability below threshold,2 strong conflict(s),LOW
A00207,B00747,0.18449289516534736,0.7,0,Geographic similarity without identity evidence,same city; same state; geographic-only evidence; 2 strong conflict(s),LOW
A00058,B00739,4.66137407476837e-08,0.7,0,ML probability below threshold,1 strong conflict(s),LOW
A00938,B00658,0.2946242969336039,0.7,0,Geographic similarity without identity evidence,same city; same state; geographic-only evidence; 1 strong conflict(s),LOW
A00364,B00663,3.2379671271103966e-08,0.7,0,ML probability below threshold,2 strong conflict(s),LOW
A00497,B00437,0.8089052761753995,0.7,0,Geographic similarity without identity evidence,same city; same state; geographic-only evidence; 2 strong conflict(s),MEDIUM
A00707,B00527,0.1302737524573723,0.7,0,Geographic similarity without identity evidence,same city; same state; geographic-only evidence; 2 strong conflict(s),LOW
A00759,B00544,0.009759804064941958,0.7,0,ML probability below threshold,2 strong conflict(s),LOW
A00369,B00792,2.1212216277313764e-07,0.7,0,ML probability below threshold,2 strong conflict(s),LOW
A00907,B00042,2.8088590187921996e-07,0.7,0,Multiple conflicting identity signals,3 strong conflict(s),LOW
A00507,B00261,0.004613994775537955,0.7,0,ML probability below threshold,same state; 1 strong conflict(s),LOW
A00067,B00287,0.9522710780015079,0.7,0,Geographic similarity without identity evidence,same city; same state; geographic-only evidence; 1 strong conflict(s),HIGH
A00750,B00842,0.003584049511046593,0.7,0,Insufficient identity evidence,1 strong conflict(s),LOW
A00200,B00580,0.016172700581972777,0.7,0,Geographic similarity without identity evidence,same city; same state; geographic-only evidence; 1 strong conflict(s),LOW
A00361,B00589,5.628420337971106e-05,0.7,0,ML probability below threshold,same state; 2 strong conflict(s),LOW
A00464,B00715,1.683827000238856e-08,0.7,0,ML probability below threshold,1 strong conflict(s),LOW
A00543,B00980,1.2091966009056508e-05,0.7,0,Multiple conflicting identity signals,3 strong conflict(s),LOW
A00304,B00375,7.044251784529167e-09,0.7,0,ML probability below threshold,2 strong conflict(s),LOW
A00828,B00181,1.1224570375543143e-08,0.7,0,ML probability below threshold,2 strong conflict(s),LOW
A00047,B00043,3.113150466591903e-08,0.7,0,ML probability below threshold,2 strong conflict(s),LOW
A00115,B00615,0.79341064426639,0.7,0,Geographic similarity without identity evidence,same city; same state; geographic-only evidence; 1 strong conflict(s),MEDIUM
A00929,B00270,2.3513446829353633e-09,0.7,0,ML probability below threshold,2 strong conflict(s),LOW
A00531,B00197,1.6254103309653784e-05,0.7,0,ML probability below threshold,2 strong conflict(s),LOW
A00912,B00991,2.0119570924859694e-07,0.7,0,ML probability below threshold,2 strong conflict(s),LOW
A00717,B00757,0.010796218203878603,0.7,0,Geographic similarity without identity evidence,same city; same state; geographic-only evidence; 2 strong conflict(s),LOW
A00489,B00709,0.14806429346532035,0.7,0,Geographic similarity without identity evidence,same city; same state; geographic-only evidence; 1 strong conflict(s),LOW
A00300,B00998,1.836643344233619e-08,0.7,0,ML probability below threshold,2 strong conflict(s),LOW
A00772,B00376,4.230821379136142e-10,0.7,0,ML probability below threshold,1 strong conflict(s),LOW
A00615,B00315,0.047428001520832624,0.7,0,Geographic similarity without identity evidence,same city; same state; geographic-only evidence; 1 strong conflict(s),LOW
A00197,B00478,8.29999978410682e-07,0.7,0,ML probability below threshold,limited evidence,LOW
A00623,B00693,2.8985198581697536e-10,0.7,0,ML probability below threshold,2 strong conflict(s),LOW
A00840,B00852,1.0371903804543706e-08,0.7,0,ML probability below threshold,2 strong conflict(s),LOW
A00646,B00886,0.5203340795712175,0.7,0,Geographic similarity without identity evidence,same city; same state; geographic-only evidence; 2 strong conflict(s),LOW
A00745,B00333,4.650996469463667e-07,0.7,0,Insufficient identity evidence,2 strong conflict(s),LOW
A00882,B00980,0.0005973217776064582,0.7,0,Multiple conflicting identity signals,3 strong conflict(s),LOW
A00725,B00628,5.876404596620488e-08,0.7,0,ML probability below threshold,1 strong conflict(s),LOW
A00600,B00383,6.531592879177184e-09,0.7,0,ML probability below threshold,2 strong conflict(s),LOW
A00708,B00237,1.636100713770486e-08,0.7,0,ML probability below threshold,2 strong conflict(s),LOW
A00288,B00105,4.279775190895672e-06,0.7,0,ML probability below threshold,1 strong conflict(s),LOW
A00373,B00653,0.5716893843354631,0.7,0,Geographic similarity without identity evidence,same city; same state; geographic-only evidence,LOW
A00102,B00915,3.1126745590587314e-07,0.7,0,Insufficient identity evidence,2 strong conflict(s),LOW
A00763,B00003,0.42739528853382214,0.7,0,Geographic similarity without identity evidence,same city; same state; geographic-only evidence; 2 strong conflict(s),LOW
A00528,B00409,4.713561392442088e-08,0.7,0,ML probability below threshold,2 strong conflict(s),LOW
A00307,B00907,0.366105751815643,0.7,0,Geographic similarity without identity evidence,same city; same state; geographic-only evidence; 2 strong conflict(s),LOW
A00863,B00605,5.057255611419486e-10,0.7,0,Multiple conflicting identity signals,3 strong conflict(s),LOW
A00746,B00226,0.0609353435766747,0.7,0,Geographic similarity without identity evidence,same city; same state; geographic-only evidence; 2 strong conflict(s),LOW
A00420,B00566,5.408367374939748e-09,0.7,0,ML probability below threshold,1 strong conflict(s),LOW
A00354,B00334,0.037733063619174896,0.7,0,Geographic similarity without identity evidence,same city; same state; geographic-only evidence; 1 strong conflict(s),LOW
A00426,B00901,4.16619698364558e-09,0.7,0,Multiple conflicting identity signals,3 strong conflict(s),LOW
A00507,B00139,0.005482884417488737,0.7,0,ML probability below threshold,2 strong conflict(s),LOW
A00562,B00142,0.5221959663121148,0.7,0,Geographic similarity without identity evidence,same city; same state; geographic-only evidence; 2 strong conflict(s),LOW
A00634,B00554,0.02161367743678625,0.7,0,Geographic similarity without identity evidence,same city; same state; geographic-only evidence; 2 strong conflict(s),LOW
A00504,B00104,0.471486970589442,0.7,0,Geographic similarity without identity evidence,same city; same state; geographic-only evidence; 3 strong conflict(s),LOW
A00052,B00679,1.7518766228862083e-08,0.7,0,ML probability below threshold,1 strong conflict(s),LOW
A00309,B00454,3.5765838001095953e-09,0.7,0,Multiple conflicting identity signals,3 strong conflict(s),LOW
A00125,B00472,1.7938291349998401e-09,0.7,0,ML probability below threshold,2 strong conflict(s),LOW
A00019,B00079,0.26252401511070383,0.7,0,Geographic similarity without identity evidence,same city; same state; geographic-only evidence; 2 strong conflict(s),LOW
A00630,B00694,9.604956371754527e-06,0.7,0,ML probability below threshold,1 strong conflict(s),LOW
A00448,B00767,8.226675107073561e-10,0.7,0,ML probability below threshold,1 strong conflict(s),LOW
A00608,B00417,2.5143042315484277e-05,0.7,0,ML probability below threshold,2 strong conflict(s),LOW
A00877,B00317,0.0080922123814536,0.7,0,Geographic similarity without identity evidence,same city; same state; geographic-only evidence; 2 strong conflict(s),LOW
A00025,B00525,0.39704522624758104,0.7,0,Geographic similarity without identity evidence,same city; same state; geographic-only evidence; 2 strong conflict(s),LOW
A00870,B00350,0.025774601243566397,0.7,0,Geographic similarity without identity evidence,same city; same state; geographic-only evidence; 2 strong conflict(s),LOW
A00685,B00425,0.35102374689525034,0.7,0,Geographic similarity without identity evidence,same city; same state; geographic-only evidence; 2 strong conflict(s),LOW
A00011,B00200,5.2193594988836904e-08,0.7,0,Multiple conflicting identity signals,3 strong conflict(s),LOW
A00382,B00002,0.7521835515168035,0.7,0,Geographic similarity without identity evidence,same city; same state; geographic-only evidence; 1 strong conflict(s),MEDIUM
A00951,B00774,0.0015053804397078378,0.7,0,ML probability below threshold,2 strong conflict(s),LOW
A00617,B00237,0.1255560646766985,0.7,0,Geographic similarity without identity evidence,same city; same state; geographic-only evidence; 2 strong conflict(s),LOW
A00083,B00311,2.5574804086883716e-06,0.7,0,ML probability below threshold,1 strong conflict(s),LOW
A00352,B00396,3.58581356639773e-10,0.7,0,ML probability below threshold,1 strong conflict(s),LOW
A00561,B00487,7.262122022050625e-05,0.7,0,ML probability below threshold,same state; 2 strong conflict(s),LOW
A00451,B00911,0.13424470671280656,0.7,0,Geographic similarity without identity evidence,same city; same state; geographic-only evidence; 2 strong conflict(s),LOW
A00264,B00724,0.07945141836808788,0.7,0,Geographic similarity without identity evidence,same city; same state; geographic-only evidence; 1 strong conflict(s),LOW
A00732,B00854,7.074646304354161e-09,0.7,0,Multiple conflicting identity signals,4 strong conflict(s),LOW
A00457,B00557,0.5156944358614937,0.7,0,Geographic similarity without identity evidence,same city; same state; geographic-only evidence; 3 strong conflict(s),LOW
A00695,B00184,7.876888366663324e-05,0.7,0,ML probability below threshold,2 strong conflict(s),LOW
A00482,B00004,0.0016037490017571806,0.7,0,Multiple conflicting identity signals,3 strong conflict(s),LOW
A00080,B00718,5.163257536273697e-09,0.7,0,ML probability below threshold,1 strong conflict(s),LOW
A00539,B00499,0.0954416955709446,0.7,0,Geographic similarity without identity evidence,same city; same state; geographic-only evidence; 2 strong conflict(s),LOW
A00701,B00081,0.01609270379448738,0.7,0,Geographic similarity without identity evidence,same city; same state; geographic-only evidence; 2 strong conflict(s),LOW
A00282,B00542,0.35952185962644256,0.7,0,Geographic similarity without identity evidence,same city; same state; geographic-only evidence; 2 strong conflict(s),LOW
A00275,B00415,0.06400846953372599,0.7,0,Geographic similarity without identity evidence,same city; same state; geographic-only evidence; 2 strong conflict(s),LOW
A00193,B00206,1.0107318104320647e-10,0.7,0,ML probability below threshold,1 strong conflict(s),LOW
A00885,B00265,0.4823006649772066,0.7,0,Geographic similarity without identity evidence,same city; same state; geographic-only evidence; 1 strong conflict(s),LOW
A00692,B00663,2.0864276494293553e-09,0.7,0,Multiple conflicting identity signals,3 strong conflict(s),LOW
A00031,B00738,0.00012251513669460248,0.7,0,ML probability below threshold,2 strong conflict(s),LOW
A00992,B00806,1.262668429182757e-07,0.7,0,ML probability below threshold,2 strong conflict(s),LOW
A00619,B00576,0.00014222002992228877,0.7,0,ML probability below threshold,1 strong conflict(s),LOW
A00860,B00660,0.9826664601776185,0.7,0,Geographic similarity without identity evidence,same city; same state; geographic-only evidence; 2 strong conflict(s),HIGH
A00453,B00973,0.0414115879503085,0.7,0,Geographic similarity without identity evidence,same city; same state; geographic-only evidence; 2 strong conflict(s),LOW
A00409,B00601,2.917043000341735e-06,0.7,0,Insufficient identity evidence,same state,LOW
A00820,B00832,1.1945133446753851e-09,0.7,0,ML probability below threshold,2 strong conflict(s),LOW
A00353,B00925,6.6576189791943555e-09,0.7,0,ML probability below threshold,2 strong conflict(s),LOW
A00816,B00236,0.4904501148573441,0.7,0,Geographic similarity without identity evidence,same city; same state; geographic-only evidence; 1 strong conflict(s),LOW
A00243,B00323,0.051905673568298796,0.7,0,Geographic similarity without identity evidence,same city; same state; geographic-only evidence; 2 strong conflict(s),LOW
A00894,B00797,1.8705385342075185e-05,0.7,0,ML probability below threshold,2 strong conflict(s),LOW
A00358,B00642,5.583008033480759e-09,0.7,0,ML probability below threshold,2 strong conflict(s),LOW
A00180,B00536,2.913893645295386e-07,0.7,0,ML probability below threshold,2 strong conflict(s),LOW
A00091,B00515,1.922429878107504e-07,0.7,0,ML probability below threshold,2 strong conflict(s),LOW
A00345,B00328,1.0750495434308103e-08,0.7,0,ML probability below threshold,2 strong conflict(s),LOW
A00563,B00863,0.16914926892647666,0.7,0,Geographic similarity without identity evidence,same city; same state; geographic-only evidence; 2 strong conflict(s),LOW
A00577,B00754,9.919308883234737e-09,0.7,0,Multiple conflicting identity signals,3 strong conflict(s),LOW
A00412,B00441,4.434932015595e-05,0.7,0,ML probability below threshold,2 strong conflict(s),LOW
A00392,B00087,9.933937005887812e-07,0.7,0,ML probability below threshold,2 strong conflict(s),LOW
A00216,B00296,0.09747065900516415,0.7,0,Geographic similarity without identity evidence,same city; same state; geographic-only evidence; 2 strong conflict(s),LOW
A00281,B00811,8.496962065455268e-06,0.7,0,ML probability below threshold,1 strong conflict(s),LOW
A00022,B00202,0.18151818562857616,0.7,0,Geographic similarity without identity evidence,same city; same state; geographic-only evidence; 1 strong conflict(s),LOW
A00027,B00227,0.9557892157535456,0.7,0,Geographic similarity without identity evidence,same city; same state; geographic-only evidence; 1 strong conflict(s),HIGH
A00307,B00072,2.9737470568476217e-05,0.7,0,ML probability below threshold,2 strong conflict(s),LOW
A00169,B00329,0.38220571370245765,0.7,0,Geographic similarity without identity evidence,same city; same state; geographic-only evidence; 2 strong conflict(s),LOW
A00827,B00109,0.1955319224512359,0.7,0,ML probability below threshold,same state; 2 strong conflict(s),LOW
A00817,B00479,3.3547970011284195e-07,0.7,0,ML probability below threshold,2 strong conflict(s),LOW
A00139,B00347,0.000932185164765298,0.7,0,ML probability below threshold,1 strong conflict(s),LOW
A00056,B00337,7.201776693449342e-09,0.7,0,ML probability below threshold,2 strong conflict(s),LOW
A00054,B00007,3.98296417309075e-07,0.7,0,ML probability below threshold,1 strong conflict(s),LOW
A00228,B00848,0.25107957712278495,0.7,0,Geographic similarity without identity evidence,same city; same state; geographic-only evidence; 2 strong conflict(s),LOW
A00404,B00742,2.457335172513908e-09,0.7,0,ML probability below threshold,2 strong conflict(s),LOW
A00210,B00212,4.401288066875133e-09,0.7,0,ML probability below threshold,1 strong conflict(s),LOW
A00014,B00556,1.1402302494176547e-08,0.7,0,ML probability below threshold,1 strong conflict(s),LOW
A00557,B00357,0.5351392616008158,0.7,0,Geographic similarity without identity evidence,same city; same state; geographic-only evidence; 2 strong conflict(s),LOW
A00023,B00563,0.08081122802933044,0.7,0,Geographic similarity without identity evidence,same city; same state; geographic-only evidence; 2 strong conflict(s),LOW
A00212,B00706,8.227579052721353e-06,0.7,0,ML probability below threshold,2 strong conflict(s),LOW
A00214,B00428,2.1318149238884835e-08,0.7,0,ML probability below threshold,2 strong conflict(s),LOW
A00979,B00573,1.3447051387558146e-05,0.7,0,ML probability below threshold,2 strong conflict(s),LOW
A00475,B00004,1.7102375025121665e-05,0.7,0,ML probability below threshold,2 strong conflict(s),LOW
A00325,B00837,1.059214635869956e-08,0.7,0,ML probability below threshold,1 strong conflict(s),LOW
A00181,B00411,2.361453051673525e-06,0.7,0,Multiple conflicting identity signals,3 strong conflict(s),LOW
A00089,B00398,2.2126731144401132e-08,0.7,0,Insufficient identity evidence,2 strong conflict(s),LOW
A00933,B00971,1.4363774768741783e-07,0.7,0,ML probability below threshold,1 strong conflict(s),LOW
A00918,B00582,2.314594443179826e-06,0.7,0,ML probability below threshold,2 strong conflict(s),LOW
A00657,B00641,1.1565974901103542e-07,0.7,0,ML probability below threshold,2 strong conflict(s),LOW
A00329,B00289,0.3605775886675197,0.7,0,Geographic similarity without identity evidence,same city; same state; geographic-only evidence; 2 strong conflict(s),LOW
A00991,B00131,0.6868375319735226,0.7,0,Geographic similarity without identity evidence,same city; same state; geographic-only evidence; 1 strong conflict(s),LOW
A00727,B00647,0.21858286726017556,0.7,0,Geographic similarity without identity evidence,same city; same state; geographic-only evidence,LOW
A00345,B00692,7.699011249921466e-05,0.7,0,ML probability below threshold,2 strong conflict(s),LOW
A00937,B00473,1.1657623852060096e-06,0.7,0,ML probability below threshold,2 strong conflict(s),LOW
A00941,B00427,0.0019454337601952363,0.7,0,ML probability below threshold,2 strong conflict(s),LOW
A00286,B00186,0.2569290741786086,0.7,0,Geographic similarity without identity evidence,same city; same state; geographic-only evidence; 2 strong conflict(s),LOW
A00765,B00760,9.623886435543437e-09,0.7,0,ML probability below threshold,2 strong conflict(s),LOW
A00709,B00841,7.935814485678109e-07,0.7,0,ML probability below threshold,same state; 2 strong conflict(s),LOW
A00014,B00452,2.6417414963303238e-08,0.7,0,Multiple conflicting identity signals,3 strong conflict(s),LOW
A00448,B00027,1.1694811577275818e-08,0.7,0,ML probability below threshold,2 strong conflict(s),LOW
A00375,B00174,3.1091814465766475e-08,0.7,0,ML probability below threshold,2 strong conflict(s),LOW
A00508,B00568,0.1375105496401234,0.7,0,Geographic similarity without identity evidence,same city; same state; geographic-only evidence; 1 strong conflict(s),LOW
A00033,B00083,3.2000426886700684e-09,0.7,0,ML probability below threshold,2 strong conflict(s),LOW
A00736,B00216,0.5248014073407542,0.7,0,Geographic similarity without identity evidence,same city; same state; geographic-only evidence; 3 strong conflict(s),LOW
A00785,B00939,5.777308699315413e-08,0.7,0,ML probability below threshold,2 strong conflict(s),LOW
A00468,B00308,0.442712533865735,0.7,0,Geographic similarity without identity evidence,same city; same state; geographic-only evidence; 1 strong conflict(s),LOW
A00560,B00940,0.6016662820130901,0.7,0,Geographic similarity without identity evidence,same city; same state; geographic-only evidence; 1 strong conflict(s),LOW
A00528,B00617,2.4692501721522267e-08,0.7,0,ML probability below threshold,2 strong conflict(s),LOW
A00258,B00530,3.355228108579283e-08,0.7,0,ML probability below threshold,1 strong conflict(s),LOW
A00776,B00817,7.009119996322371e-06,0.7,0,ML probability below threshold,2 strong conflict(s),LOW
A00443,B00598,1.6872876438266137e-09,0.7,0,ML probability below threshold,2 strong conflict(s),LOW
A00336,B00157,1.9868990073365332e-10,0.7,0,Multiple conflicting identity signals,3 strong conflict(s),LOW
A00037,B00057,0.4825122070675526,0.7,0,Geographic similarity without identity evidence,same city; same state; geographic-only evidence; 2 strong conflict(s),LOW
A00807,B00260,1.1794572145471242e-07,0.7,0,Multiple conflicting identity signals,3 strong conflict(s),LOW
A00448,B00029,7.148003753100986e-06,0.7,0,ML probability below threshold,2 strong conflict(s),LOW
A00966,B00735,1.2989098208290885e-08,0.7,0,ML probability below threshold,2 strong conflict(s),LOW
A00333,B00413,0.02860641039679698,0.7,0,Geographic similarity without identity evidence,same city; same state; geographic-only evidence; 2 strong conflict(s),LOW
A00474,B00207,6.878102797163363e-08,0.7,0,ML probability below threshold,2 strong conflict(s),LOW
A00889,B00604,2.1344548129864876e-08,0.7,0,ML probability below threshold,2 strong conflict(s),LOW
A00490,B00297,4.797483862001042e-08,0.7,0,ML probability below threshold,2 strong conflict(s),LOW
A00832,B00887,0.00013378902510975544,0.7,0,ML probability below threshold,2 strong conflict(s),LOW
A00790,B00210,0.7249214925747164,0.7,0,Geographic similarity without identity evidence,same city; same state; geographic-only evidence; 1 strong conflict(s),MEDIUM
A00614,B00749,1.548928421194427e-05,0.7,0,Multiple conflicting identity signals,3 strong conflict(s),LOW
A00430,B00800,2.5904722026636106e-07,0.7,0,ML probability below threshold,limited evidence,LOW
A00544,B00017,5.5576011965863346e-08,0.7,0,ML probability below threshold,1 strong conflict(s),LOW
A00525,B00309,2.6305629910210723e-05,0.7,0,ML probability below threshold,limited evidence,LOW
A00219,B00719,0.9402860057109319,0.7,0,Geographic similarity without identity evidence,same city; same state; geographic-only evidence; 2 strong conflict(s),HIGH
A00395,B00939,1.4130354470112664e-07,0.7,0,ML probability below threshold,2 strong conflict(s),LOW
A00179,B00759,0.5518407820475623,0.7,0,Geographic similarity without identity evidence,same city; same state; geographic-only evidence; 1 strong conflict(s),LOW
A00273,B00826,0.00029543978345847376,0.7,0,ML probability below threshold,2 strong conflict(s),LOW
A00434,B00029,2.2539992820690705e-06,0.7,0,Multiple conflicting identity signals,3 strong conflict(s),LOW
A00646,B00461,4.0576780750765855e-08,0.7,0,ML probability below threshold,2 strong conflict(s),LOW
A00587,B00087,0.4168731293768431,0.7,0,Geographic similarity without identity evidence,same city; same state; geographic-only evidence; 3 strong conflict(s),LOW
A00556,B00116,0.4657815880819768,0.7,0,Geographic similarity without identity evidence,same city; same state; geographic-only evidence; 1 strong conflict(s),LOW
A00792,B00969,3.3841453380007694e-07,0.7,0,ML probability below threshold,2 strong conflict(s),LOW
A00832,B00474,1.2007677820668586e-08,0.7,0,ML probability below threshold,2 strong conflict(s),LOW
A00074,B00954,0.08945230091541669,0.7,0,Geographic similarity without identity evidence,same city; same state; geographic-only evidence; 2 strong conflict(s),LOW
A00876,B00516,0.036524328276450274,0.7,0,Geographic similarity without identity evidence,same city; same state; geographic-only evidence; 2 strong conflict(s),LOW
A00348,B00248,0.821171436213687,0.7,0,Geographic similarity without identity evidence,same city; same state; geographic-only evidence; 2 strong conflict(s),MEDIUM
A00568,B00848,0.014473776491580749,0.7,0,Geographic similarity without identity evidence,same city; same state; geographic-only evidence; 2 strong conflict(s),LOW
A00762,B00483,7.639017587043049e-07,0.7,0,ML probability below threshold,2 strong conflict(s),LOW
A00021,B00457,5.855975767816817e-07,0.7,0,ML probability below threshold,2 strong conflict(s),LOW
A00230,B00168,6.719277924598616e-06,0.7,0,ML probability below threshold,same state; 2 strong conflict(s),LOW
A00404,B00324,0.017708707571743594,0.7,0,Geographic similarity without identity evidence,same city; same state; geographic-only evidence; 1 strong conflict(s),LOW
A00228,B00247,5.079662829305485e-09,0.7,0,ML probability below threshold,2 strong conflict(s),LOW
A00750,B00390,0.4955327703984956,0.7,0,Geographic similarity without identity evidence,same city; same state; geographic-only evidence; 1 strong conflict(s),LOW
A00707,B00147,0.08790498138972612,0.7,0,Geographic similarity without identity evidence,same city; same state; geographic-only evidence; 2 strong conflict(s),LOW
A00445,B00296,8.332189670522986e-09,0.7,0,ML probability below threshold,1 strong conflict(s),LOW
A00576,B00356,0.05068144869207243,0.7,0,Geographic similarity without identity evidence,same city; same state; geographic-only evidence; 2 strong conflict(s),LOW
A00872,B00093,3.032784046528566e-08,0.7,0,ML probability below threshold,2 strong conflict(s),LOW
A00034,B00617,6.729937957767118e-09,0.7,0,Multiple conflicting identity signals,3 strong conflict(s),LOW
A00572,B00110,1.0858839989513581e-09,0.7,0,Multiple conflicting identity signals,3 strong conflict(s),LOW
A00252,B00732,0.21179634084146665,0.7,0,Geographic similarity without identity evidence,same city; same state; geographic-only evidence; 1 strong conflict(s),LOW
A00219,B00515,1.6272638358162091e-09,0.7,0,ML probability below threshold,2 strong conflict(s),LOW
A00153,B00245,4.436330825192827e-08,0.7,0,ML probability below threshold,2 strong conflict(s),LOW
A00065,B00005,0.10993207707769594,0.7,0,Geographic similarity without identity evidence,same city; same state; geographic-only evidence; 2 strong conflict(s),LOW
A00924,B00654,2.5864093810324416e-07,0.7,0,ML probability below threshold,1 strong conflict(s),LOW
A00784,B00883,1.0893187522808894e-08,0.7,0,ML probability below threshold,limited evidence,LOW
A00876,B00476,0.30087015283117274,0.7,0,Geographic similarity without identity evidence,same city; same state; geographic-only evidence; 2 strong conflict(s),LOW
A00605,B00225,0.21548430907952332,0.7,0,Geographic similarity without identity evidence,same city; same state; geographic-only evidence; 1 strong conflict(s),LOW
A00984,B00138,3.5391297985482636e-09,0.7,0,ML probability below threshold,2 strong conflict(s),LOW
A00827,B00271,5.9134388703424394e-05,0.7,0,ML probability below threshold,2 strong conflict(s),LOW
A00567,B00441,0.0002619549079849468,0.7,0,ML probability below threshold,same state; 1 strong conflict(s),LOW
A00839,B00413,7.715587116733986e-09,0.7,0,Multiple conflicting identity signals,3 strong conflict(s),LOW
A00268,B00348,0.028493950611101555,0.7,0,Geographic similarity without identity evidence,same city; same state; geographic-only evidence; 2 strong conflict(s),LOW
A00353,B00199,1.924556706373785e-06,0.7,0,ML probability below threshold,2 strong conflict(s),LOW
A00911,B00531,0.6297974117983784,0.7,0,Geographic similarity without identity evidence,same city; same state; geographic-only evidence; 2 strong conflict(s),LOW
A00494,B00666,1.5136007085418973e-07,0.7,0,ML probability below threshold,2 strong conflict(s),LOW
A00940,B00423,1.2819657678791644e-10,0.7,0,ML probability below threshold,1 strong conflict(s),LOW
A00894,B00311,0.00010994269340860207,0.7,0,ML probability below threshold,1 strong conflict(s),LOW
A00015,B00983,3.6904848437898837e-07,0.7,0,ML probability below threshold,2 strong conflict(s),LOW
A00045,B00545,0.5979900940474544,0.7,0,Geographic similarity without identity evidence,same city; same state; geographic-only evidence; 2 strong conflict(s),LOW
A00733,B00933,0.647412818411349,0.7,0,Geographic similarity without identity evidence,same city; same state; geographic-only evidence; 1 strong conflict(s),LOW
A00672,B00670,2.437148608398249e-09,0.7,0,ML probability below threshold,2 strong conflict(s),LOW
A00597,B00888,4.700654997937955e-07,0.7,0,ML probability below threshold,2 strong conflict(s),LOW
A00006,B00470,9.139263742853663e-05,0.7,0,ML probability below threshold,same state; 1 strong conflict(s),LOW
A00678,B00778,0.666416783481426,0.7,0,Geographic similarity without identity evidence,same city; same state; geographic-only evidence; 1 strong conflict(s),LOW
A00533,B00673,0.16277343354403243,0.7,0,Geographic similarity without identity evidence,same city; same state; geographic-only evidence; 2 strong conflict(s),LOW
A00185,B00121,5.284014496435663e-09,0.7,0,ML probability below threshold,2 strong conflict(s),LOW
A00775,B00724,1.9410758154634722e-08,0.7,0,ML probability below threshold,1 strong conflict(s),LOW
A00085,B00705,0.047784373707852025,0.7,0,Geographic similarity without identity evidence,same city; same state; geographic-only evidence; 2 strong conflict(s),LOW
A00622,B00621,3.120635026145371e-05,0.7,0,ML probability below threshold,2 strong conflict(s),LOW
A00720,B00620,0.6996252347208006,0.7,0,Geographic similarity without identity evidence,same city; same state; geographic-only evidence; 2 strong conflict(s),LOW
A00772,B00064,2.1327581271043674e-08,0.7,0,ML probability below threshold,2 strong conflict(s),LOW
A00132,B00259,2.439010189815456e-07,0.7,0,ML probability below threshold,2 strong conflict(s),LOW
A00493,B00537,8.133768249127844e-09,0.7,0,ML probability below threshold,2 strong conflict(s),LOW
A00746,B00546,0.49071616536861473,0.7,0,Geographic similarity without identity evidence,same city; same state; geographic-only evidence; 1 strong conflict(s),LOW
A00321,B00105,0.0001405064111096339,0.7,0,ML probability below threshold,1 strong conflict(s),LOW
A00500,B00446,9.7033022047293e-09,0.7,0,ML probability below threshold,2 strong conflict(s),LOW
A00067,B00776,8.495062960619385e-06,0.7,0,ML probability below threshold,2 strong conflict(s),LOW
A00041,B00507,0.0002807900375235369,0.7,0,ML probability below threshold,same state; 2 strong conflict(s),LOW
A00838,B00518,0.5230371961686139,0.7,0,Geographic similarity without identity evidence,same city; same state; geographic-only evidence; 2 strong conflict(s),LOW
A00601,B00220,8.048474518470701e-09,0.7,0,ML probability below threshold,1 strong conflict(s),LOW
A00250,B00030,0.025147147563694846,0.7,0,Geographic similarity without identity evidence,same city; same state; geographic-only evidence; 1 strong conflict(s),LOW
A00643,B00623,0.046052207103106806,0.7,0,Geographic similarity without identity evidence,same city; same state; geographic-only evidence; 1 strong conflict(s),LOW
A00334,B00004,0.0011994173227647955,0.7,0,ML probability below threshold,2 strong conflict(s),LOW
A00800,B00709,2.824942755437646e-09,0.7,0,ML probability below threshold,1 strong conflict(s),LOW
A00891,B00371,0.3645923393297067,0.7,0,Geographic similarity without identity evidence,same city; same state; geographic-only evidence; 2 strong conflict(s),LOW
A00741,B00081,0.015865809483039107,0.7,0,Geographic similarity without identity evidence,same city; same state; geographic-only evidence; 2 strong conflict(s),LOW
A00346,B00605,3.794391831694628e-10,0.7,0,Multiple conflicting identity signals,3 strong conflict(s),LOW
A00157,B00337,0.07355467675942418,0.7,0,Geographic similarity without identity evidence,same city; same state; geographic-only evidence; 2 strong conflict(s),LOW
A00661,B00695,9.736058064295163e-08,0.7,0,ML probability below threshold,2 strong conflict(s),LOW
A00169,B00478,5.5102775474517834e-08,0.7,0,Insufficient identity evidence,limited evidence,LOW
A00966,B00673,4.6228912326759935e-08,0.7,0,ML probability below threshold,2 strong conflict(s),LOW
A00001,B00411,3.2154532836102795e-07,0.7,0,ML probability below threshold,2 strong conflict(s),LOW
A00502,B00044,9.508634621068595e-09,0.7,0,Multiple conflicting identity signals,3 strong conflict(s),LOW
A00632,B00612,0.4437713759042059,0.7,0,Geographic similarity without identity evidence,same city; same state; geographic-only evidence; 1 strong conflict(s),LOW
A00841,B00198,1.39112774325128e-09,0.7,0,ML probability below threshold,2 strong conflict(s),LOW
A00964,B00888,3.268721424122103e-08,0.7,0,ML probability below threshold,2 strong conflict(s),LOW
A00084,B00624,0.3561766310417704,0.7,0,Geographic similarity without identity evidence,same city; same state; geographic-only evidence; 2 strong conflict(s),LOW
A00183,B00423,0.04122446218052581,0.7,0,Geographic similarity without identity evidence,same city; same state; geographic-only evidence; 2 strong conflict(s),LOW
A00146,B00738,7.612368029123156e-06,0.7,0,ML probability below threshold,1 strong conflict(s),LOW
A00789,B00269,0.5865107288004014,0.7,0,Geographic similarity without identity evidence,same city; same state; geographic-only evidence; 1 strong conflict(s),LOW
A00951,B00459,1.9189030767715482e-05,0.7,0,Multiple conflicting identity signals,3 strong conflict(s),LOW
A00950,B00890,0.5778897869723129,0.7,0,Geographic similarity without identity evidence,same city; same state; geographic-only evidence; 2 strong conflict(s),LOW
A00885,B00377,4.0322607398593714e-08,0.7,0,ML probability below threshold,1 strong conflict(s),LOW
A00757,B00120,3.5926923905975018e-06,0.7,0,ML probability below threshold,1 strong conflict(s),LOW
A00478,B00050,5.527163913224796e-09,0.7,0,ML probability below threshold,limited evidence,LOW
A00178,B00360,2.4028726276083937e-09,0.7,0,ML probability below threshold,2 strong conflict(s),LOW
A00244,B00694,1.9740668466796856e-06,0.7,0,ML probability below threshold,1 strong conflict(s),LOW
A00734,B00069,8.12235244719626e-09,0.7,0,Multiple conflicting identity signals,3 strong conflict(s),LOW
A00942,B00980,0.0002004612360606441,0.7,0,ML probability below threshold,2 strong conflict(s),LOW
A00426,B00166,0.3497360495887436,0.7,0,Geographic similarity without identity evidence,same city; same state; geographic-only evidence; 3 strong conflict(s),LOW
A00483,B00701,8.428752700125569e-09,0.7,0,ML probability below threshold,1 strong conflict(s),LOW
A00934,B00174,0.32175341216467307,0.7,0,Geographic similarity without identity evidence,same city; same state; geographic-only evidence; 3 strong conflict(s),LOW
A00408,B00068,0.590655230194278,0.7,0,Geographic similarity without identity evidence,same city; same state; geographic-only evidence; 2 strong conflict(s),LOW
A00329,B00157,4.302658979494902e-08,0.7,0,ML probability below threshold,2 strong conflict(s),LOW
A00309,B00911,3.0967159672768623e-07,0.7,0,ML probability below threshold,2 strong conflict(s),LOW
A00573,B00670,2.3344241023908125e-09,0.7,0,ML probability below threshold,2 strong conflict(s),LOW
A00451,B00819,1.0275521720606841e-08,0.7,0,ML probability below threshold,2 strong conflict(s),LOW
A00137,B00076,7.752490499458469e-07,0.7,0,ML probability below threshold,2 strong conflict(s),LOW
A00824,B00564,0.915555373701276,0.7,0,Geographic similarity without identity evidence,same city; same state; geographic-only evidence; 2 strong conflict(s),HIGH
A00940,B00040,0.38762431106895395,0.7,0,Geographic similarity without identity evidence,same city; same state; geographic-only evidence; 1 strong conflict(s),LOW
A00058,B00354,2.9801021506007704e-06,0.7,0,ML probability below threshold,2 strong conflict(s),LOW
A00721,B00981,0.11900366700640043,0.7,0,Geographic similarity without identity evidence,same city; same state; geographic-only evidence; 3 strong conflict(s),LOW
A00343,B00751,9.39599845449546e-09,0.7,0,ML probability below threshold,2 strong conflict(s),LOW
A00723,B00258,2.6698400481081717e-09,0.7,0,ML probability below threshold,2 strong conflict(s),LOW
A00089,B00458,2.1700708082431477e-05,0.7,0,ML probability below threshold,2 strong conflict(s),LOW
A00936,B00874,4.827920664434206e-11,0.7,0,Multiple conflicting identity signals,3 strong conflict(s),LOW
A00132,B00106,0.0002026932613286803,0.7,0,ML probability below threshold,1 strong conflict(s),LOW
A00552,B00652,0.38073690889290174,0.7,0,Geographic similarity without identity evidence,same city; same state; geographic-only evidence; 2 strong conflict(s),LOW
A00323,B00257,1.1171482662527055e-06,0.7,0,ML probability below threshold,1 strong conflict(s),LOW
A00356,B00736,0.1120723630355331,0.7,0,Geographic similarity without identity evidence,same city; same state; geographic-only evidence; 2 strong conflict(s),LOW
A00550,B00709,1.7779960340319308e-08,0.7,0,ML probability below threshold,1 strong conflict(s),LOW
A00966,B00286,0.025412827535624252,0.7,0,Geographic similarity without identity evidence,same city; same state; geographic-only evidence; 2 strong conflict(s),LOW
A00477,B00797,0.5691019297370464,0.7,0,Geographic similarity without identity evidence,same city; same state; geographic-only evidence; 3 strong conflict(s),LOW
A00673,B00913,0.4657497927560582,0.7,0,Geographic similarity without identity evidence,same city; same state; geographic-only evidence; 2 strong conflict(s),LOW
A00654,B00794,0.0006036849052335938,0.7,0,Geographic similarity without identity evidence,same city; same state; geographic-only evidence; 2 strong conflict(s),LOW
A00365,B00705,0.17559581183760878,0.7,0,Geographic similarity without identity evidence,same city; same state; geographic-only evidence; 2 strong conflict(s),LOW
A00486,B00058,1.7049592668316444e-09,0.7,0,ML probability below threshold,1 strong conflict(s),LOW
A00196,B00136,0.16042608460159766,0.7,0,Geographic similarity without identity evidence,same city; same state; geographic-only evidence; 2 strong conflict(s),LOW
A00530,B00030,0.6126459397897444,0.7,0,Geographic similarity without identity evidence,same city; same state; geographic-only evidence; 1 strong conflict(s),LOW
A00826,B00054,8.134952223924988e-08,0.7,0,ML probability below threshold,1 strong conflict(s),LOW
A00835,B00575,0.07999833158903458,0.7,0,Geographic similarity without identity evidence,same city; same state; geographic-only evidence; 2 strong conflict(s),LOW
A00823,B00388,2.4357114189233025e-05,0.7,0,ML probability below threshold,same state; 2 strong conflict(s),LOW
A00103,B00143,0.6649093270087788,0.7,0,Geographic similarity without identity evidence,same city; same state; geographic-only evidence; 1 strong conflict(s),LOW
A00016,B00358,1.1224344887667673e-08,0.7,0,ML probability below threshold,2 strong conflict(s),LOW
A00851,B00351,0.3145658332628447,0.7,0,Geographic similarity without identity evidence,same city; same state; geographic-only evidence; 1 strong conflict(s),LOW
A00916,B00713,5.948180445716421e-09,0.7,0,Multiple conflicting identity signals,3 strong conflict(s),LOW
A00423,B00790,0.0005551029064673166,0.7,0,Multiple conflicting identity signals,same state; 3 strong conflict(s),LOW
A00808,B00635,3.097028474830213e-08,0.7,0,ML probability below threshold,1 strong conflict(s),LOW
A00171,B00201,2.4777231043943843e-07,0.7,0,ML probability below threshold,2 strong conflict(s),LOW
A00226,B00955,2.4505825691670486e-05,0.7,0,Multiple conflicting identity signals,3 strong conflict(s),LOW
A00331,B00935,4.0467841452984764e-08,0.7,0,ML probability below threshold,2 strong conflict(s),LOW
A00255,B00004,0.00042555953085878526,0.7,0,ML probability below threshold,2 strong conflict(s),LOW
A00389,B00020,1.1511823883103145e-07,0.7,0,ML probability below threshold,2 strong conflict(s),LOW
A00436,B00045,1.2058634371354709e-08,0.7,0,ML probability below threshold,2 strong conflict(s),LOW
A00799,B00359,0.0003589094979984635,0.7,0,Geographic similarity without identity evidence,same city; same state; geographic-only evidence,LOW
A00207,B00598,3.50023451913782e-09,0.7,0,ML probability below threshold,2 strong conflict(s),LOW
A00396,B00925,6.130434633242758e-09,0.7,0,Multiple conflicting identity signals,3 strong conflict(s),LOW
A00187,B00154,1.486213989804397e-06,0.7,0,ML probability below threshold,2 strong conflict(s),LOW
A00970,B00354,5.058609762740411e-07,0.7,0,ML probability below threshold,2 strong conflict(s),LOW
A00286,B00377,1.227388522461401e-07,0.7,0,ML probability below threshold,1 strong conflict(s),LOW
A00207,B00088,6.286375221122717e-09,0.7,0,Multiple conflicting identity signals,3 strong conflict(s),LOW
A00052,B00852,0.5448139715969459,0.7,0,Geographic similarity without identity evidence,same city; same state; geographic-only evidence; 2 strong conflict(s),LOW
A00257,B00897,0.008408733159905807,0.7,0,Geographic similarity without identity evidence,same city; same state; geographic-only evidence; 1 strong conflict(s),LOW
A00945,B00724,2.019115266119072e-09,0.7,0,ML probability below threshold,1 strong conflict(s),LOW
A00040,B00014,3.504511234391111e-10,0.7,0,ML probability below threshold,2 strong conflict(s),LOW
A00188,B00728,0.4523544537159121,0.7,0,Geographic similarity without identity evidence,same city; same state; geographic-only evidence; 1 strong conflict(s),LOW
A00421,B00012,1.0455729761940314e-05,0.7,0,ML probability below threshold,2 strong conflict(s),LOW
A00866,B00483,0.006438044136775893,0.7,0,ML probability below threshold,same state; 2 strong conflict(s),LOW
A00146,B00124,0.00011880381564942247,0.7,0,ML probability below threshold,2 strong conflict(s),LOW
A00107,B00047,0.03567055756937329,0.7,0,Geographic similarity without identity evidence,same city; same state; geographic-only evidence; 2 strong conflict(s),LOW
A00952,B00818,4.08292901169559e-05,0.7,0,Multiple conflicting identity signals,3 strong conflict(s),LOW
A00705,B00014,6.535358329743691e-09,0.7,0,ML probability below threshold,2 strong conflict(s),LOW
A00559,B00239,0.16876538131046184,0.7,0,Geographic similarity without identity evidence,same city; same state; geographic-only evidence; 2 strong conflict(s),LOW
A00174,B00175,1.080508161337432e-07,0.7,0,Multiple conflicting identity signals,3 strong conflict(s),LOW
A00814,B00327,2.2290156645516902e-07,0.7,0,ML probability below threshold,1 strong conflict(s),LOW
A00050,B00751,1.2943505679135004e-08,0.7,0,Multiple conflicting identity signals,3 strong conflict(s),LOW
A00197,B00261,7.195978315920958e-05,0.7,0,ML probability below threshold,1 strong conflict(s),LOW
A00632,B00610,7.22508183366189e-08,0.7,0,Multiple conflicting identity signals,3 strong conflict(s),LOW
A00090,B00471,9.367780386943128e-05,0.7,0,ML probability below threshold,1 strong conflict(s),LOW
A00776,B00817,7.009119996322371e-06,0.7,0,ML probability below threshold,2 strong conflict(s),LOW
A00700,B00642,3.4090608687007896e-07,0.7,0,ML probability below threshold,2 strong conflict(s),LOW
A00002,B00062,0.29852177959297244,0.7,0,Geographic similarity without identity evidence,same city; same state; geographic-only evidence; 2 strong conflict(s),LOW
A00966,B00666,0.27704314550328224,0.7,0,Geographic similarity without identity evidence,same city; same state; geographic-only evidence; 2 strong conflict(s),LOW
A00647,B00425,1.097421616816617e-06,0.7,0,ML probability below threshold,2 strong conflict(s),LOW
A00358,B00595,5.526070497515216e-08,0.7,0,Multiple conflicting identity signals,3 strong conflict(s),LOW
A00425,B00045,0.13149013729276918,0.7,0,Geographic similarity without identity evidence,same city; same state; geographic-only evidence; 3 strong conflict(s),LOW
A00932,B00492,0.529660558109162,0.7,0,Geographic similarity without identity evidence,same city; same state; geographic-only evidence; 2 strong conflict(s),LOW
A00263,B00401,3.6075442884380146e-09,0.7,0,ML probability below threshold,2 strong conflict(s),LOW
A00105,B00324,1.5956291614703765e-06,0.7,0,ML probability below threshold,2 strong conflict(s),LOW
A00939,B00402,3.296253781582346e-07,0.7,0,ML probability below threshold,2 strong conflict(s),LOW
A00604,B00338,1.2312799000993281e-08,0.7,0,ML probability below threshold,1 strong conflict(s),LOW
A00649,B00929,0.016761397522404596,0.7,0,Geographic similarity without identity evidence,same city; same state; geographic-only evidence; 2 strong conflict(s),LOW
A00577,B00757,0.018029291470006793,0.7,0,Geographic similarity without identity evidence,same city; same state; geographic-only evidence; 2 strong conflict(s),LOW
A00765,B00171,1.8716390812835662e-08,0.7,0,ML probability below threshold,2 strong conflict(s),LOW
A00627,B00067,0.350048994984348,0.7,0,Geographic similarity without identity evidence,same city; same state; geographic-only evidence; 1 strong conflict(s),LOW
A00930,B00068,2.1637321977056216e-06,0.7,0,ML probability below threshold,same state; 1 strong conflict(s),LOW
A00240,B00842,0.04382722883285462,0.7,0,Insufficient identity evidence,1 strong conflict(s),LOW
A00029,B00475,5.228169502366636e-08,0.7,0,Multiple conflicting identity signals,3 strong conflict(s),LOW
A00385,B00256,1.3657943332716574e-05,0.7,0,ML probability below threshold,1 strong conflict(s),LOW
A00014,B00394,0.0557581496589717,0.7,0,Geographic similarity without identity evidence,same city; same state; geographic-only evidence; 1 strong conflict(s),LOW
A00856,B00836,0.044557341210499445,0.7,0,Geographic similarity without identity evidence,same city; same state; geographic-only evidence; 3 strong conflict(s),LOW
A00844,B00598,1.336122306228166e-07,0.7,0,Multiple conflicting identity signals,3 strong conflict(s),LOW
A00515,B00714,1.1783586265175902e-07,0.7,0,ML probability below threshold,2 strong conflict(s),LOW
A00507,B00247,0.1731344675282057,0.7,0,Geographic similarity without identity evidence,same city; same state; geographic-only evidence; 2 strong conflict(s),LOW
A00871,B00433,3.51683324252612e-06,0.7,0,Multiple conflicting identity signals,3 strong conflict(s),LOW
A00256,B00136,0.09432352286914646,0.7,0,Geographic similarity without identity evidence,same city; same state; geographic-only evidence; 2 strong conflict(s),LOW
A00963,B00123,0.023375808947304087,0.7,0,Geographic similarity without identity evidence,same city; same state; geographic-only evidence; 1 strong conflict(s),LOW
A00735,B00784,1.033945100352362e-08,0.7,0,ML probability below threshold,2 strong conflict(s),LOW
A00499,B00399,0.5013598052109315,0.7,0,Geographic similarity without identity evidence,same city; same state; geographic-only evidence; 2 strong conflict(s),LOW
A00698,B00667,3.4546250536113983e-08,0.7,0,ML probability below threshold,2 strong conflict(s),LOW
A00231,B00831,0.35676073434492783,0.7,0,Geographic similarity without identity evidence,same city; same state; geographic-only evidence; 1 strong conflict(s),LOW
A00812,B00332,0.4913315342584521,0.7,0,Geographic similarity without identity evidence,same city; same state; geographic-only evidence; 2 strong conflict(s),LOW
A00703,B00863,0.47337076967344377,0.7,0,Geographic similarity without identity evidence,same city; same state; geographic-only evidence; 2 strong conflict(s),LOW
A00179,B00519,0.006743309234273604,0.7,0,Geographic similarity without identity evidence,same city; same state; geographic-only evidence; 2 strong conflict(s),LOW
A00286,B00344,2.1436592876129718e-08,0.7,0,ML probability below threshold,1 strong conflict(s),LOW
A00646,B00350,0.00021713283375177385,0.7,0,ML probability below threshold,same state; 2 strong conflict(s),LOW
A00255,B00055,0.5691386395641683,0.7,0,Geographic similarity without identity evidence,same city; same state; geographic-only evidence; 1 strong conflict(s),LOW
A00902,B00937,5.940278756239199e-06,0.7,0,ML probability below threshold,2 strong conflict(s),LOW
A00504,B00547,3.0102992173418606e-08,0.7,0,Multiple conflicting identity signals,3 strong conflict(s),LOW
A00684,B00143,8.914047787031956e-05,0.7,0,ML probability below threshold,1 strong conflict(s),LOW
A00649,B00729,0.0849054339367118,0.7,0,Geographic similarity without identity evidence,same city; same state; geographic-only evidence; 2 strong conflict(s),LOW
A00962,B00562,0.027414724550964352,0.7,0,Geographic similarity without identity evidence,same city; same state; geographic-only evidence; 1 strong conflict(s),LOW
A00068,B00161,1.641582990369191e-09,0.7,0,Multiple conflicting identity signals,3 strong conflict(s),LOW
A00500,B00489,0.04992041660185494,0.7,0,ML probability below threshold,2 strong conflict(s),LOW
A00820,B00180,0.058487978174860976,0.7,0,Geographic similarity without identity evidence,same city; same state; geographic-only evidence; 2 strong conflict(s),LOW
A00910,B00947,3.060850768256442e-09,0.7,0,Multiple conflicting identity signals,3 strong conflict(s),LOW
A00205,B00982,3.389772512180129e-07,0.7,0,ML probability below threshold,2 strong conflict(s),LOW
A00845,B00185,0.6752594264577699,0.7,0,Geographic similarity without identity evidence,same city; same state; geographic-only evidence; 2 strong conflict(s),LOW
A00840,B00603,0.0001311843202848906,0.7,0,ML probability below threshold,2 strong conflict(s),LOW
A00448,B00276,5.310432570572762e-10,0.7,0,ML probability below threshold,1 strong conflict(s),LOW
A00587,B00990,3.6930705589229217e-07,0.7,0,ML probability below threshold,2 strong conflict(s),LOW
A00293,B00753,0.036976074910058054,0.7,0,Geographic similarity without identity evidence,same city; same state; geographic-only evidence; 2 strong conflict(s),LOW
A00866,B00544,0.03239446381859877,0.7,0,ML probability below threshold,2 strong conflict(s),LOW
A00771,B00713,1.23904808966001e-05,0.7,0,ML probability below threshold,2 strong conflict(s),LOW
A00300,B00396,3.3395912954807885e-09,0.7,0,ML probability below threshold,1 strong conflict(s),LOW
A00319,B00623,1.2449910010521862e-08,0.7,0,ML probability below threshold,1 strong conflict(s),LOW
A00874,B00974,0.5697141341132657,0.7,0,Geographic similarity without identity evidence,same city; same state; geographic-only evidence; 2 strong conflict(s),LOW
A00424,B00765,4.416884534672603e-08,0.7,0,ML probability below threshold,2 strong conflict(s),LOW
A00182,B00160,3.791166868178862e-08,0.7,0,Insufficient identity evidence,2 strong conflict(s),LOW
A00365,B00805,0.18675525175971408,0.7,0,Geographic similarity without identity evidence,same city; same state; geographic-only evidence; 1 strong conflict(s),LOW
A00401,B00560,1.299004085903655e-05,0.7,0,ML probability below threshold,2 strong conflict(s),LOW
A00260,B00840,0.87399840839076,0.7,0,Geographic similarity without identity evidence,same city; same state; geographic-only evidence; 1 strong conflict(s),MEDIUM
A00047,B00527,0.9927123358190351,0.7,0,Geographic similarity without identity evidence,same city; same state; geographic-only evidence; 2 strong conflict(s),HIGH
A00342,B00598,1.5432579144927415e-07,0.7,0,ML probability below threshold,2 strong conflict(s),LOW
A00010,B00030,0.25990997519449766,0.7,0,Geographic similarity without identity evidence,same city; same state; geographic-only evidence; 1 strong conflict(s),LOW
A00119,B00411,6.40827326193647e-09,0.7,0,ML probability below threshold,2 strong conflict(s),LOW
A00721,B00885,1.0863660382544295e-05,0.7,0,ML probability below threshold,2 strong conflict(s),LOW
A00876,B00474,1.636478763462502e-10,0.7,0,ML probability below threshold,2 strong conflict(s),LOW
A00860,B00120,0.849034210635312,0.7,0,Geographic similarity without identity evidence,same city; same state; geographic-only evidence; 1 strong conflict(s),MEDIUM
A00312,B00002,2.689117825506363e-07,0.7,0,ML probability below threshold,1 strong conflict(s),LOW
A00731,B00410,1.9314932661178162e-08,0.7,0,ML probability below threshold,1 strong conflict(s),LOW
A00812,B00060,3.433381847055756e-09,0.7,0,ML probability below threshold,1 strong conflict(s),LOW
A00418,B00698,0.18520802048183566,0.7,0,Geographic similarity without identity evidence,same city; same state; geographic-only evidence; 2 strong conflict(s),LOW
A00024,B00704,0.4567998592260688,0.7,0,Geographic similarity without identity evidence,same city; same state; geographic-only evidence; 2 strong conflict(s),LOW
A00446,B00635,2.5604027381438985e-08,0.7,0,ML probability below threshold,1 strong conflict(s),LOW
A00374,B00509,7.73773859513072e-09,0.7,0,ML probability below threshold,1 strong conflict(s),LOW
A00968,B00382,5.342354406462653e-09,0.7,0,ML probability below threshold,2 strong conflict(s),LOW
A00441,B00025,5.672334708248359e-07,0.7,0,Multiple conflicting identity signals,3 strong conflict(s),LOW
A00008,B00745,6.6970268205793386e-09,0.7,0,Multiple conflicting identity signals,3 strong conflict(s),LOW
A00670,B00930,0.6914737590124536,0.7,0,Geographic similarity without identity evidence,same city; same state; geographic-only evidence; 2 strong conflict(s),LOW
A00123,B00274,0.0010956339034888067,0.7,0,ML probability below threshold,2 strong conflict(s),LOW
A00605,B00604,5.805356751400784e-07,0.7,0,ML probability below threshold,2 strong conflict(s),LOW
A00176,B00398,2.31900330558712e-08,0.7,0,Multiple conflicting identity signals,3 strong conflict(s),LOW
A00592,B00152,0.08197645068573854,0.7,0,Geographic similarity without identity evidence,same city; same state; geographic-only evidence; 2 strong conflict(s),LOW
A00660,B00126,2.952787289418593e-08,0.7,0,ML probability below threshold,2 strong conflict(s),LOW
A00094,B00262,1.0993431523543914e-09,0.7,0,ML probability below threshold,2 strong conflict(s),LOW
A00888,B00522,5.8730660167171775e-08,0.7,0,ML probability below threshold,2 strong conflict(s),LOW
A00890,B00730,0.98667580767993,0.7,0,Geographic similarity without identity evidence,same city; same state; geographic-only evidence; 2 strong conflict(s),HIGH
A00105,B00776,5.916999560921072e-08,0.7,0,ML probability below threshold,2 strong conflict(s),LOW
A00327,B00542,2.353139817634762e-06,0.7,0,ML probability below threshold,2 strong conflict(s),LOW
A00615,B00955,0.14111906816610556,0.7,0,Geographic similarity without identity evidence,same city; same state; geographic-only evidence; 2 strong conflict(s),LOW
A00833,B00608,1.1299528248085361e-09,0.7,0,ML probability below threshold,2 strong conflict(s),LOW
A00331,B00603,0.000421055813544217,0.7,0,ML probability below threshold,2 strong conflict(s),LOW
A00413,B00938,0.00032329143416987363,0.7,0,ML probability below threshold,2 strong conflict(s),LOW
A00968,B00379,6.036676192400968e-08,0.7,0,ML probability below threshold,limited evidence,LOW
A00194,B00872,4.617182978953406e-06,0.7,0,Insufficient identity evidence,1 strong conflict(s),LOW
A00196,B00579,2.3016290116849696e-08,0.7,0,ML probability below threshold,2 strong conflict(s),LOW
A00012,B00300,4.419063855386475e-08,0.7,0,ML probability below threshold,2 strong conflict(s),LOW
A00046,B00043,1.1932999015748477e-05,0.7,0,ML probability below threshold,same state; 2 strong conflict(s),LOW
A00641,B00489,0.03594586489151399,0.7,0,ML probability below threshold,same state; 2 strong conflict(s),LOW
A00509,B00844,3.083177755495255e-07,0.7,0,ML probability below threshold,2 strong conflict(s),LOW
A00802,B00462,0.014315552311956664,0.7,0,Geographic similarity without identity evidence,same city; same state; geographic-only evidence; 1 strong conflict(s),LOW
A00333,B00753,0.44134917853785954,0.7,0,Geographic similarity without identity evidence,same city; same state; geographic-only evidence; 3 strong conflict(s),LOW
A00686,B00426,0.3564048075225036,0.7,0,Geographic similarity without identity evidence,same city; same state; geographic-only evidence; 1 strong conflict(s),LOW
A00074,B00862,1.4035717577059437e-09,0.7,0,ML probability below threshold,2 strong conflict(s),LOW
A00492,B00347,0.0002761304627252093,0.7,0,Insufficient identity evidence,2 strong conflict(s),LOW
A00520,B00880,0.09309540918304607,0.7,0,Geographic similarity without identity evidence,same city; same state; geographic-only evidence; 3 strong conflict(s),LOW
A00781,B00191,1.7869409114346034e-08,0.7,0,ML probability below threshold,2 strong conflict(s),LOW
A00793,B00436,7.805099909488117e-08,0.7,0,Multiple conflicting identity signals,3 strong conflict(s),LOW
A00296,B00406,2.402290255201653e-09,0.7,0,ML probability below threshold,2 strong conflict(s),LOW
A00955,B00383,7.37987976687547e-09,0.7,0,ML probability below threshold,2 strong conflict(s),LOW
A00040,B00493,5.164765174587105e-06,0.7,0,ML probability below threshold,2 strong conflict(s),LOW
A00172,B00472,0.4568291475482686,0.7,0,Geographic similarity without identity evidence,same city; same state; geographic-only evidence; 2 strong conflict(s),LOW
A00504,B00369,2.116339857270367e-07,0.7,0,ML probability below threshold,2 strong conflict(s),LOW
A00475,B00992,1.1355052621367429e-06,0.7,0,Multiple conflicting identity signals,3 strong conflict(s),LOW
A00808,B00148,0.0447163271231624,0.7,0,Geographic similarity without identity evidence,same city; same state; geographic-only evidence; 2 strong conflict(s),LOW
A00334,B00190,3.7401935800977186e-07,0.7,0,ML probability below threshold,1 strong conflict(s),LOW
A00917,B00726,0.0016250182961731268,0.7,0,ML probability below threshold,1 strong conflict(s),LOW
A00912,B00944,3.485421188466779e-08,0.7,0,ML probability below threshold,2 strong conflict(s),LOW
A00196,B00260,1.5438195748564703e-09,0.7,0,Multiple conflicting identity signals,3 strong conflict(s),LOW
A00665,B00897,3.0265677807874283e-07,0.7,0,ML probability below threshold,1 strong conflict(s),LOW
A00465,B00166,2.3269135567097804e-08,0.7,0,ML probability below threshold,2 strong conflict(s),LOW
A00075,B00815,0.8614169412277595,0.7,0,Geographic similarity without identity evidence,same city; same state; geographic-only evidence; 2 strong conflict(s),MEDIUM
A00009,B00440,2.4972430669678914e-08,0.7,0,ML probability below threshold,2 strong conflict(s),LOW
A00775,B00700,4.366352254946797e-06,0.7,0,ML probability below threshold,2 strong conflict(s),LOW
A00777,B00617,0.20457199569443035,0.7,0,Geographic similarity without identity evidence,same city; same state; geographic-only evidence; 2 strong conflict(s),LOW
A00173,B00578,0.00024049748716727413,0.7,0,ML probability below threshold,2 strong conflict(s),LOW
A00407,B00517,1.002711748221137e-05,0.7,0,ML probability below threshold,1 strong conflict(s),LOW
A00882,B00275,1.3659496466638591e-09,0.7,0,ML probability below threshold,1 strong conflict(s),LOW
A00913,B00626,1.8890807114582092e-08,0.7,0,ML probability below threshold,2 strong conflict(s),LOW
A00094,B00194,0.5263385547420736,0.7,0,Geographic similarity without identity evidence,same city; same state; geographic-only evidence; 2 strong conflict(s),LOW
A00826,B00928,3.831921349335407e-06,0.7,0,ML probability below threshold,same state; 1 strong conflict(s),LOW
A00641,B00101,0.6793573773681217,0.7,0,Geographic similarity without identity evidence,same city; same state; geographic-only evidence; 2 strong conflict(s),LOW
A00174,B00928,7.1765210000734154e-09,0.7,0,ML probability below threshold,2 strong conflict(s),LOW
A00254,B00491,0.001169386664635592,0.7,0,ML probability below threshold,1 strong conflict(s),LOW
A00055,B00528,0.0014480373250883444,0.7,0,ML probability below threshold,2 strong conflict(s),LOW
A00236,B00556,0.20470590248645149,0.7,0,Geographic similarity without identity evidence,same city; same state; geographic-only evidence; 1 strong conflict(s),LOW
A00903,B00015,2.5727064633003195e-06,0.7,0,ML probability below threshold,2 strong conflict(s),LOW
A00103,B00683,0.5038751374109852,0.7,0,Geographic similarity without identity evidence,same city; same state; geographic-only evidence; 2 strong conflict(s),LOW
A00221,B00761,0.06883888484107618,0.7,0,Geographic similarity without identity evidence,same city; same state; geographic-only evidence; 2 strong conflict(s),LOW
A00489,B00249,0.222331520216975,0.7,0,Geographic similarity without identity evidence,same city; same state; geographic-only evidence; 2 strong conflict(s),LOW
A00676,B00620,1.2549102959225544e-06,0.7,0,ML probability below threshold,2 strong conflict(s),LOW
A00992,B00619,6.135518708825544e-05,0.7,0,ML probability below threshold,2 strong conflict(s),LOW
A00718,B00328,1.743023029771779e-08,0.7,0,ML probability below threshold,1 strong conflict(s),LOW
A00695,B00248,2.3431886411255356e-07,0.7,0,ML probability below threshold,2 strong conflict(s),LOW
A00310,B00894,3.428577077482642e-07,0.7,0,ML probability below threshold,2 strong conflict(s),LOW
A00197,B00543,5.662336605192814e-07,0.7,0,ML probability below threshold,limited evidence,LOW
A00833,B00393,0.684627149350835,0.7,0,Geographic similarity without identity evidence,same city; same state; geographic-only evidence; 2 strong conflict(s),LOW
A00962,B00022,0.5087055955807358,0.7,0,Geographic similarity without identity evidence,same city; same state; geographic-only evidence; 2 strong conflict(s),LOW
A00589,B00313,2.8336342578720213e-08,0.7,0,ML probability below threshold,2 strong conflict(s),LOW
A00465,B00125,0.2644509680045319,0.7,0,Geographic similarity without identity evidence,same city; same state; geographic-only evidence; 3 strong conflict(s),LOW
A00425,B00496,1.3038223505671566e-08,0.7,0,ML probability below threshold,2 strong conflict(s),LOW
A00967,B00947,0.07519058687657448,0.7,0,Geographic similarity without identity evidence,same city; same state; geographic-only evidence; 3 strong conflict(s),LOW
A00994,B00188,5.088368590077364e-09,0.7,0,Multiple conflicting identity signals,3 strong conflict(s),LOW
A00926,B00341,1.145527628114369e-06,0.7,0,ML probability below threshold,2 strong conflict(s),LOW
A00220,B00799,0.00013311330283371397,0.7,0,ML probability below threshold,1 strong conflict(s),LOW
A00146,B00486,0.09906154989954893,0.7,0,Geographic similarity without identity evidence,same city; same state; geographic-only evidence; 3 strong conflict(s),LOW
A00569,B00509,0.4739766956415049,0.7,0,Geographic similarity without identity evidence,same city; same state; geographic-only evidence; 1 strong conflict(s),LOW
A00436,B00836,0.5200819311389643,0.7,0,Geographic similarity without identity evidence,same city; same state; geographic-only evidence; 2 strong conflict(s),LOW
A00595,B00341,0.0006255267919907161,0.7,0,ML probability below threshold,2 strong conflict(s),LOW
A00489,B00685,2.8021980376131056e-08,0.7,0,ML probability below threshold,2 strong conflict(s),LOW
A00867,B00307,0.0298849584192096,0.7,0,Geographic similarity without identity evidence,same city; same state; geographic-only evidence; 1 strong conflict(s),LOW
A00053,B00301,2.2135269277230303e-06,0.7,0,ML probability below threshold,1 strong conflict(s),LOW
A00018,B00292,0.00021968779492913745,0.7,0,ML probability below threshold,2 strong conflict(s),LOW
A00906,B00895,3.6612803577059054e-08,0.7,0,ML probability below threshold,1 strong conflict(s),LOW
A00031,B00805,1.8012949610553087e-07,0.7,0,ML probability below threshold,1 strong conflict(s),LOW
A00847,B00807,0.3534182830389462,0.7,0,Geographic similarity without identity evidence,same city; same state; geographic-only evidence; 2 strong conflict(s),LOW
A00354,B00868,2.1508182653509262e-10,0.7,0,ML probability below threshold,2 strong conflict(s),LOW
A00669,B00010,1.7342395507139948e-08,0.7,0,ML probability below threshold,2 strong conflict(s),LOW
A00851,B00891,0.9500235348299239,0.7,0,Geographic similarity without identity evidence,same city; same state; geographic-only evidence; 1 strong conflict(s),HIGH
A00703,B00788,9.503639319803222e-06,0.7,0,ML probability below threshold,same state; 2 strong conflict(s),LOW
A00881,B00552,3.2562199111687874e-07,0.7,0,ML probability below threshold,2 strong conflict(s),LOW
A00172,B00734,3.3513742702198038e-09,0.7,0,ML probability below threshold,2 strong conflict(s),LOW
A00334,B00894,0.012533258102248089,0.7,0,Geographic similarity without identity evidence,same city; same state; geographic-only evidence; 2 strong conflict(s),LOW
A00967,B00935,2.0589461424502512e-07,0.7,0,Multiple conflicting identity signals,3 strong conflict(s),LOW
A00629,B00274,8.735369407461335e-06,0.7,0,Multiple conflicting identity signals,3 strong conflict(s),LOW
A00052,B00655,1.875456535234227e-07,0.7,0,Multiple conflicting identity signals,3 strong conflict(s),LOW
A00645,B00814,9.097523146394201e-07,0.7,0,ML probability below threshold,2 strong conflict(s),LOW
A00520,B00793,0.49725273434388484,0.7,0,ML probability below threshold,2 strong conflict(s),LOW
A00549,B00369,0.027629669774780746,0.7,0,Geographic similarity without identity evidence,same city; same state; geographic-only evidence; 2 strong conflict(s),LOW
A00793,B00353,0.1224508275083693,0.7,0,Geographic similarity without identity evidence,same city; same state; geographic-only evidence,LOW
A00857,B00217,0.022856958319277233,0.7,0,Geographic similarity without identity evidence,same city; same state; geographic-only evidence; 1 strong conflict(s),LOW
A00421,B00830,7.257676211848307e-09,0.7,0,Multiple conflicting identity signals,3 strong conflict(s),LOW
A00120,B00376,2.4513335679474256e-07,0.7,0,ML probability below threshold,1 strong conflict(s),LOW
A00131,B00203,4.954532624561938e-08,0.7,0,ML probability below threshold,2 strong conflict(s),LOW
A00016,B00264,8.487647433986452e-08,0.7,0,Multiple conflicting identity signals,3 strong conflict(s),LOW
A00310,B00478,1.3195450608472303e-06,0.7,0,ML probability below threshold,limited evidence,LOW
A00577,B00471,1.1025721380276784e-05,0.7,0,ML probability below threshold,1 strong conflict(s),LOW
A00619,B00453,2.402025181441149e-07,0.7,0,ML probability below threshold,2 strong conflict(s),LOW
A00516,B00704,7.992348435459668e-09,0.7,0,Multiple conflicting identity signals,3 strong conflict(s),LOW
A00424,B00304,0.05039471553832782,0.7,0,Geographic similarity without identity evidence,same city; same state; geographic-only evidence; 2 strong conflict(s),LOW
A00449,B00109,0.9697225752701706,0.7,0,Geographic similarity without identity evidence,same city; same state; geographic-only evidence; 2 strong conflict(s),HIGH
A00540,B00508,2.3394008247350807e-10,0.7,0,ML probability below threshold,2 strong conflict(s),LOW
A00739,B00826,0.0004052123731393228,0.7,0,ML probability below threshold,2 strong conflict(s),LOW
A00259,B00918,0.33935274605379806,0.7,0,ML probability below threshold,2 strong conflict(s),LOW
A00651,B00847,4.562982174042385e-08,0.7,0,ML probability below threshold,2 strong conflict(s),LOW
A00619,B00801,1.4246280928320769e-08,0.7,0,ML probability below threshold,2 strong conflict(s),LOW
A00737,B00254,4.515901871909203e-05,0.7,0,ML probability below threshold,1 strong conflict(s),LOW
A00823,B00841,1.2562536162756436e-07,0.7,0,ML probability below threshold,2 strong conflict(s),LOW
A00662,B00322,0.05630214697491785,0.7,0,Geographic similarity without identity evidence,same city; same state; geographic-only evidence; 2 strong conflict(s),LOW
A00934,B00258,1.088494020948975e-08,0.7,0,Multiple conflicting identity signals,3 strong conflict(s),LOW
A00150,B00366,1.0117997457865537e-05,0.7,0,ML probability below threshold,same state; 2 strong conflict(s),LOW
A00505,B00945,0.6069996727646255,0.7,0,Geographic similarity without identity evidence,same city; same state; geographic-only evidence; 2 strong conflict(s),LOW
A00576,B00814,5.383543129445651e-07,0.7,0,ML probability below threshold,2 strong conflict(s),LOW
A00541,B00761,0.04732799584573329,0.7,0,Geographic similarity without identity evidence,same city; same state; geographic-only evidence; 2 strong conflict(s),LOW
A00333,B00634,4.543872108164713e-07,0.7,0,ML probability below threshold,2 strong conflict(s),LOW
A00463,B00156,3.4941827884175204e-10,0.7,0,Multiple conflicting identity signals,4 strong conflict(s),LOW
A00756,B00502,4.6241087073407424e-08,0.7,0,ML probability below threshold,2 strong conflict(s),LOW
A00804,B00044,0.09911435413624278,0.7,0,Geographic similarity without identity evidence,same city; same state; geographic-only evidence; 3 strong conflict(s),LOW
A00197,B00097,0.664932679260104,0.7,0,Geographic similarity without identity evidence,same city; same state; geographic-only evidence; 1 strong conflict(s),LOW
A00332,B00629,1.2409397595443508e-05,0.7,0,ML probability below threshold,2 strong conflict(s),LOW
A00973,B00853,0.11299358549018672,0.7,0,Geographic similarity without identity evidence,same city; same state; geographic-only evidence; 2 strong conflict(s),LOW
A00556,B00610,1.757850648398093e-07,0.7,0,ML probability below threshold,2 strong conflict(s),LOW
A00152,B00592,0.02867835022774423,0.7,0,Geographic similarity without identity evidence,same city; same state; geographic-only evidence; 1 strong conflict(s),LOW
A00422,B00453,6.57748276695379e-10,0.7,0,ML probability below threshold,2 strong conflict(s),LOW
A00523,B00224,8.075557269188335e-09,0.7,0,ML probability below threshold,limited evidence,LOW
A00356,B00636,0.04213516279289229,0.7,0,Geographic similarity without identity evidence,same city; same state; geographic-only evidence; 2 strong conflict(s),LOW
A00594,B00822,9.219498948208161e-10,0.7,0,Multiple conflicting identity signals,3 strong conflict(s),LOW
A00398,B00098,0.3933895672859121,0.7,0,Geographic similarity without identity evidence,same city; same state; geographic-only evidence; 3 strong conflict(s),LOW
A00291,B00006,9.420178322593924e-08,0.7,0,ML probability below threshold,2 strong conflict(s),LOW
A00038,B00084,4.984413983798333e-08,0.7,0,ML probability below threshold,2 strong conflict(s),LOW
A00688,B00988,0.15590310333364074,0.7,0,Geographic similarity without identity evidence,same city; same state; geographic-only evidence; 2 strong conflict(s),LOW
A00481,B00370,8.409551015143081e-09,0.7,0,ML probability below threshold,2 strong conflict(s),LOW
A00228,B00382,1.2102292717391686e-08,0.7,0,ML probability below threshold,2 strong conflict(s),LOW
A00737,B00535,4.598619313526022e-05,0.7,0,ML probability below threshold,1 strong conflict(s),LOW
A00767,B00462,1.6334860886978379e-06,0.7,0,ML probability below threshold,1 strong conflict(s),LOW
A00222,B00389,1.7829731067378925e-08,0.7,0,ML probability below threshold,2 strong conflict(s),LOW
A00382,B00869,1.9510982389470095e-06,0.7,0,ML probability below threshold,limited evidence,LOW
A00691,B00431,0.7458290948649229,0.7,0,Geographic similarity without identity evidence,same city; same state; geographic-only evidence; 2 strong conflict(s),MEDIUM
A00748,B00386,9.703841262052992e-06,0.7,0,ML probability below threshold,same state; 2 strong conflict(s),LOW
A00424,B00223,3.1925757095422014e-07,0.7,0,ML probability below threshold,2 strong conflict(s),LOW
A00956,B00043,2.2410767073624325e-10,0.7,0,ML probability below threshold,2 strong conflict(s),LOW
A00159,B00199,0.32429444011805053,0.7,0,Geographic similarity without identity evidence,same city; same state; geographic-only evidence; 2 strong conflict(s),LOW
A00032,B00180,3.0446861755624255e-08,0.7,0,ML probability below threshold,2 strong conflict(s),LOW
A00611,B00319,1.8309624612438812e-09,0.7,0,ML probability below threshold,2 strong conflict(s),LOW
A00289,B00373,2.8015656076360444e-07,0.7,0,ML probability below threshold,1 strong conflict(s),LOW
A00496,B00250,9.290267526222164e-10,0.7,0,ML probability below threshold,2 strong conflict(s),LOW
A00300,B00998,1.836643344233619e-08,0.7,0,ML probability below threshold,2 strong conflict(s),LOW
A00894,B00516,6.445290256917404e-10,0.7,0,ML probability below threshold,2 strong conflict(s),LOW
A00880,B00760,0.015438377225284102,0.7,0,Geographic similarity without identity evidence,same city; same state; geographic-only evidence; 1 strong conflict(s),LOW
A00415,B00761,2.794894604562661e-07,0.7,0,ML probability below threshold,2 strong conflict(s),LOW
A00784,B00357,1.3543447978222772e-06,0.7,0,ML probability below threshold,2 strong conflict(s),LOW
A00145,B00909,0.000368089845874912,0.7,0,ML probability below threshold,2 strong conflict(s),LOW
A00632,B00919,2.074054335326856e-07,0.7,0,ML probability below threshold,2 strong conflict(s),LOW
A00644,B00095,1.691846633487417e-09,0.7,0,ML probability below threshold,limited evidence,LOW
A00802,B00624,2.6681403046095237e-08,0.7,0,ML probability below threshold,2 strong conflict(s),LOW
A00191,B00559,4.580307236482191e-08,0.7,0,ML probability below threshold,1 strong conflict(s),LOW
A00925,B00105,0.49670483006728317,0.7,0,Geographic similarity without identity evidence,same city; same state; geographic-only evidence; 1 strong conflict(s),LOW
A00048,B00568,0.0101855328070225,0.7,0,Geographic similarity without identity evidence,same city; same state; geographic-only evidence; 1 strong conflict(s),LOW
A00479,B00903,4.1839970007291005e-09,0.7,0,ML probability below threshold,1 strong conflict(s),LOW
A00341,B00144,2.9965642131819524e-07,0.7,0,ML probability below threshold,1 strong conflict(s),LOW
A00797,B00357,0.10682794119741221,0.7,0,Geographic similarity without identity evidence,same city; same state; geographic-only evidence; 3 strong conflict(s),LOW
A00789,B00902,1.9887502571763212e-07,0.7,0,ML probability below threshold,2 strong conflict(s),LOW
A00592,B00469,4.9002526958293396e-05,0.7,0,ML probability below threshold,2 strong conflict(s),LOW
A00500,B00774,0.0001285372327074446,0.7,0,ML probability below threshold,2 strong conflict(s),LOW
A00315,B00195,0.07511715385885988,0.7,0,Geographic similarity without identity evidence,same city; same state; geographic-only evidence; 2 strong conflict(s),LOW
A00876,B00236,0.18069860584187863,0.7,0,Geographic similarity without identity evidence,same city; same state; geographic-only evidence; 1 strong conflict(s),LOW
A00255,B00546,3.729482469186002e-07,0.7,0,ML probability below threshold,1 strong conflict(s),LOW
A00918,B00174,2.547517030205983e-08,0.7,0,ML probability below threshold,2 strong conflict(s),LOW
A00743,B00019,3.22557134926395e-08,0.7,0,ML probability below threshold,2 strong conflict(s),LOW
A00312,B00347,0.0006185240565972902,0.7,0,ML probability below threshold,1 strong conflict(s),LOW
A00483,B00163,0.028840094829983797,0.7,0,Geographic similarity without identity evidence,same city; same state; geographic-only evidence; 1 strong conflict(s),LOW
A00521,B00072,0.00018431865785132422,0.7,0,ML probability below threshold,2 strong conflict(s),LOW
A00711,B00031,0.17177930761266888,0.7,0,Geographic similarity without identity evidence,same city; same state; geographic-only evidence; 2 strong conflict(s),LOW
A00704,B00624,0.6440593383944904,0.7,0,ML probability below threshold,same city; same state; 2 strong conflict(s),LOW
A00273,B00332,8.835014187433869e-07,0.7,0,ML probability below threshold,2 strong conflict(s),LOW
A00603,B00298,6.8219270682108995e-09,0.7,0,ML probability below threshold,2 strong conflict(s),LOW
A00003,B00803,0.83239853039573,0.7,0,Geographic similarity without identity evidence,same city; same state; geographic-only evidence; 2 strong conflict(s),MEDIUM
A00585,B00414,8.355875456505058e-11,0.7,0,ML probability below threshold,2 strong conflict(s),LOW
A00184,B00427,7.658410043973933e-05,0.7,0,ML probability below threshold,2 strong conflict(s),LOW
A00529,B00569,0.7537033932963949,0.7,0,Geographic similarity without identity evidence,same city; same state; geographic-only evidence; 2 strong conflict(s),MEDIUM
A00625,B00610,2.7649477237969398e-08,0.7,0,Insufficient identity evidence,2 strong conflict(s),LOW
A00101,B00241,0.015841119584110903,0.7,0,Geographic similarity without identity evidence,same city; same state; geographic-only evidence; 1 strong conflict(s),LOW
A00975,B00135,0.4603649091892919,0.7,0,Geographic similarity without identity evidence,same city; same state; geographic-only evidence; 1 strong conflict(s),LOW
A00828,B00135,4.5480655238639424e-08,0.7,0,ML probability below threshold,1 strong conflict(s),LOW
A00963,B00903,0.09354215730466683,0.7,0,Geographic similarity without identity evidence,same city; same state; geographic-only evidence; 1 strong conflict(s),LOW
A00692,B00925,5.214498142189504e-09,0.7,0,ML probability below threshold,2 strong conflict(s),LOW
A00122,B00247,1.2645157257350047e-08,0.7,0,ML probability below threshold,2 strong conflict(s),LOW
A00389,B00174,1.3652857898773684e-08,0.7,0,Multiple conflicting identity signals,3 strong conflict(s),LOW
A00553,B00667,6.731352946545491e-07,0.7,0,ML probability below threshold,2 strong conflict(s),LOW
A00613,B00040,3.51600830895915e-08,0.7,0,ML probability below threshold,2 strong conflict(s),LOW
A00526,B00706,0.3534253874995289,0.7,0,Geographic similarity without identity evidence,same city; same state; geographic-only evidence; 1 strong conflict(s),LOW
A00446,B00266,0.6706292599448932,0.7,0,Geographic similarity without identity evidence,same city; same state; geographic-only evidence; 2 strong conflict(s),LOW
A00263,B00793,0.019293259519220837,0.7,0,ML probability below threshold,2 strong conflict(s),LOW
A00359,B00079,0.012169385106655115,0.7,0,Geographic similarity without identity evidence,same city; same state; geographic-only evidence; 2 strong conflict(s),LOW
A00411,B00631,0.8863510878206984,0.7,0,Geographic similarity without identity evidence,same city; same state; geographic-only evidence; 2 strong conflict(s),MEDIUM
A00027,B00869,9.736091077685566e-05,0.7,0,Insufficient identity evidence,same state,LOW
A00212,B00073,2.9887809465388303e-07,0.7,0,Multiple conflicting identity signals,3 strong conflict(s),LOW
A00543,B00943,0.7447692605380367,0.7,1,ML probability above threshold,same city; same state; 2 strong conflict(s),MEDIUM
A00530,B00203,1.3047645333108437e-05,0.7,0,ML probability below threshold,same state; 2 strong conflict(s),LOW
A00708,B00748,0.5013564342623411,0.7,0,Geographic similarity without identity evidence,same city; same state; geographic-only evidence; 2 strong conflict(s),LOW
A00889,B00429,0.3589910381885814,0.7,0,Geographic similarity without identity evidence,same city; same state; geographic-only evidence; 2 strong conflict(s),LOW
A00655,B00478,7.197934203791805e-09,0.7,0,ML probability below threshold,limited evidence,LOW
A00680,B00135,2.5574582220643478e-06,0.7,0,ML probability below threshold,1 strong conflict(s),LOW
A00928,B00129,1.4791201545990823e-05,0.7,0,ML probability below threshold,2 strong conflict(s),LOW
A00797,B00275,1.2027903510168274e-07,0.7,0,ML probability below threshold,1 strong conflict(s),LOW
A00717,B00724,1.7968803740995205e-06,0.7,0,ML probability below threshold,2 strong conflict(s),LOW
A00582,B00957,7.295714162956447e-10,0.7,0,ML probability below threshold,2 strong conflict(s),LOW
A00563,B00386,7.273816096114208e-07,0.7,0,Multiple conflicting identity signals,same state; 3 strong conflict(s),LOW
A00485,B00118,6.421526001075257e-06,0.7,0,ML probability below threshold,2 strong conflict(s),LOW
A00049,B00809,0.5825495746007516,0.7,0,Geographic similarity without identity evidence,same city; same state; geographic-only evidence; 2 strong conflict(s),LOW
A00556,B00120,1.8481761391846793e-06,0.7,0,ML probability below threshold,1 strong conflict(s),LOW
A00460,B00606,9.381126936465744e-10,0.7,0,ML probability below threshold,limited evidence,LOW
A00222,B00789,3.730898290694007e-09,0.7,0,ML probability below threshold,2 strong conflict(s),LOW
A00837,B00557,0.28486781201009637,0.7,0,Geographic similarity without identity evidence,same city; same state; geographic-only evidence; 2 strong conflict(s),LOW
A00808,B00728,0.6718332739697443,0.7,0,Geographic similarity without identity evidence,same city; same state; geographic-only evidence; 1 strong conflict(s),LOW
A00652,B00653,3.765568768486147e-06,0.7,0,Insufficient identity evidence,limited evidence,LOW
A00528,B00108,0.004862486045271913,0.7,0,Geographic similarity without identity evidence,same city; same state; geographic-only evidence; 3 strong conflict(s),LOW
A00297,B00247,2.4523799979667e-05,0.7,0,ML probability below threshold,2 strong conflict(s),LOW
A00068,B00488,0.24290481776517225,0.7,0,Geographic similarity without identity evidence,same city; same state; geographic-only evidence; 1 strong conflict(s),LOW
A00657,B00465,3.397177584322224e-07,0.7,0,ML probability below threshold,1 strong conflict(s),LOW
A00467,B00446,9.779281135380801e-08,0.7,0,ML probability below threshold,2 strong conflict(s),LOW
A00671,B00111,0.012360516051772602,0.7,0,Geographic similarity without identity evidence,same city; same state; geographic-only evidence; 2 strong conflict(s),LOW
A00966,B00258,1.276278511831953e-09,0.7,0,ML probability below threshold,2 strong conflict(s),LOW
A00267,B00847,0.007686747396185484,0.7,0,Geographic similarity without identity evidence,same city; same state; geographic-only evidence; 2 strong conflict(s),LOW
A00132,B00537,3.49176809148246e-08,0.7,0,ML probability below threshold,2 strong conflict(s),LOW
A00921,B00781,0.012059437489210324,0.7,0,Geographic similarity without identity evidence,same city; same state; geographic-only evidence; 1 strong conflict(s),LOW
A00374,B00212,4.4874624075556354e-08,0.7,0,ML probability below threshold,1 strong conflict(s),LOW
A00600,B00263,2.968010366809699e-05,0.7,0,ML probability below threshold,2 strong conflict(s),LOW
A00614,B00746,1.3658930348508377e-07,0.7,0,ML probability below threshold,2 strong conflict(s),LOW
A00933,B00353,0.0777852026549215,0.7,0,Geographic similarity without identity evidence,same city; same state; geographic-only evidence; 1 strong conflict(s),LOW
A00793,B00137,6.64402640979702e-09,0.7,0,ML probability below threshold,2 strong conflict(s),LOW
A00980,B00460,0.9207682451820227,0.7,0,Geographic similarity without identity evidence,same city; same state; geographic-only evidence; 1 strong conflict(s),HIGH
A00114,B00229,2.084755137378426e-08,0.7,0,ML probability below threshold,2 strong conflict(s),LOW
A00348,B00868,0.2825384954534854,0.7,0,Geographic similarity without identity evidence,same city; same state; geographic-only evidence; 2 strong conflict(s),LOW
A00403,B00663,0.02143343030377719,0.7,0,Geographic similarity without identity evidence,same city; same state; geographic-only evidence; 2 strong conflict(s),LOW
A00155,B00295,0.15074064604975324,0.7,0,Geographic similarity without identity evidence,same city; same state; geographic-only evidence; 1 strong conflict(s),LOW
A00577,B00753,1.0993548503873966e-06,0.7,0,Multiple conflicting identity signals,3 strong conflict(s),LOW
A00924,B00979,0.0002974101418058774,0.7,0,ML probability below threshold,1 strong conflict(s),LOW
A00985,B00389,6.89712743876541e-06,0.7,0,ML probability below threshold,2 strong conflict(s),LOW
A00965,B00507,4.3461419503196425e-05,0.7,0,ML probability below threshold,2 strong conflict(s),LOW
A00231,B00627,4.0935243461536614e-07,0.7,0,Multiple conflicting identity signals,3 strong conflict(s),LOW
A00296,B00186,3.7806666640706926e-08,0.7,0,ML probability below threshold,2 strong conflict(s),LOW
A00107,B00888,1.271855055535881e-08,0.7,0,ML probability below threshold,2 strong conflict(s),LOW
A00294,B00245,1.0346992456169496e-09,0.7,0,ML probability below threshold,2 strong conflict(s),LOW
A00719,B00057,4.243352781477217e-08,0.7,0,ML probability below threshold,2 strong conflict(s),LOW
A00500,B00580,0.1367192486002355,0.7,0,Geographic similarity without identity evidence,same city; same state; geographic-only evidence; 1 strong conflict(s),LOW
A00926,B00281,7.677388438323853e-09,0.7,0,ML probability below threshold,limited evidence,LOW
A00496,B00697,1.9186790158290942e-05,0.7,0,ML probability below threshold,2 strong conflict(s),LOW
A00453,B00691,1.52452848170033e-08,0.7,0,ML probability below threshold,2 strong conflict(s),LOW
A00628,B00708,0.09502340642297563,0.7,0,Geographic similarity without identity evidence,same city; same state; geographic-only evidence; 1 strong conflict(s),LOW
A00697,B00195,1.201912708586383e-05,0.7,0,ML probability below threshold,2 strong conflict(s),LOW
A00890,B00371,1.2219339640459266e-06,0.7,0,ML probability below threshold,2 strong conflict(s),LOW
A00957,B00676,3.5091645117032786e-08,0.7,0,ML probability below threshold,2 strong conflict(s),LOW
A00660,B00519,3.472024049661618e-06,0.7,0,ML probability below threshold,2 strong conflict(s),LOW
A00271,B00972,4.278056084482645e-08,0.7,0,ML probability below threshold,1 strong conflict(s),LOW
A00732,B00159,3.2015588837606313e-09,0.7,0,ML probability below threshold,2 strong conflict(s),LOW
A00750,B00230,0.21602794327312863,0.7,0,Geographic similarity without identity evidence,same city; same state; geographic-only evidence; 2 strong conflict(s),LOW
A00852,B00212,0.3536617019448157,0.7,0,Geographic similarity without identity evidence,same city; same state; geographic-only evidence; 2 strong conflict(s),LOW
A00914,B00754,0.18285063784022895,0.7,0,Geographic similarity without identity evidence,same city; same state; geographic-only evidence; 3 strong conflict(s),LOW
A00674,B00754,0.021806033034854486,0.7,0,Geographic similarity without identity evidence,same city; same state; geographic-only evidence; 2 strong conflict(s),LOW
A00789,B00009,0.10223857275959912,0.7,0,Geographic similarity without identity evidence,same city; same state; geographic-only evidence; 2 strong conflict(s),LOW
A00600,B00668,5.738773766242696e-10,0.7,0,ML probability below threshold,1 strong conflict(s),LOW
A00060,B00469,5.3056709761022065e-05,0.7,0,ML probability below threshold,2 strong conflict(s),LOW
A00211,B00076,7.585905275994754e-07,0.7,0,ML probability below threshold,same state; 2 strong conflict(s),LOW
A00989,B00829,0.16937874541374917,0.7,0,Geographic similarity without identity evidence,same city; same state; geographic-only evidence; 2 strong conflict(s),LOW
A00269,B00114,6.6175369956581874e-09,0.7,0,ML probability below threshold,2 strong conflict(s),LOW
A00986,B00333,1.4605306987281174e-07,0.7,0,ML probability below threshold,2 strong conflict(s),LOW
A00329,B00751,4.8364729714571076e-08,0.7,0,ML probability below threshold,2 strong conflict(s),LOW
A00517,B00117,0.9042451663838722,0.7,0,Geographic similarity without identity evidence,same city; same state; geographic-only evidence; 2 strong conflict(s),HIGH
A00964,B00724,0.023224941018151875,0.7,0,Geographic similarity without identity evidence,same city; same state; geographic-only evidence; 2 strong conflict(s),LOW
A00338,B00840,1.6560849909636117e-09,0.7,0,ML probability below threshold,1 strong conflict(s),LOW
A00239,B00679,0.1615736233800807,0.7,0,Geographic similarity without identity evidence,same city; same state; geographic-only evidence; 1 strong conflict(s),LOW
A00760,B00780,0.10795391031039664,0.7,0,Geographic similarity without identity evidence,same city; same state; geographic-only evidence; 2 strong conflict(s),LOW
A00658,B00167,2.4184291131580987e-08,0.7,0,ML probability below threshold,1 strong conflict(s),LOW
A00871,B00987,1.4136214175935755e-05,0.7,0,ML probability below threshold,2 strong conflict(s),LOW
A00968,B00488,0.03758808400504044,0.7,0,Geographic similarity without identity evidence,same city; same state; geographic-only evidence; 1 strong conflict(s),LOW
A00505,B00438,8.86187492508467e-09,0.7,0,Multiple conflicting identity signals,3 strong conflict(s),LOW
A00538,B00661,2.7006057954552675e-08,0.7,0,ML probability below threshold,1 strong conflict(s),LOW
A00561,B00223,5.857193364482492e-07,0.7,0,ML probability below threshold,2 strong conflict(s),LOW
A00049,B00380,4.2072307847179416e-09,0.7,0,Multiple conflicting identity signals,3 strong conflict(s),LOW
A00683,B00809,1.0701805426595785e-09,0.7,0,Multiple conflicting identity signals,3 strong conflict(s),LOW
A00680,B00880,0.7891254264054934,0.7,0,Geographic similarity without identity evidence,same city; same state; geographic-only evidence; 2 strong conflict(s),MEDIUM
A00572,B00403,6.722220374204045e-09,0.7,0,Multiple conflicting identity signals,3 strong conflict(s),LOW
A00469,B00558,0.00011964418983651056,0.7,0,ML probability below threshold,1 strong conflict(s),LOW
A00846,B00732,4.070256892432956e-08,0.7,0,ML probability below threshold,2 strong conflict(s),LOW
A00002,B00118,3.1245144346045984e-05,0.7,0,ML probability below threshold,2 strong conflict(s),LOW
A00659,B00661,2.914031648889324e-07,0.7,0,ML probability below threshold,1 strong conflict(s),LOW
A00313,B00453,0.3802118807348607,0.7,0,Geographic similarity without identity evidence,same city; same state; geographic-only evidence; 2 strong conflict(s),LOW
A00727,B00586,6.551905516613452e-06,0.7,0,ML probability below threshold,2 strong conflict(s),LOW
A00867,B00207,0.08682740290042107,0.7,0,Geographic similarity without identity evidence,same city; same state; geographic-only evidence; 3 strong conflict(s),LOW
A00773,B00833,0.08021622238793738,0.7,0,Geographic similarity without identity evidence,same city; same state; geographic-only evidence; 1 strong conflict(s),LOW
A00412,B00752,0.09097580490261142,0.7,0,Geographic similarity without identity evidence,same city; same state; geographic-only evidence; 2 strong conflict(s),LOW
A00045,B00090,5.7220265156160285e-08,0.7,0,ML probability below threshold,2 strong conflict(s),LOW
A00106,B00632,6.491099709143496e-08,0.7,0,ML probability below threshold,2 strong conflict(s),LOW
A00508,B00528,0.771238195496608,0.7,0,Geographic similarity without identity evidence,same city; same state; geographic-only evidence; 2 strong conflict(s),MEDIUM
A00904,B00358,3.8382222935066544e-07,0.7,0,Multiple conflicting identity signals,3 strong conflict(s),LOW
A00035,B00795,0.13717608204662388,0.7,0,Geographic similarity without identity evidence,same city; same state; geographic-only evidence; 1 strong conflict(s),LOW
A00934,B00400,2.75315611832604e-10,0.7,0,Multiple conflicting identity signals,3 strong conflict(s),LOW
A00185,B00702,2.5453216736875247e-09,0.7,0,ML probability below threshold,2 strong conflict(s),LOW
A00506,B00886,0.30425767404558907,0.7,0,Geographic similarity without identity evidence,same city; same state; geographic-only evidence; 2 strong conflict(s),LOW
A00548,B00783,3.759160063169516e-05,0.7,0,ML probability below threshold,same state; 2 strong conflict(s),LOW
A00461,B00842,0.0010418102332625913,0.7,0,Insufficient identity evidence,1 strong conflict(s),LOW
A00610,B00070,0.11145584183870398,0.7,0,Geographic similarity without identity evidence,same city; same state; geographic-only evidence; 1 strong conflict(s),LOW
A00872,B00852,0.09686192089016647,0.7,0,Geographic similarity without identity evidence,same city; same state; geographic-only evidence; 2 strong conflict(s),LOW
A00459,B00779,0.5252218840838572,0.7,0,Geographic similarity without identity evidence,same city; same state; geographic-only evidence; 2 strong conflict(s),LOW
A00142,B00648,2.030755665737198e-09,0.7,0,ML probability below threshold,2 strong conflict(s),LOW
A00376,B00636,0.8226977285682623,0.7,0,Geographic similarity without identity evidence,same city; same state; geographic-only evidence; 2 strong conflict(s),MEDIUM
A00397,B00525,5.86764613647656e-08,0.7,0,Multiple conflicting identity signals,3 strong conflict(s),LOW
A00990,B00875,1.5507559777534983e-08,0.7,0,Multiple conflicting identity signals,3 strong conflict(s),LOW
A00110,B00610,0.9123618305378552,0.7,0,Geographic similarity without identity evidence,same city; same state; geographic-only evidence; 2 strong conflict(s),HIGH
A00610,B00507,2.4448449848460276e-08,0.7,0,Multiple conflicting identity signals,3 strong conflict(s),LOW
A00099,B00699,0.7550130801717383,0.7,0,Geographic similarity without identity evidence,same city; same state; geographic-only evidence; 1 strong conflict(s),MEDIUM
A00100,B00641,1.691286224366876e-06,0.7,0,ML probability below threshold,2 strong conflict(s),LOW
A00604,B00014,2.36102540271595e-08,0.7,0,ML probability below threshold,2 strong conflict(s),LOW
A00138,B00698,0.15251696026975775,0.7,0,Geographic similarity without identity evidence,same city; same state; geographic-only evidence; 2 strong conflict(s),LOW
A00768,B00720,8.999340070640337e-07,0.7,0,ML probability below threshold,1 strong conflict(s),LOW
A00503,B00183,0.24713982055579664,0.7,0,Geographic similarity without identity evidence,same city; same state; geographic-only evidence; 2 strong conflict(s),LOW
A00224,B00016,1.2985399789369521e-05,0.7,0,ML probability below threshold,2 strong conflict(s),LOW
A00115,B00215,0.4587855456572254,0.7,0,Geographic similarity without identity evidence,same city; same state; geographic-only evidence; 2 strong conflict(s),LOW
A00900,B00680,0.14163872318245355,0.7,0,Geographic similarity without identity evidence,same city; same state; geographic-only evidence; 1 strong conflict(s),LOW
A00924,B00464,0.0253715030954818,0.7,0,Geographic similarity without identity evidence,same city; same state; geographic-only evidence; 2 strong conflict(s),LOW
A00410,B00010,0.42451471257362916,0.7,0,Geographic similarity without identity evidence,same city; same state; geographic-only evidence; 1 strong conflict(s),LOW
A00871,B00211,0.037608915074492814,0.7,0,Geographic similarity without identity evidence,same city; same state; geographic-only evidence; 1 strong conflict(s),LOW
A00325,B00425,0.859629143230173,0.7,0,Geographic similarity without identity evidence,same city; same state; geographic-only evidence; 2 strong conflict(s),MEDIUM
A00800,B00157,3.240413388889726e-07,0.7,0,ML probability below threshold,2 strong conflict(s),LOW
A00584,B00415,8.533463666349951e-08,0.7,0,ML probability below threshold,2 strong conflict(s),LOW
A00165,B00385,0.1746023490663898,0.7,0,Geographic similarity without identity evidence,same city; same state; geographic-only evidence; 2 strong conflict(s),LOW
A00285,B00525,0.6086615517347209,0.7,0,Geographic similarity without identity evidence,same city; same state; geographic-only evidence; 2 strong conflict(s),LOW
A00927,B00760,1.902769595233085e-08,0.7,0,ML probability below threshold,1 strong conflict(s),LOW
A00507,B00846,9.390116248057811e-08,0.7,0,ML probability below threshold,2 strong conflict(s),LOW
A00745,B00407,2.2997858343139943e-07,0.7,0,Multiple conflicting identity signals,3 strong conflict(s),LOW
A00065,B00825,0.06445758613905292,0.7,0,Geographic similarity without identity evidence,same city; same state; geographic-only evidence; 2 strong conflict(s),LOW
A00536,B00821,1.5654827715788012e-08,0.7,0,Multiple conflicting identity signals,3 strong conflict(s),LOW
A00741,B00761,0.026593664893517964,0.7,0,Geographic similarity without identity evidence,same city; same state; geographic-only evidence; 3 strong conflict(s),LOW
A00762,B00776,1.258485515439062e-07,0.7,0,ML probability below threshold,2 strong conflict(s),LOW
A00601,B00766,3.0914997441550836e-08,0.7,0,Insufficient identity evidence,1 strong conflict(s),LOW
A00476,B00887,9.237920574357226e-05,0.7,0,Multiple conflicting identity signals,3 strong conflict(s),LOW
A00946,B00899,1.0969319453759766e-08,0.7,0,ML probability below threshold,2 strong conflict(s),LOW
A00010,B00210,0.8212230931692468,0.7,0,Geographic similarity without identity evidence,same city; same state; geographic-only evidence; 1 strong conflict(s),MEDIUM
A00191,B00771,0.2547610697293926,0.7,0,Geographic similarity without identity evidence,same city; same state; geographic-only evidence; 2 strong conflict(s),LOW
A00827,B00406,7.244122722169595e-08,0.7,0,ML probability below threshold,2 strong conflict(s),LOW
A00599,B00607,2.0527554866644443e-07,0.7,0,Insufficient identity evidence,1 strong conflict(s),LOW
A00678,B00289,2.7234571292907045e-09,0.7,0,ML probability below threshold,2 strong conflict(s),LOW
A00019,B00639,0.5408036409377237,0.7,0,Geographic similarity without identity evidence,same city; same state; geographic-only evidence; 1 strong conflict(s),LOW
A00139,B00399,0.27238353177439595,0.7,0,Geographic similarity without identity evidence,same city; same state; geographic-only evidence; 2 strong conflict(s),LOW
A00137,B00674,1.4436499255956048e-07,0.7,0,ML probability below threshold,2 strong conflict(s),LOW
A00461,B00682,5.853453203985215e-08,0.7,0,ML probability below threshold,2 strong conflict(s),LOW
A00257,B00997,0.6005877773067984,0.7,0,Geographic similarity without identity evidence,same city; same state; geographic-only evidence; 2 strong conflict(s),LOW
A00334,B00103,6.437119873751498e-08,0.7,0,ML probability below threshold,2 strong conflict(s),LOW
A00923,B00743,0.16926818695264362,0.7,0,Geographic similarity without identity evidence,same city; same state; geographic-only evidence; 1 strong conflict(s),LOW
A00690,B00570,0.1719352938318425,0.7,0,Geographic similarity without identity evidence,same city; same state; geographic-only evidence; 2 strong conflict(s),LOW
A00529,B00989,0.051941114122406096,0.7,0,Geographic similarity without identity evidence,same city; same state; geographic-only evidence; 2 strong conflict(s),LOW
A00987,B00264,1.5530947206640144e-05,0.7,0,ML probability below threshold,2 strong conflict(s),LOW
A00361,B00401,0.09574057508668687,0.7,0,Geographic similarity without identity evidence,same city; same state; geographic-only evidence; 2 strong conflict(s),LOW
A00950,B00809,1.7920781143534694e-08,0.7,0,ML probability below threshold,2 strong conflict(s),LOW
A00371,B00743,1.3988371843485657e-07,0.7,0,ML probability below threshold,1 strong conflict(s),LOW
A00747,B00887,0.8371998857143621,0.7,0,Geographic similarity without identity evidence,same city; same state; geographic-only evidence; 2 strong conflict(s),MEDIUM
A00141,B00301,0.05544851772255982,0.7,0,Geographic similarity without identity evidence,same city; same state; geographic-only evidence; 1 strong conflict(s),LOW
A00313,B00826,0.0006111034602616005,0.7,0,ML probability below threshold,2 strong conflict(s),LOW
A00267,B00328,1.7951888446746925e-10,0.7,0,ML probability below threshold,1 strong conflict(s),LOW
A00756,B00186,5.384215747468041e-10,0.7,0,ML probability below threshold,2 strong conflict(s),LOW
A00993,B00477,6.520915532670629e-10,0.7,0,Insufficient identity evidence,1 strong conflict(s),LOW
A00355,B00575,0.1050418864140351,0.7,0,Geographic similarity without identity evidence,same city; same state; geographic-only evidence; 2 strong conflict(s),LOW
A00599,B00656,9.643531504444625e-09,0.7,0,ML probability below threshold,2 strong conflict(s),LOW
A00654,B00166,2.504198829687087e-08,0.7,0,ML probability below threshold,2 strong conflict(s),LOW
A00585,B00709,5.973208940696047e-08,0.7,0,ML probability below threshold,1 strong conflict(s),LOW
A00275,B00063,1.520521753583412e-09,0.7,0,ML probability below threshold,2 strong conflict(s),LOW
A00277,B00583,0.0019923418656435246,0.7,0,ML probability below threshold,2 strong conflict(s),LOW
A00332,B00336,9.333485112436663e-09,0.7,0,ML probability below threshold,2 strong conflict(s),LOW
A00878,B00698,0.5325774301858335,0.7,0,Geographic similarity without identity evidence,same city; same state; geographic-only evidence; 3 strong conflict(s),LOW
A00445,B00907,7.507488191068636e-09,0.7,0,ML probability below threshold,1 strong conflict(s),LOW
A00434,B00127,2.9371173238495743e-08,0.7,0,ML probability below threshold,1 strong conflict(s),LOW
A00509,B00891,0.0017101847986637538,0.7,0,Insufficient identity evidence,1 strong conflict(s),LOW
A00484,B00624,0.1698374913228983,0.7,0,Geographic similarity without identity evidence,same city; same state; geographic-only evidence; 2 strong conflict(s),LOW
A00926,B00452,1.3078016475843554e-09,0.7,0,ML probability below threshold,2 strong conflict(s),LOW
A00822,B00777,6.617462038173955e-07,0.7,0,Insufficient identity evidence,2 strong conflict(s),LOW
A00605,B00017,3.5012353529702444e-06,0.7,0,ML probability below threshold,2 strong conflict(s),LOW
A00094,B00394,0.7689986077053625,0.7,0,Geographic similarity without identity evidence,same city; same state; geographic-only evidence; 1 strong conflict(s),MEDIUM
A00263,B00600,2.5218621423367283e-06,0.7,0,ML probability below threshold,2 strong conflict(s),LOW
A00234,B00916,3.3151525158724213e-10,0.7,0,Multiple conflicting identity signals,4 strong conflict(s),LOW
A00842,B00488,5.861153919395398e-10,0.7,0,ML probability below threshold,2 strong conflict(s),LOW
A00130,B00640,0.07156179440594158,0.7,0,ML probability below threshold,1 strong conflict(s),LOW
A00032,B00886,1.7138308759219622e-05,0.7,0,ML probability below threshold,2 strong conflict(s),LOW
A00586,B00754,3.1080341537400555e-07,0.7,0,ML probability below threshold,2 strong conflict(s),LOW
A00900,B00547,5.154210934138882e-06,0.7,0,ML probability below threshold,1 strong conflict(s),LOW
A00025,B00034,2.6595067988737354e-11,0.7,0,Multiple conflicting identity signals,3 strong conflict(s),LOW
A00048,B00948,0.9096262972750847,0.7,0,Geographic similarity without identity evidence,same city; same state; geographic-only evidence; 2 strong conflict(s),HIGH
A00533,B00956,1.228492033134281e-08,0.7,0,ML probability below threshold,2 strong conflict(s),LOW
A00025,B00371,4.924244167800191e-10,0.7,0,ML probability below threshold,2 strong conflict(s),LOW
A00111,B00438,1.5561204663442466e-09,0.7,0,ML probability below threshold,2 strong conflict(s),LOW
A00921,B00108,3.5257628047103813e-09,0.7,0,ML probability below threshold,2 strong conflict(s),LOW
A00543,B00975,3.758137683627005e-05,0.7,0,ML probability below threshold,2 strong conflict(s),LOW
A00605,B00272,1.0829800460266342e-08,0.7,0,ML probability below threshold,2 strong conflict(s),LOW
A00948,B00048,0.9645205757622912,0.7,0,Geographic similarity without identity evidence,same city; same state; geographic-only evidence; 2 strong conflict(s),HIGH
A00021,B00102,1.3448774006247203e-06,0.7,0,ML probability below threshold,1 strong conflict(s),LOW
A00383,B00183,0.22342647758556664,0.7,0,Geographic similarity without identity evidence,same city; same state; geographic-only evidence; 2 strong conflict(s),LOW
A00652,B00133,3.8200659643767746e-09,0.7,0,ML probability below threshold,2 strong conflict(s),LOW
A00913,B00747,4.6384215485391624e-07,0.7,0,ML probability below threshold,2 strong conflict(s),LOW
A00152,B00680,1.0152074883141965e-10,0.7,0,Multiple conflicting identity signals,3 strong conflict(s),LOW
A00193,B00566,1.672722596573189e-08,0.7,0,ML probability below threshold,2 strong conflict(s),LOW
A00901,B00881,0.7099602815398346,0.7,0,Geographic similarity without identity evidence,same city; same state; geographic-only evidence; 2 strong conflict(s),MEDIUM
A00606,B00226,0.011246194834454003,0.7,0,Geographic similarity without identity evidence,same city; same state; geographic-only evidence; 2 strong conflict(s),LOW
A00708,B00302,1.9552181525656645e-09,0.7,0,ML probability below threshold,2 strong conflict(s),LOW
A00125,B00021,2.815077368779548e-07,0.7,0,ML probability below threshold,2 strong conflict(s),LOW
A00856,B00664,3.993533495405119e-09,0.7,0,Multiple conflicting identity signals,3 strong conflict(s),LOW
A00748,B00855,3.522815184247068e-08,0.7,0,ML probability below threshold,2 strong conflict(s),LOW
A00130,B00670,0.4615186958455247,0.7,0,Geographic similarity without identity evidence,same city; same state; geographic-only evidence; 2 strong conflict(s),LOW
A00178,B00338,0.2948979301899309,0.7,0,Geographic similarity without identity evidence,same city; same state; geographic-only evidence; 1 strong conflict(s),LOW
A00785,B00157,5.077703456658183e-07,0.7,0,ML probability below threshold,2 strong conflict(s),LOW
A00319,B00987,1.6902537872890993e-07,0.7,0,ML probability below threshold,2 strong conflict(s),LOW
A00101,B00530,5.22970865795199e-10,0.7,0,ML probability below threshold,1 strong conflict(s),LOW
A00300,B00920,0.045411589997223445,0.7,0,Geographic similarity without identity evidence,same city; same state; geographic-only evidence; 2 strong conflict(s),LOW
A00443,B00201,3.1227398167061626e-09,0.7,0,ML probability below threshold,2 strong conflict(s),LOW
A00887,B00344,1.7544676506771307e-05,0.7,0,ML probability below threshold,1 strong conflict(s),LOW
A00397,B00051,6.096115775467983e-07,0.7,0,ML probability below threshold,2 strong conflict(s),LOW
A00702,B00159,2.458308271488099e-08,0.7,0,ML probability below threshold,2 strong conflict(s),LOW
A00105,B00523,1.965392566223968e-09,0.7,0,ML probability below threshold,2 strong conflict(s),LOW
A00803,B00341,4.106193182822674e-06,0.7,0,Multiple conflicting identity signals,3 strong conflict(s),LOW
A00501,B00981,0.6213917434769508,0.7,0,Geographic similarity without identity evidence,same city; same state; geographic-only evidence; 3 strong conflict(s),LOW
A00359,B00059,0.03604167566450005,0.7,0,Geographic similarity without identity evidence,same city; same state; geographic-only evidence; 2 strong conflict(s),LOW
A00851,B00089,4.189888929858449e-08,0.7,0,Multiple conflicting identity signals,3 strong conflict(s),LOW
A00730,B00791,1.1393149852857348e-07,0.7,0,ML probability below threshold,2 strong conflict(s),LOW
A00867,B00097,2.3468212042540355e-07,0.7,0,ML probability below threshold,2 strong conflict(s),LOW
A00936,B00281,1.5634846283657343e-08,0.7,0,ML probability below threshold,limited evidence,LOW
A00081,B00680,4.068853026912149e-07,0.7,0,ML probability below threshold,2 strong conflict(s),LOW
A00657,B00637,0.1073129871668117,0.7,0,Geographic similarity without identity evidence,same city; same state; geographic-only evidence; 2 strong conflict(s),LOW
A00753,B00933,0.17172277778582432,0.7,0,Geographic similarity without identity evidence,same city; same state; geographic-only evidence; 1 strong conflict(s),LOW
A00995,B00797,4.8652818330654577e-05,0.7,0,ML probability below threshold,2 strong conflict(s),LOW
A00693,B00461,3.791381156904573e-08,0.7,0,ML probability below threshold,2 strong conflict(s),LOW
A00715,B00182,1.636854934965045e-08,0.7,0,ML probability below threshold,1 strong conflict(s),LOW
A00748,B00778,1.9438678176720706e-09,0.7,0,ML probability below threshold,1 strong conflict(s),LOW
A00071,B00062,3.9629464376742114e-09,0.7,0,ML probability below threshold,2 strong conflict(s),LOW
A00069,B00623,8.219787532429979e-08,0.7,0,ML probability below threshold,1 strong conflict(s),LOW
A00233,B00222,4.4781460878083287e-05,0.7,0,Multiple conflicting identity signals,3 strong conflict(s),LOW
A00569,B00709,0.30704957850674836,0.7,0,Geographic similarity without identity evidence,same city; same state; geographic-only evidence; 1 strong conflict(s),LOW
A00676,B00716,0.5914622377180325,0.7,0,Geographic similarity without identity evidence,same city; same state; geographic-only evidence; 2 strong conflict(s),LOW
A00894,B00811,2.554171250250303e-07,0.7,0,ML probability below threshold,2 strong conflict(s),LOW
A00273,B00631,2.111812753742719e-05,0.7,0,ML probability below threshold,2 strong conflict(s),LOW
A00972,B00034,4.8899019886137245e-09,0.7,0,ML probability below threshold,2 strong conflict(s),LOW
A00147,B00887,0.7812692931755809,0.7,0,Geographic similarity without identity evidence,same city; same state; geographic-only evidence; 3 strong conflict(s),MEDIUM
A00493,B00013,0.9311144982365567,0.7,0,Geographic similarity without identity evidence,same city; same state; geographic-only evidence; 2 strong conflict(s),HIGH
A00496,B00298,4.494357526809936e-10,0.7,0,ML probability below threshold,2 strong conflict(s),LOW
A00048,B00328,0.0190469352571804,0.7,0,Geographic similarity without identity evidence,same city; same state; geographic-only evidence; 1 strong conflict(s),LOW
A00540,B00580,0.4763557319813488,0.7,0,Geographic similarity without identity evidence,same city; same state; geographic-only evidence; 1 strong conflict(s),LOW
A00278,B00984,6.580563672764867e-08,0.7,0,ML probability below threshold,1 strong conflict(s),LOW
A00879,B00099,0.11849156161227616,0.7,0,Geographic similarity without identity evidence,same city; same state; geographic-only evidence; 2 strong conflict(s),LOW
A00863,B00607,4.3015240569900045e-07,0.7,0,Insufficient identity evidence,1 strong conflict(s),LOW
A00465,B00095,2.7584659348644e-09,0.7,0,ML probability below threshold,limited evidence,LOW
A00454,B00918,0.12231907385189825,0.7,0,ML probability below threshold,2 strong conflict(s),LOW
A00825,B00765,0.7621265424683368,0.7,0,Geographic similarity without identity evidence,same city; same state; geographic-only evidence; 3 strong conflict(s),MEDIUM
A00507,B00311,0.009638640896170843,0.7,0,ML probability below threshold,1 strong conflict(s),LOW
A00313,B00333,0.6384634479659049,0.7,0,Geographic similarity without identity evidence,same city; same state; geographic-only evidence; 2 strong conflict(s),LOW
A00098,B00838,0.6064185715788124,0.7,0,Geographic similarity without identity evidence,same city; same state; geographic-only evidence; 2 strong conflict(s),LOW
A00466,B00950,0.02743913390665266,0.7,0,ML probability below threshold,same state; 2 strong conflict(s),LOW
A00386,B00687,2.8754213449314228e-08,0.7,0,ML probability below threshold,2 strong conflict(s),LOW
A00261,B00903,3.861627629535467e-09,0.7,0,ML probability below threshold,limited evidence,LOW
A00988,B00528,0.3987069045994086,0.7,0,Geographic similarity without identity evidence,same city; same state; geographic-only evidence; 3 strong conflict(s),LOW
A00130,B00370,0.3733112478320009,0.7,0,Geographic similarity without identity evidence,same city; same state; geographic-only evidence; 2 strong conflict(s),LOW
A00808,B00388,0.34965591708147586,0.7,0,Geographic similarity without identity evidence,same city; same state; geographic-only evidence; 2 strong conflict(s),LOW
A00192,B00088,2.6680555262317445e-09,0.7,0,ML probability below threshold,2 strong conflict(s),LOW
A00645,B00390,8.624231750700989e-06,0.7,0,ML probability below threshold,1 strong conflict(s),LOW
A00439,B00291,3.713872040590674e-08,0.7,0,ML probability below threshold,2 strong conflict(s),LOW
A00612,B00712,0.5530047393971965,0.7,0,Geographic similarity without identity evidence,same city; same state; geographic-only evidence; 1 strong conflict(s),LOW
A00943,B00463,0.6326748262680786,0.7,0,Geographic similarity without identity evidence,same city; same state; geographic-only evidence; 3 strong conflict(s),LOW
A00205,B00080,5.085557456553062e-08,0.7,0,ML probability below threshold,2 strong conflict(s),LOW
A00587,B00424,5.423455805408048e-08,0.7,0,ML probability below threshold,1 strong conflict(s),LOW
A00612,B00485,5.302145085964493e-07,0.7,0,ML probability below threshold,2 strong conflict(s),LOW
A00021,B00981,0.1590325187605956,0.7,0,Geographic similarity without identity evidence,same city; same state; geographic-only evidence; 2 strong conflict(s),LOW
A00104,B00886,1.177462144022469e-05,0.7,0,ML probability below threshold,2 strong conflict(s),LOW
A00425,B00756,1.988908367080908e-09,0.7,0,ML probability below threshold,1 strong conflict(s),LOW
A00153,B00407,1.4246023253349348e-06,0.7,0,ML probability below threshold,2 strong conflict(s),LOW
A00413,B00073,0.23163675082817722,0.7,0,Geographic similarity without identity evidence,same city; same state; geographic-only evidence; 2 strong conflict(s),LOW
A00086,B00771,3.997708638747709e-09,0.7,0,ML probability below threshold,2 strong conflict(s),LOW
A00433,B00582,2.535904899597929e-10,0.7,0,Multiple conflicting identity signals,3 strong conflict(s),LOW
A00140,B00480,0.04953196896169149,0.7,0,Geographic similarity without identity evidence,same city; same state; geographic-only evidence; 2 strong conflict(s),LOW
A00386,B00606,0.6386146281705147,0.7,0,Geographic similarity without identity evidence,same city; same state; geographic-only evidence,LOW
A00454,B00765,1.09997670229709e-09,0.7,0,ML probability below threshold,1 strong conflict(s),LOW
A00998,B00090,1.4860404550580853e-07,0.7,0,ML probability below threshold,2 strong conflict(s),LOW
A00202,B00644,5.161697204615183e-09,0.7,0,ML probability below threshold,1 strong conflict(s),LOW
A00879,B00399,0.10212333695693568,0.7,0,Geographic similarity without identity evidence,same city; same state; geographic-only evidence; 2 strong conflict(s),LOW
A00076,B00417,6.193097800332012e-05,0.7,0,ML probability below threshold,2 strong conflict(s),LOW
A00915,B00639,1.6872329861912742e-06,0.7,0,ML probability below threshold,1 strong conflict(s),LOW
A00114,B00994,0.08880474086578374,0.7,0,Geographic similarity without identity evidence,same city; same state; geographic-only evidence; 2 strong conflict(s),LOW
A00121,B00143,2.1846072589351407e-05,0.7,0,ML probability below threshold,1 strong conflict(s),LOW
A00705,B00672,7.068752673466814e-08,0.7,0,ML probability below threshold,2 strong conflict(s),LOW
A00080,B00357,4.193072769545758e-08,0.7,0,ML probability below threshold,2 strong conflict(s),LOW
A00846,B00222,0.0003470951305575269,0.7,0,Multiple conflicting identity signals,3 strong conflict(s),LOW
A00014,B00287,3.7864796030298946e-06,0.7,0,Insufficient identity evidence,1 strong conflict(s),LOW
A00561,B00500,1.1095715540723173e-08,0.7,0,ML probability below threshold,2 strong conflict(s),LOW
A00486,B00906,0.4339176609490049,0.7,0,Geographic similarity without identity evidence,same city; same state; geographic-only evidence; 1 strong conflict(s),LOW
A00299,B00399,0.7963204265084552,0.7,0,Geographic similarity without identity evidence,same city; same state; geographic-only evidence; 3 strong conflict(s),MEDIUM
A00429,B00069,0.023481333174362438,0.7,0,Geographic similarity without identity evidence,same city; same state; geographic-only evidence; 2 strong conflict(s),LOW
A00094,B00770,0.0008694603362454543,0.7,0,ML probability below threshold,1 strong conflict(s),LOW
A00145,B00539,1.1056594804658269e-06,0.7,0,ML probability below threshold,1 strong conflict(s),LOW
A00382,B00023,1.4078318823792365e-06,0.7,0,ML probability below threshold,1 strong conflict(s),LOW
A00577,B00717,0.046957793197449166,0.7,0,Geographic similarity without identity evidence,same city; same state; geographic-only evidence; 3 strong conflict(s),LOW
A00198,B00470,7.159416334112e-10,0.7,0,ML probability below threshold,1 strong conflict(s),LOW
A00495,B00638,1.4530347052775018e-09,0.7,0,ML probability below threshold,2 strong conflict(s),LOW
A00104,B00506,2.813392604393111e-08,0.7,0,ML probability below threshold,2 strong conflict(s),LOW
A00388,B00408,0.6594762859657753,0.7,0,Geographic similarity without identity evidence,same city; same state; geographic-only evidence; 2 strong conflict(s),LOW
A00703,B00951,6.80570732773392e-09,0.7,0,ML probability below threshold,2 strong conflict(s),LOW
A00027,B00487,0.10909896571788591,0.7,0,Geographic similarity without identity evidence,same city; same state; geographic-only evidence; 2 strong conflict(s),LOW
A00273,B00113,0.1540132813973899,0.7,0,Geographic similarity without identity evidence,same city; same state; geographic-only evidence,LOW
A00484,B00358,1.4109450493123627e-08,0.7,0,Multiple conflicting identity signals,3 strong conflict(s),LOW
A00727,B00635,7.542009977378679e-06,0.7,0,ML probability below threshold,1 strong conflict(s),LOW
A00392,B00784,5.602383700566372e-07,0.7,0,ML probability below threshold,2 strong conflict(s),LOW
A00584,B00541,1.1936941667343102e-07,0.7,0,ML probability below threshold,2 strong conflict(s),LOW
A00439,B00797,1.0571679494626372e-05,0.7,0,ML probability below threshold,2 strong conflict(s),LOW
A00124,B00434,3.6347427955477955e-07,0.7,0,ML probability below threshold,2 strong conflict(s),LOW
A00312,B00008,9.265144337590073e-09,0.7,0,ML probability below threshold,2 strong conflict(s),LOW
A00692,B00538,0.15774970881895187,0.7,0,ML probability below threshold,2 strong conflict(s),LOW
A00330,B00464,7.943252825078796e-10,0.7,0,ML probability below threshold,2 strong conflict(s),LOW
A00068,B00048,0.10039862275408526,0.7,0,Geographic similarity without identity evidence,same city; same state; geographic-only evidence; 2 strong conflict(s),LOW
A00197,B00411,5.251164403448786e-07,0.7,0,ML probability below threshold,2 strong conflict(s),LOW
A00628,B00767,6.121285239888886e-10,0.7,0,ML probability below threshold,1 strong conflict(s),LOW
A00089,B00723,4.357059856661314e-05,0.7,0,ML probability below threshold,2 strong conflict(s),LOW
A00828,B00243,0.0007621446580082564,0.7,0,ML probability below threshold,same state; 2 strong conflict(s),LOW
A00877,B00882,4.738858506080192e-07,0.7,0,ML probability below threshold,2 strong conflict(s),LOW
A00231,B00291,0.15945899968392874,0.7,0,Geographic similarity without identity evidence,same city; same state; geographic-only evidence; 2 strong conflict(s),LOW
A00261,B00937,1.7737927843999016e-05,0.7,0,ML probability below threshold,2 strong conflict(s),LOW
A00182,B00272,1.541254292655021e-08,0.7,0,ML probability below threshold,2 strong conflict(s),LOW
A00867,B00667,0.5986912170527682,0.7,0,Geographic similarity without identity evidence,same city; same state; geographic-only evidence; 3 strong conflict(s),LOW
A00853,B00533,0.2774818695103218,0.7,0,Geographic similarity without identity evidence,same city; same state; geographic-only evidence; 2 strong conflict(s),LOW
A00466,B00087,6.729916519532422e-06,0.7,0,ML probability below threshold,2 strong conflict(s),LOW
A00106,B00886,0.04733406270155896,0.7,0,Geographic similarity without identity evidence,same city; same state; geographic-only evidence; 2 strong conflict(s),LOW
A00017,B00371,5.1752315044606585e-09,0.7,0,ML probability below threshold,2 strong conflict(s),LOW
A00791,B00216,1.9633874921873256e-07,0.7,0,ML probability below threshold,same state; 2 strong conflict(s),LOW
A00586,B00447,2.570968691196428e-07,0.7,0,Insufficient identity evidence,1 strong conflict(s),LOW
A00524,B00764,0.1582996545822735,0.7,0,Geographic similarity without identity evidence,same city; same state; geographic-only evidence,LOW
A00284,B00264,0.38953792606176973,0.7,0,Geographic similarity without identity evidence,same city; same state; geographic-only evidence; 2 strong conflict(s),LOW
A00319,B00219,0.8399321330636907,0.7,0,Geographic similarity without identity evidence,same city; same state; geographic-only evidence; 1 strong conflict(s),MEDIUM
A00021,B00741,0.08362270635041136,0.7,0,Geographic similarity without identity evidence,same city; same state; geographic-only evidence; 2 strong conflict(s),LOW
A00514,B00874,0.02328973530916101,0.7,0,Geographic similarity without identity evidence,same city; same state; geographic-only evidence; 2 strong conflict(s),LOW
A00083,B00216,2.370037969099572e-10,0.7,0,ML probability below threshold,2 strong conflict(s),LOW
A00982,B00594,3.251060701713986e-07,0.7,0,Insufficient identity evidence,1 strong conflict(s),LOW
A00322,B00088,1.8017465112021866e-07,0.7,0,ML probability below threshold,2 strong conflict(s),LOW
A00546,B00106,0.2422053024841945,0.7,0,Geographic similarity without identity evidence,same city; same state; geographic-only evidence; 1 strong conflict(s),LOW
A00805,B00355,2.1124451237353667e-07,0.7,0,Multiple conflicting identity signals,3 strong conflict(s),LOW
A00300,B00390,5.747525071054888e-06,0.7,0,ML probability below threshold,1 strong conflict(s),LOW
A00985,B00046,1.4301218378772072e-05,0.7,0,ML probability below threshold,2 strong conflict(s),LOW
A00678,B00795,1.1241981729581249e-09,0.7,0,ML probability below threshold,2 strong conflict(s),LOW
A00890,B00670,0.6130311925416357,0.7,0,Geographic similarity without identity evidence,same city; same state; geographic-only evidence; 2 strong conflict(s),LOW
A00608,B00209,1.6546005455384417e-08,0.7,0,ML probability below threshold,limited evidence,LOW
A00457,B00355,7.800626958461737e-07,0.7,0,ML probability below threshold,2 strong conflict(s),LOW
A00749,B00127,0.0010319291791133826,0.7,0,ML probability below threshold,same state; 1 strong conflict(s),LOW
A00180,B00060,0.3339421533626459,0.7,0,Geographic similarity without identity evidence,same city; same state; geographic-only evidence; 1 strong conflict(s),LOW
A00223,B00023,0.21203422720920984,0.7,0,Geographic similarity without identity evidence,same city; same state; geographic-only evidence; 2 strong conflict(s),LOW
A00148,B00848,0.18287126116762226,0.7,0,Geographic similarity without identity evidence,same city; same state; geographic-only evidence; 2 strong conflict(s),LOW
A00925,B00429,2.527882395443243e-06,0.7,0,ML probability below threshold,2 strong conflict(s),LOW
A00751,B00316,1.4019697428248576e-06,0.7,0,ML probability below threshold,same state; 2 strong conflict(s),LOW
A00047,B00477,0.0019782149203643245,0.7,0,ML probability below threshold,limited evidence,LOW
A00431,B00831,0.7415860201833636,0.7,0,Geographic similarity without identity evidence,same city; same state; geographic-only evidence; 1 strong conflict(s),MEDIUM
A00251,B00076,9.088274917741253e-08,0.7,0,Multiple conflicting identity signals,same state; 3 strong conflict(s),LOW
A00268,B00401,5.528991642899161e-10,0.7,0,ML probability below threshold,2 strong conflict(s),LOW
A00587,B00927,0.8386137208997928,0.7,0,Geographic similarity without identity evidence,same city; same state; geographic-only evidence; 2 strong conflict(s),MEDIUM
A00887,B00951,7.670207561815333e-06,0.7,0,ML probability below threshold,2 strong conflict(s),LOW
A00078,B00415,4.9826053863570147e-08,0.7,0,ML probability below threshold,2 strong conflict(s),LOW
A00892,B00752,0.38580493670327376,0.7,0,Geographic similarity without identity evidence,same city; same state; geographic-only evidence; 2 strong conflict(s),LOW
A00471,B00575,5.9273392416582305e-06,0.7,0,ML probability below threshold,2 strong conflict(s),LOW
A00404,B00164,0.02194077453838391,0.7,0,Geographic similarity without identity evidence,same city; same state; geographic-only evidence; 2 strong conflict(s),LOW
A00011,B00371,0.6316341005180185,0.7,0,Geographic similarity without identity evidence,same city; same state; geographic-only evidence; 2 strong conflict(s),LOW
A00521,B00121,0.44130075267195923,0.7,0,Geographic similarity without identity evidence,same city; same state; geographic-only evidence; 2 strong conflict(s),LOW
A00594,B00674,0.011500420184750127,0.7,0,Geographic similarity without identity evidence,same city; same state; geographic-only evidence; 2 strong conflict(s),LOW
A00358,B00605,1.9637370567004548e-08,0.7,0,ML probability below threshold,2 strong conflict(s),LOW
A00305,B00297,4.483670058566359e-06,0.7,0,ML probability below threshold,2 strong conflict(s),LOW
A00535,B00835,0.2375569562255229,0.7,0,Geographic similarity without identity evidence,same city; same state; geographic-only evidence; 2 strong conflict(s),LOW
A00592,B00541,1.8534752182601907e-07,0.7,0,ML probability below threshold,2 strong conflict(s),LOW
A00751,B00200,1.9162112513846287e-09,0.7,0,Multiple conflicting identity signals,3 strong conflict(s),LOW
A00142,B00917,1.3617352456278519e-05,0.7,0,Multiple conflicting identity signals,3 strong conflict(s),LOW
A00823,B00805,3.602221199826346e-09,0.7,0,ML probability below threshold,1 strong conflict(s),LOW
A00865,B00085,0.9658507494553239,0.7,1,ML probability above threshold,same city; 2 strong conflict(s),HIGH
A00786,B00596,2.3186353569520965e-10,0.7,0,ML probability below threshold,1 strong conflict(s),LOW
A00288,B00690,1.3153641428748227e-06,0.7,0,ML probability below threshold,same state; 1 strong conflict(s),LOW
A00895,B00910,8.017852535957271e-07,0.7,0,ML probability below threshold,1 strong conflict(s),LOW
A00570,B00310,0.004380189529514474,0.7,0,Geographic similarity without identity evidence,same city; same state; geographic-only evidence; 2 strong conflict(s),LOW
A00915,B00653,6.425430327456783e-07,0.7,0,Insufficient identity evidence,limited evidence,LOW
A00777,B00441,1.2148559921337148e-06,0.7,0,ML probability below threshold,1 strong conflict(s),LOW
A00153,B00233,0.10840479402405317,0.7,0,Geographic similarity without identity evidence,same city; same state; geographic-only evidence; 2 strong conflict(s),LOW
A00158,B00489,0.0009676487455286035,0.7,0,ML probability below threshold,2 strong conflict(s),LOW
A00223,B00503,0.8830331257736234,0.7,0,Geographic similarity without identity evidence,same city; same state; geographic-only evidence; 2 strong conflict(s),MEDIUM
A00808,B00701,2.427126591904926e-09,0.7,0,ML probability below threshold,2 strong conflict(s),LOW
A00815,B00711,3.377810827505227e-07,0.7,0,ML probability below threshold,2 strong conflict(s),LOW
A00473,B00233,0.03866785554202906,0.7,0,Geographic similarity without identity evidence,same city; same state; geographic-only evidence; 2 strong conflict(s),LOW
A00201,B00929,2.0903779550940404e-05,0.7,0,Multiple conflicting identity signals,same state; 3 strong conflict(s),LOW
A00402,B00491,8.0527655273672e-05,0.7,0,ML probability below threshold,1 strong conflict(s),LOW
A00083,B00043,0.050319128419609956,0.7,0,Geographic similarity without identity evidence,same city; same state; geographic-only evidence; 2 strong conflict(s),LOW
A00516,B00764,1.5527751352234054e-08,0.7,0,ML probability below threshold,1 strong conflict(s),LOW
A00398,B00786,0.00026877067803633567,0.7,0,ML probability below threshold,2 strong conflict(s),LOW
A00800,B00013,1.2579136491143104e-05,0.7,0,ML probability below threshold,2 strong conflict(s),LOW
A00223,B00483,0.1220665588601946,0.7,0,Geographic similarity without identity evidence,same city; same state; geographic-only evidence; 2 strong conflict(s),LOW
A00489,B00076,1.3463058432531077e-07,0.7,0,Multiple conflicting identity signals,3 strong conflict(s),LOW
A00135,B00059,3.378521515697622e-08,0.7,0,ML probability below threshold,2 strong conflict(s),LOW
A00251,B00190,5.760002148190996e-09,0.7,0,ML probability below threshold,2 strong conflict(s),LOW
A00525,B00211,6.903412438777916e-08,0.7,0,ML probability below threshold,1 strong conflict(s),LOW
A00412,B00552,0.823562296069436,0.7,0,Geographic similarity without identity evidence,same city; same state; geographic-only evidence; 1 strong conflict(s),MEDIUM
A00723,B00328,2.4815602795529864e-06,0.7,0,ML probability below threshold,same state; 1 strong conflict(s),LOW
A00944,B00306,1.76574586863612e-08,0.7,0,ML probability below threshold,1 strong conflict(s),LOW
A00477,B00737,0.010348077018823808,0.7,0,Geographic similarity without identity evidence,same city; same state; geographic-only evidence; 3 strong conflict(s),LOW
A00695,B00735,0.5847379955309797,0.7,0,Geographic similarity without identity evidence,same city; same state; geographic-only evidence; 2 strong conflict(s),LOW
A00553,B00752,7.973647608877908e-08,0.7,0,ML probability below threshold,2 strong conflict(s),LOW
A00034,B00485,4.420135790933253e-06,0.7,0,ML probability below threshold,2 strong conflict(s),LOW
A00901,B00991,1.1025276972191817e-07,0.7,0,ML probability below threshold,2 strong conflict(s),LOW
A00527,B00650,7.964379723841458e-10,0.7,0,ML probability below threshold,2 strong conflict(s),LOW
A00023,B00406,4.8115738079992275e-05,0.7,0,ML probability below threshold,same state; 2 strong conflict(s),LOW
A00948,B00418,7.952729998060399e-08,0.7,0,ML probability below threshold,2 strong conflict(s),LOW
A00955,B00084,9.493300604508022e-10,0.7,0,ML probability below threshold,2 strong conflict(s),LOW
A00903,B00698,9.225802164915048e-06,0.7,0,ML probability below threshold,2 strong conflict(s),LOW
A00572,B00932,0.240840659581692,0.7,0,Geographic similarity without identity evidence,same city; same state; geographic-only evidence; 2 strong conflict(s),LOW
A00004,B00140,4.411116158696428e-08,0.7,0,ML probability below threshold,2 strong conflict(s),LOW
A00682,B00487,3.2195735616385496e-08,0.7,0,ML probability below threshold,2 strong conflict(s),LOW
A00147,B00082,0.006535358094686402,0.7,0,ML probability below threshold,1 strong conflict(s),LOW
A00441,B00321,0.24861909983195699,0.7,0,Geographic similarity without identity evidence,same city; same state; geographic-only evidence; 2 strong conflict(s),LOW
A00434,B00494,0.005506238264226237,0.7,0,Geographic similarity without identity evidence,same city; same state; geographic-only evidence; 2 strong conflict(s),LOW
A00797,B00971,4.6868384668193445e-09,0.7,0,ML probability below threshold,1 strong conflict(s),LOW
A00708,B00953,9.33473246995953e-10,0.7,0,Multiple conflicting identity signals,3 strong conflict(s),LOW
A00560,B00460,0.9454198319273909,0.7,0,Geographic similarity without identity evidence,same city; same state; geographic-only evidence; 1 strong conflict(s),HIGH
A00897,B00657,0.06678591772438351,0.7,0,Geographic similarity without identity evidence,same city; same state; geographic-only evidence; 1 strong conflict(s),LOW
A00117,B00639,5.956323653157137e-09,0.7,0,ML probability below threshold,1 strong conflict(s),LOW
A00906,B00106,0.20160114636567708,0.7,0,Geographic similarity without identity evidence,same city; same state; geographic-only evidence; 2 strong conflict(s),LOW
A00427,B00624,1.932884580484313e-07,0.7,0,ML probability below threshold,2 strong conflict(s),LOW
A00272,B00252,0.2608738412682649,0.7,0,Geographic similarity without identity evidence,same city; same state; geographic-only evidence; 1 strong conflict(s),LOW
A00214,B00358,9.632904683340575e-09,0.7,0,Multiple conflicting identity signals,3 strong conflict(s),LOW
A00923,B00453,1.8118658194461657e-08,0.7,0,ML probability below threshold,2 strong conflict(s),LOW
A00284,B00709,1.677821281156187e-08,0.7,0,ML probability below threshold,1 strong conflict(s),LOW
A00387,B00702,2.623623924344436e-07,0.7,0,ML probability below threshold,2 strong conflict(s),LOW
A00823,B00602,6.3083094502094945e-06,0.7,0,ML probability below threshold,2 strong conflict(s),LOW
A00570,B00196,9.963175711042094e-05,0.7,0,ML probability below threshold,1 strong conflict(s),LOW
A00655,B00593,0.0002920261192938094,0.7,0,ML probability below threshold,2 strong conflict(s),LOW
A00488,B00908,0.6416407288714158,0.7,0,Geographic similarity without identity evidence,same city; same state; geographic-only evidence; 3 strong conflict(s),LOW
A00343,B00143,0.6108704045420124,0.7,0,Geographic similarity without identity evidence,same city; same state; geographic-only evidence; 1 strong conflict(s),LOW
A00740,B00929,7.522752363265687e-08,0.7,0,ML probability below threshold,2 strong conflict(s),LOW
A00751,B00312,1.5516131975359167e-05,0.7,0,ML probability below threshold,2 strong conflict(s),LOW
A00367,B00855,1.8929291027020533e-07,0.7,0,ML probability below threshold,2 strong conflict(s),LOW
A00773,B00193,0.32812286760797454,0.7,0,Geographic similarity without identity evidence,same city; same state; geographic-only evidence; 2 strong conflict(s),LOW
A00611,B00912,5.49912934896126e-05,0.7,0,ML probability below threshold,2 strong conflict(s),LOW
A00498,B00410,3.782775249984003e-09,0.7,0,ML probability below threshold,2 strong conflict(s),LOW
A00521,B00601,0.05151916199080382,0.7,0,Geographic similarity without identity evidence,same city; same state; geographic-only evidence,LOW
A00999,B00099,0.9968548576556182,0.7,0,Geographic similarity without identity evidence,same city; same state; geographic-only evidence; 2 strong conflict(s),HIGH
A00569,B00689,0.1518949491768684,0.7,0,Geographic similarity without identity evidence,same city; same state; geographic-only evidence; 1 strong conflict(s),LOW
A00975,B00838,1.3100882649395436e-08,0.7,0,ML probability below threshold,2 strong conflict(s),LOW
A00761,B00241,0.12192598408528575,0.7,0,Geographic similarity without identity evidence,same city; same state; geographic-only evidence; 1 strong conflict(s),LOW
A00524,B00073,9.200491031664082e-08,0.7,0,ML probability below threshold,1 strong conflict(s),LOW
A00504,B00987,7.830684352635383e-07,0.7,0,ML probability below threshold,2 strong conflict(s),LOW
A00261,B00421,0.925609565492615,0.7,0,Geographic similarity without identity evidence,same city; same state; geographic-only evidence; 1 strong conflict(s),HIGH
A00045,B00125,0.09024144350213656,0.7,0,Geographic similarity without identity evidence,same city; same state; geographic-only evidence; 2 strong conflict(s),LOW
A00226,B00706,0.39837466685777034,0.7,0,Geographic similarity without identity evidence,same city; same state; geographic-only evidence; 2 strong conflict(s),LOW
A00355,B00611,9.547213150701642e-08,0.7,0,ML probability below threshold,2 strong conflict(s),LOW
A00910,B00329,1.8908526064590335e-09,0.7,0,ML probability below threshold,1 strong conflict(s),LOW
A00255,B00575,0.8522165265494923,0.7,0,Geographic similarity without identity evidence,same city; same state; geographic-only evidence; 2 strong conflict(s),MEDIUM
A00741,B00889,8.606139738419583e-06,0.7,0,ML probability below threshold,same state; 1 strong conflict(s),LOW
A00316,B00064,2.2476772722184553e-08,0.7,0,ML probability below threshold,2 strong conflict(s),LOW
A00426,B00964,2.998365345623069e-08,0.7,0,Insufficient identity evidence,1 strong conflict(s),LOW
A00879,B00880,3.435111217876004e-08,0.7,0,Multiple conflicting identity signals,3 strong conflict(s),LOW
A00402,B00873,3.704873365132161e-10,0.7,0,ML probability below threshold,2 strong conflict(s),LOW
A00241,B00351,1.4373131842109674e-08,0.7,0,ML probability below threshold,1 strong conflict(s),LOW
A00548,B00679,2.0920985394503818e-07,0.7,0,ML probability below threshold,1 strong conflict(s),LOW
A00653,B00544,0.006473394582893254,0.7,0,ML probability below threshold,2 strong conflict(s),LOW
A00231,B00281,1.0378553716668653e-07,0.7,0,ML probability below threshold,1 strong conflict(s),LOW
A00686,B00048,8.026337311737628e-06,0.7,0,ML probability below threshold,same state; 2 strong conflict(s),LOW
A00234,B00354,0.25853722941979546,0.7,0,Geographic similarity without identity evidence,same city; same state; geographic-only evidence; 2 strong conflict(s),LOW
A00879,B00839,0.011401644637021702,0.7,0,Geographic similarity without identity evidence,same city; same state; geographic-only evidence; 2 strong conflict(s),LOW
A00757,B00236,2.4995946187341663e-09,0.7,0,ML probability below threshold,1 strong conflict(s),LOW
A00658,B00306,1.5786772698750672e-09,0.7,0,ML probability below threshold,2 strong conflict(s),LOW
A00913,B00363,8.142993099520839e-10,0.7,0,ML probability below threshold,2 strong conflict(s),LOW
A00468,B00668,0.7749700679950096,0.7,0,Geographic similarity without identity evidence,same city; same state; geographic-only evidence; 1 strong conflict(s),MEDIUM
A00969,B00889,0.02364402516950312,0.7,0,Geographic similarity without identity evidence,same city; same state; geographic-only evidence; 1 strong conflict(s),LOW
A00465,B00865,0.4160438299465916,0.7,0,Geographic similarity without identity evidence,same city; same state; geographic-only evidence; 2 strong conflict(s),LOW
A00226,B00039,6.181941432116083e-05,0.7,0,Multiple conflicting identity signals,3 strong conflict(s),LOW
A00488,B00448,0.4215397712977756,0.7,0,Geographic similarity without identity evidence,same city; same state; geographic-only evidence; 2 strong conflict(s),LOW
A00412,B00011,4.94834805649545e-09,0.7,0,ML probability below threshold,2 strong conflict(s),LOW
A00011,B00262,1.164100631373587e-07,0.7,0,ML probability below threshold,2 strong conflict(s),LOW
A00661,B00134,1.739066044395764e-08,0.7,0,ML probability below threshold,2 strong conflict(s),LOW
A00565,B00656,3.0515123685918275e-09,0.7,0,ML probability below threshold,2 strong conflict(s),LOW
A00534,B00271,1.5265748032942092e-07,0.7,0,ML probability below threshold,2 strong conflict(s),LOW
A00899,B00467,2.3385065442307444e-05,0.7,0,ML probability below threshold,2 strong conflict(s),LOW
A00479,B00158,1.4978685836726214e-08,0.7,0,ML probability below threshold,2 strong conflict(s),LOW
A00967,B00047,0.06564758518365069,0.7,0,Geographic similarity without identity evidence,same city; same state; geographic-only evidence; 3 strong conflict(s),LOW
A00964,B00684,0.5180641180629771,0.7,0,Geographic similarity without identity evidence,same city; same state; geographic-only evidence; 3 strong conflict(s),LOW
A00183,B00163,0.027889659349707357,0.7,0,Geographic similarity without identity evidence,same city; same state; geographic-only evidence; 1 strong conflict(s),LOW
A00185,B00144,9.561648378768435e-07,0.7,0,ML probability below threshold,1 strong conflict(s),LOW
A00903,B00915,2.254384986245116e-06,0.7,0,ML probability below threshold,2 strong conflict(s),LOW
A00662,B00840,7.177384198113091e-08,0.7,0,ML probability below threshold,1 strong conflict(s),LOW
A00455,B00795,0.2974802549583773,0.7,0,Geographic similarity without identity evidence,same city; same state; geographic-only evidence; 1 strong conflict(s),LOW
A00201,B00875,5.283766782744536e-07,0.7,0,Multiple conflicting identity signals,3 strong conflict(s),LOW
A00636,B00296,0.10371906207581233,0.7,0,Geographic similarity without identity evidence,same city; same state; geographic-only evidence; 2 strong conflict(s),LOW
A00863,B00483,0.276531738750747,0.7,0,Geographic similarity without identity evidence,same city; same state; geographic-only evidence; 2 strong conflict(s),LOW
A00632,B00806,2.0822266094707957e-06,0.7,0,ML probability below threshold,2 strong conflict(s),LOW
A00003,B00887,0.00011088147414624897,0.7,0,ML probability below threshold,2 strong conflict(s),LOW
A00473,B00280,1.6553658000196949e-06,0.7,0,ML probability below threshold,2 strong conflict(s),LOW
A00724,B00038,7.289617128249905e-08,0.7,0,ML probability below threshold,2 strong conflict(s),LOW
A00735,B00726,0.038538365056865365,0.7,0,ML probability below threshold,1 strong conflict(s),LOW
A00516,B00206,2.4000153605138452e-08,0.7,0,ML probability below threshold,1 strong conflict(s),LOW
A00806,B00716,2.2427115220682457e-08,0.7,0,ML probability below threshold,2 strong conflict(s),LOW
A00305,B00198,6.968647503913818e-07,0.7,0,ML probability below threshold,2 strong conflict(s),LOW
A00127,B00107,0.10641069675292653,0.7,0,Geographic similarity without identity evidence,same city; same state; geographic-only evidence; 2 strong conflict(s),LOW
A00532,B00068,2.3320926748352257e-06,0.7,0,ML probability below threshold,2 strong conflict(s),LOW
A00774,B00953,2.772243697667229e-10,0.7,0,ML probability below threshold,2 strong conflict(s),LOW
A00191,B00936,0.0003858954412827106,0.7,0,ML probability below threshold,same state; 2 strong conflict(s),LOW
A00337,B00235,4.955260169707861e-06,0.7,0,ML probability below threshold,2 strong conflict(s),LOW
A00106,B00806,0.8916040790912125,0.7,0,Geographic similarity without identity evidence,same city; same state; geographic-only evidence; 2 strong conflict(s),MEDIUM
A00281,B00181,0.5244403127126679,0.7,0,Geographic similarity without identity evidence,same city; same state; geographic-only evidence; 2 strong conflict(s),LOW
A00807,B00403,8.68639759033352e-08,0.7,0,Multiple conflicting identity signals,3 strong conflict(s),LOW
A00058,B00315,1.8523436603526066e-08,0.7,0,ML probability below threshold,2 strong conflict(s),LOW
A00807,B00305,1.0274785960250803e-07,0.7,0,Multiple conflicting identity signals,3 strong conflict(s),LOW
A00310,B00946,7.495698354414071e-05,0.7,0,ML probability below threshold,same state; 2 strong conflict(s),LOW
A00519,B00859,0.023576599981720035,0.7,0,Geographic similarity without identity evidence,same city; same state; geographic-only evidence; 2 strong conflict(s),LOW
A00458,B00258,0.33633469046221465,0.7,0,Geographic similarity without identity evidence,same city; same state; geographic-only evidence; 2 strong conflict(s),LOW
A00171,B00391,0.04298732008523281,0.7,0,Geographic similarity without identity evidence,same city; same state; geographic-only evidence; 2 strong conflict(s),LOW
A00613,B00453,0.3747112730378027,0.7,0,Geographic similarity without identity evidence,same city; same state; geographic-only evidence; 2 strong conflict(s),LOW
A00899,B00736,9.704544838772814e-09,0.7,0,Multiple conflicting identity signals,3 strong conflict(s),LOW
A00186,B00026,0.14570264478849074,0.7,0,Geographic similarity without identity evidence,same city; same state; geographic-only evidence; 2 strong conflict(s),LOW
A00836,B00879,9.128561578878144e-08,0.7,0,Multiple conflicting identity signals,3 strong conflict(s),LOW
A00782,B00417,9.622993887094807e-06,0.7,0,ML probability below threshold,2 strong conflict(s),LOW
A00569,B00525,1.322814304728372e-07,0.7,0,ML probability below threshold,2 strong conflict(s),LOW
A00058,B00378,0.8861620878623773,0.7,0,Geographic similarity without identity evidence,same city; same state; geographic-only evidence; 1 strong conflict(s),MEDIUM
A00232,B00272,0.033357559596559345,0.7,0,Geographic similarity without identity evidence,same city; same state; geographic-only evidence; 2 strong conflict(s),LOW
A00908,B00047,1.5480131718497681e-09,0.7,0,Multiple conflicting identity signals,3 strong conflict(s),LOW
A00110,B00359,1.1604481008131527e-08,0.7,0,ML probability below threshold,limited evidence,LOW
A00662,B00462,0.2007598616154412,0.7,0,Geographic similarity without identity evidence,same city; same state; geographic-only evidence; 1 strong conflict(s),LOW
A00674,B00963,2.665069837246184e-07,0.7,0,ML probability below threshold,1 strong conflict(s),LOW
A00946,B00511,8.43640536240926e-08,0.7,0,ML probability below threshold,2 strong conflict(s),LOW
A00150,B00240,1.8922481667277696e-08,0.7,0,ML probability below threshold,2 strong conflict(s),LOW
A00880,B00856,1.8391564266891038e-09,0.7,0,ML probability below threshold,2 strong conflict(s),LOW
A00272,B00406,1.0551655806133629e-08,0.7,0,ML probability below threshold,2 strong conflict(s),LOW
A00635,B00382,8.097090219705593e-09,0.7,0,ML probability below threshold,2 strong conflict(s),LOW
A00487,B00694,2.5326052101860925e-06,0.7,0,ML probability below threshold,1 strong conflict(s),LOW
A00964,B00248,1.1478687103339753e-08,0.7,0,ML probability below threshold,2 strong conflict(s),LOW
A00962,B00525,4.137618206500908e-09,0.7,0,ML probability below threshold,2 strong conflict(s),LOW
A00160,B00615,2.2893286679568257e-07,0.7,0,ML probability below threshold,1 strong conflict(s),LOW
A00547,B00211,9.674618769782507e-07,0.7,0,ML probability below threshold,1 strong conflict(s),LOW
A00528,B00608,0.05948079500291974,0.7,0,Geographic similarity without identity evidence,same city; same state; geographic-only evidence; 2 strong conflict(s),LOW
A00936,B00065,3.6913031911116098e-09,0.7,0,ML probability below threshold,2 strong conflict(s),LOW
A00967,B00631,0.00017862939572877597,0.7,0,Multiple conflicting identity signals,3 strong conflict(s),LOW
A00863,B00313,3.632180995996475e-08,0.7,0,Multiple conflicting identity signals,3 strong conflict(s),LOW
A00605,B00745,0.4521705479689653,0.7,0,Geographic similarity without identity evidence,same city; same state; geographic-only evidence; 2 strong conflict(s),LOW
A00193,B00746,6.381671002458278e-08,0.7,0,ML probability below threshold,2 strong conflict(s),LOW
A00642,B00662,0.014600160966847702,0.7,0,Geographic similarity without identity evidence,same city; same state; geographic-only evidence; 2 strong conflict(s),LOW
A00188,B00228,0.5116914172138638,0.7,0,Geographic similarity without identity evidence,same city; same state; geographic-only evidence; 3 strong conflict(s),LOW
A00071,B00253,0.008297859044246734,0.7,0,ML probability below threshold,2 strong conflict(s),LOW
A00924,B00222,0.00011933271464944563,0.7,0,ML probability below threshold,2 strong conflict(s),LOW
A00959,B00010,8.943487937587206e-10,0.7,0,ML probability below threshold,1 strong conflict(s),LOW
A00012,B00770,0.044095434632463036,0.7,0,ML probability below threshold,1 strong conflict(s),LOW
A00426,B00846,0.033159396800545936,0.7,0,Geographic similarity without identity evidence,same city; same state; geographic-only evidence; 3 strong conflict(s),LOW
A00242,B00461,1.714137322248952e-09,0.7,0,ML probability below threshold,2 strong conflict(s),LOW
A00261,B00241,0.02517683758622728,0.7,0,Geographic similarity without identity evidence,same city; same state; geographic-only evidence; 1 strong conflict(s),LOW
A00169,B00129,0.8604861070094569,0.7,0,Geographic similarity without identity evidence,same city; same state; geographic-only evidence; 2 strong conflict(s),MEDIUM
A00396,B00036,0.03843260140105981,0.7,0,Geographic similarity without identity evidence,same city; same state; geographic-only evidence; 2 strong conflict(s),LOW
A00298,B00017,3.065460462268999e-09,0.7,0,ML probability below threshold,2 strong conflict(s),LOW
A00903,B00300,6.36326984349012e-10,0.7,0,ML probability below threshold,2 strong conflict(s),LOW
A00091,B00365,2.8186653302209393e-08,0.7,0,ML probability below threshold,1 strong conflict(s),LOW
A00364,B00980,4.2333141733820694e-05,0.7,0,Multiple conflicting identity signals,3 strong conflict(s),LOW
A00206,B00586,0.004583133450155145,0.7,0,Geographic similarity without identity evidence,same city; same state; geographic-only evidence; 3 strong conflict(s),LOW
A00593,B00218,1.7933320377648592e-06,0.7,0,ML probability below threshold,2 strong conflict(s),LOW
A00016,B00513,1.7949570967544107e-08,0.7,0,ML probability below threshold,2 strong conflict(s),LOW
A00031,B00946,3.938793202177672e-08,0.7,0,ML probability below threshold,2 strong conflict(s),LOW
A00256,B00181,1.5582653255411516e-06,0.7,0,ML probability below threshold,2 strong conflict(s),LOW
A00200,B00913,3.525655532494593e-08,0.7,0,ML probability below threshold,2 strong conflict(s),LOW
A00421,B00393,1.0743778472513088e-06,0.7,0,Multiple conflicting identity signals,3 strong conflict(s),LOW
A00274,B00876,1.618767615800969e-10,0.7,0,Multiple conflicting identity signals,3 strong conflict(s),LOW
A00758,B00078,0.7758127424885041,0.7,0,Geographic similarity without identity evidence,same city; same state; geographic-only evidence; 2 strong conflict(s),MEDIUM
A00920,B00440,0.41237186747737276,0.7,0,Geographic similarity without identity evidence,same city; same state; geographic-only evidence; 1 strong conflict(s),LOW
A00563,B00182,3.6687658206754272e-09,0.7,0,ML probability below threshold,2 strong conflict(s),LOW
A00324,B00297,1.1022405559220526e-06,0.7,0,ML probability below threshold,2 strong conflict(s),LOW
A00352,B00472,0.018159582432626047,0.7,0,Geographic similarity without identity evidence,same city; same state; geographic-only evidence; 2 strong conflict(s),LOW
A00475,B00022,8.378285967275595e-10,0.7,0,ML probability below threshold,1 strong conflict(s),LOW
A00219,B00986,1.2797262114179189e-08,0.7,0,Multiple conflicting identity signals,4 strong conflict(s),LOW
A00961,B00029,0.011013199775439173,0.7,0,ML probability below threshold,same state; 2 strong conflict(s),LOW
A00450,B00487,4.217831122330547e-09,0.7,0,ML probability below threshold,2 strong conflict(s),LOW
A00836,B00036,0.795239575506566,0.7,0,Geographic similarity without identity evidence,same city; same state; geographic-only evidence; 2 strong conflict(s),MEDIUM
A00150,B00508,2.076508566680749e-06,0.7,0,ML probability below threshold,same state; 2 strong conflict(s),LOW
A00314,B00353,5.127472242231964e-09,0.7,0,ML probability below threshold,limited evidence,LOW
A00757,B00103,1.7388211850971941e-06,0.7,0,ML probability below threshold,2 strong conflict(s),LOW
A00184,B00748,2.1379718793084641e-10,0.7,0,ML probability below threshold,2 strong conflict(s),LOW
A00048,B00388,0.00542545077619782,0.7,0,Geographic similarity without identity evidence,same city; same state; geographic-only evidence; 2 strong conflict(s),LOW
A00583,B00502,5.001930526495854e-10,0.7,0,ML probability below threshold,2 strong conflict(s),LOW
A00398,B00145,3.879538256213506e-05,0.7,0,ML probability below threshold,2 strong conflict(s),LOW
A00845,B00607,2.714826895710961e-07,0.7,0,Insufficient identity evidence,1 strong conflict(s),LOW
A00904,B00297,4.302105042621321e-07,0.7,0,ML probability below threshold,2 strong conflict(s),LOW
A00285,B00931,1.249824581434103e-07,0.7,0,ML probability below threshold,2 strong conflict(s),LOW
A00509,B00366,7.248705024450669e-09,0.7,0,ML probability below threshold,2 strong conflict(s),LOW
A00440,B00281,3.558981429009565e-07,0.7,0,ML probability below threshold,limited evidence,LOW
A00599,B00329,5.80328264410649e-08,0.7,0,ML probability below threshold,1 strong conflict(s),LOW
A00263,B00358,2.4445689189425372e-08,0.7,0,ML probability below threshold,2 strong conflict(s),LOW
A00919,B00879,0.07548852729122126,0.7,0,Geographic similarity without identity evidence,same city; same state; geographic-only evidence; 2 strong conflict(s),LOW
A00113,B00513,0.08619256965261625,0.7,0,Geographic similarity without identity evidence,same city; same state; geographic-only evidence; 1 strong conflict(s),LOW
A00944,B00346,3.2885703394359425e-09,0.7,0,ML probability below threshold,limited evidence,LOW
A00831,B00210,2.2890865669355548e-05,0.7,0,ML probability below threshold,2 strong conflict(s),LOW
A00636,B00398,2.4038516654497017e-08,0.7,0,Multiple conflicting identity signals,3 strong conflict(s),LOW
A00235,B00635,0.2439278063407861,0.7,0,Geographic similarity without identity evidence,same city; same state; geographic-only evidence; 1 strong conflict(s),LOW
A00726,B00825,1.1173966408872875e-09,0.7,0,ML probability below threshold,2 strong conflict(s),LOW
A00222,B00802,0.8060417304179517,0.7,0,Geographic similarity without identity evidence,same city; same state; geographic-only evidence; 1 strong conflict(s),MEDIUM
A00979,B00140,2.0026666999257165e-07,0.7,0,ML probability below threshold,2 strong conflict(s),LOW
A00477,B00177,0.45422450810294157,0.7,0,Geographic similarity without identity evidence,same city; same state; geographic-only evidence; 2 strong conflict(s),LOW
A00161,B00861,0.6730300884889739,0.7,0,Geographic similarity without identity evidence,same city; same state; geographic-only evidence; 2 strong conflict(s),LOW
A00241,B00466,3.674272053848357e-08,0.7,0,ML probability below threshold,1 strong conflict(s),LOW
A00929,B00986,8.3739369879192e-09,0.7,0,Multiple conflicting identity signals,4 strong conflict(s),LOW
A00339,B00559,0.5365074344686441,0.7,0,Geographic similarity without identity evidence,same city; same state; geographic-only evidence; 1 strong conflict(s),LOW
A00000,B00780,0.983767142140999,0.7,0,Geographic similarity without identity evidence,same city; same state; geographic-only evidence; 2 strong conflict(s),HIGH
A00565,B00065,0.2037304620779895,0.7,0,Geographic similarity without identity evidence,same city; same state; geographic-only evidence; 2 strong conflict(s),LOW
A00827,B00478,5.967897431312533e-07,0.7,0,ML probability below threshold,limited evidence,LOW
A00393,B00780,5.4698432298052316e-09,0.7,0,Multiple conflicting identity signals,3 strong conflict(s),LOW
A00631,B00222,2.492600333861335e-06,0.7,0,Multiple conflicting identity signals,3 strong conflict(s),LOW
A00239,B00059,0.03499834709916615,0.7,0,Geographic similarity without identity evidence,same city; same state; geographic-only evidence; 2 strong conflict(s),LOW
A00824,B00444,0.4232235678949202,0.7,0,Geographic similarity without identity evidence,same city; same state; geographic-only evidence; 2 strong conflict(s),LOW
A00899,B00887,1.7901165745591074e-05,0.7,0,Multiple conflicting identity signals,3 strong conflict(s),LOW
A00073,B00739,9.44796916261883e-08,0.7,0,ML probability below threshold,1 strong conflict(s),LOW
A00090,B00099,3.848397483726552e-08,0.7,0,ML probability below threshold,2 strong conflict(s),LOW
A00934,B00594,0.18242387936988191,0.7,0,Geographic similarity without identity evidence,same city; same state; geographic-only evidence,LOW
A00588,B00280,8.361841665916133e-11,0.7,0,ML probability below threshold,2 strong conflict(s),LOW
A00768,B00048,0.09068895232855087,0.7,0,Geographic similarity without identity evidence,same city; same state; geographic-only evidence; 2 strong conflict(s),LOW
A00451,B00600,3.4714748003123925e-05,0.7,0,ML probability below threshold,1 strong conflict(s),LOW
A00449,B00829,0.05494559814280762,0.7,0,Geographic similarity without identity evidence,same city; same state; geographic-only evidence; 1 strong conflict(s),LOW
A00153,B00973,0.09264300492470721,0.7,0,Geographic similarity without identity evidence,same city; same state; geographic-only evidence; 2 strong conflict(s),LOW
A00337,B00240,1.5387226988312114e-09,0.7,0,ML probability below threshold,2 strong conflict(s),LOW
A00094,B00494,0.5263385547420736,0.7,0,Geographic similarity without identity evidence,same city; same state; geographic-only evidence; 2 strong conflict(s),LOW
A00092,B00233,3.421742002253574e-07,0.7,0,ML probability below threshold,2 strong conflict(s),LOW
A00940,B00288,5.528852106341323e-10,0.7,0,ML probability below threshold,1 strong conflict(s),LOW
A00959,B00719,0.594147519546375,0.7,0,Geographic similarity without identity evidence,same city; same state; geographic-only evidence; 2 strong conflict(s),LOW
A00306,B00365,2.358772821286993e-08,0.7,0,ML probability below threshold,1 strong conflict(s),LOW
A00472,B00232,0.012395889509163947,0.7,0,Geographic similarity without identity evidence,same city; same state; geographic-only evidence; 1 strong conflict(s),LOW
A00992,B00472,0.08342661800644219,0.7,0,Geographic similarity without identity evidence,same city; same state; geographic-only evidence; 2 strong conflict(s),LOW
A00658,B00105,1.1681637717799604e-05,0.7,0,ML probability below threshold,1 strong conflict(s),LOW
A00991,B00791,0.5200626935848613,0.7,0,Geographic similarity without identity evidence,same city; same state; geographic-only evidence; 3 strong conflict(s),LOW
A00279,B00762,4.996894107399701e-06,0.7,0,ML probability below threshold,2 strong conflict(s),LOW
A00242,B00963,1.0148931863368368e-09,0.7,0,ML probability below threshold,2 strong conflict(s),LOW
A00127,B00967,0.6702998387024276,0.7,0,Geographic similarity without identity evidence,same city; same state; geographic-only evidence; 2 strong conflict(s),LOW
A00678,B00748,6.968618842315653e-10,0.7,0,ML probability below threshold,2 strong conflict(s),LOW
A00021,B00165,9.930818130088769e-05,0.7,0,ML probability below threshold,1 strong conflict(s),LOW
A00531,B00431,0.27883918537810687,0.7,0,Geographic similarity without identity evidence,same city; same state; geographic-only evidence; 2 strong conflict(s),LOW
A00714,B00695,5.1328399447759875e-06,0.7,0,ML probability below threshold,2 strong conflict(s),LOW
A00304,B00955,1.0956426487328682e-05,0.7,0,ML probability below threshold,2 strong conflict(s),LOW
A00941,B00085,0.029987400559596967,0.7,0,ML probability below threshold,2 strong conflict(s),LOW
A00144,B00989,9.668842074601174e-08,0.7,0,ML probability below threshold,2 strong conflict(s),LOW
A00857,B00477,0.22755714052982093,0.7,0,Geographic similarity without identity evidence,same city; same state; geographic-only evidence; 1 strong conflict(s),LOW
A00614,B00552,8.611102833483769e-08,0.7,0,ML probability below threshold,1 strong conflict(s),LOW
A00942,B00991,6.151648953878776e-09,0.7,0,ML probability below threshold,2 strong conflict(s),LOW
A00513,B00292,1.227003229558393e-06,0.7,0,ML probability below threshold,2 strong conflict(s),LOW
A00531,B00611,0.06025673929160513,0.7,0,Geographic similarity without identity evidence,same city; same state; geographic-only evidence; 2 strong conflict(s),LOW
A00752,B00336,3.354683307354952e-09,0.7,0,Multiple conflicting identity signals,3 strong conflict(s),LOW
A00293,B00185,5.152127002560826e-06,0.7,0,ML probability below threshold,1 strong conflict(s),LOW
A00957,B00154,3.03130490256875e-06,0.7,0,ML probability below threshold,2 strong conflict(s),LOW
A00337,B00393,4.146284160463883e-08,0.7,0,ML probability below threshold,2 strong conflict(s),LOW
A00507,B00667,0.7323234588370929,0.7,0,Geographic similarity without identity evidence,same city; same state; geographic-only evidence; 2 strong conflict(s),MEDIUM
A00706,B00086,0.3577637494357943,0.7,0,Geographic similarity without identity evidence,same city; same state; geographic-only evidence; 2 strong conflict(s),LOW
A00334,B00375,9.634191290564187e-08,0.7,0,ML probability below threshold,2 strong conflict(s),LOW
A00124,B00225,1.293330042712485e-08,0.7,0,ML probability below threshold,1 strong conflict(s),LOW
A00063,B00079,1.69347793232386e-08,0.7,0,Multiple conflicting identity signals,3 strong conflict(s),LOW
A00966,B00946,0.025412827535624252,0.7,0,Geographic similarity without identity evidence,same city; same state; geographic-only evidence; 2 strong conflict(s),LOW
A00140,B00834,4.922122592115531e-10,0.7,0,ML probability below threshold,2 strong conflict(s),LOW
A00030,B00644,3.158485860151534e-07,0.7,0,ML probability below threshold,1 strong conflict(s),LOW
A00633,B00733,0.16042889237223365,0.7,0,Geographic similarity without identity evidence,same city; same state; geographic-only evidence; 2 strong conflict(s),LOW
A00099,B00233,1.4603088490427095e-08,0.7,0,ML probability below threshold,2 strong conflict(s),LOW
A00352,B00295,1.0765132692058384e-07,0.7,0,ML probability below threshold,1 strong conflict(s),LOW
A00787,B00965,1.6037984530313146e-06,0.7,0,ML probability below threshold,2 strong conflict(s),LOW
A00833,B00373,0.015188606399401613,0.7,0,Geographic similarity without identity evidence,same city; same state; geographic-only evidence; 1 strong conflict(s),LOW
A00940,B00065,6.947827603465029e-10,0.7,0,ML probability below threshold,1 strong conflict(s),LOW
A00577,B00777,0.9265049067826883,0.7,0,Geographic similarity without identity evidence,same city; same state; geographic-only evidence; 2 strong conflict(s),HIGH
A00888,B00227,4.2840359215281236e-10,0.7,0,ML probability below threshold,1 strong conflict(s),LOW
A00841,B00302,6.598037468521695e-09,0.7,0,ML probability below threshold,2 strong conflict(s),LOW
A00411,B00317,1.1929485639559173e-08,0.7,0,ML probability below threshold,1 strong conflict(s),LOW
A00458,B00118,0.49955612976565217,0.7,0,Geographic similarity without identity evidence,same city; same state; geographic-only evidence; 2 strong conflict(s),LOW
A00791,B00699,6.35962200681654e-07,0.7,0,ML probability below threshold,1 strong conflict(s),LOW
A00505,B00385,0.26348494246814497,0.7,0,Geographic similarity without identity evidence,same city; same state; geographic-only evidence; 2 strong conflict(s),LOW
A00965,B00265,0.47732762528334627,0.7,0,Geographic similarity without identity evidence,same city; same state; geographic-only evidence; 1 strong conflict(s),LOW
A00653,B00779,6.016497443046698e-09,0.7,0,ML probability below threshold,2 strong conflict(s),LOW
A00088,B00065,8.494464726964089e-10,0.7,0,ML probability below threshold,2 strong conflict(s),LOW
A00207,B00667,0.02158806124193262,0.7,0,Geographic similarity without identity evidence,same city; same state; geographic-only evidence; 2 strong conflict(s),LOW
A00547,B00435,0.0028510905527443504,0.7,0,ML probability below threshold,2 strong conflict(s),LOW
A00489,B00030,8.419159123097163e-08,0.7,0,Insufficient identity evidence,2 strong conflict(s),LOW
A00211,B00251,0.21136259237536925,0.7,0,Geographic similarity without identity evidence,same city; same state; geographic-only evidence; 2 strong conflict(s),LOW
A00408,B00508,0.3094069814020524,0.7,0,Geographic similarity without identity evidence,same city; same state; geographic-only evidence; 2 strong conflict(s),LOW
A00994,B00494,0.13519938717132582,0.7,0,Geographic similarity without identity evidence,same city; same state; geographic-only evidence; 2 strong conflict(s),LOW
A00519,B00679,0.7404683892114134,0.7,0,Geographic similarity without identity evidence,same city; same state; geographic-only evidence; 1 strong conflict(s),MEDIUM
A00176,B00099,2.432474650895574e-07,0.7,0,Multiple conflicting identity signals,3 strong conflict(s),LOW
A00523,B00237,2.8695263445030486e-08,0.7,0,ML probability below threshold,2 strong conflict(s),LOW
A00435,B00842,0.0003366637712302684,0.7,0,Insufficient identity evidence,1 strong conflict(s),LOW
A00784,B00384,0.8341400713160145,0.7,0,Geographic similarity without identity evidence,same city; same state; geographic-only evidence; 2 strong conflict(s),MEDIUM
A00009,B00979,0.00848495548343903,0.7,0,ML probability below threshold,2 strong conflict(s),LOW
A00496,B00112,7.027453193760135e-10,0.7,0,ML probability below threshold,1 strong conflict(s),LOW
A00606,B00428,3.101211134336392e-05,0.7,0,ML probability below threshold,same state; 2 strong conflict(s),LOW
A00621,B00521,0.3127932608649582,0.7,0,ML probability below threshold,same state; 2 strong conflict(s),LOW
A00584,B00984,0.5637416255566825,0.7,0,Geographic similarity without identity evidence,same city; same state; geographic-only evidence; 1 strong conflict(s),LOW
A00988,B00149,4.131715970626947e-08,0.7,0,ML probability below threshold,2 strong conflict(s),LOW
A00952,B00652,0.4365252207669575,0.7,0,Geographic similarity without identity evidence,same city; same state; geographic-only evidence; 3 strong conflict(s),LOW
A00450,B00994,5.731110112884466e-09,0.7,0,ML probability below threshold,2 strong conflict(s),LOW
A00779,B00108,4.911510456452046e-08,0.7,0,ML probability below threshold,2 strong conflict(s),LOW
A00050,B00848,0.0004984853022482672,0.7,0,ML probability below threshold,same state; 2 strong conflict(s),LOW
A00454,B00943,1.672313790755486e-07,0.7,0,ML probability below threshold,1 strong conflict(s),LOW
A00922,B00242,0.012128283551143811,0.7,0,Geographic similarity without identity evidence,same city; same state; geographic-only evidence; 2 strong conflict(s),LOW
A00403,B00701,3.336461223344209e-09,0.7,0,ML probability below threshold,1 strong conflict(s),LOW
A00134,B00514,0.075470585035869,0.7,0,Geographic similarity without identity evidence,same city; same state; geographic-only evidence; 2 strong conflict(s),LOW
A00854,B00634,0.5556896547534473,0.7,0,Geographic similarity without identity evidence,same city; same state; geographic-only evidence; 3 strong conflict(s),LOW
A00723,B00623,0.7139977176523417,0.7,0,Geographic similarity without identity evidence,same city; same state; geographic-only evidence; 1 strong conflict(s),MEDIUM
A00407,B00070,8.703956409179608e-09,0.7,0,ML probability below threshold,1 strong conflict(s),LOW
A00558,B00929,5.476641746613191e-08,0.7,0,ML probability below threshold,2 strong conflict(s),LOW
A00765,B00065,0.8466612889797464,0.7,0,Geographic similarity without identity evidence,same city; same state; geographic-only evidence; 2 strong conflict(s),MEDIUM
A00989,B00001,1.717399832016569e-05,0.7,0,Multiple conflicting identity signals,same state; 3 strong conflict(s),LOW
A00201,B00855,1.368289797803823e-08,0.7,0,ML probability below threshold,2 strong conflict(s),LOW
A00740,B00881,1.962365073673839e-06,0.7,0,ML probability below threshold,2 strong conflict(s),LOW
A00523,B00703,0.02267243573198465,0.7,0,Geographic similarity without identity evidence,same city; same state; geographic-only evidence; 1 strong conflict(s),LOW
A00141,B00435,0.0002436940339546171,0.7,0,ML probability below threshold,2 strong conflict(s),LOW
A00070,B00650,0.9655033247907158,0.7,0,Geographic similarity without identity evidence,same city; same state; geographic-only evidence; 2 strong conflict(s),HIGH
A00929,B00884,0.00032058871352941867,0.7,0,ML probability below threshold,2 strong conflict(s),LOW
A00932,B00472,0.10230996663154827,0.7,0,Geographic similarity without identity evidence,same city; same state; geographic-only evidence; 2 strong conflict(s),LOW
A00567,B00305,1.752112251249342e-05,0.7,0,ML probability below threshold,2 strong conflict(s),LOW
A00572,B00269,1.254905972586099e-07,0.7,0,ML probability below threshold,1 strong conflict(s),LOW
A00117,B00595,6.516544949236958e-06,0.7,0,ML probability below threshold,2 strong conflict(s),LOW
A00288,B00458,4.619087666901493e-07,0.7,0,ML probability below threshold,2 strong conflict(s),LOW
A00724,B00929,9.487963171905127e-08,0.7,0,ML probability below threshold,2 strong conflict(s),LOW
A00826,B00146,0.9179242480604555,0.7,0,Geographic similarity without identity evidence,same city; same state; geographic-only evidence; 2 strong conflict(s),HIGH
A00876,B00177,9.393118026478485e-10,0.7,0,ML probability below threshold,2 strong conflict(s),LOW
A00605,B00705,0.4059464108339059,0.7,0,Geographic similarity without identity evidence,same city; same state; geographic-only evidence; 2 strong conflict(s),LOW
A00501,B00595,4.258501437204858e-06,0.7,0,ML probability below threshold,2 strong conflict(s),LOW
A00238,B00455,5.316041447963162e-08,0.7,0,ML probability below threshold,1 strong conflict(s),LOW
A00374,B00554,0.026527633953465694,0.7,0,Geographic similarity without identity evidence,same city; same state; geographic-only evidence; 2 strong conflict(s),LOW
A00718,B00907,3.884036108643345e-07,0.7,0,ML probability below threshold,2 strong conflict(s),LOW
A00041,B00924,1.7708781296277082e-06,0.7,0,ML probability below threshold,1 strong conflict(s),LOW
A00169,B00050,4.224035856050763e-07,0.7,0,Insufficient identity evidence,2 strong conflict(s),LOW
A00410,B00462,3.2857031607427788e-09,0.7,0,ML probability below threshold,1 strong conflict(s),LOW
A00523,B00074,1.1359483014526387e-07,0.7,0,ML probability below threshold,2 strong conflict(s),LOW
A00254,B00314,0.02441575660506997,0.7,0,Geographic similarity without identity evidence,same city; same state; geographic-only evidence; 1 strong conflict(s),LOW
A00668,B00814,8.230923368924706e-07,0.7,0,ML probability below threshold,2 strong conflict(s),LOW
A00467,B00224,2.2816234197698368e-07,0.7,0,ML probability below threshold,limited evidence,LOW
A00677,B00142,1.2346585877586486e-08,0.7,0,ML probability below threshold,2 strong conflict(s),LOW
A00793,B00993,0.2550919647064222,0.7,0,Geographic similarity without identity evidence,same city; same state; geographic-only evidence; 2 strong conflict(s),LOW
A00431,B00235,5.518886828462528e-07,0.7,0,ML probability below threshold,2 strong conflict(s),LOW
A00196,B00636,0.21182536219248924,0.7,0,Geographic similarity without identity evidence,same city; same state; geographic-only evidence; 2 strong conflict(s),LOW
A00003,B00203,0.9197745717075371,0.7,0,Geographic similarity without identity evidence,same city; same state; geographic-only evidence; 2 strong conflict(s),HIGH
A00775,B00101,6.06616684637894e-06,0.7,0,ML probability below threshold,2 strong conflict(s),LOW
A00424,B00995,0.0006639820900598985,0.7,0,ML probability below threshold,limited evidence,LOW
A00105,B00995,0.0001355973248801874,0.7,0,Insufficient identity evidence,limited evidence,LOW
A00617,B00977,0.01614014155847356,0.7,0,Geographic similarity without identity evidence,same city; same state; geographic-only evidence; 2 strong conflict(s),LOW
A00988,B00381,2.5871584165082676e-08,0.7,0,ML probability below threshold,2 strong conflict(s),LOW
A00219,B00425,5.414208503135903e-09,0.7,0,ML probability below threshold,2 strong conflict(s),LOW
A00454,B00844,6.5471408692528886e-09,0.7,0,ML probability below threshold,2 strong conflict(s),LOW
A00139,B00219,0.5899248686474778,0.7,0,Geographic similarity without identity evidence,same city; same state; geographic-only evidence; 1 strong conflict(s),LOW
A00309,B00077,2.087011784390472e-08,0.7,0,ML probability below threshold,2 strong conflict(s),LOW
A00748,B00568,0.13151439372158535,0.7,0,Geographic similarity without identity evidence,same city; same state; geographic-only evidence; 1 strong conflict(s),LOW
A00161,B00941,0.03319355238990813,0.7,0,Geographic similarity without identity evidence,same city; same state; geographic-only evidence; 2 strong conflict(s),LOW
A00175,B00041,1.0230544234756994e-05,0.7,0,ML probability below threshold,2 strong conflict(s),LOW
A00826,B00870,0.0026015296551967866,0.7,0,ML probability below threshold,same state; 1 strong conflict(s),LOW
A00738,B00764,1.8476840214456754e-07,0.7,0,ML probability below threshold,1 strong conflict(s),LOW
A00133,B00933,0.765542894060903,0.7,0,Geographic similarity without identity evidence,same city; same state; geographic-only evidence; 1 strong conflict(s),MEDIUM
A00331,B00851,0.023726285100296094,0.7,0,Geographic similarity without identity evidence,same city; same state; geographic-only evidence,LOW
A00847,B00549,0.0006557375089742908,0.7,0,ML probability below threshold,same state; 2 strong conflict(s),LOW
A00441,B00022,4.975103339469142e-08,0.7,0,ML probability below threshold,1 strong conflict(s),LOW
A00980,B00868,8.544524980529824e-10,0.7,0,ML probability below threshold,2 strong conflict(s),LOW
A00444,B00393,1.8376171899029492e-07,0.7,0,ML probability below threshold,1 strong conflict(s),LOW
A00419,B00499,0.011082008249426224,0.7,0,Geographic similarity without identity evidence,same city; same state; geographic-only evidence; 3 strong conflict(s),LOW
A00801,B00825,8.3451361084485e-07,0.7,0,ML probability below threshold,2 strong conflict(s),LOW
A00690,B00674,4.57515645862302e-08,0.7,0,ML probability below threshold,2 strong conflict(s),LOW
A00039,B00838,1.6122560410079626e-08,0.7,0,ML probability below threshold,2 strong conflict(s),LOW
A00261,B00434,1.1946967085263499e-09,0.7,0,ML probability below threshold,2 strong conflict(s),LOW
A00557,B00977,0.2467341042402399,0.7,0,Geographic similarity without identity evidence,same city; same state; geographic-only evidence; 2 strong conflict(s),LOW
A00387,B00676,1.137575378850837e-05,0.7,0,ML probability below threshold,2 strong conflict(s),LOW
A00892,B00812,0.057643142943509175,0.7,0,Geographic similarity without identity evidence,same city; same state; geographic-only evidence; 2 strong conflict(s),LOW
A00004,B00898,1.6698685212484764e-06,0.7,0,ML probability below threshold,2 strong conflict(s),LOW
A00522,B00953,2.008115441498805e-10,0.7,0,Multiple conflicting identity signals,4 strong conflict(s),LOW
A00096,B00856,0.20578679914916187,0.7,0,Geographic similarity without identity evidence,same city; same state; geographic-only evidence; 1 strong conflict(s),LOW
A00052,B00957,1.0050390832704502e-08,0.7,0,ML probability below threshold,2 strong conflict(s),LOW
A00037,B00763,2.596753547466585e-05,0.7,0,ML probability below threshold,2 strong conflict(s),LOW
A00921,B00821,0.3241328241012289,0.7,0,Geographic similarity without identity evidence,same city; same state; geographic-only evidence; 2 strong conflict(s),LOW
A00817,B00731,1.2707198065805951e-05,0.7,0,ML probability below threshold,2 strong conflict(s),LOW
A00930,B00532,3.910974630338787e-09,0.7,0,ML probability below threshold,1 strong conflict(s),LOW
A00770,B00833,8.179556175939775e-10,0.7,0,ML probability below threshold,2 strong conflict(s),LOW
A00462,B00257,2.9453191165931427e-10,0.7,0,ML probability below threshold,2 strong conflict(s),LOW
A00152,B00280,1.2948758668408578e-10,0.7,0,Multiple conflicting identity signals,3 strong conflict(s),LOW
A00630,B00450,0.7841828088232052,0.7,0,Geographic similarity without identity evidence,same city; same state; geographic-only evidence; 1 strong conflict(s),MEDIUM
A00907,B00687,0.40451961580902335,0.7,0,Geographic similarity without identity evidence,same city; same state; geographic-only evidence; 2 strong conflict(s),LOW
A00727,B00462,8.081067324018466e-07,0.7,0,ML probability below threshold,1 strong conflict(s),LOW
A00329,B00719,2.4874133160196258e-05,0.7,0,Insufficient identity evidence,2 strong conflict(s),LOW
A00666,B00980,3.739045750313619e-06,0.7,0,Multiple conflicting identity signals,3 strong conflict(s),LOW
A00115,B00131,3.9041679400363606e-05,0.7,0,Insufficient identity evidence,1 strong conflict(s),LOW
A00254,B00481,5.204502083007875e-09,0.7,0,ML probability below threshold,2 strong conflict(s),LOW
A00820,B00160,0.7899515541309469,0.7,0,Geographic similarity without identity evidence,same city; same state; geographic-only evidence; 2 strong conflict(s),MEDIUM
A00534,B00444,3.3016548370679753e-09,0.7,0,ML probability below threshold,2 strong conflict(s),LOW
A00811,B00066,3.4215405467541853e-07,0.7,0,ML probability below threshold,2 strong conflict(s),LOW
A00378,B00916,2.7650426094467195e-08,0.7,0,Multiple conflicting identity signals,3 strong conflict(s),LOW
A00105,B00305,0.3167947890012517,0.7,0,Geographic similarity without identity evidence,same city; same state; geographic-only evidence; 2 strong conflict(s),LOW
A00438,B00497,3.533010184913482e-09,0.7,0,ML probability below threshold,2 strong conflict(s),LOW
A00053,B00260,1.4196090465533874e-05,0.7,0,ML probability below threshold,2 strong conflict(s),LOW
A00978,B00672,2.486107325297921e-07,0.7,0,ML probability below threshold,2 strong conflict(s),LOW
A00770,B00628,3.623906672220222e-06,0.7,0,ML probability below threshold,same state; 1 strong conflict(s),LOW
A00651,B00134,6.424740922193262e-08,0.7,0,ML probability below threshold,1 strong conflict(s),LOW
A00319,B00939,0.012604168786881283,0.7,0,Geographic similarity without identity evidence,same city; same state; geographic-only evidence; 2 strong conflict(s),LOW
A00159,B00389,3.0650684900665966e-06,0.7,0,ML probability below threshold,2 strong conflict(s),LOW
A00924,B00786,6.38863863447274e-05,0.7,0,ML probability below threshold,2 strong conflict(s),LOW
A00395,B00037,1.8564751245497095e-06,0.7,0,ML probability below threshold,2 strong conflict(s),LOW
A00679,B00749,1.9106832117599316e-05,0.7,0,ML probability below threshold,2 strong conflict(s),LOW
A00067,B00007,0.09267571079407921,0.7,0,Geographic similarity without identity evidence,same city; same state; geographic-only evidence; 1 strong conflict(s),LOW
A00851,B00983,1.011139740340611e-07,0.7,0,ML probability below threshold,2 strong conflict(s),LOW
A00698,B00158,0.11766304104728297,0.7,0,Geographic similarity without identity evidence,same city; same state; geographic-only evidence; 2 strong conflict(s),LOW
A00439,B00199,0.060615399781651,0.7,0,Geographic similarity without identity evidence,same city; same state; geographic-only evidence; 2 strong conflict(s),LOW
A00302,B00102,0.7786715593977112,0.7,0,Geographic similarity without identity evidence,same city; same state; geographic-only evidence; 1 strong conflict(s),MEDIUM
A00069,B00445,5.813749534592902e-06,0.7,0,ML probability below threshold,1 strong conflict(s),LOW
A00690,B00530,0.8505932336900113,0.7,0,Geographic similarity without identity evidence,same city; same state; geographic-only evidence; 1 strong conflict(s),MEDIUM
A00058,B00878,0.6511008624872006,0.7,0,Geographic similarity without identity evidence,same city; same state; geographic-only evidence; 2 strong conflict(s),LOW
A00367,B00894,9.064358148265913e-07,0.7,0,ML probability below threshold,2 strong conflict(s),LOW
A00512,B00097,1.8500829106888067e-05,0.7,0,ML probability below threshold,1 strong conflict(s),LOW
A00535,B00298,2.060945789280601e-09,0.7,0,ML probability below threshold,2 strong conflict(s),LOW
A00348,B00808,0.6142969596364468,0.7,0,Geographic similarity without identity evidence,same city; same state; geographic-only evidence; 2 strong conflict(s),LOW
A00011,B00071,0.4539800627094643,0.7,0,Geographic similarity without identity evidence,same city; same state; geographic-only evidence; 1 strong conflict(s),LOW
A00363,B00983,0.5316110232393508,0.7,0,Geographic similarity without identity evidence,same city; same state; geographic-only evidence; 2 strong conflict(s),LOW
A00413,B00213,0.97171392218017,0.7,0,Geographic similarity without identity evidence,same city; same state; geographic-only evidence; 1 strong conflict(s),HIGH
A00704,B00604,0.9655228541633948,0.7,0,Geographic similarity without identity evidence,same city; same state; geographic-only evidence; 2 strong conflict(s),HIGH
A00205,B00797,4.542000723943202e-06,0.7,0,ML probability below threshold,2 strong conflict(s),LOW
A00148,B00494,2.2946944552254007e-10,0.7,0,Multiple conflicting identity signals,3 strong conflict(s),LOW
A00035,B00650,5.300829754453297e-06,0.7,0,ML probability below threshold,2 strong conflict(s),LOW
A00448,B00851,3.8503837142912685e-09,0.7,0,ML probability below threshold,limited evidence,LOW
A00434,B00154,0.1404541426326884,0.7,0,Geographic similarity without identity evidence,same city; same state; geographic-only evidence; 2 strong conflict(s),LOW
A00386,B00666,0.1294421128096806,0.7,0,Geographic similarity without identity evidence,same city; same state; geographic-only evidence; 2 strong conflict(s),LOW
A00126,B00208,5.475204934560392e-07,0.7,0,ML probability below threshold,same state; 2 strong conflict(s),LOW
A00319,B00590,6.896599252030082e-08,0.7,0,ML probability below threshold,2 strong conflict(s),LOW
A00808,B00488,0.3002187269725601,0.7,0,Geographic similarity without identity evidence,same city; same state; geographic-only evidence; 1 strong conflict(s),LOW
A00456,B00796,0.7314355337772676,0.7,0,Geographic similarity without identity evidence,same city; same state; geographic-only evidence; 2 strong conflict(s),MEDIUM
A00954,B00454,0.8942762100844416,0.7,0,Geographic similarity without identity evidence,same city; same state; geographic-only evidence; 2 strong conflict(s),MEDIUM
A00400,B00300,0.623026048397122,0.7,0,Geographic similarity without identity evidence,same city; same state; geographic-only evidence; 2 strong conflict(s),LOW
A00459,B00803,1.5803300353034142e-07,0.7,0,ML probability below threshold,2 strong conflict(s),LOW
A00249,B00860,2.641385925849536e-10,0.7,0,Multiple conflicting identity signals,4 strong conflict(s),LOW
A00443,B00885,2.101193969657504e-06,0.7,0,ML probability below threshold,2 strong conflict(s),LOW
A00714,B00814,0.9225972946651552,0.7,0,Geographic similarity without identity evidence,same city; same state; geographic-only evidence; 2 strong conflict(s),HIGH
A00603,B00682,5.339512633584734e-09,0.7,0,ML probability below threshold,2 strong conflict(s),LOW
A00519,B00097,3.5036478971210597e-09,0.7,0,ML probability below threshold,1 strong conflict(s),LOW
A00268,B00303,1.3606384097875091e-05,0.7,0,ML probability below threshold,same state; 1 strong conflict(s),LOW
A00086,B00112,3.2076844084901666e-08,0.7,0,ML probability below threshold,limited evidence,LOW
A00349,B00959,3.41590782278493e-08,0.7,0,ML probability below threshold,2 strong conflict(s),LOW
A00887,B00006,1.5117038566592768e-05,0.7,0,ML probability below threshold,2 strong conflict(s),LOW
A00514,B00639,2.310217425462577e-08,0.7,0,ML probability below threshold,1 strong conflict(s),LOW
A00118,B00179,1.712289657281268e-06,0.7,0,ML probability below threshold,1 strong conflict(s),LOW
A00215,B00579,1.1742068887586805e-06,0.7,0,ML probability below threshold,1 strong conflict(s),LOW
A00587,B00209,7.148376996909036e-06,0.7,0,ML probability below threshold,same state,LOW
A00707,B00507,0.9451396865284042,0.7,0,Geographic similarity without identity evidence,same city; same state; geographic-only evidence; 2 strong conflict(s),HIGH
A00507,B00880,1.90620805001564e-07,0.7,0,ML probability below threshold,2 strong conflict(s),LOW
A00073,B00615,3.876967108314472e-08,0.7,0,ML probability below threshold,1 strong conflict(s),LOW
A00497,B00891,9.801410316723733e-05,0.7,0,Insufficient identity evidence,1 strong conflict(s),LOW
A00495,B00835,0.012848878863344975,0.7,0,Geographic similarity without identity evidence,same city; same state; geographic-only evidence; 2 strong conflict(s),LOW
A00897,B00937,0.24236282387609875,0.7,0,Geographic similarity without identity evidence,same city; same state; geographic-only evidence; 2 strong conflict(s),LOW
A00469,B00525,2.628964545481145e-07,0.7,0,ML probability below threshold,1 strong conflict(s),LOW
A00267,B00907,0.028279907339928464,0.7,0,Geographic similarity without identity evidence,same city; same state; geographic-only evidence; 2 strong conflict(s),LOW
A00258,B00058,0.9168452896207755,0.7,0,Geographic similarity without identity evidence,same city; same state; geographic-only evidence; 1 strong conflict(s),HIGH
A00761,B00992,1.0921997358978302e-06,0.7,0,ML probability below threshold,2 strong conflict(s),LOW
A00784,B00595,1.7182778337877045e-07,0.7,0,ML probability below threshold,2 strong conflict(s),LOW
A00894,B00310,4.135118956812282e-08,0.7,0,ML probability below threshold,2 strong conflict(s),LOW
A00418,B00914,8.109846256310998e-07,0.7,0,ML probability below threshold,1 strong conflict(s),LOW
A00912,B00352,0.011926495647029882,0.7,0,Geographic similarity without identity evidence,same city; same state; geographic-only evidence; 1 strong conflict(s),LOW
A00994,B00846,2.715015514347242e-07,0.7,0,Multiple conflicting identity signals,3 strong conflict(s),LOW
A00071,B00091,0.6536023959202842,0.7,0,Geographic similarity without identity evidence,same city; same state; geographic-only evidence; 2 strong conflict(s),LOW
A00228,B00605,1.2699191933508759e-08,0.7,0,ML probability below threshold,2 strong conflict(s),LOW
A00154,B00356,1.5151704135506426e-10,0.7,0,Multiple conflicting identity signals,3 strong conflict(s),LOW
A00016,B00593,0.00038900056057748447,0.7,0,ML probability below threshold,2 strong conflict(s),LOW
A00433,B00369,1.2474633883079675e-08,0.7,0,Multiple conflicting identity signals,3 strong conflict(s),LOW
A00142,B00422,0.24758421457875776,0.7,0,Geographic similarity without identity evidence,same city; same state; geographic-only evidence; 1 strong conflict(s),LOW
A00136,B00696,0.04218059209096526,0.7,0,Geographic similarity without identity evidence,same city; same state; geographic-only evidence; 2 strong conflict(s),LOW
A00665,B00950,1.3172136438495767e-06,0.7,0,ML probability below threshold,2 strong conflict(s),LOW
A00340,B00111,1.8481205407539685e-07,0.7,0,ML probability below threshold,2 strong conflict(s),LOW
A00133,B00868,7.899159040609188e-09,0.7,0,ML probability below threshold,2 strong conflict(s),LOW
A00357,B00152,6.985018003557331e-07,0.7,0,ML probability below threshold,2 strong conflict(s),LOW
A00529,B00638,2.7802888683620602e-09,0.7,0,ML probability below threshold,2 strong conflict(s),LOW
A00711,B00560,2.3744635229298534e-08,0.7,0,ML probability below threshold,2 strong conflict(s),LOW
A00507,B00672,8.933730688644197e-06,0.7,0,ML probability below threshold,2 strong conflict(s),LOW
A00484,B00827,1.2643898357557692e-08,0.7,0,ML probability below threshold,2 strong conflict(s),LOW
A00557,B00077,0.8775038506209204,0.7,0,Geographic similarity without identity evidence,same city; same state; geographic-only evidence; 2 strong conflict(s),MEDIUM
A00815,B00615,0.26579923893439017,0.7,0,Geographic similarity without identity evidence,same city; same state; geographic-only evidence; 1 strong conflict(s),LOW
A00444,B00836,2.457228106511816e-07,0.7,0,ML probability below threshold,2 strong conflict(s),LOW
A00724,B00604,0.23354909621319705,0.7,0,Geographic similarity without identity evidence,same city; same state; geographic-only evidence; 2 strong conflict(s),LOW
A00258,B00842,0.0005515334443402442,0.7,0,Insufficient identity evidence,1 strong conflict(s),LOW
A00082,B00279,1.0043096966345308e-07,0.7,0,ML probability below threshold,2 strong conflict(s),LOW
A00550,B00650,0.8954537168874772,0.7,1,ML probability above threshold,same city; same state; 2 strong conflict(s),MEDIUM
A00687,B00287,0.9180563573960636,0.7,0,Geographic similarity without identity evidence,same city; same state; geographic-only evidence; 1 strong conflict(s),HIGH
A00850,B00448,0.0025259922754170333,0.7,0,Multiple conflicting identity signals,same state; 3 strong conflict(s),LOW
A00802,B00229,4.2918870529094307e-08,0.7,0,ML probability below threshold,2 strong conflict(s),LOW
A00231,B00442,3.931459755111928e-09,0.7,0,ML probability below threshold,1 strong conflict(s),LOW
A00152,B00592,0.02867835022774423,0.7,0,Geographic similarity without identity evidence,same city; same state; geographic-only evidence; 1 strong conflict(s),LOW
A00143,B00463,0.40545798608062494,0.7,0,Geographic similarity without identity evidence,same city; same state; geographic-only evidence; 2 strong conflict(s),LOW
A00585,B00384,7.177743435129622e-08,0.7,0,ML probability below threshold,2 strong conflict(s),LOW
A00592,B00204,2.224125925955488e-08,0.7,0,ML probability below threshold,2 strong conflict(s),LOW
A00150,B00531,1.449676790635925e-09,0.7,0,ML probability below threshold,2 strong conflict(s),LOW
A00008,B00388,0.10151887473610921,0.7,0,Geographic similarity without identity evidence,same city; same state; geographic-only evidence; 2 strong conflict(s),LOW
A00409,B00670,1.3669483386746256e-09,0.7,0,ML probability below threshold,2 strong conflict(s),LOW
A00973,B00116,4.607364556852652e-08,0.7,0,Insufficient identity evidence,1 strong conflict(s),LOW
A00681,B00032,3.8401706986570883e-07,0.7,0,ML probability below threshold,2 strong conflict(s),LOW
A00661,B00201,0.07103898734784414,0.7,0,Geographic similarity without identity evidence,same city; same state; geographic-only evidence; 2 strong conflict(s),LOW
A00203,B00814,0.00032549464476605214,0.7,0,ML probability below threshold,2 strong conflict(s),LOW
A00889,B00235,8.321697738676656e-09,0.7,0,ML probability below threshold,2 strong conflict(s),LOW
A00123,B00858,3.2154659750360843e-09,0.7,0,ML probability below threshold,2 strong conflict(s),LOW
A00738,B00569,4.4625841050782e-07,0.7,0,ML probability below threshold,2 strong conflict(s),LOW
A00524,B00304,0.03136720215401319,0.7,0,Geographic similarity without identity evidence,same city; same state; geographic-only evidence; 1 strong conflict(s),LOW
A00722,B00334,9.187977796441332e-09,0.7,0,ML probability below threshold,1 strong conflict(s),LOW
A00803,B00887,1.3890452083563533e-05,0.7,0,ML probability below threshold,2 strong conflict(s),LOW
A00529,B00475,2.1023247164920926e-08,0.7,0,Multiple conflicting identity signals,3 strong conflict(s),LOW
A00916,B00071,4.830830040042776e-07,0.7,0,ML probability below threshold,same state; 1 strong conflict(s),LOW
A00581,B00941,0.06282076655187775,0.7,0,Geographic similarity without identity evidence,same city; same state; geographic-only evidence; 2 strong conflict(s),LOW
A00907,B00288,1.5077159815521162e-08,0.7,0,ML probability below threshold,2 strong conflict(s),LOW
A00227,B00513,1.5184151517115365e-07,0.7,0,ML probability below threshold,1 strong conflict(s),LOW
A00375,B00745,2.5093984697339506e-09,0.7,0,ML probability below threshold,2 strong conflict(s),LOW
A00168,B00808,0.15086461457545577,0.7,0,Geographic similarity without identity evidence,same city; same state; geographic-only evidence; 2 strong conflict(s),LOW
A00979,B00439,0.035750999135482076,0.7,0,Geographic similarity without identity evidence,same city; same state; geographic-only evidence; 2 strong conflict(s),LOW
A00066,B00110,8.658488199041047e-05,0.7,0,ML probability below threshold,same state; 2 strong conflict(s),LOW
A00408,B00315,4.667522476526142e-09,0.7,0,ML probability below threshold,1 strong conflict(s),LOW
A00744,B00664,0.25785646026129005,0.7,0,Geographic similarity without identity evidence,same city; same state; geographic-only evidence; 2 strong conflict(s),LOW
A00856,B00658,1.067067947114558e-09,0.7,0,ML probability below threshold,2 strong conflict(s),LOW
A00580,B00858,7.674889940966266e-09,0.7,0,ML probability below threshold,2 strong conflict(s),LOW
A00730,B00091,1.401878655007038e-06,0.7,0,ML probability below threshold,2 strong conflict(s),LOW
A00785,B00360,1.0834528604131548e-08,0.7,0,ML probability below threshold,2 strong conflict(s),LOW
A00649,B00115,3.391108785723708e-07,0.7,0,ML probability below threshold,1 strong conflict(s),LOW
A00653,B00324,4.3229942881411805e-06,0.7,0,ML probability below threshold,2 strong conflict(s),LOW
A00454,B00155,3.1618734747053128e-06,0.7,0,ML probability below threshold,1 strong conflict(s),LOW
A00631,B00411,0.008430731127765123,0.7,0,Geographic similarity without identity evidence,same city; same state; geographic-only evidence; 2 strong conflict(s),LOW
A00833,B00654,2.701183247337683e-08,0.7,0,ML probability below threshold,2 strong conflict(s),LOW
A00955,B00595,0.6360808863661187,0.7,0,Geographic similarity without identity evidence,same city; same state; geographic-only evidence; 2 strong conflict(s),LOW
A00727,B00007,0.03250035166522367,0.7,0,Geographic similarity without identity evidence,same city; same state; geographic-only evidence; 1 strong conflict(s),LOW
A00508,B00728,0.9363699883651274,0.7,0,Geographic similarity without identity evidence,same city; same state; geographic-only evidence; 1 strong conflict(s),HIGH
A00776,B00596,0.01434940395117963,0.7,0,Geographic similarity without identity evidence,same city; same state; geographic-only evidence; 1 strong conflict(s),LOW
A00105,B00997,1.367338238780337e-06,0.7,0,Multiple conflicting identity signals,3 strong conflict(s),LOW
A00699,B00043,1.6032704804052704e-09,0.7,0,Multiple conflicting identity signals,3 strong conflict(s),LOW
A00620,B00500,0.9829531388082172,0.7,0,Geographic similarity without identity evidence,same city; same state; geographic-only evidence; 2 strong conflict(s),HIGH
A00655,B00408,4.6880887169346064e-07,0.7,0,ML probability below threshold,2 strong conflict(s),LOW
A00367,B00363,2.1910375719130244e-08,0.7,0,ML probability below threshold,2 strong conflict(s),LOW
A00165,B00970,1.0491228968780867e-08,0.7,0,ML probability below threshold,1 strong conflict(s),LOW
A00885,B00829,1.92968190973155e-06,0.7,0,ML probability below threshold,1 strong conflict(s),LOW
A00426,B00957,6.220628317586075e-09,0.7,0,ML probability below threshold,2 strong conflict(s),LOW
A00327,B00072,4.141146782307491e-05,0.7,0,ML probability below threshold,2 strong conflict(s),LOW
A00655,B00717,5.171114310482942e-08,0.7,0,ML probability below threshold,2 strong conflict(s),LOW
A00017,B00717,0.31522773434882095,0.7,0,Geographic similarity without identity evidence,same city; same state; geographic-only evidence; 2 strong conflict(s),LOW
A00287,B00496,1.5058878032176802e-06,0.7,0,Multiple conflicting identity signals,3 strong conflict(s),LOW
A00159,B00699,0.6826793538449033,0.7,0,Geographic similarity without identity evidence,same city; same state; geographic-only evidence; 1 strong conflict(s),LOW
A00249,B00267,1.1435461319399781e-05,0.7,0,Multiple conflicting identity signals,same state; 3 strong conflict(s),LOW
A00807,B00972,3.0493870797364454e-06,0.7,0,ML probability below threshold,2 strong conflict(s),LOW
A00228,B00148,0.10025837815033932,0.7,0,Geographic similarity without identity evidence,same city; same state; geographic-only evidence; 2 strong conflict(s),LOW
A00087,B00999,3.481121389103587e-06,0.7,0,ML probability below threshold,2 strong conflict(s),LOW
A00776,B00496,0.13343193141478873,0.7,0,Geographic similarity without identity evidence,same city; same state; geographic-only evidence; 3 strong conflict(s),LOW
A00864,B00588,3.395742615917505e-06,0.7,0,ML probability below threshold,2 strong conflict(s),LOW
A00058,B00864,0.005716600825191035,0.7,0,ML probability below threshold,1 strong conflict(s),LOW
A00420,B00200,0.04471040236767181,0.7,0,Geographic similarity without identity evidence,same city; same state; geographic-only evidence; 1 strong conflict(s),LOW
A00734,B00512,1.0721966844349078e-07,0.7,0,ML probability below threshold,1 strong conflict(s),LOW
A00116,B00165,3.625203742058839e-05,0.7,0,ML probability below threshold,1 strong conflict(s),LOW
A00652,B00926,2.64197266652842e-06,0.7,0,ML probability below threshold,2 strong conflict(s),LOW
A00239,B00969,3.080249383100443e-07,0.7,0,Multiple conflicting identity signals,3 strong conflict(s),LOW
A00517,B00986,1.8406327502585657e-07,0.7,0,ML probability below threshold,2 strong conflict(s),LOW
A00202,B00110,2.836008344168726e-09,0.7,0,ML probability below threshold,2 strong conflict(s),LOW
A00789,B00229,0.44999529719173675,0.7,0,Geographic similarity without identity evidence,same city; same state; geographic-only evidence; 2 strong conflict(s),LOW
A00940,B00840,0.1355159350769371,0.7,0,Geographic similarity without identity evidence,same city; same state; geographic-only evidence; 1 strong conflict(s),LOW
A00359,B00502,3.2246214204099493e-06,0.7,0,ML probability below threshold,2 strong conflict(s),LOW
A00820,B00480,0.648982322434541,0.7,0,Geographic similarity without identity evidence,same city; same state; geographic-only evidence; 2 strong conflict(s),LOW
A00306,B00522,1.0451690066483753e-07,0.7,0,ML probability below threshold,2 strong conflict(s),LOW
A00474,B00745,1.0147079019627594e-09,0.7,0,ML probability below threshold,2 strong conflict(s),LOW
A00971,B00111,0.11161639573950931,0.7,0,Geographic similarity without identity evidence,same city; same state; geographic-only evidence; 3 strong conflict(s),LOW
A00465,B00645,0.06503358028856941,0.7,0,Geographic similarity without identity evidence,same city; same state; geographic-only evidence; 2 strong conflict(s),LOW
A00627,B00807,0.156543717546824,0.7,0,Geographic similarity without identity evidence,same city; same state; geographic-only evidence; 2 strong conflict(s),LOW
A00813,B00276,1.4302889492725177e-08,0.7,0,ML probability below threshold,limited evidence,LOW
A00157,B00523,3.216548620198766e-07,0.7,0,ML probability below threshold,2 strong conflict(s),LOW
A00997,B00537,0.030358114632861484,0.7,0,Geographic similarity without identity evidence,same city; same state; geographic-only evidence; 2 strong conflict(s),LOW
A00168,B00664,6.082279097305115e-11,0.7,0,ML probability below threshold,2 strong conflict(s),LOW
A00807,B00707,0.5261239802552944,0.7,0,Geographic similarity without identity evidence,same city; same state; geographic-only evidence; 3 strong conflict(s),LOW
A00914,B00281,3.787474645764986e-09,0.7,0,Insufficient identity evidence,1 strong conflict(s),LOW
A00890,B00481,3.784349260551809e-07,0.7,0,ML probability below threshold,2 strong conflict(s),LOW
A00278,B00176,5.10566679147106e-09,0.7,0,Multiple conflicting identity signals,3 strong conflict(s),LOW
A00570,B00115,1.971633988895157e-08,0.7,0,ML probability below threshold,1 strong conflict(s),LOW
A00009,B00716,1.1145255546984393e-07,0.7,0,ML probability below threshold,2 strong conflict(s),LOW
A00632,B00295,2.8279811113575254e-07,0.7,0,ML probability below threshold,1 strong conflict(s),LOW
A00237,B00270,1.6685123439575424e-06,0.7,0,ML probability below threshold,2 strong conflict(s),LOW
A00909,B00206,2.0692239995203138e-08,0.7,0,ML probability below threshold,2 strong conflict(s),LOW
A00732,B00252,0.8081040420487763,0.7,0,Geographic similarity without identity evidence,same city; same state; geographic-only evidence; 1 strong conflict(s),MEDIUM
A00216,B00536,0.7274035623005787,0.7,0,Geographic similarity without identity evidence,same city; same state; geographic-only evidence; 2 strong conflict(s),MEDIUM
A00845,B00985,0.14073919281621763,0.7,0,Geographic similarity without identity evidence,same city; same state; geographic-only evidence; 2 strong conflict(s),LOW
A00768,B00923,5.7047880779126e-07,0.7,0,ML probability below threshold,same state; 1 strong conflict(s),LOW
A00677,B00294,1.2865165802121467e-09,0.7,0,ML probability below threshold,1 strong conflict(s),LOW
A00200,B00004,0.0001339997624690423,0.7,0,ML probability below threshold,2 strong conflict(s),LOW
A00886,B00665,0.030367759656650554,0.7,0,ML probability below threshold,2 strong conflict(s),LOW
A00892,B00557,7.864866350096607e-08,0.7,0,ML probability below threshold,2 strong conflict(s),LOW
A00700,B00280,0.9363414977075727,0.7,0,Geographic similarity without identity evidence,same city; same state; geographic-only evidence; 2 strong conflict(s),HIGH
A00122,B00024,2.0928117074121306e-07,0.7,0,ML probability below threshold,2 strong conflict(s),LOW
A00211,B00171,0.012484175887527437,0.7,0,Geographic similarity without identity evidence,same city; same state; geographic-only evidence; 2 strong conflict(s),LOW
A00775,B00849,9.283262893602135e-08,0.7,0,ML probability below threshold,2 strong conflict(s),LOW
A00088,B00588,0.9060873255870344,0.7,0,Geographic similarity without identity evidence,same city; same state; geographic-only evidence; 2 strong conflict(s),HIGH
A00308,B00941,5.112258311207633e-09,0.7,0,ML probability below threshold,2 strong conflict(s),LOW
A00835,B00423,4.421078056960353e-08,0.7,0,Multiple conflicting identity signals,3 strong conflict(s),LOW
A00618,B00339,3.417011422321992e-08,0.7,0,ML probability below threshold,2 strong conflict(s),LOW
A00545,B00984,2.1112846583220922e-08,0.7,0,ML probability below threshold,1 strong conflict(s),LOW
A00160,B00620,0.6513736350942123,0.7,0,Geographic similarity without identity evidence,same city; same state; geographic-only evidence; 2 strong conflict(s),LOW
A00630,B00707,5.68511398818028e-10,0.7,0,ML probability below threshold,2 strong conflict(s),LOW
A00403,B00438,3.823624507706036e-09,0.7,0,Multiple conflicting identity signals,3 strong conflict(s),LOW
A00947,B00155,2.5068522424586675e-05,0.7,0,ML probability below threshold,2 strong conflict(s),LOW
A00152,B00132,0.010539174276231467,0.7,0,Geographic similarity without identity evidence,same city; same state; geographic-only evidence; 2 strong conflict(s),LOW
A00829,B00948,1.403711832106025e-09,0.7,0,ML probability below threshold,2 strong conflict(s),LOW
A00185,B00281,1.623777599601174e-07,0.7,0,ML probability below threshold,limited evidence,LOW
A00961,B00910,1.472874633748087e-09,0.7,0,ML probability below threshold,1 strong conflict(s),LOW
A00433,B00877,6.198550757020385e-09,0.7,0,ML probability below threshold,2 strong conflict(s),LOW
A00512,B00771,8.895245203577595e-08,0.7,0,ML probability below threshold,2 strong conflict(s),LOW
A00820,B00869,4.8544879819157503e-08,0.7,0,ML probability below threshold,limited evidence,LOW
A00384,B00204,0.19373325220061255,0.7,0,Geographic similarity without identity evidence,same city; same state; geographic-only evidence; 2 strong conflict(s),LOW
A00124,B00590,4.543874303865664e-07,0.7,0,ML probability below threshold,2 strong conflict(s),LOW
A00736,B00999,3.771887609679758e-05,0.7,0,ML probability below threshold,2 strong conflict(s),LOW
A00123,B00703,0.5553875511249632,0.7,0,Geographic similarity without identity evidence,same city; same state; geographic-only evidence; 1 strong conflict(s),LOW
A00146,B00883,1.14263002826984e-06,0.7,0,ML probability below threshold,same state,LOW
A00379,B00725,2.2553632062284225e-06,0.7,0,ML probability below threshold,1 strong conflict(s),LOW
A00487,B00323,1.048541930994771e-06,0.7,0,ML probability below threshold,2 strong conflict(s),LOW
A00764,B00044,0.17676661704733684,0.7,0,Geographic similarity without identity evidence,same city; same state; geographic-only evidence; 2 strong conflict(s),LOW
A00779,B00108,4.911510456452046e-08,0.7,0,ML probability below threshold,2 strong conflict(s),LOW
A00227,B00019,7.618028959756e-08,0.7,0,ML probability below threshold,2 strong conflict(s),LOW
A00983,B00303,0.2559462192601412,0.7,0,Geographic similarity without identity evidence,same city; same state; geographic-only evidence; 2 strong conflict(s),LOW
A00194,B00611,5.275796497423111e-08,0.7,0,Multiple conflicting identity signals,3 strong conflict(s),LOW
A00266,B00446,0.06303400354252368,0.7,0,Geographic similarity without identity evidence,same city; same state; geographic-only evidence; 2 strong conflict(s),LOW
A00418,B00182,2.163847390895085e-07,0.7,0,ML probability below threshold,1 strong conflict(s),LOW
A00956,B00496,0.1789839864318285,0.7,0,Geographic similarity without identity evidence,same city; same state; geographic-only evidence; 2 strong conflict(s),LOW
A00811,B00431,0.5085324154917203,0.7,0,Geographic similarity without identity evidence,same city; same state; geographic-only evidence; 2 strong conflict(s),LOW
A00596,B00696,0.16086598671597008,0.7,0,Geographic similarity without identity evidence,same city; same state; geographic-only evidence; 2 strong conflict(s),LOW
A00616,B00596,0.1356222903549487,0.7,0,Geographic similarity without identity evidence,same city; same state; geographic-only evidence; 1 strong conflict(s),LOW
A00253,B00312,2.1554545291892763e-05,0.7,0,ML probability below threshold,2 strong conflict(s),LOW
A00217,B00615,1.1011457444575434e-07,0.7,0,ML probability below threshold,1 strong conflict(s),LOW
A00894,B00294,0.2637234539776851,0.7,0,Geographic similarity without identity evidence,same city; same state; geographic-only evidence; 1 strong conflict(s),LOW
A00539,B00059,0.33060939476717666,0.7,0,Geographic similarity without identity evidence,same city; same state; geographic-only evidence; 2 strong conflict(s),LOW
A00875,B00261,3.4403796595566395e-05,0.7,0,ML probability below threshold,1 strong conflict(s),LOW
A00475,B00021,4.103979060207352e-08,0.7,0,ML probability below threshold,2 strong conflict(s),LOW
A00172,B00335,0.0009993229871613637,0.7,0,ML probability below threshold,2 strong conflict(s),LOW
A00254,B00214,0.01461974641543388,0.7,0,Geographic similarity without identity evidence,same city; same state; geographic-only evidence; 2 strong conflict(s),LOW
A00112,B00836,1.795671977720429e-08,0.7,0,Multiple conflicting identity signals,3 strong conflict(s),LOW
A00741,B00913,7.768663750123881e-09,0.7,0,Multiple conflicting identity signals,3 strong conflict(s),LOW
A00818,B00098,0.19986201112507812,0.7,0,Geographic similarity without identity evidence,same city; same state; geographic-only evidence; 1 strong conflict(s),LOW
A00344,B00304,0.07400986500417371,0.7,0,Geographic similarity without identity evidence,same city; same state; geographic-only evidence; 2 strong conflict(s),LOW
A00203,B00326,2.817526143543843e-05,0.7,0,Insufficient identity evidence,same state; 1 strong conflict(s),LOW
A00681,B00423,1.0446653074053647e-06,0.7,0,ML probability below threshold,2 strong conflict(s),LOW
A00383,B00403,0.18907153879650862,0.7,0,Geographic similarity without identity evidence,same city; same state; geographic-only evidence; 2 strong conflict(s),LOW
A00418,B00613,8.168883952539011e-08,0.7,0,ML probability below threshold,1 strong conflict(s),LOW
A00855,B00535,0.41727370307180595,0.7,0,Geographic similarity without identity evidence,same city; same state; geographic-only evidence; 1 strong conflict(s),LOW
A00006,B00386,0.9032354224123617,0.7,0,Geographic similarity without identity evidence,same city; same state; geographic-only evidence; 2 strong conflict(s),HIGH
A00702,B00254,2.9931208473458913e-05,0.7,0,ML probability below threshold,1 strong conflict(s),LOW
A00408,B00511,8.491674203073617e-08,0.7,0,ML probability below threshold,2 strong conflict(s),LOW
A00000,B00352,2.897568730553033e-07,0.7,0,ML probability below threshold,1 strong conflict(s),LOW
A00062,B00545,9.49408165685762e-09,0.7,0,ML probability below threshold,2 strong conflict(s),LOW
A00009,B00980,1.3282805595792031e-05,0.7,0,ML probability below threshold,2 strong conflict(s),LOW
A00802,B00133,2.8572929888892893e-08,0.7,0,ML probability below threshold,2 strong conflict(s),LOW
A00845,B00481,1.179500164039468e-07,0.7,0,ML probability below threshold,2 strong conflict(s),LOW
A00708,B00228,0.589102776026816,0.7,0,Geographic similarity without identity evidence,same city; same state; geographic-only evidence; 3 strong conflict(s),LOW
A00336,B00674,1.4181713999203294e-10,0.7,0,Multiple conflicting identity signals,3 strong conflict(s),LOW
A00895,B00466,5.148507634141679e-08,0.7,0,ML probability below threshold,1 strong conflict(s),LOW
A00288,B00690,1.3153641428748227e-06,0.7,0,ML probability below threshold,same state; 1 strong conflict(s),LOW
A00932,B00512,0.07155857643228565,0.7,0,Geographic similarity without identity evidence,same city; same state; geographic-only evidence; 1 strong conflict(s),LOW
A00537,B00899,2.884191110814013e-07,0.7,0,ML probability below threshold,2 strong conflict(s),LOW
A00558,B00538,0.9966914251987067,0.7,1,ML probability above threshold,same city; 2 strong conflict(s),HIGH
A00049,B00709,0.4709963843915887,0.7,0,Geographic similarity without identity evidence,same city; same state; geographic-only evidence; 1 strong conflict(s),LOW
A00251,B00412,1.4095578326404327e-08,0.7,0,Multiple conflicting identity signals,3 strong conflict(s),LOW
A00005,B00361,4.149154465137867e-06,0.7,0,ML probability below threshold,2 strong conflict(s),LOW
A00703,B00675,9.226944160810508e-09,0.7,0,ML probability below threshold,2 strong conflict(s),LOW
A00934,B00464,8.26888133571694e-08,0.7,0,Multiple conflicting identity signals,3 strong conflict(s),LOW
A00994,B00893,0.0003918683568043796,0.7,0,Multiple conflicting identity signals,3 strong conflict(s),LOW
A00326,B00681,2.452627373751943e-07,0.7,0,ML probability below threshold,2 strong conflict(s),LOW
A00156,B00431,0.00033194218124257905,0.7,0,ML probability below threshold,same state; 2 strong conflict(s),LOW
A00413,B00433,0.2756303528049095,0.7,0,Geographic similarity without identity evidence,same city; same state; geographic-only evidence; 2 strong conflict(s),LOW
A00629,B00108,1.1377101473173438e-08,0.7,0,ML probability below threshold,2 strong conflict(s),LOW
A00207,B00756,2.6428842054861772e-08,0.7,0,ML probability below threshold,2 strong conflict(s),LOW
A00898,B00331,5.33742184165024e-10,0.7,0,ML probability below threshold,2 strong conflict(s),LOW
A00765,B00692,7.791027311512078e-06,0.7,0,ML probability below threshold,2 strong conflict(s),LOW
A00685,B00323,4.862442511473721e-09,0.7,0,ML probability below threshold,2 strong conflict(s),LOW
A00771,B00689,3.627488385108134e-07,0.7,0,ML probability below threshold,1 strong conflict(s),LOW
A00173,B00509,1.0599102807615232e-08,0.7,0,ML probability below threshold,1 strong conflict(s),LOW
A00265,B00361,1.6158814533358805e-07,0.7,0,ML probability below threshold,2 strong conflict(s),LOW
A00327,B00955,2.0299972128477882e-05,0.7,0,ML probability below threshold,2 strong conflict(s),LOW
A00011,B00396,3.7456802743172114e-05,0.7,0,ML probability below threshold,same state; 1 strong conflict(s),LOW
A00129,B00274,0.00011297668960742437,0.7,0,Multiple conflicting identity signals,3 strong conflict(s),LOW
A00872,B00720,4.076234724549252e-05,0.7,0,ML probability below threshold,1 strong conflict(s),LOW
A00990,B00347,1.3129514038356077e-06,0.7,0,ML probability below threshold,1 strong conflict(s),LOW
A00589,B00688,8.493171463642733e-10,0.7,0,ML probability below threshold,2 strong conflict(s),LOW
A00010,B00629,3.1768376219029907e-08,0.7,0,ML probability below threshold,2 strong conflict(s),LOW
A00585,B00648,7.040531889617032e-08,0.7,0,ML probability below threshold,2 strong conflict(s),LOW
A00817,B00667,3.1553004877940015e-07,0.7,0,ML probability below threshold,2 strong conflict(s),LOW
A00246,B00366,0.0015707438730948584,0.7,0,Geographic similarity without identity evidence,same city; same state; geographic-only evidence; 2 strong conflict(s),LOW
A00985,B00205,0.45676979362166337,0.7,0,Geographic similarity without identity evidence,same city; same state; geographic-only evidence; 2 strong conflict(s),LOW
A00280,B00134,9.843052786927358e-08,0.7,0,ML probability below threshold,1 strong conflict(s),LOW
A00612,B00964,1.045405538751382e-06,0.7,0,Insufficient identity evidence,1 strong conflict(s),LOW
A00073,B00421,3.452248219853321e-06,0.7,0,ML probability below threshold,1 strong conflict(s),LOW
A00923,B00860,1.0075894888960616e-10,0.7,0,ML probability below threshold,1 strong conflict(s),LOW
A00144,B00274,1.1867724597589383e-05,0.7,0,ML probability below threshold,2 strong conflict(s),LOW
A00297,B00734,1.3969579552097268e-08,0.7,0,ML probability below threshold,2 strong conflict(s),LOW
A00062,B00572,4.39547740654253e-09,0.7,0,ML probability below threshold,2 strong conflict(s),LOW
A00452,B00744,7.646009481046366e-08,0.7,0,ML probability below threshold,2 strong conflict(s),LOW
A00256,B00976,0.1615624574841697,0.7,0,Geographic similarity without identity evidence,same city; same state; geographic-only evidence; 1 strong conflict(s),LOW
A00946,B00753,1.467204666939012e-09,0.7,0,Multiple conflicting identity signals,3 strong conflict(s),LOW
A00454,B00021,6.973545125573991e-10,0.7,0,ML probability below threshold,2 strong conflict(s),LOW
A00097,B00859,4.167336727742696e-08,0.7,0,ML probability below threshold,2 strong conflict(s),LOW
A00912,B00252,0.030764086818573184,0.7,0,Geographic similarity without identity evidence,same city; same state; geographic-only evidence; 1 strong conflict(s),LOW
A00953,B00413,0.6043879388104881,0.7,0,Geographic similarity without identity evidence,same city; same state; geographic-only evidence; 2 strong conflict(s),LOW
A00550,B00941,1.2258589366381102e-08,0.7,0,ML probability below threshold,2 strong conflict(s),LOW
A00859,B00199,0.8865177621229561,0.7,0,Geographic similarity without identity evidence,same city; same state; geographic-only evidence; 2 strong conflict(s),MEDIUM
A00887,B00997,3.0917474880541786e-05,0.7,0,ML probability below threshold,2 strong conflict(s),LOW
A00521,B00421,0.8972972153633103,0.7,0,Geographic similarity without identity evidence,same city; same state; geographic-only evidence; 1 strong conflict(s),MEDIUM
A00151,B00891,0.890202663346963,0.7,0,Geographic similarity without identity evidence,same city; same state; geographic-only evidence; 1 strong conflict(s),MEDIUM
A00201,B00154,4.3351716508199053e-07,0.7,0,ML probability below threshold,2 strong conflict(s),LOW
A00678,B00584,1.1977164916290886e-07,0.7,0,ML probability below threshold,2 strong conflict(s),LOW
A00504,B00894,1.6282269485238037e-08,0.7,0,Multiple conflicting identity signals,3 strong conflict(s),LOW
A00426,B00586,0.424351881090224,0.7,0,Geographic similarity without identity evidence,same city; same state; geographic-only evidence; 3 strong conflict(s),LOW
A00591,B00203,4.214994831921664e-09,0.7,0,ML probability below threshold,2 strong conflict(s),LOW
A00240,B00840,0.8103250369550009,0.7,0,Geographic similarity without identity evidence,same city; same state; geographic-only evidence; 1 strong conflict(s),MEDIUM
A00176,B00496,0.5085258149577895,0.7,0,Geographic similarity without identity evidence,same city; same state; geographic-only evidence; 2 strong conflict(s),LOW
A00684,B00615,1.957996682404047e-07,0.7,0,ML probability below threshold,1 strong conflict(s),LOW
A00309,B00145,0.010608489539254548,0.7,0,ML probability below threshold,2 strong conflict(s),LOW
A00177,B00918,0.6014952146450667,0.7,0,ML probability below threshold,2 strong conflict(s),LOW
A00437,B00561,5.295193002580276e-06,0.7,0,ML probability below threshold,2 strong conflict(s),LOW
A00338,B00237,2.7891936083427793e-09,0.7,0,Multiple conflicting identity signals,3 strong conflict(s),LOW
A00028,B00548,0.5774851415139246,0.7,0,Geographic similarity without identity evidence,same city; same state; geographic-only evidence; 1 strong conflict(s),LOW
A00708,B00628,0.034062775489291,0.7,0,Geographic similarity without identity evidence,same city; same state; geographic-only evidence; 1 strong conflict(s),LOW
A00750,B00039,4.756430034132792e-05,0.7,0,ML probability below threshold,2 strong conflict(s),LOW
A00396,B00468,2.4638135811741887e-08,0.7,0,Insufficient identity evidence,1 strong conflict(s),LOW
A00964,B00539,1.4960916135330636e-08,0.7,0,ML probability below threshold,2 strong conflict(s),LOW
A00998,B00721,2.6899992943881753e-09,0.7,0,ML probability below threshold,1 strong conflict(s),LOW
A00463,B00854,8.670828576153282e-07,0.7,0,Multiple conflicting identity signals,3 strong conflict(s),LOW
A00694,B00314,0.11801536110137922,0.7,0,Geographic similarity without identity evidence,same city; same state; geographic-only evidence; 1 strong conflict(s),LOW
A00042,B00242,0.8039027330682248,0.7,0,Geographic similarity without identity evidence,same city; same state; geographic-only evidence; 2 strong conflict(s),MEDIUM
A00827,B00082,0.0032385091430559795,0.7,0,ML probability below threshold,1 strong conflict(s),LOW
A00106,B00255,1.4903821671965093e-06,0.7,0,ML probability below threshold,1 strong conflict(s),LOW
A00021,B00781,0.02649607437577831,0.7,0,Geographic similarity without identity evidence,same city; same state; geographic-only evidence; 1 strong conflict(s),LOW
A00941,B00843,4.70972648847658e-09,0.7,0,Multiple conflicting identity signals,3 strong conflict(s),LOW
A00813,B00353,0.13901743891816631,0.7,0,Geographic similarity without identity evidence,same city; same state; geographic-only evidence; 1 strong conflict(s),LOW
A00888,B00437,1.4373293479639204e-05,0.7,0,ML probability below threshold,1 strong conflict(s),LOW
A00343,B00676,2.3097674602694006e-09,0.7,0,ML probability below threshold,2 strong conflict(s),LOW
A00782,B00975,5.972319617640802e-07,0.7,0,ML probability below threshold,2 strong conflict(s),LOW
A00614,B00014,0.15731405119370928,0.7,0,Geographic similarity without identity evidence,same city; same state; geographic-only evidence; 2 strong conflict(s),LOW
A00926,B00410,1.580650381615314e-05,0.7,0,ML probability below threshold,same state; 2 strong conflict(s),LOW
A00420,B00453,5.171946278995869e-08,0.7,0,ML probability below threshold,1 strong conflict(s),LOW
A00625,B00652,8.184908879393607e-10,0.7,0,Multiple conflicting identity signals,3 strong conflict(s),LOW
A00496,B00585,1.0887788256820612e-07,0.7,0,ML probability below threshold,2 strong conflict(s),LOW
A00946,B00365,9.25763399660872e-09,0.7,0,ML probability below threshold,1 strong conflict(s),LOW
A00698,B00932,3.630527958117885e-06,0.7,0,ML probability below threshold,2 strong conflict(s),LOW
A00333,B00941,1.5415801466221737e-07,0.7,0,ML probability below threshold,2 strong conflict(s),LOW
A00841,B00995,2.200821848086529e-05,0.7,0,Insufficient identity evidence,1 strong conflict(s),LOW
A00551,B00227,1.1238152759423288e-06,0.7,0,ML probability below threshold,1 strong conflict(s),LOW
A00354,B00386,4.1234253753488785e-07,0.7,0,ML probability below threshold,2 strong conflict(s),LOW
A00092,B00767,8.165378471419454e-07,0.7,0,ML probability below threshold,1 strong conflict(s),LOW
A00291,B00897,7.421791098705832e-09,0.7,0,ML probability below threshold,1 strong conflict(s),LOW
A00478,B00546,3.2760104402248046e-09,0.7,0,ML probability below threshold,limited evidence,LOW
A00243,B00093,2.8353936889826565e-10,0.7,0,ML probability below threshold,2 strong conflict(s),LOW
A00023,B00555,0.09754144355289363,0.7,0,ML probability below threshold,limited evidence,LOW
A00087,B00147,0.10165869674497686,0.7,0,Geographic similarity without identity evidence,same city; same state; geographic-only evidence; 2 strong conflict(s),LOW
A00973,B00682,1.6688415505155832e-09,0.7,0,ML probability below threshold,2 strong conflict(s),LOW
A00371,B00309,1.7296742210611644e-05,0.7,0,ML probability below threshold,limited evidence,LOW
A00898,B00621,1.0223438239315317e-06,0.7,0,ML probability below threshold,2 strong conflict(s),LOW
A00956,B00333,1.1143653853688445e-08,0.7,0,Multiple conflicting identity signals,3 strong conflict(s),LOW
A00195,B00095,0.7589197309997439,0.7,0,Geographic similarity without identity evidence,same city; same state; geographic-only evidence,MEDIUM
A00009,B00657,4.295031850745598e-06,0.7,0,ML probability below threshold,1 strong conflict(s),LOW
A00108,B00988,0.5752797582302651,0.7,0,Geographic similarity without identity evidence,same city; same state; geographic-only evidence; 2 strong conflict(s),LOW
A00188,B00680,8.00603963536651e-10,0.7,0,ML probability below threshold,2 strong conflict(s),LOW
A00030,B00379,8.947318803932442e-08,0.7,0,ML probability below threshold,1 strong conflict(s),LOW
A00723,B00123,0.6357069022341648,0.7,0,Geographic similarity without identity evidence,same city; same state; geographic-only evidence; 1 strong conflict(s),LOW
A00034,B00453,6.669669152353243e-09,0.7,0,ML probability below threshold,2 strong conflict(s),LOW
A00713,B00759,9.211286176129306e-10,0.7,0,ML probability below threshold,1 strong conflict(s),LOW
A00972,B00702,3.143265297632905e-08,0.7,0,Multiple conflicting identity signals,3 strong conflict(s),LOW
A00942,B00267,9.424553685728739e-09,0.7,0,ML probability below threshold,2 strong conflict(s),LOW
A00337,B00177,0.462035882468675,0.7,0,Geographic similarity without identity evidence,same city; same state; geographic-only evidence; 2 strong conflict(s),LOW
A00306,B00285,3.089301115661538e-07,0.7,0,ML probability below threshold,2 strong conflict(s),LOW
A00646,B00163,2.622802290969127e-06,0.7,0,ML probability below threshold,same state; 1 strong conflict(s),LOW
A00889,B00525,8.115068585466323e-07,0.7,0,ML probability below threshold,2 strong conflict(s),LOW
A00125,B00385,0.5328512867487307,0.7,0,Geographic similarity without identity evidence,same city; same state; geographic-only evidence; 2 strong conflict(s),LOW
A00001,B00102,1.2829822507435763e-07,0.7,0,ML probability below threshold,1 strong conflict(s),LOW
A00478,B00278,0.05385020444695225,0.7,0,Geographic similarity without identity evidence,same city; same state; geographic-only evidence; 1 strong conflict(s),LOW
A00723,B00443,0.05620302101790009,0.7,0,Geographic similarity without identity evidence,same city; same state; geographic-only evidence; 2 strong conflict(s),LOW
A00714,B00214,0.7971906677545881,0.7,0,Geographic similarity without identity evidence,same city; same state; geographic-only evidence; 2 strong conflict(s),MEDIUM
A00348,B00009,1.9981260862087154e-08,0.7,0,ML probability below threshold,2 strong conflict(s),LOW
A00175,B00955,0.3571397613768664,0.7,0,Geographic similarity without identity evidence,same city; same state; geographic-only evidence; 2 strong conflict(s),LOW
A00336,B00202,3.744982979644809e-06,0.7,0,Insufficient identity evidence,1 strong conflict(s),LOW
A00341,B00049,1.2188834740078364e-05,0.7,0,ML probability below threshold,same state; 2 strong conflict(s),LOW
A00131,B00914,5.755242755956729e-08,0.7,0,ML probability below threshold,2 strong conflict(s),LOW
A00284,B00224,0.45160506890647,0.7,0,Geographic similarity without identity evidence,same city; same state; geographic-only evidence,LOW
A00247,B00664,3.848014285786189e-08,0.7,0,ML probability below threshold,2 strong conflict(s),LOW
A00058,B00338,0.4160146738096,0.7,0,Geographic similarity without identity evidence,same city; same state; geographic-only evidence; 1 strong conflict(s),LOW
A00950,B00281,2.830856807346368e-09,0.7,0,ML probability below threshold,limited evidence,LOW
A00173,B00026,3.5191220193230134e-07,0.7,0,Multiple conflicting identity signals,3 strong conflict(s),LOW
A00235,B00875,0.06265448161019023,0.7,0,Geographic similarity without identity evidence,same city; same state; geographic-only evidence; 2 strong conflict(s),LOW
A00967,B00719,0.00048281881246517086,0.7,0,ML probability below threshold,2 strong conflict(s),LOW
A00613,B00222,8.433451145703626e-05,0.7,0,ML probability below threshold,2 strong conflict(s),LOW
A00451,B00947,5.939157045585612e-08,0.7,0,ML probability below threshold,2 strong conflict(s),LOW
A00902,B00022,0.05550291736349724,0.7,0,Geographic similarity without identity evidence,same city; same state; geographic-only evidence; 1 strong conflict(s),LOW
A00901,B00121,0.06542500828826131,0.7,0,Geographic similarity without identity evidence,same city; same state; geographic-only evidence; 2 strong conflict(s),LOW
A00584,B00699,0.00010882803138625793,0.7,0,ML probability below threshold,1 strong conflict(s),LOW
A00205,B00505,0.20480964276520958,0.7,0,Geographic similarity without identity evidence,same city; same state; geographic-only evidence; 2 strong conflict(s),LOW
A00483,B00734,3.81378458869843e-07,0.7,0,ML probability below threshold,2 strong conflict(s),LOW
A00904,B00985,7.297896269114528e-07,0.7,0,ML probability below threshold,2 strong conflict(s),LOW
A00195,B00974,1.5808804496203492e-05,0.7,0,ML probability below threshold,2 strong conflict(s),LOW
A00366,B00047,2.6524645276256287e-07,0.7,0,ML probability below threshold,2 strong conflict(s),LOW
A00438,B00762,7.0916546351014356e-09,0.7,0,Multiple conflicting identity signals,3 strong conflict(s),LOW
A00462,B00641,6.479890452747376e-09,0.7,0,Multiple conflicting identity signals,3 strong conflict(s),LOW
A00281,B00196,0.0002347976221737333,0.7,0,ML probability below threshold,1 strong conflict(s),LOW
A00038,B00021,2.7446637375019074e-08,0.7,0,ML probability below threshold,2 strong conflict(s),LOW
A00351,B00911,0.033868836310708625,0.7,0,Geographic similarity without identity evidence,same city; same state; geographic-only evidence; 2 strong conflict(s),LOW
A00674,B00414,0.02879272856101379,0.7,0,Geographic similarity without identity evidence,same city; same state; geographic-only evidence; 2 strong conflict(s),LOW
A00812,B00064,8.615296676808662e-08,0.7,0,ML probability below threshold,2 strong conflict(s),LOW
A00283,B00369,1.1414070850304967e-08,0.7,0,ML probability below threshold,2 strong conflict(s),LOW
A00192,B00209,1.3765355510019445e-06,0.7,0,ML probability below threshold,limited evidence,LOW
A00906,B00506,0.26882070043255857,0.7,0,Geographic similarity without identity evidence,same city; same state; geographic-only evidence; 2 strong conflict(s),LOW
A00104,B00776,6.858883672452212e-07,0.7,0,ML probability below threshold,2 strong conflict(s),LOW
A00417,B00991,3.744262551188773e-08,0.7,0,ML probability below threshold,2 strong conflict(s),LOW
A00176,B00002,5.004651590640244e-09,0.7,0,ML probability below threshold,1 strong conflict(s),LOW
A00669,B00389,0.011995849387006615,0.7,0,Geographic similarity without identity evidence,same city; same state; geographic-only evidence; 2 strong conflict(s),LOW
A00530,B00487,1.4415877676017939e-08,0.7,0,Multiple conflicting identity signals,3 strong conflict(s),LOW
A00066,B00926,0.8235175805285999,0.7,0,Geographic similarity without identity evidence,same city; same state; geographic-only evidence; 2 strong conflict(s),MEDIUM
A00893,B00995,1.1245524705931748e-05,0.7,0,ML probability below threshold,limited evidence,LOW
A00442,B00599,1.975869741692598e-07,0.7,0,ML probability below threshold,1 strong conflict(s),LOW
A00763,B00535,1.2986840672760803e-08,0.7,0,ML probability below threshold,1 strong conflict(s),LOW
A00963,B00039,5.171669983242582e-06,0.7,0,Multiple conflicting identity signals,3 strong conflict(s),LOW
A00242,B00847,5.528569679042318e-09,0.7,0,Multiple conflicting identity signals,4 strong conflict(s),LOW
A00148,B00688,0.025371586766385255,0.7,0,Geographic similarity without identity evidence,same city; same state; geographic-only evidence; 2 strong conflict(s),LOW
A00279,B00879,0.737986720689131,0.7,0,Geographic similarity without identity evidence,same city; same state; geographic-only evidence; 2 strong conflict(s),MEDIUM
A00535,B00758,5.851007885434253e-08,0.7,0,Insufficient identity evidence,1 strong conflict(s),LOW
A00277,B00037,0.009746826805424536,0.7,0,Geographic similarity without identity evidence,same city; same state; geographic-only evidence; 2 strong conflict(s),LOW
A00380,B00620,0.8131758709838385,0.7,1,ML probability above threshold,same city; same state; 2 strong conflict(s),MEDIUM
A00664,B00233,3.994698758683331e-07,0.7,0,ML probability below threshold,2 strong conflict(s),LOW
A00541,B00012,4.619151504905689e-07,0.7,0,ML probability below threshold,1 strong conflict(s),LOW
A00479,B00759,0.14744979047556378,0.7,0,Geographic similarity without identity evidence,same city; same state; geographic-only evidence; 1 strong conflict(s),LOW
A00395,B00055,0.06626082471280116,0.7,0,Geographic similarity without identity evidence,same city; same state; geographic-only evidence; 1 strong conflict(s),LOW
A00090,B00970,0.8323031715525002,0.7,0,Geographic similarity without identity evidence,same city; same state; geographic-only evidence; 1 strong conflict(s),MEDIUM
A00466,B00971,7.735766934188022e-08,0.7,0,ML probability below threshold,1 strong conflict(s),LOW
A00635,B00094,1.7973352549147416e-08,0.7,0,ML probability below threshold,2 strong conflict(s),LOW
A00766,B00179,5.7709938044284165e-08,0.7,0,ML probability below threshold,1 strong conflict(s),LOW
A00584,B00224,0.7308510767165204,0.7,0,Geographic similarity without identity evidence,same city; same state; geographic-only evidence,MEDIUM
A00374,B00120,3.3495208056528526e-06,0.7,0,ML probability below threshold,1 strong conflict(s),LOW
A00164,B00050,5.409096150118646e-07,0.7,0,ML probability below threshold,2 strong conflict(s),LOW
A00285,B00323,9.283950945964638e-09,0.7,0,ML probability below threshold,2 strong conflict(s),LOW
A00964,B00315,7.106095863086193e-10,0.7,0,ML probability below threshold,1 strong conflict(s),LOW
A00951,B00059,6.143766998416489e-10,0.7,0,Multiple conflicting identity signals,3 strong conflict(s),LOW
A00004,B00517,6.246378210862855e-06,0.7,0,ML probability below threshold,1 strong conflict(s),LOW
A00579,B00348,4.1754225860494915e-08,0.7,0,ML probability below threshold,2 strong conflict(s),LOW
A00596,B00316,0.012768215610515849,0.7,0,Geographic similarity without identity evidence,same city; same state; geographic-only evidence; 2 strong conflict(s),LOW
A00846,B00687,1.0333920138234969e-07,0.7,0,Multiple conflicting identity signals,3 strong conflict(s),LOW
A00533,B00403,1.380039311158982e-09,0.7,0,ML probability below threshold,2 strong conflict(s),LOW
A00316,B00379,1.2804246190438323e-07,0.7,0,ML probability below threshold,1 strong conflict(s),LOW
A00902,B00803,1.4295151540598695e-08,0.7,0,Multiple conflicting identity signals,3 strong conflict(s),LOW
A00914,B00855,1.4595041148813914e-06,0.7,0,ML probability below threshold,2 strong conflict(s),LOW
A00760,B00900,0.06669818334385814,0.7,0,ML probability below threshold,same city; same state; 2 strong conflict(s),LOW
A00693,B00466,2.7811620374193023e-09,0.7,0,ML probability below threshold,1 strong conflict(s),LOW
A00596,B00583,2.1860295941891627e-06,0.7,0,Multiple conflicting identity signals,3 strong conflict(s),LOW
A00284,B00264,0.38953792606176973,0.7,0,Geographic similarity without identity evidence,same city; same state; geographic-only evidence; 2 strong conflict(s),LOW
A00314,B00839,2.9921637587807957e-09,0.7,0,ML probability below threshold,2 strong conflict(s),LOW
A00848,B00256,4.5535753840295515e-05,0.7,0,Insufficient identity evidence,1 strong conflict(s),LOW
A00600,B00096,5.138977455417015e-08,0.7,0,ML probability below threshold,1 strong conflict(s),LOW
A00293,B00043,2.120281063884324e-09,0.7,0,ML probability below threshold,2 strong conflict(s),LOW
A00730,B00922,0.00010251343201706142,0.7,0,ML probability below threshold,2 strong conflict(s),LOW
A00662,B00982,0.47078947329909004,0.7,0,Geographic similarity without identity evidence,same city; same state; geographic-only evidence; 2 strong conflict(s),LOW
A00574,B00234,0.3937378264706929,0.7,0,Geographic similarity without identity evidence,same city; same state; geographic-only evidence; 1 strong conflict(s),LOW
A00909,B00325,1.3592128281311275e-07,0.7,0,Multiple conflicting identity signals,3 strong conflict(s),LOW
A00012,B00220,1.6387448572297536e-08,0.7,0,ML probability below threshold,1 strong conflict(s),LOW
A00834,B00060,3.527008878479679e-10,0.7,0,ML probability below threshold,1 strong conflict(s),LOW
A00915,B00527,4.562940386636316e-08,0.7,0,ML probability below threshold,2 strong conflict(s),LOW
A00032,B00252,0.8115677214683353,0.7,0,Geographic similarity without identity evidence,same city; same state; geographic-only evidence; 1 strong conflict(s),MEDIUM
A00941,B00675,1.103615322131086e-07,0.7,0,ML probability below threshold,2 strong conflict(s),LOW
A00639,B00379,0.9864743203088234,0.7,0,Geographic similarity without identity evidence,same city; same state; geographic-only evidence,HIGH
A00842,B00911,3.7956853520950495e-09,0.7,0,Multiple conflicting identity signals,3 strong conflict(s),LOW
A00124,B00099,5.87297192033878e-06,0.7,0,ML probability below threshold,2 strong conflict(s),LOW
A00548,B00208,0.011814760820876147,0.7,0,Geographic similarity without identity evidence,same city; same state; geographic-only evidence; 2 strong conflict(s),LOW
A00988,B00688,0.04304404925977043,0.7,0,Geographic similarity without identity evidence,same city; same state; geographic-only evidence; 3 strong conflict(s),LOW
A00622,B00946,4.2108526387290147e-10,0.7,0,ML probability below threshold,2 strong conflict(s),LOW
A00107,B00727,0.24469915277406848,0.7,0,Geographic similarity without identity evidence,same city; same state; geographic-only evidence; 1 strong conflict(s),LOW
A00198,B00778,0.27258650611614627,0.7,0,Geographic similarity without identity evidence,same city; same state; geographic-only evidence; 1 strong conflict(s),LOW
A00477,B00937,0.20176507853432282,0.7,0,Geographic similarity without identity evidence,same city; same state; geographic-only evidence; 3 strong conflict(s),LOW
A00478,B00102,1.2663536547525183e-10,0.7,0,ML probability below threshold,limited evidence,LOW
A00991,B00215,7.884911700257058e-08,0.7,0,Multiple conflicting identity signals,3 strong conflict(s),LOW
A00829,B00729,0.7635567632981134,0.7,0,Geographic similarity without identity evidence,same city; same state; geographic-only evidence; 2 strong conflict(s),MEDIUM
A00858,B00094,5.7528356189668345e-09,0.7,0,ML probability below threshold,2 strong conflict(s),LOW
A00061,B00601,0.9577635878124133,0.7,0,Geographic similarity without identity evidence,same city; same state; geographic-only evidence,HIGH
A00133,B00913,0.14224638293165534,0.7,0,Geographic similarity without identity evidence,same city; same state; geographic-only evidence; 2 strong conflict(s),LOW
A00117,B00256,0.0008278077216794475,0.7,0,ML probability below threshold,limited evidence,LOW
A00877,B00763,2.1666775882448705e-05,0.7,0,ML probability below threshold,2 strong conflict(s),LOW
A00719,B00566,5.177420400302838e-09,0.7,0,ML probability below threshold,2 strong conflict(s),LOW
A00288,B00676,3.5456855047414483e-09,0.7,0,ML probability below threshold,2 strong conflict(s),LOW
A00988,B00084,1.1568060327359555e-09,0.7,0,ML probability below threshold,2 strong conflict(s),LOW
A00621,B00001,0.010861550292220587,0.7,0,Geographic similarity without identity evidence,same city; same state; geographic-only evidence; 2 strong conflict(s),LOW
A00324,B00494,5.372351840735892e-08,0.7,0,ML probability below threshold,2 strong conflict(s),LOW
A00458,B00949,7.791060782055428e-08,0.7,0,ML probability below threshold,2 strong conflict(s),LOW
A00132,B00892,0.7548106009782253,0.7,0,Geographic similarity without identity evidence,same city; same state; geographic-only evidence; 1 strong conflict(s),MEDIUM
A00854,B00535,1.9260701149533656e-09,0.7,0,ML probability below threshold,1 strong conflict(s),LOW
A00860,B00296,2.979883021051879e-09,0.7,0,ML probability below threshold,2 strong conflict(s),LOW
A00779,B00259,0.21434589877568017,0.7,0,Geographic similarity without identity evidence,same city; same state; geographic-only evidence; 2 strong conflict(s),LOW
A00711,B00653,1.2415769784164342e-06,0.7,0,Insufficient identity evidence,limited evidence,LOW
A00665,B00560,1.9215506793677443e-06,0.7,0,ML probability below threshold,2 strong conflict(s),LOW
A00210,B00791,4.729413270069865e-09,0.7,0,Multiple conflicting identity signals,3 strong conflict(s),LOW
A00924,B00844,0.0723832011515286,0.7,0,Geographic similarity without identity evidence,same city; same state; geographic-only evidence; 2 strong conflict(s),LOW
A00477,B00485,2.321895078974351e-05,0.7,0,Multiple conflicting identity signals,3 strong conflict(s),LOW
A00724,B00604,0.23354909621319705,0.7,0,Geographic similarity without identity evidence,same city; same state; geographic-only evidence; 2 strong conflict(s),LOW
A00257,B00297,0.9132442179800799,0.7,0,Geographic similarity without identity evidence,same city; same state; geographic-only evidence; 2 strong conflict(s),HIGH
A00139,B00219,0.5899248686474778,0.7,0,Geographic similarity without identity evidence,same city; same state; geographic-only evidence; 1 strong conflict(s),LOW
A00076,B00416,0.5153110018267131,0.7,0,Geographic similarity without identity evidence,same city; same state; geographic-only evidence; 2 strong conflict(s),LOW
A00945,B00848,1.7936706808058013e-08,0.7,0,ML probability below threshold,2 strong conflict(s),LOW
A00633,B00983,1.1999142136413883e-07,0.7,0,ML probability below threshold,2 strong conflict(s),LOW
A00082,B00115,3.6383821032823284e-08,0.7,0,ML probability below threshold,1 strong conflict(s),LOW
A00786,B00366,0.06447287003162758,0.7,0,Geographic similarity without identity evidence,same city; same state; geographic-only evidence; 2 strong conflict(s),LOW
A00957,B00115,5.1623034524285974e-09,0.7,0,ML probability below threshold,limited evidence,LOW
A00333,B00830,4.433742717740781e-10,0.7,0,ML probability below threshold,2 strong conflict(s),LOW
A00208,B00884,2.6779828730731045e-05,0.7,0,ML probability below threshold,2 strong conflict(s),LOW
A00163,B00144,2.407796847244443e-09,0.7,0,ML probability below threshold,1 strong conflict(s),LOW
A00122,B00237,4.958767970601921e-09,0.7,0,ML probability below threshold,2 strong conflict(s),LOW
A00032,B00552,0.9825402944032646,0.7,0,Geographic similarity without identity evidence,same city; same state; geographic-only evidence; 1 strong conflict(s),HIGH
A00973,B00958,1.4222466097639074e-07,0.7,0,ML probability below threshold,2 strong conflict(s),LOW
A00471,B00571,0.22345272994304996,0.7,0,Geographic similarity without identity evidence,same city; same state; geographic-only evidence; 2 strong conflict(s),LOW
A00203,B00175,5.044354431060528e-09,0.7,0,ML probability below threshold,2 strong conflict(s),LOW
A00848,B00286,1.5538491809024936e-06,0.7,0,ML probability below threshold,same state; 2 strong conflict(s),LOW
A00082,B00412,4.7027525282492193e-07,0.7,0,Insufficient identity evidence,2 strong conflict(s),LOW
A00136,B00951,6.232382699377741e-07,0.7,0,ML probability below threshold,same state; 2 strong conflict(s),LOW
A00757,B00482,3.598737185283393e-08,0.7,0,ML probability below threshold,2 strong conflict(s),LOW
A00858,B00572,3.2007061215943604e-07,0.7,0,ML probability below threshold,2 strong conflict(s),LOW
A00983,B00223,0.926104179164877,0.7,0,Geographic similarity without identity evidence,same city; same state; geographic-only evidence; 2 strong conflict(s),HIGH
A00329,B00722,1.5947365259230282e-07,0.7,0,ML probability below threshold,2 strong conflict(s),LOW
A00506,B00466,0.5879499254294228,0.7,0,Geographic similarity without identity evidence,same city; same state; geographic-only evidence; 1 strong conflict(s),LOW
A00076,B00896,0.5337275098203781,0.7,0,Geographic similarity without identity evidence,same city; same state; geographic-only evidence; 2 strong conflict(s),LOW
A00037,B00017,0.5730950033054442,0.7,0,Geographic similarity without identity evidence,same city; same state; geographic-only evidence; 2 strong conflict(s),LOW
A00468,B00748,0.22300562728424095,0.7,0,Geographic similarity without identity evidence,same city; same state; geographic-only evidence; 2 strong conflict(s),LOW
A00149,B00249,0.396864297982229,0.7,0,Geographic similarity without identity evidence,same city; same state; geographic-only evidence; 2 strong conflict(s),LOW
A00064,B00524,0.715052841799231,0.7,0,Geographic similarity without identity evidence,same city; same state; geographic-only evidence; 2 strong conflict(s),MEDIUM
A00158,B00938,0.886056981392463,0.7,0,Geographic similarity without identity evidence,same city; same state; geographic-only evidence; 2 strong conflict(s),MEDIUM
A00332,B00738,0.0014840098325645456,0.7,0,ML probability below threshold,1 strong conflict(s),LOW
A00264,B00524,0.7754264722687637,0.7,0,Geographic similarity without identity evidence,same city; same state; geographic-only evidence; 2 strong conflict(s),MEDIUM
A00511,B00973,2.4129446423531694e-08,0.7,0,ML probability below threshold,2 strong conflict(s),LOW
A00790,B00910,0.18488566649541313,0.7,0,Geographic similarity without identity evidence,same city; same state; geographic-only evidence; 1 strong conflict(s),LOW
A00810,B00510,0.5620628659783765,0.7,0,Geographic similarity without identity evidence,same city; same state; geographic-only evidence; 1 strong conflict(s),LOW
A00166,B00073,1.0964566039210052e-08,0.7,0,ML probability below threshold,2 strong conflict(s),LOW
A00722,B00702,0.010269265742054364,0.7,0,Geographic similarity without identity evidence,same city; same state; geographic-only evidence; 2 strong conflict(s),LOW
A00671,B00282,1.3786689367141954e-08,0.7,0,ML probability below threshold,1 strong conflict(s),LOW
A00383,B00389,6.593114172242457e-10,0.7,0,ML probability below threshold,2 strong conflict(s),LOW
A00150,B00321,2.3205234920896828e-08,0.7,0,ML probability below threshold,2 strong conflict(s),LOW
A00186,B00786,0.7361486945029145,0.7,1,ML probability above threshold,same city; 2 strong conflict(s),MEDIUM
A00560,B00800,0.13593166065489162,0.7,0,Geographic similarity without identity evidence,same city; same state; geographic-only evidence,LOW
A00949,B00676,3.31860615273414e-07,0.7,0,ML probability below threshold,1 strong conflict(s),LOW
A00498,B00041,1.6758255416585424e-08,0.7,0,ML probability below threshold,2 strong conflict(s),LOW
A00256,B00641,3.821740011371935e-08,0.7,0,ML probability below threshold,2 strong conflict(s),LOW
A00710,B00804,9.557368252133815e-09,0.7,0,ML probability below threshold,2 strong conflict(s),LOW
A00158,B00263,0.0005469127103206122,0.7,0,ML probability below threshold,2 strong conflict(s),LOW
A00275,B00978,1.1610285258327591e-07,0.7,0,ML probability below threshold,limited evidence,LOW
A00525,B00485,0.7142690303684268,0.7,0,Geographic similarity without identity evidence,same city; same state; geographic-only evidence; 2 strong conflict(s),MEDIUM
A00323,B00863,0.20452701979000845,0.7,0,Geographic similarity without identity evidence,same city; same state; geographic-only evidence; 2 strong conflict(s),LOW
A00811,B00863,8.368174481101249e-08,0.7,0,ML probability below threshold,2 strong conflict(s),LOW
A00168,B00258,1.5367700564994272e-10,0.7,0,ML probability below threshold,2 strong conflict(s),LOW
A00468,B00516,7.620885270620976e-08,0.7,0,ML probability below threshold,2 strong conflict(s),LOW
A00790,B00078,1.3357865344438733e-08,0.7,0,ML probability below threshold,2 strong conflict(s),LOW
A00051,B00093,8.929276528918766e-08,0.7,0,ML probability below threshold,2 strong conflict(s),LOW
A00214,B00531,4.410864391739133e-07,0.7,0,Multiple conflicting identity signals,3 strong conflict(s),LOW
A00485,B00204,8.175347186100726e-09,0.7,0,ML probability below threshold,2 strong conflict(s),LOW
A00889,B00369,0.035984504540695926,0.7,0,Geographic similarity without identity evidence,same city; same state; geographic-only evidence; 2 strong conflict(s),LOW
A00034,B00604,1.06945632767932e-07,0.7,0,ML probability below threshold,2 strong conflict(s),LOW
A00265,B00102,2.3086635133311897e-07,0.7,0,ML probability below threshold,1 strong conflict(s),LOW
A00107,B00622,3.3725611538235465e-06,0.7,0,ML probability below threshold,2 strong conflict(s),LOW
A00042,B00782,0.1791788215477357,0.7,0,Geographic similarity without identity evidence,same city; same state; geographic-only evidence; 2 strong conflict(s),LOW
A00546,B00420,6.929195972769696e-09,0.7,0,ML probability below threshold,1 strong conflict(s),LOW
A00780,B00676,1.6669043425633552e-09,0.7,0,ML probability below threshold,2 strong conflict(s),LOW
A00337,B00993,4.565451181913585e-09,0.7,0,ML probability below threshold,2 strong conflict(s),LOW
A00102,B00020,6.512374072488315e-09,0.7,0,ML probability below threshold,2 strong conflict(s),LOW
A00314,B00996,2.6961737739182235e-10,0.7,0,Multiple conflicting identity signals,3 strong conflict(s),LOW
A00072,B00112,0.9698287232235634,0.7,0,Geographic similarity without identity evidence,same city; same state; geographic-only evidence,HIGH
A00421,B00581,0.15697139757097875,0.7,0,Geographic similarity without identity evidence,same city; same state; geographic-only evidence; 1 strong conflict(s),LOW
A00315,B00915,0.501640427219589,0.7,0,Geographic similarity without identity evidence,same city; same state; geographic-only evidence; 2 strong conflict(s),LOW
A00733,B00971,8.438880410739818e-07,0.7,0,ML probability below threshold,1 strong conflict(s),LOW
A00290,B00686,0.00019241880093629586,0.7,0,ML probability below threshold,same state; 2 strong conflict(s),LOW
A00702,B00463,5.168375747326142e-07,0.7,0,ML probability below threshold,2 strong conflict(s),LOW
A00691,B00237,4.660979589685852e-09,0.7,0,ML probability below threshold,2 strong conflict(s),LOW
A00113,B00673,0.009721610580962764,0.7,0,Geographic similarity without identity evidence,same city; same state; geographic-only evidence; 2 strong conflict(s),LOW
A00387,B00563,1.18486980688144e-08,0.7,0,ML probability below threshold,2 strong conflict(s),LOW
A00265,B00374,7.638710129058481e-09,0.7,0,ML probability below threshold,2 strong conflict(s),LOW
A00571,B00936,0.0005258069598964313,0.7,0,ML probability below threshold,same state; 2 strong conflict(s),LOW
A00336,B00376,0.6441094325717481,0.7,0,Geographic similarity without identity evidence,same city; same state; geographic-only evidence; 1 strong conflict(s),LOW
A00708,B00128,0.5974229970947914,0.7,0,Geographic similarity without identity evidence,same city; same state; geographic-only evidence; 2 strong conflict(s),LOW
A00358,B00150,4.360897634048838e-06,0.7,0,ML probability below threshold,1 strong conflict(s),LOW
A00403,B00182,1.1869229293680615e-08,0.7,0,ML probability below threshold,2 strong conflict(s),LOW
A00456,B00030,1.2047259225830741e-08,0.7,0,ML probability below threshold,1 strong conflict(s),LOW
A00774,B00402,1.7448691628329645e-10,0.7,0,ML probability below threshold,2 strong conflict(s),LOW
A00066,B00982,6.0165137403202215e-09,0.7,0,Multiple conflicting identity signals,3 strong conflict(s),LOW
A00377,B00183,9.11048487544975e-06,0.7,0,ML probability below threshold,2 strong conflict(s),LOW
A00855,B00886,6.204749069580605e-07,0.7,0,ML probability below threshold,2 strong conflict(s),LOW
A00068,B00971,3.199134064056357e-08,0.7,0,ML probability below threshold,1 strong conflict(s),LOW
A00627,B00883,3.03379531457303e-08,0.7,0,ML probability below threshold,limited evidence,LOW
A00332,B00892,0.13023232767432952,0.7,0,Geographic similarity without identity evidence,same city; same state; geographic-only evidence; 1 strong conflict(s),LOW
A00532,B00952,0.18448169793986727,0.7,0,Geographic similarity without identity evidence,same city; same state; geographic-only evidence; 2 strong conflict(s),LOW
A00759,B00812,8.171363552134085e-06,0.7,0,ML probability below threshold,2 strong conflict(s),LOW
A00242,B00916,5.997428733116e-10,0.7,0,Multiple conflicting identity signals,4 strong conflict(s),LOW
A00162,B00161,3.5436234117266844e-09,0.7,0,Multiple conflicting identity signals,3 strong conflict(s),LOW
A00190,B00090,0.8950505269723933,0.7,0,Geographic similarity without identity evidence,same city; same state; geographic-only evidence; 2 strong conflict(s),MEDIUM
A00538,B00526,0.5243532547938584,0.7,0,ML probability below threshold,1 strong conflict(s),LOW
A00705,B00545,0.01055472111895043,0.7,0,Geographic similarity without identity evidence,same city; same state; geographic-only evidence; 2 strong conflict(s),LOW
A00644,B00664,0.7472679336948964,0.7,0,Geographic similarity without identity evidence,same city; same state; geographic-only evidence; 2 strong conflict(s),MEDIUM
A00433,B00400,3.892822035895394e-09,0.7,0,ML probability below threshold,2 strong conflict(s),LOW
A00108,B00788,0.1502875966813657,0.7,0,Geographic similarity without identity evidence,same city; same state; geographic-only evidence; 2 strong conflict(s),LOW
A00238,B00188,1.648812173793986e-07,0.7,0,ML probability below threshold,2 strong conflict(s),LOW
A00811,B00739,4.446935870686151e-08,0.7,0,ML probability below threshold,1 strong conflict(s),LOW
A00564,B00431,5.213268905783727e-05,0.7,0,ML probability below threshold,2 strong conflict(s),LOW
A00887,B00620,0.0004364018028042965,0.7,0,ML probability below threshold,2 strong conflict(s),LOW
A00962,B00662,0.29468413968889107,0.7,0,Geographic similarity without identity evidence,same city; same state; geographic-only evidence; 2 strong conflict(s),LOW
A00891,B00690,1.1225686745868375e-07,0.7,0,ML probability below threshold,1 strong conflict(s),LOW
A00032,B00732,0.9567321157870509,0.7,0,Geographic similarity without identity evidence,same city; same state; geographic-only evidence; 1 strong conflict(s),HIGH
A00178,B00392,8.597027239705428e-06,0.7,0,Insufficient identity evidence,2 strong conflict(s),LOW
A00841,B00741,0.5164646059886431,0.7,0,Geographic similarity without identity evidence,same city; same state; geographic-only evidence; 2 strong conflict(s),LOW
A00597,B00181,2.8577425201535373e-06,0.7,0,ML probability below threshold,2 strong conflict(s),LOW
A00478,B00698,0.02749864534576352,0.7,0,Geographic similarity without identity evidence,same city; same state; geographic-only evidence,LOW
A00436,B00890,7.015390045518724e-08,0.7,0,ML probability below threshold,2 strong conflict(s),LOW
A00420,B00760,0.04471040236767181,0.7,0,Geographic similarity without identity evidence,same city; same state; geographic-only evidence; 1 strong conflict(s),LOW
A00368,B00828,0.29113966313870926,0.7,0,Geographic similarity without identity evidence,same city; same state; geographic-only evidence; 2 strong conflict(s),LOW
A00502,B00792,2.6064530111180067e-08,0.7,0,Multiple conflicting identity signals,3 strong conflict(s),LOW
A00334,B00102,4.212508616739239e-09,0.7,0,ML probability below threshold,1 strong conflict(s),LOW
A00434,B00284,1.9932478871987436e-09,0.7,0,ML probability below threshold,2 strong conflict(s),LOW
A00862,B00692,0.00013316917754451645,0.7,0,ML probability below threshold,2 strong conflict(s),LOW
A00792,B00965,6.720610236044447e-10,0.7,0,ML probability below threshold,2 strong conflict(s),LOW
A00019,B00119,0.9782709417384362,0.7,0,Geographic similarity without identity evidence,same city; same state; geographic-only evidence; 1 strong conflict(s),HIGH
A00517,B00997,0.32964914732213757,0.7,0,Geographic similarity without identity evidence,same city; same state; geographic-only evidence; 2 strong conflict(s),LOW
A00165,B00074,1.7945319516278007e-09,0.7,0,ML probability below threshold,2 strong conflict(s),LOW
A00009,B00361,9.214266732084931e-06,0.7,0,ML probability below threshold,same state; 2 strong conflict(s),LOW
A00288,B00048,0.008542538336682528,0.7,0,Geographic similarity without identity evidence,same city; same state; geographic-only evidence; 2 strong conflict(s),LOW
A00675,B00188,2.3161395703796894e-07,0.7,0,ML probability below threshold,2 strong conflict(s),LOW
A00071,B00700,0.00018483462004119052,0.7,0,ML probability below threshold,2 strong conflict(s),LOW
A00245,B00062,4.344612190888886e-09,0.7,0,ML probability below threshold,2 strong conflict(s),LOW
A00215,B00772,7.891511224369483e-08,0.7,0,ML probability below threshold,1 strong conflict(s),LOW
A00058,B00778,0.9029868263984129,0.7,0,Geographic similarity without identity evidence,same city; same state; geographic-only evidence; 1 strong conflict(s),HIGH
A00220,B00993,5.443766701873678e-08,0.7,0,ML probability below threshold,2 strong conflict(s),LOW
A00010,B00832,6.186117175260075e-07,0.7,0,ML probability below threshold,2 strong conflict(s),LOW
A00487,B00913,1.0472005591258328e-06,0.7,0,ML probability below threshold,2 strong conflict(s),LOW
A00747,B00529,0.006749603461398925,0.7,0,ML probability below threshold,2 strong conflict(s),LOW
A00649,B00319,8.508200442799451e-08,0.7,0,ML probability below threshold,2 strong conflict(s),LOW
A00714,B00111,2.4772773623255306e-07,0.7,0,ML probability below threshold,2 strong conflict(s),LOW
A00287,B00634,5.510128251013401e-06,0.7,0,ML probability below threshold,2 strong conflict(s),LOW
A00607,B00444,8.200391714637122e-07,0.7,0,ML probability below threshold,2 strong conflict(s),LOW
A00594,B00027,1.2529009930871822e-08,0.7,0,ML probability below threshold,2 strong conflict(s),LOW
A00560,B00440,0.4391135543981049,0.7,0,Geographic similarity without identity evidence,same city; same state; geographic-only evidence; 2 strong conflict(s),LOW
A00162,B00741,3.1853175135082258e-09,0.7,0,ML probability below threshold,2 strong conflict(s),LOW
A00628,B00268,0.048884366775248655,0.7,0,Geographic similarity without identity evidence,same city; same state; geographic-only evidence; 2 strong conflict(s),LOW
A00282,B00002,0.14953908880836478,0.7,0,Geographic similarity without identity evidence,same city; same state; geographic-only evidence; 1 strong conflict(s),LOW
A00917,B00217,0.2783599847780011,0.7,0,Geographic similarity without identity evidence,same city; same state; geographic-only evidence; 1 strong conflict(s),LOW
A00541,B00005,1.3573360509392416e-07,0.7,0,ML probability below threshold,2 strong conflict(s),LOW
A00560,B00112,1.4426267829574096e-08,0.7,0,ML probability below threshold,limited evidence,LOW
A00766,B00049,4.191394837342049e-08,0.7,0,ML probability below threshold,2 strong conflict(s),LOW
A00374,B00318,3.094606354179697e-08,0.7,0,ML probability below threshold,2 strong conflict(s),LOW
A00185,B00151,5.11062872953272e-09,0.7,0,ML probability below threshold,1 strong conflict(s),LOW
A00495,B00844,2.7445190219298865e-09,0.7,0,ML probability below threshold,2 strong conflict(s),LOW
A00371,B00374,2.953538285251528e-07,0.7,0,ML probability below threshold,2 strong conflict(s),LOW
A00640,B00163,1.8464868001990638e-08,0.7,0,ML probability below threshold,1 strong conflict(s),LOW
A00764,B00924,0.08861652453979454,0.7,0,Geographic similarity without identity evidence,same city; same state; geographic-only evidence; 1 strong conflict(s),LOW
A00944,B00579,1.4128610806221575e-08,0.7,0,ML probability below threshold,limited evidence,LOW
A00025,B00334,4.99586198386975e-10,0.7,0,ML probability below threshold,2 strong conflict(s),LOW
A00738,B00463,3.765463351706134e-09,0.7,0,Multiple conflicting identity signals,3 strong conflict(s),LOW
A00858,B00505,2.2230438820705374e-09,0.7,0,ML probability below threshold,2 strong conflict(s),LOW
A00562,B00809,1.5412079515986974e-07,0.7,0,ML probability below threshold,2 strong conflict(s),LOW
A00736,B00237,1.0012079681779393e-08,0.7,0,ML probability below threshold,2 strong conflict(s),LOW
A00752,B00892,0.6768941787279819,0.7,0,Geographic similarity without identity evidence,same city; same state; geographic-only evidence; 1 strong conflict(s),LOW
A00706,B00406,0.522847506747757,0.7,0,Geographic similarity without identity evidence,same city; same state; geographic-only evidence; 2 strong conflict(s),LOW
A00944,B00244,0.29425151653554316,0.7,0,Geographic similarity without identity evidence,same city; same state; geographic-only evidence; 1 strong conflict(s),LOW
A00239,B00724,3.173638218481111e-07,0.7,0,ML probability below threshold,1 strong conflict(s),LOW
A00405,B00924,4.968489124136508e-08,0.7,0,ML probability below threshold,1 strong conflict(s),LOW
A00799,B00419,0.014139611956367721,0.7,0,Geographic similarity without identity evidence,same city; same state; geographic-only evidence; 2 strong conflict(s),LOW
A00277,B00904,4.1447828143306354e-07,0.7,0,ML probability below threshold,2 strong conflict(s),LOW
A00947,B00110,3.103835637156423e-10,0.7,0,ML probability below threshold,1 strong conflict(s),LOW
A00002,B00236,2.449402103634326e-06,0.7,0,ML probability below threshold,1 strong conflict(s),LOW
A00229,B00494,1.067021499727477e-09,0.7,0,ML probability below threshold,2 strong conflict(s),LOW
A00760,B00560,0.9300356655129781,0.7,0,Geographic similarity without identity evidence,same city; same state; geographic-only evidence; 2 strong conflict(s),HIGH
A00065,B00168,1.4610438654771677e-08,0.7,0,Multiple conflicting identity signals,3 strong conflict(s),LOW
A00893,B00173,0.18841756305178875,0.7,0,Geographic similarity without identity evidence,same city; same state; geographic-only evidence; 2 strong conflict(s),LOW
A00698,B00438,0.07787108148437782,0.7,0,Geographic similarity without identity evidence,same city; same state; geographic-only evidence; 2 strong conflict(s),LOW
A00070,B00819,8.190193801799703e-08,0.7,0,ML probability below threshold,2 strong conflict(s),LOW
A00108,B00048,0.027713219374218806,0.7,0,Geographic similarity without identity evidence,same city; same state; geographic-only evidence; 2 strong conflict(s),LOW
A00059,B00001,1.4786057598525178e-08,0.7,0,ML probability below threshold,2 strong conflict(s),LOW
A00126,B00455,1.8931766934927366e-07,0.7,0,ML probability below threshold,1 strong conflict(s),LOW
A00043,B00124,0.0002381862758637832,0.7,0,ML probability below threshold,2 strong conflict(s),LOW
A00322,B00207,1.0150263345082139e-06,0.7,0,ML probability below threshold,2 strong conflict(s),LOW
A00658,B00290,9.78573813880935e-09,0.7,0,ML probability below threshold,2 strong conflict(s),LOW
A00708,B00128,0.5974229970947914,0.7,0,Geographic similarity without identity evidence,same city; same state; geographic-only evidence; 2 strong conflict(s),LOW
A00282,B00007,4.599177368820699e-08,0.7,0,ML probability below threshold,1 strong conflict(s),LOW
A00919,B00559,0.16118968855113833,0.7,0,Geographic similarity without identity evidence,same city; same state; geographic-only evidence; 1 strong conflict(s),LOW
A00157,B00653,7.333169780344407e-06,0.7,0,Insufficient identity evidence,limited evidence,LOW
A00233,B00850,2.49896557838593e-10,0.7,0,ML probability below threshold,2 strong conflict(s),LOW
A00239,B00125,2.0314360227546714e-08,0.7,0,ML probability below threshold,2 strong conflict(s),LOW
A00655,B00235,0.5666714424105712,0.7,0,Geographic similarity without identity evidence,same city; same state; geographic-only evidence; 2 strong conflict(s),LOW
A00935,B00020,2.172361483745906e-07,0.7,0,ML probability below threshold,2 strong conflict(s),LOW
A00246,B00912,0.0002551568128093808,0.7,0,ML probability below threshold,2 strong conflict(s),LOW
A00251,B00440,9.316839725038337e-10,0.7,0,ML probability below threshold,2 strong conflict(s),LOW
A00059,B00313,1.0045222390962137e-08,0.7,0,ML probability below threshold,2 strong conflict(s),LOW
A00751,B00691,0.2776917674658728,0.7,0,Geographic similarity without identity evidence,same city; same state; geographic-only evidence; 2 strong conflict(s),LOW
A00682,B00862,0.0074981960591119145,0.7,0,Geographic similarity without identity evidence,same city; same state; geographic-only evidence; 2 strong conflict(s),LOW
A00833,B00373,0.015188606399401613,0.7,0,Geographic similarity without identity evidence,same city; same state; geographic-only evidence; 1 strong conflict(s),LOW
A00784,B00744,0.09127874369337345,0.7,0,Geographic similarity without identity evidence,same city; same state; geographic-only evidence; 2 strong conflict(s),LOW
A00613,B00213,0.9411599485132275,0.7,0,Geographic similarity without identity evidence,same city; same state; geographic-only evidence; 1 strong conflict(s),HIGH
A00474,B00654,0.53995494161003,0.7,0,Geographic similarity without identity evidence,same city; same state; geographic-only evidence; 2 strong conflict(s),LOW
A00245,B00642,6.762383871397292e-08,0.7,0,ML probability below threshold,2 strong conflict(s),LOW
A00809,B00675,6.017291540682107e-08,0.7,0,ML probability below threshold,2 strong conflict(s),LOW
A00221,B00581,0.2572407520335703,0.7,0,Geographic similarity without identity evidence,same city; same state; geographic-only evidence; 1 strong conflict(s),LOW
A00075,B00935,0.12298007731960872,0.7,0,Geographic similarity without identity evidence,same city; same state; geographic-only evidence; 2 strong conflict(s),LOW
A00953,B00407,8.092930255397251e-06,0.7,0,ML probability below threshold,2 strong conflict(s),LOW
A00536,B00643,0.9273186350127619,0.7,1,ML probability above threshold,2 strong conflict(s),HIGH
A00053,B00288,4.865524320437801e-09,0.7,0,ML probability below threshold,2 strong conflict(s),LOW
A00337,B00213,0.00023840010812685412,0.7,0,Insufficient identity evidence,1 strong conflict(s),LOW
A00021,B00361,0.9288607494082041,0.7,0,Geographic similarity without identity evidence,same city; same state; geographic-only evidence; 2 strong conflict(s),HIGH
A00773,B00891,0.0007705410411018253,0.7,0,ML probability below threshold,1 strong conflict(s),LOW
A00090,B00310,0.030969671856388506,0.7,0,Geographic similarity without identity evidence,same city; same state; geographic-only evidence; 2 strong conflict(s),LOW
A00792,B00438,1.5138871854478008e-07,0.7,0,ML probability below threshold,2 strong conflict(s),LOW
A00916,B00145,1.5649212996387267e-05,0.7,0,Multiple conflicting identity signals,3 strong conflict(s),LOW
A00538,B00419,5.919308844091418e-08,0.7,0,ML probability below threshold,2 strong conflict(s),LOW
A00703,B00006,2.1675269663528995e-06,0.7,0,ML probability below threshold,same state; 2 strong conflict(s),LOW
A00450,B00390,0.5668392275426146,0.7,0,Geographic similarity without identity evidence,same city; same state; geographic-only evidence; 1 strong conflict(s),LOW
A00394,B00027,1.9352383269119394e-06,0.7,0,ML probability below threshold,2 strong conflict(s),LOW
A00427,B00739,5.248078001905164e-07,0.7,0,ML probability below threshold,1 strong conflict(s),LOW
A00498,B00536,4.849202079082427e-10,0.7,0,Multiple conflicting identity signals,4 strong conflict(s),LOW
A00702,B00011,1.257251591425865e-07,0.7,0,ML probability below threshold,2 strong conflict(s),LOW
A00514,B00382,8.685206433510259e-10,0.7,0,ML probability below threshold,2 strong conflict(s),LOW
A00929,B00505,1.0240852104191697e-06,0.7,0,ML probability below threshold,2 strong conflict(s),LOW
A00890,B00518,0.00012492426039287398,0.7,0,ML probability below threshold,2 strong conflict(s),LOW
A00248,B00376,4.730702922126083e-10,0.7,0,ML probability below threshold,1 strong conflict(s),LOW
A00129,B00615,2.7477631435863903e-06,0.7,0,ML probability below threshold,1 strong conflict(s),LOW
A00488,B00533,6.086591240774828e-10,0.7,0,Multiple conflicting identity signals,4 strong conflict(s),LOW
A00906,B00834,6.243226809549166e-06,0.7,0,ML probability below threshold,2 strong conflict(s),LOW
A00213,B00693,0.6870298017908049,0.7,0,Geographic similarity without identity evidence,same city; same state; geographic-only evidence; 1 strong conflict(s),LOW
A00484,B00294,2.455092993109195e-09,0.7,0,ML probability below threshold,2 strong conflict(s),LOW
A00959,B00818,0.0001307578795311913,0.7,0,ML probability below threshold,2 strong conflict(s),LOW
A00523,B00020,6.642396322723975e-10,0.7,0,Multiple conflicting identity signals,4 strong conflict(s),LOW
A00798,B00589,5.7950902784911e-09,0.7,0,Multiple conflicting identity signals,3 strong conflict(s),LOW
A00355,B00830,1.3284605131168006e-06,0.7,0,ML probability below threshold,2 strong conflict(s),LOW
A00851,B00405,2.161928820005453e-08,0.7,0,ML probability below threshold,1 strong conflict(s),LOW
A00963,B00234,1.0833093764171964e-07,0.7,0,ML probability below threshold,1 strong conflict(s),LOW
A00919,B00809,5.465249798728651e-06,0.7,0,ML probability below threshold,2 strong conflict(s),LOW
A00096,B00835,7.462322560955558e-08,0.7,0,ML probability below threshold,2 strong conflict(s),LOW
A00274,B00174,0.3511014244556018,0.7,0,Geographic similarity without identity evidence,same city; same state; geographic-only evidence; 2 strong conflict(s),LOW
A00432,B00414,3.150057440100247e-07,0.7,0,ML probability below threshold,2 strong conflict(s),LOW
A00781,B00696,4.130700478773431e-09,0.7,0,ML probability below threshold,2 strong conflict(s),LOW
A00670,B00234,1.0415195397670746e-07,0.7,0,ML probability below threshold,1 strong conflict(s),LOW
A00313,B00118,3.155219082746545e-05,0.7,0,ML probability below threshold,2 strong conflict(s),LOW
A00648,B00480,3.74990327687811e-10,0.7,0,ML probability below threshold,2 strong conflict(s),LOW
A00909,B00371,8.585038085546702e-08,0.7,0,Multiple conflicting identity signals,3 strong conflict(s),LOW
A00723,B00410,0.00017749938367477266,0.7,0,ML probability below threshold,same state; 1 strong conflict(s),LOW
A00685,B00780,1.8136310928626632e-08,0.7,0,ML probability below threshold,2 strong conflict(s),LOW
A00145,B00527,2.902287910375341e-07,0.7,0,ML probability below threshold,2 strong conflict(s),LOW
A00809,B00983,9.471478940885447e-08,0.7,0,Insufficient identity evidence,2 strong conflict(s),LOW
A00629,B00969,0.11462748242259198,0.7,0,Geographic similarity without identity evidence,same city; same state; geographic-only evidence; 2 strong conflict(s),LOW
A00824,B00990,2.7751548901510342e-08,0.7,0,ML probability below threshold,2 strong conflict(s),LOW
A00843,B00363,0.18778724255170376,0.7,0,Geographic similarity without identity evidence,same city; same state; geographic-only evidence; 3 strong conflict(s),LOW
A00537,B00266,4.8266630232465744e-05,0.7,0,ML probability below threshold,2 strong conflict(s),LOW
A00787,B00871,0.002168503615663655,0.7,0,ML probability below threshold,2 strong conflict(s),LOW
A00273,B00373,0.7384427248998685,0.7,0,Geographic similarity without identity evidence,same city; same state; geographic-only evidence; 1 strong conflict(s),MEDIUM
A00954,B00143,0.0032898648842110897,0.7,0,ML probability below threshold,1 strong conflict(s),LOW
A00740,B00224,5.901122099744075e-09,0.7,0,ML probability below threshold,limited evidence,LOW
A00976,B00036,0.028209790518263767,0.7,0,Geographic similarity without identity evidence,same city; same state; geographic-only evidence; 2 strong conflict(s),LOW
A00981,B00850,1.2668997763420447e-09,0.7,0,Multiple conflicting identity signals,3 strong conflict(s),LOW
A00954,B00940,1.463888186528575e-07,0.7,0,Insufficient identity evidence,1 strong conflict(s),LOW
A00751,B00561,4.417453683337655e-07,0.7,0,ML probability below threshold,2 strong conflict(s),LOW
A00274,B00879,9.193891918970335e-10,0.7,0,Multiple conflicting identity signals,3 strong conflict(s),LOW
A00693,B00841,2.4970628629594744e-07,0.7,0,Multiple conflicting identity signals,3 strong conflict(s),LOW
A00004,B00104,0.3276863783837301,0.7,0,Geographic similarity without identity evidence,same city; same state; geographic-only evidence; 2 strong conflict(s),LOW
A00489,B00771,8.095645485052851e-08,0.7,0,Multiple conflicting identity signals,3 strong conflict(s),LOW
A00730,B00055,9.740013315424521e-08,0.7,0,ML probability below threshold,1 strong conflict(s),LOW
A00518,B00900,2.7398865147129152e-08,0.7,0,ML probability below threshold,2 strong conflict(s),LOW
A00218,B00444,2.393585441087152e-07,0.7,0,ML probability below threshold,2 strong conflict(s),LOW
A00993,B00966,2.516643557408891e-09,0.7,0,Multiple conflicting identity signals,3 strong conflict(s),LOW
A00256,B00864,0.00019374932817891547,0.7,0,ML probability below threshold,1 strong conflict(s),LOW
A00068,B00317,5.766824015201578e-09,0.7,0,ML probability below threshold,2 strong conflict(s),LOW
A00000,B00689,2.5698480487846974e-06,0.7,0,ML probability below threshold,1 strong conflict(s),LOW
A00793,B00628,8.54106871297181e-11,0.7,0,ML probability below threshold,1 strong conflict(s),LOW
A00855,B00585,2.591076945676519e-06,0.7,0,ML probability below threshold,2 strong conflict(s),LOW
A00756,B00307,9.638413554204202e-09,0.7,0,ML probability below threshold,1 strong conflict(s),LOW
A00860,B00992,1.7724045128034114e-08,0.7,0,ML probability below threshold,2 strong conflict(s),LOW
A00642,B00363,1.3355364795199366e-09,0.7,0,ML probability below threshold,2 strong conflict(s),LOW
A00709,B00769,0.1286704466805605,0.7,0,Geographic similarity without identity evidence,same city; same state; geographic-only evidence; 2 strong conflict(s),LOW
A00131,B00625,6.526036888833319e-09,0.7,0,Multiple conflicting identity signals,3 strong conflict(s),LOW
A00196,B00480,4.020089878561901e-10,0.7,0,Multiple conflicting identity signals,3 strong conflict(s),LOW
A00513,B00453,0.1597969061996777,0.7,0,Geographic similarity without identity evidence,same city; same state; geographic-only evidence; 2 strong conflict(s),LOW
A00924,B00040,1.232241310704573e-09,0.7,0,ML probability below threshold,2 strong conflict(s),LOW
A00346,B00582,4.2034021378949706e-10,0.7,0,ML probability below threshold,2 strong conflict(s),LOW
A00508,B00159,3.1742489600529857e-08,0.7,0,ML probability below threshold,2 strong conflict(s),LOW
A00056,B00770,0.002728904938518013,0.7,0,ML probability below threshold,2 strong conflict(s),LOW
A00608,B00851,3.937917789299426e-09,0.7,0,ML probability below threshold,limited evidence,LOW
A00245,B00105,0.5222116454339892,0.7,0,Geographic similarity without identity evidence,same city; same state; geographic-only evidence; 1 strong conflict(s),LOW
A00829,B00491,7.665668562346495e-05,0.7,0,ML probability below threshold,1 strong conflict(s),LOW
A00925,B00485,0.717079244825124,0.7,0,Geographic similarity without identity evidence,same city; same state; geographic-only evidence; 2 strong conflict(s),MEDIUM
A00024,B00408,1.1938633062488973e-07,0.7,0,ML probability below threshold,2 strong conflict(s),LOW
A00860,B00489,0.0007370588105849267,0.7,0,ML probability below threshold,2 strong conflict(s),LOW
A00069,B00089,0.5269926080332973,0.7,0,Geographic similarity without identity evidence,same city; same state; geographic-only evidence; 2 strong conflict(s),LOW
A00522,B00982,0.03513067151499664,0.7,0,Geographic similarity without identity evidence,same city; same state; geographic-only evidence; 3 strong conflict(s),LOW
A00915,B00963,1.1208478434838383e-08,0.7,0,ML probability below threshold,1 strong conflict(s),LOW
A00628,B00537,6.709416914066677e-08,0.7,0,ML probability below threshold,2 strong conflict(s),LOW
A00913,B00813,0.49067630415016333,0.7,0,Geographic similarity without identity evidence,same city; same state; geographic-only evidence; 2 strong conflict(s),LOW
A00159,B00604,2.9424576385933643e-07,0.7,0,ML probability below threshold,2 strong conflict(s),LOW
A00536,B00066,7.89241766883521e-08,0.7,0,ML probability below threshold,2 strong conflict(s),LOW
A00906,B00866,0.20074635241020014,0.7,0,Geographic similarity without identity evidence,same city; same state; geographic-only evidence; 2 strong conflict(s),LOW
A00286,B00887,3.478660093787185e-05,0.7,0,ML probability below threshold,2 strong conflict(s),LOW
A00179,B00877,1.5351475542309454e-09,0.7,0,ML probability below threshold,2 strong conflict(s),LOW
A00304,B00289,4.610418556153633e-08,0.7,0,ML probability below threshold,2 strong conflict(s),LOW
A00755,B00242,5.072787506710464e-10,0.7,0,ML probability below threshold,2 strong conflict(s),LOW
A00497,B00193,9.18795868715695e-08,0.7,0,Multiple conflicting identity signals,3 strong conflict(s),LOW
A00269,B00069,0.5235988165592685,0.7,0,Geographic similarity without identity evidence,same city; same state; geographic-only evidence; 2 strong conflict(s),LOW
A00321,B00166,6.759948189398411e-09,0.7,0,ML probability below threshold,2 strong conflict(s),LOW
A00771,B00749,0.0004524100162504569,0.7,0,ML probability below threshold,2 strong conflict(s),LOW
A00065,B00408,2.0460107121414596e-08,0.7,0,Multiple conflicting identity signals,3 strong conflict(s),LOW
A00381,B00736,1.4587656529544018e-07,0.7,0,ML probability below threshold,2 strong conflict(s),LOW
A00825,B00234,5.333952332441109e-10,0.7,0,ML probability below threshold,1 strong conflict(s),LOW
A00736,B00584,2.5880421876213765e-09,0.7,0,ML probability below threshold,2 strong conflict(s),LOW
A00118,B00798,0.15812214353854268,0.7,0,Geographic similarity without identity evidence,same city; same state; geographic-only evidence; 2 strong conflict(s),LOW
A00641,B00785,4.307438776069475e-07,0.7,0,ML probability below threshold,1 strong conflict(s),LOW
A00521,B00697,6.812476131269561e-05,0.7,0,ML probability below threshold,2 strong conflict(s),LOW
A00662,B00542,0.016412257823563058,0.7,0,Geographic similarity without identity evidence,same city; same state; geographic-only evidence; 2 strong conflict(s),LOW
A00686,B00166,0.0021265735993896587,0.7,0,Geographic similarity without identity evidence,same city; same state; geographic-only evidence; 2 strong conflict(s),LOW
A00003,B00202,2.271434283505337e-08,0.7,0,Insufficient identity evidence,1 strong conflict(s),LOW
A00837,B00868,2.3774403467130803e-07,0.7,0,ML probability below threshold,2 strong conflict(s),LOW
A00074,B00251,2.1974126000263595e-05,0.7,0,ML probability below threshold,2 strong conflict(s),LOW
A00017,B00877,0.11629478060833992,0.7,0,Geographic similarity without identity evidence,same city; same state; geographic-only evidence; 2 strong conflict(s),LOW
A00276,B00216,0.020584889807153204,0.7,0,Geographic similarity without identity evidence,same city; same state; geographic-only evidence; 2 strong conflict(s),LOW
A00989,B00812,3.7531328934455485e-07,0.7,0,Multiple conflicting identity signals,3 strong conflict(s),LOW
A00562,B00262,0.723588148165144,0.7,0,Geographic similarity without identity evidence,same city; same state; geographic-only evidence; 2 strong conflict(s),MEDIUM
A00910,B00660,2.8726730994651817e-07,0.7,0,ML probability below threshold,2 strong conflict(s),LOW
A00251,B00807,3.369251587908028e-07,0.7,0,ML probability below threshold,2 strong conflict(s),LOW
A00643,B00723,0.24964393372501323,0.7,0,Geographic similarity without identity evidence,same city; same state; geographic-only evidence; 2 strong conflict(s),LOW
A00950,B00844,1.1767694316811948e-09,0.7,0,ML probability below threshold,2 strong conflict(s),LOW
A00533,B00372,1.7151311504820967e-05,0.7,0,ML probability below threshold,2 strong conflict(s),LOW
A00409,B00079,9.596736161563431e-07,0.7,0,ML probability below threshold,2 strong conflict(s),LOW
A00582,B00503,6.396575105059764e-05,0.7,0,Insufficient identity evidence,2 strong conflict(s),LOW
A00836,B00979,0.0005034351076037195,0.7,0,ML probability below threshold,2 strong conflict(s),LOW
A00803,B00609,3.253184566118019e-06,0.7,0,ML probability below threshold,1 strong conflict(s),LOW
A00661,B00480,2.7674862757394664e-09,0.7,0,ML probability below threshold,2 strong conflict(s),LOW
A00291,B00324,7.0722167145595e-09,0.7,0,ML probability below threshold,2 strong conflict(s),LOW
A00570,B00652,8.404841931038853e-09,0.7,0,ML probability below threshold,2 strong conflict(s),LOW
A00267,B00681,2.976160958131792e-05,0.7,0,ML probability below threshold,same state; 2 strong conflict(s),LOW
A00062,B00206,8.230023271297996e-09,0.7,0,ML probability below threshold,1 strong conflict(s),LOW
A00896,B00278,9.063950919195535e-09,0.7,0,Multiple conflicting identity signals,3 strong conflict(s),LOW
A00991,B00155,0.0004965536488495753,0.7,0,ML probability below threshold,2 strong conflict(s),LOW
A00935,B00089,7.294270101261593e-08,0.7,0,ML probability below threshold,2 strong conflict(s),LOW
A00431,B00108,3.830254199194338e-09,0.7,0,ML probability below threshold,2 strong conflict(s),LOW
A00399,B00853,1.331898388309714e-09,0.7,0,ML probability below threshold,1 strong conflict(s),LOW
A00563,B00443,0.051297013055478305,0.7,0,Geographic similarity without identity evidence,same city; same state; geographic-only evidence; 2 strong conflict(s),LOW
A00107,B00821,4.399984216543065e-06,0.7,0,ML probability below threshold,same state; 2 strong conflict(s),LOW
A00404,B00182,1.3549371336949112e-07,0.7,0,ML probability below threshold,limited evidence,LOW
A00997,B00901,1.5434790240961554e-07,0.7,0,ML probability below threshold,2 strong conflict(s),LOW
A00627,B00287,0.9491194672441365,0.7,0,Geographic similarity without identity evidence,same city; same state; geographic-only evidence; 1 strong conflict(s),HIGH
A00420,B00859,1.4849169621805022e-07,0.7,0,ML probability below threshold,1 strong conflict(s),LOW
A00664,B00450,3.591013631412047e-05,0.7,0,ML probability below threshold,1 strong conflict(s),LOW
A00801,B00121,0.1762562305222144,0.7,0,Geographic similarity without identity evidence,same city; same state; geographic-only evidence; 3 strong conflict(s),LOW
A00232,B00155,3.6068499010312348e-06,0.7,0,ML probability below threshold,2 strong conflict(s),LOW
A00848,B00248,0.5826444610898882,0.7,0,Geographic similarity without identity evidence,same city; same state; geographic-only evidence; 2 strong conflict(s),LOW
A00250,B00830,0.3298010032080581,0.7,0,Geographic similarity without identity evidence,same city; same state; geographic-only evidence; 2 strong conflict(s),LOW
A00588,B00224,1.4186913210903322e-07,0.7,0,ML probability below threshold,limited evidence,LOW
A00847,B00227,0.3087124170727734,0.7,0,Geographic similarity without identity evidence,same city; same state; geographic-only evidence; 1 strong conflict(s),LOW
A00930,B00947,2.420167501693336e-10,0.7,0,ML probability below threshold,2 strong conflict(s),LOW
A00163,B00449,3.926261021454025e-10,0.7,0,ML probability below threshold,2 strong conflict(s),LOW
A00561,B00361,0.45404353920042634,0.7,0,Geographic similarity without identity evidence,same city; same state; geographic-only evidence; 2 strong conflict(s),LOW
A00975,B00035,0.1529621423431121,0.7,0,Geographic similarity without identity evidence,same city; same state; geographic-only evidence; 1 strong conflict(s),LOW
A00467,B00670,1.6161232687930407e-08,0.7,0,ML probability below threshold,2 strong conflict(s),LOW
A00764,B00144,0.7136928716304006,0.7,0,Geographic similarity without identity evidence,same city; same state; geographic-only evidence; 1 strong conflict(s),MEDIUM
A00886,B00998,4.597608733992566e-08,0.7,0,ML probability below threshold,2 strong conflict(s),LOW
A00652,B00354,6.661829612991405e-08,0.7,0,Multiple conflicting identity signals,3 strong conflict(s),LOW
A00159,B00525,5.342456797907022e-07,0.7,0,ML probability below threshold,2 strong conflict(s),LOW
A00572,B00505,5.20515606976412e-09,0.7,0,ML probability below threshold,2 strong conflict(s),LOW
A00541,B00465,1.2003933101852076e-06,0.7,0,ML probability below threshold,1 strong conflict(s),LOW
A00705,B00256,0.0009433709374027644,0.7,0,Insufficient identity evidence,1 strong conflict(s),LOW
A00155,B00755,0.38328708335878037,0.7,0,ML probability below threshold,same city; 2 strong conflict(s),LOW
A00383,B00168,2.923016729190929e-06,0.7,0,Multiple conflicting identity signals,same state; 3 strong conflict(s),LOW
A00335,B00195,0.7784151131601217,0.7,0,Geographic similarity without identity evidence,same city; same state; geographic-only evidence; 2 strong conflict(s),MEDIUM
A00778,B00415,5.629262132813955e-10,0.7,0,Multiple conflicting identity signals,3 strong conflict(s),LOW
A00628,B00988,0.18072811886126364,0.7,0,Geographic similarity without identity evidence,same city; same state; geographic-only evidence; 2 strong conflict(s),LOW
A00855,B00880,1.6886677485311697e-07,0.7,0,Multiple conflicting identity signals,3 strong conflict(s),LOW
A00016,B00154,3.624579733215525e-10,0.7,0,Multiple conflicting identity signals,3 strong conflict(s),LOW
A00821,B00321,0.8443376176603085,0.7,0,Geographic similarity without identity evidence,same city; same state; geographic-only evidence; 2 strong conflict(s),MEDIUM
A00566,B00530,2.5202568721524556e-05,0.7,0,ML probability below threshold,same state; 1 strong conflict(s),LOW
A00238,B00588,4.218698099988737e-08,0.7,0,ML probability below threshold,2 strong conflict(s),LOW
A00229,B00096,1.4532570243087637e-08,0.7,0,ML probability below threshold,2 strong conflict(s),LOW
A00494,B00057,5.66599632655317e-08,0.7,0,Multiple conflicting identity signals,3 strong conflict(s),LOW
A00176,B00571,0.0002930740123572541,0.7,0,Multiple conflicting identity signals,same state; 3 strong conflict(s),LOW
A00792,B00228,9.555390574566505e-06,0.7,0,ML probability below threshold,2 strong conflict(s),LOW
A00568,B00137,6.751082141214381e-09,0.7,0,ML probability below threshold,2 strong conflict(s),LOW
A00301,B00812,1.7649077866644375e-07,0.7,0,ML probability below threshold,2 strong conflict(s),LOW
A00004,B00308,4.7263357183662514e-08,0.7,0,ML probability below threshold,1 strong conflict(s),LOW
A00256,B00097,2.4236293399925637e-08,0.7,0,ML probability below threshold,1 strong conflict(s),LOW
A00683,B00223,0.8983818383320706,0.7,0,Geographic similarity without identity evidence,same city; same state; geographic-only evidence; 2 strong conflict(s),MEDIUM
A00629,B00452,1.0806694171052115e-05,0.7,0,ML probability below threshold,2 strong conflict(s),LOW
A00561,B00247,1.978029722948521e-05,0.7,0,ML probability below threshold,same state; 2 strong conflict(s),LOW
A00184,B00811,2.9723876124794594e-08,0.7,0,ML probability below threshold,2 strong conflict(s),LOW
A00068,B00287,8.878078263050722e-09,0.7,0,Insufficient identity evidence,1 strong conflict(s),LOW
A00016,B00303,3.6849397662736346e-10,0.7,0,ML probability below threshold,1 strong conflict(s),LOW
A00312,B00372,0.8432410417281637,0.7,0,Geographic similarity without identity evidence,same city; same state; geographic-only evidence; 2 strong conflict(s),MEDIUM
A00238,B00627,2.3864716401123183e-07,0.7,0,ML probability below threshold,2 strong conflict(s),LOW
A00332,B00411,2.137105940474396e-09,0.7,0,ML probability below threshold,2 strong conflict(s),LOW
A00430,B00784,1.2089433040474582e-09,0.7,0,ML probability below threshold,2 strong conflict(s),LOW
A00295,B00853,2.5883314542219846e-07,0.7,0,ML probability below threshold,1 strong conflict(s),LOW
A00701,B00381,0.49028096298958934,0.7,0,Geographic similarity without identity evidence,same city; same state; geographic-only evidence; 1 strong conflict(s),LOW
A00970,B00887,4.6561464190968135e-06,0.7,0,ML probability below threshold,2 strong conflict(s),LOW
A00245,B00203,8.135061424870464e-10,0.7,0,ML probability below threshold,2 strong conflict(s),LOW
A00981,B00565,6.071648417549097e-08,0.7,0,ML probability below threshold,2 strong conflict(s),LOW
A00687,B00072,3.0085272315060273e-05,0.7,0,ML probability below threshold,2 strong conflict(s),LOW
A00960,B00660,0.9795474852846248,0.7,0,Geographic similarity without identity evidence,same city; same state; geographic-only evidence; 2 strong conflict(s),HIGH
A00721,B00561,0.2920757556213822,0.7,0,Geographic similarity without identity evidence,same city; same state; geographic-only evidence; 2 strong conflict(s),LOW
A00771,B00696,0.0004795950654744663,0.7,0,ML probability below threshold,same state; 2 strong conflict(s),LOW
A00795,B00395,0.3494248434086794,0.7,0,Geographic similarity without identity evidence,same city; same state; geographic-only evidence; 1 strong conflict(s),LOW
A00061,B00270,7.105003480144916e-08,0.7,0,ML probability below threshold,2 strong conflict(s),LOW
A00855,B00954,1.1474259545922133e-09,0.7,0,ML probability below threshold,2 strong conflict(s),LOW
A00914,B00173,5.228378214433801e-07,0.7,0,ML probability below threshold,2 strong conflict(s),LOW
A00746,B00334,1.2728351413269198e-06,0.7,0,ML probability below threshold,1 strong conflict(s),LOW
A00808,B00599,5.134906469341471e-08,0.7,0,ML probability below threshold,2 strong conflict(s),LOW
A00190,B00076,5.5209403901107525e-08,0.7,0,ML probability below threshold,2 strong conflict(s),LOW
A00150,B00289,9.883853873854949e-09,0.7,0,ML probability below threshold,2 strong conflict(s),LOW
A00850,B00690,0.4346533319798118,0.7,0,Geographic similarity without identity evidence,same city; same state; geographic-only evidence; 1 strong conflict(s),LOW
A00011,B00144,3.9911891928871965e-06,0.7,0,ML probability below threshold,1 strong conflict(s),LOW
A00245,B00218,2.9167837685942558e-08,0.7,0,ML probability below threshold,2 strong conflict(s),LOW
A00748,B00208,0.39363432912152363,0.7,0,Geographic similarity without identity evidence,same city; same state; geographic-only evidence; 2 strong conflict(s),LOW
A00436,B00831,3.146952849530416e-07,0.7,0,ML probability below threshold,same state; 1 strong conflict(s),LOW
A00241,B00993,1.0551631038424079e-07,0.7,0,ML probability below threshold,2 strong conflict(s),LOW
A00753,B00708,1.0557484493225224e-08,0.7,0,ML probability below threshold,1 strong conflict(s),LOW
A00898,B00577,1.722288057956048e-08,0.7,0,ML probability below threshold,2 strong conflict(s),LOW
A00146,B00190,4.876472527931688e-05,0.7,0,ML probability below threshold,same state; 1 strong conflict(s),LOW
A00432,B00492,0.10089463017001042,0.7,0,Geographic similarity without identity evidence,same city; same state; geographic-only evidence; 2 strong conflict(s),LOW
A00218,B00698,0.5010413826859879,0.7,0,Geographic similarity without identity evidence,same city; same state; geographic-only evidence; 2 strong conflict(s),LOW
A00411,B00817,2.803005917528244e-05,0.7,0,ML probability below threshold,2 strong conflict(s),LOW
A00923,B00415,1.063810413822712e-08,0.7,0,ML probability below threshold,2 strong conflict(s),LOW
A00877,B00574,1.917138607099242e-09,0.7,0,ML probability below threshold,2 strong conflict(s),LOW
A00688,B00088,0.014390743452960436,0.7,0,Geographic similarity without identity evidence,same city; same state; geographic-only evidence; 2 strong conflict(s),LOW
A00512,B00392,0.6788953582239206,0.7,0,Geographic similarity without identity evidence,same city; same state; geographic-only evidence; 2 strong conflict(s),LOW
A00625,B00865,0.013279297394862222,0.7,0,Geographic similarity without identity evidence,same city; same state; geographic-only evidence; 2 strong conflict(s),LOW
A00432,B00290,4.253200308173255e-08,0.7,0,Multiple conflicting identity signals,3 strong conflict(s),LOW
A00081,B00577,3.522449903031215e-06,0.7,0,ML probability below threshold,2 strong conflict(s),LOW
A00484,B00699,0.00011340401923255953,0.7,0,ML probability below threshold,1 strong conflict(s),LOW
A00744,B00267,5.409568341782823e-08,0.7,0,ML probability below threshold,2 strong conflict(s),LOW
A00509,B00869,0.085547161780361,0.7,0,Geographic similarity without identity evidence,same city; same state; geographic-only evidence,LOW
A00123,B00543,0.663489405515044,0.7,0,Geographic similarity without identity evidence,same city; same state; geographic-only evidence,LOW
A00261,B00222,1.7014530360158294e-05,0.7,0,Multiple conflicting identity signals,3 strong conflict(s),LOW
A00304,B00644,0.17095615020550928,0.7,0,Geographic similarity without identity evidence,same city; same state; geographic-only evidence; 1 strong conflict(s),LOW
A00283,B00390,0.07193772597482742,0.7,0,ML probability below threshold,same state; 1 strong conflict(s),LOW
A00150,B00733,3.0320030863352284e-10,0.7,0,ML probability below threshold,2 strong conflict(s),LOW
A00812,B00178,2.135751927108316e-06,0.7,0,ML probability below threshold,2 strong conflict(s),LOW
A00042,B00500,2.997069087349327e-07,0.7,0,ML probability below threshold,2 strong conflict(s),LOW
A00088,B00780,5.033130192651362e-11,0.7,0,Multiple conflicting identity signals,3 strong conflict(s),LOW
A00581,B00851,1.5043872339623406e-07,0.7,0,ML probability below threshold,limited evidence,LOW
A00288,B00527,2.4577685040094544e-10,0.7,0,ML probability below threshold,2 strong conflict(s),LOW
A00490,B00392,9.675254597889698e-08,0.7,0,Insufficient identity evidence,2 strong conflict(s),LOW
A00326,B00694,0.00017974848511061303,0.7,0,ML probability below threshold,1 strong conflict(s),LOW
A00885,B00495,8.082768229939433e-07,0.7,0,ML probability below threshold,2 strong conflict(s),LOW
A00909,B00192,0.0041932436855851895,0.7,0,ML probability below threshold,2 strong conflict(s),LOW
A00192,B00132,0.11369292608219277,0.7,0,Geographic similarity without identity evidence,same city; same state; geographic-only evidence; 2 strong conflict(s),LOW
A00249,B00309,0.578447435682681,0.7,0,Geographic similarity without identity evidence,same city; same state; geographic-only evidence; 1 strong conflict(s),LOW
A00721,B00599,2.884924179166319e-06,0.7,0,ML probability below threshold,2 strong conflict(s),LOW
A00852,B00020,1.4607832916373355e-09,0.7,0,Multiple conflicting identity signals,3 strong conflict(s),LOW
A00995,B00171,6.283423835389459e-07,0.7,0,ML probability below threshold,2 strong conflict(s),LOW
A00402,B00607,4.926674634066234e-07,0.7,0,Insufficient identity evidence,1 strong conflict(s),LOW
A00484,B00164,0.054442068756371434,0.7,0,Geographic similarity without identity evidence,same city; same state; geographic-only evidence; 3 strong conflict(s),LOW
A00153,B00049,6.299698510809953e-08,0.7,0,Multiple conflicting identity signals,3 strong conflict(s),LOW
A00424,B00786,0.000508846563700582,0.7,0,ML probability below threshold,2 strong conflict(s),LOW
A00051,B00875,6.018181566259533e-07,0.7,0,ML probability below threshold,2 strong conflict(s),LOW
A00108,B00340,3.485688517941163e-09,0.7,0,ML probability below threshold,1 strong conflict(s),LOW
A00826,B00197,0.0018084624835155948,0.7,0,ML probability below threshold,1 strong conflict(s),LOW
A00622,B00039,0.00010276346402425329,0.7,0,ML probability below threshold,2 strong conflict(s),LOW
A00795,B00535,0.7150277864741147,0.7,0,Geographic similarity without identity evidence,same city; same state; geographic-only evidence; 1 strong conflict(s),MEDIUM
A00833,B00886,2.9455547213526894e-07,0.7,0,ML probability below threshold,2 strong conflict(s),LOW
A00937,B00161,3.4940924658458092e-06,0.7,0,ML probability below threshold,2 strong conflict(s),LOW
A00997,B00381,4.2729682532662103e-07,0.7,0,ML probability below threshold,1 strong conflict(s),LOW
A00766,B00806,0.5243216330581437,0.7,0,Geographic similarity without identity evidence,same city; same state; geographic-only evidence; 2 strong conflict(s),LOW
A00983,B00723,0.38378869453490655,0.7,0,Geographic similarity without identity evidence,same city; same state; geographic-only evidence; 3 strong conflict(s),LOW
A00358,B00441,4.253067371593482e-09,0.7,0,ML probability below threshold,1 strong conflict(s),LOW
A00505,B00405,0.25234607632495953,0.7,0,Geographic similarity without identity evidence,same city; same state; geographic-only evidence; 1 strong conflict(s),LOW
A00470,B00953,8.421120471269433e-11,0.7,0,ML probability below threshold,1 strong conflict(s),LOW
A00183,B00438,1.4546279731938864e-09,0.7,0,ML probability below threshold,2 strong conflict(s),LOW
A00333,B00250,4.1537555244351277e-10,0.7,0,ML probability below threshold,2 strong conflict(s),LOW
A00231,B00602,4.1021104202266704e-06,0.7,0,ML probability below threshold,2 strong conflict(s),LOW
A00498,B00257,7.368098678597736e-09,0.7,0,ML probability below threshold,2 strong conflict(s),LOW
A00906,B00006,0.766451264018102,0.7,0,Geographic similarity without identity evidence,same city; same state; geographic-only evidence; 2 strong conflict(s),MEDIUM
A00690,B00750,0.026375989178474245,0.7,0,Geographic similarity without identity evidence,same city; same state; geographic-only evidence; 2 strong conflict(s),LOW
A00638,B00038,0.19494475850617407,0.7,0,Geographic similarity without identity evidence,same city; same state; geographic-only evidence; 2 strong conflict(s),LOW
A00401,B00024,1.8693305207689394e-07,0.7,0,ML probability below threshold,1 strong conflict(s),LOW
A00959,B00399,0.07915645641859008,0.7,0,Geographic similarity without identity evidence,same city; same state; geographic-only evidence; 2 strong conflict(s),LOW
A00492,B00892,0.5107082590662537,0.7,0,Geographic similarity without identity evidence,same city; same state; geographic-only evidence; 1 strong conflict(s),LOW
A00584,B00804,0.0740630148405339,0.7,0,Geographic similarity without identity evidence,same city; same state; geographic-only evidence; 2 strong conflict(s),LOW
A00950,B00649,1.3645540748694774e-09,0.7,0,ML probability below threshold,1 strong conflict(s),LOW
A00650,B00910,0.19409636397786326,0.7,0,Geographic similarity without identity evidence,same city; same state; geographic-only evidence; 1 strong conflict(s),LOW
A00744,B00524,0.23354909621319705,0.7,0,Geographic similarity without identity evidence,same city; same state; geographic-only evidence; 2 strong conflict(s),LOW
A00798,B00858,0.09019868538062682,0.7,0,Geographic similarity without identity evidence,same city; same state; geographic-only evidence; 3 strong conflict(s),LOW
A00319,B00134,1.987469740708182e-08,0.7,0,ML probability below threshold,1 strong conflict(s),LOW
A00625,B00027,2.3591474274277727e-09,0.7,0,ML probability below threshold,2 strong conflict(s),LOW
A00984,B00914,2.251927816168504e-08,0.7,0,ML probability below threshold,2 strong conflict(s),LOW
A00688,B00907,4.2224574671015066e-10,0.7,0,ML probability below threshold,2 strong conflict(s),LOW
A00229,B00663,7.979375408766173e-10,0.7,0,ML probability below threshold,2 strong conflict(s),LOW
A00224,B00787,0.0002816102483148253,0.7,0,ML probability below threshold,2 strong conflict(s),LOW
A00049,B00229,0.5133298077451082,0.7,0,Geographic similarity without identity evidence,same city; same state; geographic-only evidence; 2 strong conflict(s),LOW
A00127,B00242,2.915088165646635e-05,0.7,0,ML probability below threshold,2 strong conflict(s),LOW
A00669,B00289,0.011995849387006615,0.7,0,Geographic similarity without identity evidence,same city; same state; geographic-only evidence; 2 strong conflict(s),LOW
A00424,B00741,3.5764830217582716e-07,0.7,0,ML probability below threshold,2 strong conflict(s),LOW
A00052,B00813,7.149691846839089e-08,0.7,0,ML probability below threshold,2 strong conflict(s),LOW
A00287,B00107,0.03191881762197222,0.7,0,Geographic similarity without identity evidence,same city; same state; geographic-only evidence; 2 strong conflict(s),LOW
A00771,B00052,6.852331651444656e-08,0.7,0,ML probability below threshold,1 strong conflict(s),LOW
A00137,B00857,0.5147300801167148,0.7,0,Geographic similarity without identity evidence,same city; same state; geographic-only evidence; 2 strong conflict(s),LOW
A00335,B00362,0.0006433723406047678,0.7,0,ML probability below threshold,1 strong conflict(s),LOW
A00174,B00951,7.849629903648335e-07,0.7,0,Multiple conflicting identity signals,3 strong conflict(s),LOW
A00420,B00202,2.350265270073013e-07,0.7,0,Insufficient identity evidence,1 strong conflict(s),LOW
A00369,B00469,0.8035936072413951,0.7,0,Geographic similarity without identity evidence,same city; same state; geographic-only evidence; 2 strong conflict(s),MEDIUM
A00711,B00922,3.9402613423030795e-05,0.7,0,ML probability below threshold,2 strong conflict(s),LOW
A00459,B00539,0.07731875357445019,0.7,0,Geographic similarity without identity evidence,same city; same state; geographic-only evidence; 1 strong conflict(s),LOW
A00707,B00907,0.23652764787059977,0.7,0,Geographic similarity without identity evidence,same city; same state; geographic-only evidence; 2 strong conflict(s),LOW
A00307,B00767,0.08776666651513047,0.7,0,Geographic similarity without identity evidence,same city; same state; geographic-only evidence; 1 strong conflict(s),LOW
A00925,B00450,2.7530948351771167e-06,0.7,0,ML probability below threshold,limited evidence,LOW
A00316,B00216,0.6404226066671278,0.7,0,Geographic similarity without identity evidence,same city; same state; geographic-only evidence; 2 strong conflict(s),LOW
A00109,B00400,5.84559920107431e-08,0.7,0,ML probability below threshold,2 strong conflict(s),LOW
A00407,B00107,0.1807808581310127,0.7,0,Geographic similarity without identity evidence,same city; same state; geographic-only evidence; 2 strong conflict(s),LOW
A00198,B00350,2.75129770411533e-09,0.7,0,ML probability below threshold,2 strong conflict(s),LOW
A00329,B00578,6.692771755142472e-05,0.7,0,Insufficient identity evidence,2 strong conflict(s),LOW
A00749,B00103,1.8500163607448764e-08,0.7,0,Multiple conflicting identity signals,3 strong conflict(s),LOW
A00628,B00721,2.2153361403791782e-08,0.7,0,ML probability below threshold,1 strong conflict(s),LOW
A00502,B00383,1.7539999585266653e-08,0.7,0,Multiple conflicting identity signals,3 strong conflict(s),LOW
A00178,B00489,0.00011423286445147808,0.7,0,ML probability below threshold,2 strong conflict(s),LOW
A00570,B00148,0.00047981932335609644,0.7,0,ML probability below threshold,same state; 2 strong conflict(s),LOW
A00137,B00760,8.766959723060722e-08,0.7,0,ML probability below threshold,2 strong conflict(s),LOW
A00828,B00346,2.196442184253646e-06,0.7,0,ML probability below threshold,same state; 1 strong conflict(s),LOW
A00654,B00483,0.0009339528790623041,0.7,0,ML probability below threshold,2 strong conflict(s),LOW
A00243,B00380,4.3645878659180866e-10,0.7,0,Multiple conflicting identity signals,3 strong conflict(s),LOW
A00448,B00655,9.67676226509692e-08,0.7,0,ML probability below threshold,2 strong conflict(s),LOW
A00744,B00257,2.9510113479998312e-08,0.7,0,ML probability below threshold,1 strong conflict(s),LOW
A00621,B00721,0.7063278155269355,0.7,0,Geographic similarity without identity evidence,same city; same state; geographic-only evidence; 1 strong conflict(s),MEDIUM
A00886,B00070,1.3265899142411822e-05,0.7,0,ML probability below threshold,same state; 1 strong conflict(s),LOW
A00632,B00400,1.024014589353522e-08,0.7,0,ML probability below threshold,2 strong conflict(s),LOW
A00195,B00130,0.004029493979981738,0.7,0,ML probability below threshold,2 strong conflict(s),LOW
A00225,B00124,0.00041068921477748914,0.7,0,ML probability below threshold,2 strong conflict(s),LOW
A00509,B00997,6.641597439770324e-08,0.7,0,ML probability below threshold,2 strong conflict(s),LOW
A00841,B00005,3.2998663902212534e-07,0.7,0,Multiple conflicting identity signals,3 strong conflict(s),LOW
A00538,B00656,5.5611878117044207e-08,0.7,0,ML probability below threshold,2 strong conflict(s),LOW
A00553,B00234,7.090595586776084e-06,0.7,0,ML probability below threshold,1 strong conflict(s),LOW
A00109,B00003,5.8623497776423425e-08,0.7,0,Insufficient identity evidence,2 strong conflict(s),LOW
A00344,B00357,1.1506961123526907e-07,0.7,0,ML probability below threshold,2 strong conflict(s),LOW
A00413,B00738,6.944119892432055e-05,0.7,0,ML probability below threshold,1 strong conflict(s),LOW
A00719,B00641,1.0302010622241211e-08,0.7,0,ML probability below threshold,2 strong conflict(s),LOW
A00123,B00876,4.851680732219953e-10,0.7,0,ML probability below threshold,2 strong conflict(s),LOW
A00986,B00923,0.00025589879427611055,0.7,0,ML probability below threshold,same state; 1 strong conflict(s),LOW
A00174,B00739,9.047752126263058e-08,0.7,0,ML probability below threshold,1 strong conflict(s),LOW
A00973,B00186,4.4358155101208234e-08,0.7,0,ML probability below threshold,2 strong conflict(s),LOW
A00824,B00664,0.35101081763780734,0.7,0,Geographic similarity without identity evidence,same city; same state; geographic-only evidence; 2 strong conflict(s),LOW
A00828,B00545,1.5478373194461825e-09,0.7,0,Multiple conflicting identity signals,3 strong conflict(s),LOW
A00082,B00990,1.8161617503618518e-08,0.7,0,ML probability below threshold,2 strong conflict(s),LOW
A00627,B00861,0.0014954313267552897,0.7,0,ML probability below threshold,same state; 2 strong conflict(s),LOW
A00602,B00738,1.1654287032539317e-05,0.7,0,ML probability below threshold,1 strong conflict(s),LOW
A00743,B00013,1.57423932332433e-07,0.7,0,ML probability below threshold,2 strong conflict(s),LOW
A00684,B00909,0.00910786898974075,0.7,0,ML probability below threshold,2 strong conflict(s),LOW
A00751,B00445,5.879955358011341e-09,0.7,0,ML probability below threshold,1 strong conflict(s),LOW
A00426,B00712,4.280180080805125e-05,0.7,0,ML probability below threshold,1 strong conflict(s),LOW
A00969,B00285,1.0718946898863214e-05,0.7,0,Insufficient identity evidence,2 strong conflict(s),LOW
A00215,B00235,0.2891797165219219,0.7,0,Geographic similarity without identity evidence,same city; same state; geographic-only evidence; 2 strong conflict(s),LOW
A00157,B00212,2.6794527081499992e-05,0.7,0,ML probability below threshold,1 strong conflict(s),LOW
A00796,B00699,2.1361092667090765e-05,0.7,0,ML probability below threshold,1 strong conflict(s),LOW
A00071,B00858,4.945707484290199e-07,0.7,0,ML probability below threshold,2 strong conflict(s),LOW
A00463,B00574,1.3161157197061556e-07,0.7,0,ML probability below threshold,2 strong conflict(s),LOW
A00565,B00296,1.0865087910850973e-08,0.7,0,ML probability below threshold,2 strong conflict(s),LOW
A00421,B00541,0.030642594734090946,0.7,0,Geographic similarity without identity evidence,same city; same state; geographic-only evidence; 3 strong conflict(s),LOW
A00960,B00032,3.500121000951096e-08,0.7,0,ML probability below threshold,2 strong conflict(s),LOW
A00281,B00504,3.2601161210141215e-07,0.7,0,ML probability below threshold,2 strong conflict(s),LOW
A00281,B00721,0.10257183627366773,0.7,0,Geographic similarity without identity evidence,same city; same state; geographic-only evidence; 1 strong conflict(s),LOW
A00520,B00220,0.4915437536797824,0.7,0,Geographic similarity without identity evidence,same city; same state; geographic-only evidence; 1 strong conflict(s),LOW
A00591,B00874,6.737063511422437e-08,0.7,0,ML probability below threshold,2 strong conflict(s),LOW
A00512,B00546,9.726175549444106e-07,0.7,0,ML probability below threshold,1 strong conflict(s),LOW
A00462,B00275,4.775811735269553e-09,0.7,0,ML probability below threshold,1 strong conflict(s),LOW
A00245,B00737,8.577573056680025e-08,0.7,0,ML probability below threshold,2 strong conflict(s),LOW
A00901,B00531,2.7425926601984535e-07,0.7,0,ML probability below threshold,2 strong conflict(s),LOW
A00253,B00846,3.46270304899601e-08,0.7,0,ML probability below threshold,2 strong conflict(s),LOW
A00780,B00856,1.1364736627220718e-09,0.7,0,ML probability below threshold,2 strong conflict(s),LOW
A00766,B00606,0.8276222407600691,0.7,0,Geographic similarity without identity evidence,same city; same state; geographic-only evidence,MEDIUM
A00791,B00471,0.5002823166429103,0.7,0,Geographic similarity without identity evidence,same city; same state; geographic-only evidence; 1 strong conflict(s),LOW
A00134,B00294,0.04002262018158399,0.7,0,Geographic similarity without identity evidence,same city; same state; geographic-only evidence; 1 strong conflict(s),LOW
A00196,B00816,0.9354422078280353,0.7,0,Geographic similarity without identity evidence,same city; same state; geographic-only evidence; 2 strong conflict(s),HIGH
A00655,B00334,7.797145727640691e-08,0.7,0,ML probability below threshold,1 strong conflict(s),LOW
A00106,B00686,0.29949725326277027,0.7,0,Geographic similarity without identity evidence,same city; same state; geographic-only evidence; 2 strong conflict(s),LOW
A00212,B00772,0.06478011739134916,0.7,0,Geographic similarity without identity evidence,same city; same state; geographic-only evidence; 1 strong conflict(s),LOW
A00164,B00339,5.874630400496645e-07,0.7,0,ML probability below threshold,2 strong conflict(s),LOW
A00093,B00193,0.42037508599142215,0.7,0,Geographic similarity without identity evidence,same city; same state; geographic-only evidence; 3 strong conflict(s),LOW
A00131,B00891,0.9692090612099241,0.7,0,Geographic similarity without identity evidence,same city; same state; geographic-only evidence; 1 strong conflict(s),HIGH
A00593,B00393,0.12969060489208958,0.7,0,Geographic similarity without identity evidence,same city; same state; geographic-only evidence; 2 strong conflict(s),LOW
A00253,B00087,3.646950479450414e-05,0.7,0,ML probability below threshold,2 strong conflict(s),LOW
A00733,B00343,1.4770510247661125e-06,0.7,0,ML probability below threshold,2 strong conflict(s),LOW
A00394,B00856,8.82874393584259e-08,0.7,0,ML probability below threshold,1 strong conflict(s),LOW
A00335,B00735,0.6058395982873186,0.7,0,Geographic similarity without identity evidence,same city; same state; geographic-only evidence; 2 strong conflict(s),LOW
A00496,B00369,2.650410516974206e-09,0.7,0,ML probability below threshold,2 strong conflict(s),LOW
A00014,B00334,0.9092702693189538,0.7,0,Geographic similarity without identity evidence,same city; same state; geographic-only evidence; 1 strong conflict(s),HIGH
A00005,B00852,5.962119003463347e-06,0.7,0,ML probability below threshold,2 strong conflict(s),LOW
A00508,B00168,0.853876724662716,0.7,0,Geographic similarity without identity evidence,same city; same state; geographic-only evidence; 2 strong conflict(s),MEDIUM
A00894,B00659,3.613582510327024e-05,0.7,0,ML probability below threshold,2 strong conflict(s),LOW
A00198,B00919,5.576326606863373e-08,0.7,0,Multiple conflicting identity signals,3 strong conflict(s),LOW
A00666,B00215,2.915818968481958e-08,0.7,0,ML probability below threshold,2 strong conflict(s),LOW
A00428,B00588,0.9515086764873558,0.7,0,Geographic similarity without identity evidence,same city; same state; geographic-only evidence; 2 strong conflict(s),HIGH
A00778,B00395,5.128879217140022e-10,0.7,0,ML probability below threshold,1 strong conflict(s),LOW
A00327,B00647,0.5326282277290986,0.7,0,Geographic similarity without identity evidence,same city; same state; geographic-only evidence,LOW
A00367,B00807,0.02080801281842786,0.7,0,Geographic similarity without identity evidence,same city; same state; geographic-only evidence; 2 strong conflict(s),LOW
A00597,B00497,0.47376613714115307,0.7,0,Geographic similarity without identity evidence,same city; same state; geographic-only evidence; 2 strong conflict(s),LOW
A00996,B00988,8.764695333152972e-11,0.7,0,Multiple conflicting identity signals,3 strong conflict(s),LOW
A00430,B00805,7.04952766472497e-08,0.7,0,ML probability below threshold,1 strong conflict(s),LOW
A00967,B00947,0.07519058687657448,0.7,0,Geographic similarity without identity evidence,same city; same state; geographic-only evidence; 3 strong conflict(s),LOW
A00015,B00635,0.001784421811721622,0.7,0,Geographic similarity without identity evidence,same city; same state; geographic-only evidence; 1 strong conflict(s),LOW
A00718,B00873,3.676636622696513e-06,0.7,0,ML probability below threshold,1 strong conflict(s),LOW
A00875,B00406,9.181629075960178e-07,0.7,0,ML probability below threshold,2 strong conflict(s),LOW
A00500,B00579,7.208194874571787e-06,0.7,0,ML probability below threshold,1 strong conflict(s),LOW
A00976,B00070,2.592072669818438e-08,0.7,0,ML probability below threshold,1 strong conflict(s),LOW
A00104,B00184,0.9305102259825677,0.7,0,Geographic similarity without identity evidence,same city; same state; geographic-only evidence; 2 strong conflict(s),HIGH
A00503,B00103,0.24713982055579664,0.7,0,Geographic similarity without identity evidence,same city; same state; geographic-only evidence; 2 strong conflict(s),LOW
A00133,B00129,0.0002717586124363884,0.7,0,ML probability below threshold,2 strong conflict(s),LOW
A00470,B00265,2.471413382524379e-08,0.7,0,ML probability below threshold,limited evidence,LOW
A00381,B00641,0.02355069654393055,0.7,0,Geographic similarity without identity evidence,same city; same state; geographic-only evidence; 2 strong conflict(s),LOW
A00572,B00130,1.550000795165708e-05,0.7,0,Multiple conflicting identity signals,3 strong conflict(s),LOW
A00011,B00271,0.9619353776448214,0.7,0,Geographic similarity without identity evidence,same city; same state; geographic-only evidence; 2 strong conflict(s),HIGH
A00545,B00265,0.6103401020286363,0.7,0,Geographic similarity without identity evidence,same city; same state; geographic-only evidence; 1 strong conflict(s),LOW
A00706,B00829,8.107514789480975e-08,0.7,0,ML probability below threshold,1 strong conflict(s),LOW
A00532,B00151,6.729898671451489e-09,0.7,0,ML probability below threshold,1 strong conflict(s),LOW
A00349,B00642,3.93514500451312e-09,0.7,0,ML probability below threshold,2 strong conflict(s),LOW
A00677,B00157,0.06302929533832491,0.7,0,Geographic similarity without identity evidence,same city; same state; geographic-only evidence; 2 strong conflict(s),LOW
A00037,B00963,1.4273701551299865e-06,0.7,0,ML probability below threshold,1 strong conflict(s),LOW
A00623,B00083,0.05661815980993432,0.7,0,Geographic similarity without identity evidence,same city; same state; geographic-only evidence; 2 strong conflict(s),LOW
A00965,B00069,2.8654140228959585e-08,0.7,0,ML probability below threshold,2 strong conflict(s),LOW
A00358,B00090,7.497426025696579e-08,0.7,0,ML probability below threshold,2 strong conflict(s),LOW
A00983,B00553,4.551538389074338e-10,0.7,0,Multiple conflicting identity signals,3 strong conflict(s),LOW
A00538,B00221,5.178257048533908e-10,0.7,0,ML probability below threshold,1 strong conflict(s),LOW
A00928,B00740,1.1212756126295049e-10,0.7,0,Multiple conflicting identity signals,4 strong conflict(s),LOW
A00408,B00568,0.5429349824316027,0.7,0,Geographic similarity without identity evidence,same city; same state; geographic-only evidence; 1 strong conflict(s),LOW
A00354,B00273,4.6323347779190945e-10,0.7,0,Multiple conflicting identity signals,3 strong conflict(s),LOW
A00092,B00608,1.908657144945458e-06,0.7,0,ML probability below threshold,2 strong conflict(s),LOW
A00625,B00395,8.119082938593906e-09,0.7,0,ML probability below threshold,1 strong conflict(s),LOW
A00693,B00893,0.598990582527341,0.7,0,ML probability below threshold,same state; 2 strong conflict(s),LOW
A00020,B00040,0.0922701357753695,0.7,0,Geographic similarity without identity evidence,same city; same state; geographic-only evidence; 2 strong conflict(s),LOW
A00667,B00487,0.0827099780578928,0.7,0,Geographic similarity without identity evidence,same city; same state; geographic-only evidence; 2 strong conflict(s),LOW
A00415,B00815,0.3750439489249184,0.7,0,Geographic similarity without identity evidence,same city; same state; geographic-only evidence; 2 strong conflict(s),LOW
A00043,B00303,0.23131412008796212,0.7,0,Geographic similarity without identity evidence,same city; same state; geographic-only evidence; 1 strong conflict(s),LOW
A00819,B00890,3.80694455443153e-08,0.7,0,Multiple conflicting identity signals,3 strong conflict(s),LOW
A00217,B00750,1.1807023620669277e-07,0.7,0,Multiple conflicting identity signals,3 strong conflict(s),LOW
A00363,B00515,6.098572324228819e-09,0.7,0,Multiple conflicting identity signals,3 strong conflict(s),LOW
A00584,B00764,0.17651256136498317,0.7,0,Geographic similarity without identity evidence,same city; same state; geographic-only evidence; 1 strong conflict(s),LOW
A00939,B00750,1.7967635019634666e-07,0.7,0,Multiple conflicting identity signals,3 strong conflict(s),LOW
A00120,B00214,7.83249967919165e-07,0.7,0,ML probability below threshold,2 strong conflict(s),LOW
A00918,B00378,0.014123341706190196,0.7,0,Geographic similarity without identity evidence,same city; same state; geographic-only evidence; 1 strong conflict(s),LOW
A00177,B00596,2.454782442261462e-09,0.7,0,ML probability below threshold,1 strong conflict(s),LOW
A00879,B00407,5.43536875986857e-08,0.7,0,ML probability below threshold,2 strong conflict(s),LOW
A00357,B00117,0.2613548894236608,0.7,0,Geographic similarity without identity evidence,same city; same state; geographic-only evidence; 2 strong conflict(s),LOW
A00553,B00103,5.386486815380237e-09,0.7,0,ML probability below threshold,2 strong conflict(s),LOW
A00840,B00106,1.5763334159638841e-06,0.7,0,ML probability below threshold,1 strong conflict(s),LOW
A00296,B00347,0.0001248574256742905,0.7,0,ML probability below threshold,1 strong conflict(s),LOW
A00667,B00913,6.765929912730671e-07,0.7,0,ML probability below threshold,2 strong conflict(s),LOW
A00580,B00384,3.3771714593567717e-09,0.7,0,ML probability below threshold,2 strong conflict(s),LOW
A00414,B00640,0.004413920928591367,0.7,0,ML probability below threshold,1 strong conflict(s),LOW
A00324,B00264,0.6834923358936045,0.7,0,Geographic similarity without identity evidence,same city; same state; geographic-only evidence; 2 strong conflict(s),LOW
A00799,B00716,2.950369057605733e-08,0.7,0,ML probability below threshold,2 strong conflict(s),LOW
A00466,B00427,0.03549646546518079,0.7,0,ML probability below threshold,2 strong conflict(s),LOW
A00248,B00613,1.0029845618016156e-08,0.7,0,ML probability below threshold,2 strong conflict(s),LOW
A00015,B00828,1.4214815335967364e-08,0.7,0,ML probability below threshold,2 strong conflict(s),LOW
A00131,B00472,2.5541937624518343e-08,0.7,0,ML probability below threshold,2 strong conflict(s),LOW
A00473,B00653,0.19387202820551783,0.7,0,Geographic similarity without identity evidence,same city; same state; geographic-only evidence,LOW
A00661,B00101,0.3856592683882432,0.7,0,Geographic similarity without identity evidence,same city; same state; geographic-only evidence; 2 strong conflict(s),LOW
A00064,B00816,7.295691759773972e-09,0.7,0,Multiple conflicting identity signals,3 strong conflict(s),LOW
A00296,B00536,0.12468782313313594,0.7,0,Geographic similarity without identity evidence,same city; same state; geographic-only evidence; 2 strong conflict(s),LOW
A00305,B00476,4.540122022599483e-07,0.7,0,ML probability below threshold,2 strong conflict(s),LOW
A00803,B00786,0.00013590917672932727,0.7,0,ML probability below threshold,2 strong conflict(s),LOW
A00274,B00154,0.7808694737029306,0.7,0,Geographic similarity without identity evidence,same city; same state; geographic-only evidence; 2 strong conflict(s),MEDIUM
A00248,B00468,0.5525777375003559,0.7,0,Geographic similarity without identity evidence,same city; same state; geographic-only evidence; 1 strong conflict(s),LOW
A00403,B00835,1.9162363080514056e-09,0.7,0,Multiple conflicting identity signals,4 strong conflict(s),LOW
A00727,B00615,5.772263386613482e-07,0.7,0,ML probability below threshold,1 strong conflict(s),LOW
A00722,B00742,0.11801582730616472,0.7,0,Geographic similarity without identity evidence,same city; same state; geographic-only evidence; 2 strong conflict(s),LOW
A00808,B00145,6.414808215652896e-06,0.7,0,ML probability below threshold,2 strong conflict(s),LOW
A00605,B00479,3.641732658403278e-07,0.7,0,ML probability below threshold,2 strong conflict(s),LOW
A00081,B00559,5.085589863995109e-06,0.7,0,ML probability below threshold,1 strong conflict(s),LOW
A00120,B00760,0.9828446744530084,0.7,0,Geographic similarity without identity evidence,same city; same state; geographic-only evidence; 2 strong conflict(s),HIGH
A00405,B00625,0.053842907566394364,0.7,0,Geographic similarity without identity evidence,same city; same state; geographic-only evidence; 2 strong conflict(s),LOW
A00952,B00752,0.19492039630348074,0.7,0,Geographic similarity without identity evidence,same city; same state; geographic-only evidence; 3 strong conflict(s),LOW
A00971,B00111,0.11161639573950931,0.7,0,Geographic similarity without identity evidence,same city; same state; geographic-only evidence; 3 strong conflict(s),LOW
A00052,B00943,5.190663304239237e-09,0.7,0,Multiple conflicting identity signals,3 strong conflict(s),LOW
A00351,B00895,2.8888087828012236e-07,0.7,0,ML probability below threshold,1 strong conflict(s),LOW
A00101,B00687,4.07352445901057e-06,0.7,0,ML probability below threshold,same state; 2 strong conflict(s),LOW
A00172,B00124,0.00011604974083662876,0.7,0,Insufficient identity evidence,2 strong conflict(s),LOW
A00350,B00872,8.117983442083068e-07,0.7,0,Insufficient identity evidence,1 strong conflict(s),LOW
A00038,B00382,3.324732207391661e-08,0.7,0,ML probability below threshold,2 strong conflict(s),LOW
A00289,B00464,2.525540393675056e-07,0.7,0,ML probability below threshold,2 strong conflict(s),LOW
A00165,B00047,3.1164071362460075e-08,0.7,0,ML probability below threshold,2 strong conflict(s),LOW
A00087,B00348,1.0826984769562926e-09,0.7,0,Multiple conflicting identity signals,3 strong conflict(s),LOW
A00514,B00965,2.791118808216279e-09,0.7,0,ML probability below threshold,2 strong conflict(s),LOW
A00558,B00081,1.5174639550938557e-07,0.7,0,ML probability below threshold,2 strong conflict(s),LOW
A00368,B00701,1.0666349762752246e-08,0.7,0,ML probability below threshold,1 strong conflict(s),LOW
A00625,B00415,1.489184350755856e-09,0.7,0,ML probability below threshold,2 strong conflict(s),LOW
A00381,B00021,0.03555897969343127,0.7,0,Geographic similarity without identity evidence,same city; same state; geographic-only evidence; 3 strong conflict(s),LOW
A00241,B00400,1.7700451557837285e-08,0.7,0,ML probability below threshold,2 strong conflict(s),LOW
A00066,B00808,0.00027470434200744967,0.7,0,ML probability below threshold,same state; 2 strong conflict(s),LOW
A00742,B00149,1.4308603507464963e-07,0.7,0,Insufficient identity evidence,2 strong conflict(s),LOW
A00808,B00700,1.3340656816816114e-06,0.7,0,Multiple conflicting identity signals,3 strong conflict(s),LOW
A00194,B00562,4.170614719647916e-10,0.7,0,ML probability below threshold,1 strong conflict(s),LOW
A00020,B00970,2.5159170545825588e-08,0.7,0,ML probability below threshold,1 strong conflict(s),LOW
A00555,B00254,7.066560257985408e-06,0.7,0,ML probability below threshold,1 strong conflict(s),LOW
A00872,B00732,0.10193522407548682,0.7,0,Geographic similarity without identity evidence,same city; same state; geographic-only evidence; 1 strong conflict(s),LOW
A00593,B00447,3.533408567657439e-07,0.7,0,ML probability below threshold,1 strong conflict(s),LOW
A00487,B00318,4.962047264574726e-07,0.7,0,ML probability below threshold,2 strong conflict(s),LOW
A00245,B00800,1.1344733319776644e-09,0.7,0,ML probability below threshold,limited evidence,LOW
A00355,B00081,4.288398903034067e-08,0.7,0,ML probability below threshold,2 strong conflict(s),LOW
A00013,B00068,2.0291861195078086e-08,0.7,0,ML probability below threshold,2 strong conflict(s),LOW
A00116,B00416,0.8520879008549382,0.7,0,Geographic similarity without identity evidence,same city; same state; geographic-only evidence; 2 strong conflict(s),MEDIUM
A00804,B00909,0.00015683847081887723,0.7,0,Multiple conflicting identity signals,3 strong conflict(s),LOW
A00678,B00206,8.103092143936884e-10,0.7,0,ML probability below threshold,1 strong conflict(s),LOW
A00431,B00380,1.7223353828307497e-09,0.7,0,ML probability below threshold,2 strong conflict(s),LOW
A00932,B00962,6.08190182263641e-08,0.7,0,ML probability below threshold,2 strong conflict(s),LOW
A00336,B00301,5.018099644632347e-09,0.7,0,ML probability below threshold,1 strong conflict(s),LOW
A00178,B00676,4.865889771593636e-10,0.7,0,ML probability below threshold,2 strong conflict(s),LOW
A00550,B00500,7.374642401093128e-09,0.7,0,ML probability below threshold,2 strong conflict(s),LOW
A00141,B00836,6.709566784581152e-09,0.7,0,Multiple conflicting identity signals,3 strong conflict(s),LOW
A00797,B00957,0.19225695275048943,0.7,0,Geographic similarity without identity evidence,same city; same state; geographic-only evidence; 2 strong conflict(s),LOW
A00460,B00609,3.867140694558874e-06,0.7,0,ML probability below threshold,limited evidence,LOW
A00150,B00091,3.2960454150854015e-07,0.7,0,ML probability below threshold,2 strong conflict(s),LOW
A00916,B00436,0.7784039991992289,0.7,0,Geographic similarity without identity evidence,same city; same state; geographic-only evidence; 2 strong conflict(s),MEDIUM
A00901,B00584,4.284454270725914e-07,0.7,0,ML probability below threshold,2 strong conflict(s),LOW
A00794,B00734,0.0005290434028533508,0.7,0,Geographic similarity without identity evidence,same city; same state; geographic-only evidence; 2 strong conflict(s),LOW
A00975,B00540,2.4578255612530604e-08,0.7,0,ML probability below threshold,2 strong conflict(s),LOW
A00047,B00186,1.647342925648997e-08,0.7,0,ML probability below threshold,2 strong conflict(s),LOW
A00089,B00045,2.623930691141945e-06,0.7,0,ML probability below threshold,2 strong conflict(s),LOW
A00403,B00904,3.09247156092029e-09,0.7,0,Multiple conflicting identity signals,3 strong conflict(s),LOW
A00439,B00103,6.454202780310224e-09,0.7,0,Multiple conflicting identity signals,3 strong conflict(s),LOW
A00460,B00680,0.6322176489425135,0.7,0,Geographic similarity without identity evidence,same city; same state; geographic-only evidence; 1 strong conflict(s),LOW
A00841,B00280,2.3509577864974127e-09,0.7,0,ML probability below threshold,2 strong conflict(s),LOW
A00547,B00527,0.8479028390676606,0.7,0,Geographic similarity without identity evidence,same city; same state; geographic-only evidence; 2 strong conflict(s),MEDIUM
A00323,B00921,3.309861432019998e-08,0.7,0,Insufficient identity evidence,1 strong conflict(s),LOW
A00577,B00137,0.015808132863962605,0.7,0,Geographic similarity without identity evidence,same city; same state; geographic-only evidence; 2 strong conflict(s),LOW
A00858,B00380,6.670636241507932e-10,0.7,0,Multiple conflicting identity signals,3 strong conflict(s),LOW
A00443,B00415,2.252203727891659e-08,0.7,0,ML probability below threshold,2 strong conflict(s),LOW
A00104,B00064,0.9560980673690851,0.7,0,Geographic similarity without identity evidence,same city; same state; geographic-only evidence; 2 strong conflict(s),HIGH
A00388,B00188,0.8149154719629016,0.7,0,Geographic similarity without identity evidence,same city; same state; geographic-only evidence; 2 strong conflict(s),MEDIUM
A00953,B00553,0.6747311981085697,0.7,0,Geographic similarity without identity evidence,same city; same state; geographic-only evidence; 2 strong conflict(s),LOW
A00516,B00416,0.9366922751946951,0.7,0,Geographic similarity without identity evidence,same city; same state; geographic-only evidence; 2 strong conflict(s),HIGH
A00368,B00946,8.153232665462845e-06,0.7,0,ML probability below threshold,same state; 2 strong conflict(s),LOW
A00219,B00481,1.0647176046338555e-08,0.7,0,Multiple conflicting identity signals,3 strong conflict(s),LOW
A00878,B00553,2.9604159577391946e-07,0.7,0,Multiple conflicting identity signals,3 strong conflict(s),LOW
A00362,B00622,0.05521602740702799,0.7,0,Geographic similarity without identity evidence,same city; same state; geographic-only evidence; 3 strong conflict(s),LOW
A00219,B00479,0.02014634338726144,0.7,0,Geographic similarity without identity evidence,same city; same state; geographic-only evidence; 2 strong conflict(s),LOW
A00095,B00227,1.354120448220003e-06,0.7,0,ML probability below threshold,1 strong conflict(s),LOW
A00541,B00648,9.228134803598052e-09,0.7,0,ML probability below threshold,2 strong conflict(s),LOW
A00251,B00582,6.170046364443766e-09,0.7,0,ML probability below threshold,2 strong conflict(s),LOW
A00558,B00084,2.2138801441018745e-08,0.7,0,ML probability below threshold,2 strong conflict(s),LOW
A00012,B00252,0.7366687377452882,0.7,0,Geographic similarity without identity evidence,same city; same state; geographic-only evidence; 1 strong conflict(s),MEDIUM
A00277,B00157,0.049331906113259466,0.7,0,Geographic similarity without identity evidence,same city; same state; geographic-only evidence; 2 strong conflict(s),LOW
A00792,B00638,1.6154454783397853e-08,0.7,0,ML probability below threshold,2 strong conflict(s),LOW
A00473,B00351,6.1515213665239674e-09,0.7,0,ML probability below threshold,1 strong conflict(s),LOW
A00905,B00366,1.4478423461131842e-08,0.7,0,ML probability below threshold,2 strong conflict(s),LOW
A00019,B00714,3.130522881167776e-06,0.7,0,ML probability below threshold,2 strong conflict(s),LOW
A00166,B00026,0.4842346189400672,0.7,0,Geographic similarity without identity evidence,same city; same state; geographic-only evidence; 2 strong conflict(s),LOW
A00942,B00382,0.007334384415011599,0.7,0,Geographic similarity without identity evidence,same city; same state; geographic-only evidence; 2 strong conflict(s),LOW
A00615,B00315,0.047428001520832624,0.7,0,Geographic similarity without identity evidence,same city; same state; geographic-only evidence; 1 strong conflict(s),LOW
A00505,B00759,1.93973124513172e-05,0.7,0,ML probability below threshold,2 strong conflict(s),LOW
A00553,B00642,2.6965593665759515e-09,0.7,0,ML probability below threshold,2 strong conflict(s),LOW
A00402,B00822,0.16323612325896678,0.7,0,Geographic similarity without identity evidence,same city; same state; geographic-only evidence; 3 strong conflict(s),LOW
A00895,B00495,0.3270399140461305,0.7,0,Geographic similarity without identity evidence,same city; same state; geographic-only evidence; 2 strong conflict(s),LOW
A00784,B00284,0.5008059292965202,0.7,0,Geographic similarity without identity evidence,same city; same state; geographic-only evidence; 2 strong conflict(s),LOW
A00929,B00394,3.786874417826911e-09,0.7,0,ML probability below threshold,1 strong conflict(s),LOW
A00058,B00758,0.9501434381834791,0.7,0,Geographic similarity without identity evidence,same city; same state; geographic-only evidence; 1 strong conflict(s),HIGH
A00004,B00072,2.3585863528441853e-05,0.7,0,ML probability below threshold,2 strong conflict(s),LOW
A00010,B00730,0.7579808155988912,0.7,0,Geographic similarity without identity evidence,same city; same state; geographic-only evidence; 2 strong conflict(s),MEDIUM
A00842,B00642,0.012931897721607527,0.7,0,Geographic similarity without identity evidence,same city; same state; geographic-only evidence; 3 strong conflict(s),LOW
A00827,B00767,0.3460195894854031,0.7,0,Geographic similarity without identity evidence,same city; same state; geographic-only evidence; 1 strong conflict(s),LOW
A00804,B00213,0.0003882432085403831,0.7,0,Insufficient identity evidence,1 strong conflict(s),LOW
A00501,B00966,5.575547121994341e-10,0.7,0,ML probability below threshold,2 strong conflict(s),LOW
A00895,B00476,8.232867654403927e-08,0.7,0,ML probability below threshold,2 strong conflict(s),LOW
A00258,B00878,0.49451359383240767,0.7,0,Geographic similarity without identity evidence,same city; same state; geographic-only evidence; 2 strong conflict(s),LOW
A00146,B00412,1.4194354483709356e-06,0.7,0,ML probability below threshold,2 strong conflict(s),LOW
A00951,B00171,0.013264310768243635,0.7,0,Geographic similarity without identity evidence,same city; same state; geographic-only evidence; 2 strong conflict(s),LOW
A00183,B00639,1.0223620016915051e-09,0.7,0,ML probability below threshold,1 strong conflict(s),LOW
A00265,B00575,1.1604912582706297e-07,0.7,0,ML probability below threshold,2 strong conflict(s),LOW
A00666,B00726,0.9137673605456365,0.7,1,ML probability above threshold,same state; 1 strong conflict(s),HIGH
A00058,B00614,2.813761050738904e-08,0.7,0,ML probability below threshold,2 strong conflict(s),LOW
A00243,B00116,3.9803951800313645e-08,0.7,0,ML probability below threshold,1 strong conflict(s),LOW
A00459,B00518,2.6196123569798092e-05,0.7,0,ML probability below threshold,2 strong conflict(s),LOW
A00165,B00525,0.023453593496812593,0.7,0,Geographic similarity without identity evidence,same city; same state; geographic-only evidence; 2 strong conflict(s),LOW
A00948,B00184,4.2067998796596915e-06,0.7,0,ML probability below threshold,2 strong conflict(s),LOW
A00581,B00598,1.8551156329449275e-08,0.7,0,ML probability below threshold,2 strong conflict(s),LOW
A00036,B00105,0.0010387012491607313,0.7,0,ML probability below threshold,1 strong conflict(s),LOW
A00488,B00508,0.25680108077114394,0.7,0,Geographic similarity without identity evidence,same city; same state; geographic-only evidence; 2 strong conflict(s),LOW
A00451,B00245,4.083455645675249e-09,0.7,0,ML probability below threshold,2 strong conflict(s),LOW
A00377,B00114,1.4320940056050655e-08,0.7,0,ML probability below threshold,2 strong conflict(s),LOW
A00165,B00490,1.2321395104866378e-06,0.7,0,ML probability below threshold,1 strong conflict(s),LOW
A00439,B00683,2.1370502483146103e-09,0.7,0,Multiple conflicting identity signals,3 strong conflict(s),LOW
A00308,B00408,0.4729085333786135,0.7,0,Geographic similarity without identity evidence,same city; same state; geographic-only evidence; 2 strong conflict(s),LOW
A00007,B00467,0.7594634558524089,0.7,0,Geographic similarity without identity evidence,same city; same state; geographic-only evidence; 2 strong conflict(s),MEDIUM
A00079,B00692,0.0005443142171822006,0.7,0,ML probability below threshold,2 strong conflict(s),LOW
A00795,B00355,0.6099776963493044,0.7,0,ML probability below threshold,same city; same state; 2 strong conflict(s),LOW
A00373,B00569,3.2131229571945165e-07,0.7,0,ML probability below threshold,2 strong conflict(s),LOW
A00906,B00586,0.26882070043255857,0.7,0,Geographic similarity without identity evidence,same city; same state; geographic-only evidence; 2 strong conflict(s),LOW
A00102,B00581,1.9420014054121507e-09,0.7,0,ML probability below threshold,2 strong conflict(s),LOW
A00933,B00553,0.32797193925116913,0.7,0,Geographic similarity without identity evidence,same city; same state; geographic-only evidence; 3 strong conflict(s),LOW
A00713,B00870,1.5026107565375575e-06,0.7,0,ML probability below threshold,1 strong conflict(s),LOW
A00153,B00094,5.095990897524336e-07,0.7,0,ML probability below threshold,2 strong conflict(s),LOW
A00979,B00495,1.284196725130493e-09,0.7,0,Multiple conflicting identity signals,3 strong conflict(s),LOW
A00367,B00828,1.036319262856249e-09,0.7,0,ML probability below threshold,2 strong conflict(s),LOW
A00020,B00856,4.53681833230398e-09,0.7,0,ML probability below threshold,1 strong conflict(s),LOW
A00535,B00525,4.282391387978768e-09,0.7,0,ML probability below threshold,2 strong conflict(s),LOW
A00471,B00578,0.0001125248540888479,0.7,0,ML probability below threshold,2 strong conflict(s),LOW
A00831,B00666,7.358378378951823e-08,0.7,0,ML probability below threshold,2 strong conflict(s),LOW
A00880,B00960,0.019585272218301527,0.7,0,Geographic similarity without identity evidence,same city; same state; geographic-only evidence; 1 strong conflict(s),LOW
A00586,B00086,0.576392799013064,0.7,0,Geographic similarity without identity evidence,same city; same state; geographic-only evidence; 2 strong conflict(s),LOW
A00033,B00333,0.9258787821484956,0.7,0,Geographic similarity without identity evidence,same city; same state; geographic-only evidence; 2 strong conflict(s),HIGH
A00531,B00751,0.9195543233658038,0.7,0,Geographic similarity without identity evidence,same city; same state; geographic-only evidence; 2 strong conflict(s),HIGH
A00930,B00570,0.002952192965212742,0.7,0,Geographic similarity without identity evidence,same city; same state; geographic-only evidence; 1 strong conflict(s),LOW
A00292,B00270,1.4590348392494911e-08,0.7,0,ML probability below threshold,2 strong conflict(s),LOW
A00998,B00792,1.166196696555992e-05,0.7,0,ML probability below threshold,2 strong conflict(s),LOW
A00134,B00581,3.032551847494134e-09,0.7,0,ML probability below threshold,1 strong conflict(s),LOW
A00548,B00542,4.502971479988274e-10,0.7,0,ML probability below threshold,2 strong conflict(s),LOW
A00294,B00340,1.1236228511721666e-09,0.7,0,ML probability below threshold,1 strong conflict(s),LOW
A00371,B00171,0.19009451616901551,0.7,0,Geographic similarity without identity evidence,same city; same state; geographic-only evidence; 2 strong conflict(s),LOW
A00537,B00837,0.8320900119153843,0.7,0,Geographic similarity without identity evidence,same city; same state; geographic-only evidence; 1 strong conflict(s),MEDIUM
A00292,B00363,7.848607014549976e-09,0.7,0,Multiple conflicting identity signals,3 strong conflict(s),LOW
A00592,B00491,0.0006362751979039911,0.7,0,ML probability below threshold,1 strong conflict(s),LOW
A00359,B00634,3.015119618867992e-05,0.7,0,ML probability below threshold,2 strong conflict(s),LOW
A00302,B00982,0.017721862732645588,0.7,0,Geographic similarity without identity evidence,same city; same state; geographic-only evidence; 2 strong conflict(s),LOW
A00948,B00720,0.00020731170316990371,0.7,0,ML probability below threshold,1 strong conflict(s),LOW
A00579,B00895,9.939393863863985e-09,0.7,0,ML probability below threshold,1 strong conflict(s),LOW
A00773,B00053,0.011968332714386166,0.7,0,Geographic similarity without identity evidence,same city; same state; geographic-only evidence; 2 strong conflict(s),LOW
A00088,B00528,0.10564033489768133,0.7,0,Geographic similarity without identity evidence,same city; same state; geographic-only evidence; 2 strong conflict(s),LOW
A00423,B00723,0.34148758314410615,0.7,0,Geographic similarity without identity evidence,same city; same state; geographic-only evidence; 3 strong conflict(s),LOW
A00445,B00593,0.000289953445117948,0.7,0,ML probability below threshold,1 strong conflict(s),LOW
A00773,B00362,2.4461477489991885e-07,0.7,0,ML probability below threshold,1 strong conflict(s),LOW
A00474,B00281,2.1703542474284416e-09,0.7,0,Insufficient identity evidence,limited evidence,LOW
A00560,B00877,7.785279149259779e-08,0.7,0,ML probability below threshold,2 strong conflict(s),LOW
A00354,B00709,6.105312986739631e-10,0.7,0,ML probability below threshold,2 strong conflict(s),LOW
A00453,B00665,0.020658933711819923,0.7,0,ML probability below threshold,2 strong conflict(s),LOW
A00828,B00421,9.011794978722955e-08,0.7,0,Insufficient identity evidence,1 strong conflict(s),LOW
A00292,B00992,0.36037561371015053,0.7,0,Geographic similarity without identity evidence,same city; same state; geographic-only evidence; 2 strong conflict(s),LOW
A00472,B00412,0.3315234591889738,0.7,0,Geographic similarity without identity evidence,same city; same state; geographic-only evidence; 1 strong conflict(s),LOW
A00533,B00393,0.12505990644047796,0.7,0,Geographic similarity without identity evidence,same city; same state; geographic-only evidence; 2 strong conflict(s),LOW
A00639,B00239,0.9391413724787024,0.7,0,Geographic similarity without identity evidence,same city; same state; geographic-only evidence; 2 strong conflict(s),HIGH
A00832,B00332,0.8033959685256681,0.7,0,Geographic similarity without identity evidence,same city; same state; geographic-only evidence; 2 strong conflict(s),MEDIUM
A00324,B00291,1.375207000230413e-06,0.7,0,ML probability below threshold,2 strong conflict(s),LOW
A00640,B00320,0.8732923707628687,0.7,0,Geographic similarity without identity evidence,same city; same state; geographic-only evidence; 2 strong conflict(s),MEDIUM
A00351,B00274,0.001468466027558466,0.7,0,ML probability below threshold,2 strong conflict(s),LOW
A00424,B00673,9.002550599232032e-07,0.7,0,ML probability below threshold,2 strong conflict(s),LOW
A00899,B00259,0.5884433713427021,0.7,0,Geographic similarity without identity evidence,same city; same state; geographic-only evidence; 3 strong conflict(s),LOW
A00553,B00198,1.7978452522090403e-05,0.7,0,ML probability below threshold,2 strong conflict(s),LOW
A00075,B00415,0.09364608461722736,0.7,0,Geographic similarity without identity evidence,same city; same state; geographic-only evidence; 2 strong conflict(s),LOW
A00039,B00729,1.4788840798529854e-06,0.7,0,ML probability below threshold,2 strong conflict(s),LOW
A00843,B00660,2.6061668838702708e-08,0.7,0,ML probability below threshold,2 strong conflict(s),LOW
A00959,B00017,1.1251166254862262e-08,0.7,0,ML probability below threshold,2 strong conflict(s),LOW
A00597,B00012,1.7287601129569342e-06,0.7,0,ML probability below threshold,1 strong conflict(s),LOW
A00663,B00001,9.256705639165697e-09,0.7,0,Multiple conflicting identity signals,3 strong conflict(s),LOW
A00136,B00698,2.0012265247162613e-06,0.7,0,ML probability below threshold,2 strong conflict(s),LOW
A00108,B00208,0.29726405305426906,0.7,0,Geographic similarity without identity evidence,same city; same state; geographic-only evidence; 2 strong conflict(s),LOW
A00344,B00504,0.55981743158466,0.7,0,Geographic similarity without identity evidence,same city; same state; geographic-only evidence; 2 strong conflict(s),LOW
A00185,B00405,0.8526877201376867,0.7,0,Geographic similarity without identity evidence,same city; same state; geographic-only evidence; 1 strong conflict(s),MEDIUM
A00612,B00126,1.6482875152945675e-08,0.7,0,ML probability below threshold,2 strong conflict(s),LOW
A00859,B00980,0.0025295696566678574,0.7,0,ML probability below threshold,2 strong conflict(s),LOW
A00123,B00383,0.5539426051324118,0.7,0,Geographic similarity without identity evidence,same city; same state; geographic-only evidence; 2 strong conflict(s),LOW
A00330,B00971,1.0694968795485853e-08,0.7,0,ML probability below threshold,1 strong conflict(s),LOW
A00257,B00813,4.89520032938598e-08,0.7,0,ML probability below threshold,2 strong conflict(s),LOW
A00574,B00334,0.79860373579847,0.7,0,Geographic similarity without identity evidence,same city; same state; geographic-only evidence; 1 strong conflict(s),MEDIUM
A00456,B00424,2.9453931782613573e-09,0.7,0,ML probability below threshold,1 strong conflict(s),LOW
A00568,B00789,8.496554062660138e-10,0.7,0,ML probability below threshold,2 strong conflict(s),LOW
A00035,B00935,0.9752404085831134,0.7,0,Geographic similarity without identity evidence,same city; same state; geographic-only evidence; 2 strong conflict(s),HIGH
A00734,B00854,0.010009291205810336,0.7,0,Geographic similarity without identity evidence,same city; same state; geographic-only evidence; 2 strong conflict(s),LOW
A00659,B00851,2.1226136728241488e-08,0.7,0,Insufficient identity evidence,limited evidence,LOW
A00335,B00775,0.20330182844515585,0.7,0,Geographic similarity without identity evidence,same city; same state; geographic-only evidence; 1 strong conflict(s),LOW
A00984,B00097,1.3128536487936644e-08,0.7,0,ML probability below threshold,1 strong conflict(s),LOW
A00729,B00669,0.5470762977949434,0.7,0,Geographic similarity without identity evidence,same city; same state; geographic-only evidence; 2 strong conflict(s),LOW
A00043,B00227,9.642402299025044e-09,0.7,0,ML probability below threshold,1 strong conflict(s),LOW
A00345,B00905,0.1254071402273534,0.7,0,Geographic similarity without identity evidence,same city; same state; geographic-only evidence; 1 strong conflict(s),LOW
A00420,B00668,2.3148434041579974e-10,0.7,0,ML probability below threshold,limited evidence,LOW
A00653,B00269,3.4923932809252593e-07,0.7,0,ML probability below threshold,1 strong conflict(s),LOW
A00991,B00752,4.85885074733974e-10,0.7,0,ML probability below threshold,2 strong conflict(s),LOW
A00131,B00150,4.685717246305182e-06,0.7,0,ML probability below threshold,1 strong conflict(s),LOW
A00620,B00802,5.096859314377623e-09,0.7,0,ML probability below threshold,1 strong conflict(s),LOW
A00804,B00802,5.830690158658479e-09,0.7,0,ML probability below threshold,2 strong conflict(s),LOW
A00563,B00228,0.00018576161146112357,0.7,0,ML probability below threshold,same state; 2 strong conflict(s),LOW
A00512,B00586,2.57189156902166e-06,0.7,0,ML probability below threshold,2 strong conflict(s),LOW
A00497,B00277,0.021935945564818,0.7,0,Geographic similarity without identity evidence,same city; same state; geographic-only evidence; 2 strong conflict(s),LOW
A00792,B00477,3.768572763331725e-09,0.7,0,ML probability below threshold,1 strong conflict(s),LOW
A00538,B00681,6.986195064569642e-10,0.7,0,ML probability below threshold,2 strong conflict(s),LOW
A00504,B00354,1.218657264778647e-07,0.7,0,ML probability below threshold,2 strong conflict(s),LOW
A00771,B00539,2.09731421508444e-07,0.7,0,ML probability below threshold,1 strong conflict(s),LOW
A00249,B00109,0.9113973921530842,0.7,0,Geographic similarity without identity evidence,same city; same state; geographic-only evidence; 2 strong conflict(s),HIGH
A00356,B00976,0.014115355202519246,0.7,0,Geographic similarity without identity evidence,same city; same state; geographic-only evidence; 1 strong conflict(s),LOW
A00943,B00383,0.08456874447713746,0.7,0,Geographic similarity without identity evidence,same city; same state; geographic-only evidence; 2 strong conflict(s),LOW
A00150,B00182,6.153009304461963e-08,0.7,0,ML probability below threshold,1 strong conflict(s),LOW
A00676,B00099,1.3941908221820479e-07,0.7,0,Multiple conflicting identity signals,3 strong conflict(s),LOW
A00187,B00655,1.5077624169822447e-08,0.7,0,ML probability below threshold,2 strong conflict(s),LOW
A00096,B00691,1.7821056632569825e-06,0.7,0,ML probability below threshold,same state; 2 strong conflict(s),LOW
A00616,B00921,1.3916110498859104e-07,0.7,0,Insufficient identity evidence,1 strong conflict(s),LOW
A00642,B00589,3.6771995756364306e-09,0.7,0,ML probability below threshold,2 strong conflict(s),LOW
A00153,B00946,3.820284155744561e-09,0.7,0,ML probability below threshold,2 strong conflict(s),LOW
A00305,B00520,5.135837034150883e-07,0.7,0,ML probability below threshold,2 strong conflict(s),LOW
A00528,B00220,2.06157064936242e-09,0.7,0,ML probability below threshold,1 strong conflict(s),LOW
A00836,B00736,0.7776283238280435,0.7,0,Geographic similarity without identity evidence,same city; same state; geographic-only evidence; 2 strong conflict(s),MEDIUM
A00891,B00117,2.927819260186364e-07,0.7,0,ML probability below threshold,2 strong conflict(s),LOW
A00111,B00911,0.22096207666709392,0.7,0,Geographic similarity without identity evidence,same city; same state; geographic-only evidence; 2 strong conflict(s),LOW
A00756,B00387,1.759417899540647e-05,0.7,0,ML probability below threshold,2 strong conflict(s),LOW
A00687,B00337,1.9510286587616488e-07,0.7,0,ML probability below threshold,2 strong conflict(s),LOW
A00351,B00651,0.5824766351386288,0.7,0,Geographic similarity without identity evidence,same city; same state; geographic-only evidence; 2 strong conflict(s),LOW
A00860,B00616,5.524638492378752e-09,0.7,0,ML probability below threshold,2 strong conflict(s),LOW
A00662,B00602,0.18097558360870494,0.7,0,Geographic similarity without identity evidence,same city; same state; geographic-only evidence; 2 strong conflict(s),LOW
A00679,B00668,2.99592968708174e-08,0.7,0,ML probability below threshold,1 strong conflict(s),LOW
A00174,B00053,3.340659934905727e-10,0.7,0,ML probability below threshold,2 strong conflict(s),LOW
A00996,B00564,7.522457267652265e-10,0.7,0,ML probability below threshold,2 strong conflict(s),LOW
A00774,B00614,0.12153021474809755,0.7,0,Geographic similarity without identity evidence,same city; same state; geographic-only evidence; 2 strong conflict(s),LOW
A00043,B00317,1.5428852857283883e-08,0.7,0,ML probability below threshold,2 strong conflict(s),LOW
A00375,B00695,0.03388671480192378,0.7,0,Geographic similarity without identity evidence,same city; same state; geographic-only evidence; 2 strong conflict(s),LOW
A00834,B00066,1.2620841671714539e-06,0.7,0,ML probability below threshold,2 strong conflict(s),LOW
A00046,B00066,0.05634199155777404,0.7,0,Geographic similarity without identity evidence,same city; same state; geographic-only evidence; 2 strong conflict(s),LOW
A00903,B00692,6.299484017287772e-06,0.7,0,ML probability below threshold,2 strong conflict(s),LOW
A00312,B00972,0.10817050555152354,0.7,0,Geographic similarity without identity evidence,same city; same state; geographic-only evidence; 1 strong conflict(s),LOW
A00937,B00664,7.306083819783756e-07,0.7,0,ML probability below threshold,2 strong conflict(s),LOW
A00591,B00951,0.026195506139895963,0.7,0,Geographic similarity without identity evidence,same city; same state; geographic-only evidence; 2 strong conflict(s),LOW
A00892,B00209,4.1554090540484054e-07,0.7,0,Insufficient identity evidence,limited evidence,LOW
A00202,B00382,0.001027712524260275,0.7,0,Geographic similarity without identity evidence,same city; same state; geographic-only evidence; 2 strong conflict(s),LOW
A00894,B00117,1.3042124669947581e-05,0.7,0,Insufficient identity evidence,2 strong conflict(s),LOW
A00478,B00081,1.1631577518872364e-09,0.7,0,ML probability below threshold,limited evidence,LOW
A00686,B00627,1.8956700949014506e-06,0.7,0,ML probability below threshold,2 strong conflict(s),LOW
A00560,B00565,4.468978491837935e-08,0.7,0,ML probability below threshold,2 strong conflict(s),LOW
A00498,B00078,0.10221871162871021,0.7,0,Geographic similarity without identity evidence,same city; same state; geographic-only evidence; 2 strong conflict(s),LOW
A00073,B00989,1.1473286328630953e-06,0.7,0,ML probability below threshold,2 strong conflict(s),LOW
A00014,B00037,8.800121879185496e-09,0.7,0,ML probability below threshold,2 strong conflict(s),LOW
A00480,B00877,1.6268233463424836e-06,0.7,0,ML probability below threshold,2 strong conflict(s),LOW
A00843,B00954,9.189847923417306e-08,0.7,0,ML probability below threshold,2 strong conflict(s),LOW
A00427,B00926,2.0095239350978124e-05,0.7,0,Multiple conflicting identity signals,3 strong conflict(s),LOW
A00382,B00302,0.031983928603961445,0.7,0,Geographic similarity without identity evidence,same city; same state; geographic-only evidence; 1 strong conflict(s),LOW
A00291,B00474,1.7420217943982421e-07,0.7,0,ML probability below threshold,2 strong conflict(s),LOW
A00740,B00972,3.6481757672517206e-09,0.7,0,ML probability below threshold,1 strong conflict(s),LOW
A00326,B00718,3.551351174950442e-08,0.7,0,ML probability below threshold,1 strong conflict(s),LOW
A00538,B00451,5.8749190832967455e-09,0.7,0,ML probability below threshold,2 strong conflict(s),LOW
A00417,B00810,1.1193570056199113e-07,0.7,0,ML probability below threshold,1 strong conflict(s),LOW
A00638,B00114,4.823456721987514e-07,0.7,0,ML probability below threshold,2 strong conflict(s),LOW
A00241,B00067,3.1293401006956085e-06,0.7,0,ML probability below threshold,same state; 1 strong conflict(s),LOW
A00850,B00741,7.282610364669846e-10,0.7,0,Multiple conflicting identity signals,3 strong conflict(s),LOW
A00432,B00412,0.5908822820241492,0.7,0,Geographic similarity without identity evidence,same city; same state; geographic-only evidence; 2 strong conflict(s),LOW
A00480,B00460,0.9560767584340248,0.7,0,Geographic similarity without identity evidence,same city; same state; geographic-only evidence; 1 strong conflict(s),HIGH
A00514,B00229,3.190645978914449e-09,0.7,0,ML probability below threshold,2 strong conflict(s),LOW
A00953,B00660,5.954196392768697e-05,0.7,0,ML probability below threshold,2 strong conflict(s),LOW
A00935,B00395,0.1126420596595399,0.7,0,Geographic similarity without identity evidence,same city; same state; geographic-only evidence; 1 strong conflict(s),LOW
A00116,B00769,9.766654967388705e-09,0.7,0,ML probability below threshold,2 strong conflict(s),LOW
A00067,B00169,0.42842037522781595,0.7,0,Geographic similarity without identity evidence,same state; geographic-only evidence; 2 strong conflict(s),LOW
A00826,B00865,5.440798929248076e-09,0.7,0,ML probability below threshold,2 strong conflict(s),LOW
A00307,B00047,0.04709493950307596,0.7,0,Geographic similarity without identity evidence,same city; same state; geographic-only evidence; 2 strong conflict(s),LOW
A00708,B00548,0.20423292347003397,0.7,0,Geographic similarity without identity evidence,same city; same state; geographic-only evidence; 1 strong conflict(s),LOW
A00674,B00552,1.0458808752048343e-08,0.7,0,ML probability below threshold,2 strong conflict(s),LOW
A00110,B00406,7.046743866014875e-06,0.7,0,ML probability below threshold,same state; 2 strong conflict(s),LOW
A00534,B00932,4.3349613976571295e-07,0.7,0,ML probability below threshold,2 strong conflict(s),LOW
A00698,B00998,0.8377166999323222,0.7,0,Geographic similarity without identity evidence,same city; same state; geographic-only evidence; 2 strong conflict(s),MEDIUM
A00360,B00835,7.27539642270865e-09,0.7,0,ML probability below threshold,2 strong conflict(s),LOW
A00954,B00141,0.00022217349020165755,0.7,0,ML probability below threshold,2 strong conflict(s),LOW
A00432,B00520,2.8620132588437526e-09,0.7,0,ML probability below threshold,2 strong conflict(s),LOW
A00289,B00729,0.18984512065054007,0.7,0,Geographic similarity without identity evidence,same city; same state; geographic-only evidence; 2 strong conflict(s),LOW
A00164,B00404,0.42897460087509415,0.7,0,Geographic similarity without identity evidence,same city; same state; geographic-only evidence; 1 strong conflict(s),LOW
A00743,B00683,0.02053236525227037,0.7,0,Geographic similarity without identity evidence,same city; same state; geographic-only evidence; 2 strong conflict(s),LOW
A00440,B00880,0.1608313765368787,0.7,0,Geographic similarity without identity evidence,same city; same state; geographic-only evidence; 1 strong conflict(s),LOW
A00885,B00545,0.3585828153710533,0.7,0,Geographic similarity without identity evidence,same city; same state; geographic-only evidence; 2 strong conflict(s),LOW
A00737,B00389,1.516988686191856e-07,0.7,0,ML probability below threshold,2 strong conflict(s),LOW
A00452,B00158,4.1072327096437874e-07,0.7,0,ML probability below threshold,2 strong conflict(s),LOW
A00704,B00754,2.7112662412564575e-07,0.7,0,ML probability below threshold,2 strong conflict(s),LOW
A00592,B00810,1.6511379912202025e-09,0.7,0,ML probability below threshold,1 strong conflict(s),LOW
A00948,B00896,4.06613679608868e-10,0.7,0,ML probability below threshold,1 strong conflict(s),LOW
A00624,B00799,0.0004740400289816606,0.7,0,ML probability below threshold,1 strong conflict(s),LOW
A00498,B00458,0.10313502371288286,0.7,0,Geographic similarity without identity evidence,same city; same state; geographic-only evidence; 2 strong conflict(s),LOW
A00777,B00827,4.2797341341000845e-07,0.7,0,ML probability below threshold,2 strong conflict(s),LOW
A00862,B00638,2.3827401326938145e-09,0.7,0,ML probability below threshold,2 strong conflict(s),LOW
A00194,B00687,1.3941426684888762e-07,0.7,0,ML probability below threshold,2 strong conflict(s),LOW
A00661,B00142,1.5253711508599635e-09,0.7,0,ML probability below threshold,2 strong conflict(s),LOW
A00915,B00300,2.2451080383491568e-07,0.7,0,ML probability below threshold,2 strong conflict(s),LOW
A00632,B00245,1.4719647158551544e-05,0.7,0,ML probability below threshold,2 strong conflict(s),LOW
A00365,B00969,6.756379880748203e-08,0.7,0,ML probability below threshold,2 strong conflict(s),LOW
A00062,B00644,3.11403595897952e-08,0.7,0,ML probability below threshold,1 strong conflict(s),LOW
A00546,B00971,6.446590954635728e-09,0.7,0,ML probability below threshold,1 strong conflict(s),LOW
A00290,B00916,4.224014729174552e-06,0.7,0,ML probability below threshold,2 strong conflict(s),LOW
A00506,B00256,0.005844654459548665,0.7,0,ML probability below threshold,limited evidence,LOW
A00290,B00112,1.819429666323443e-08,0.7,0,ML probability below threshold,1 strong conflict(s),LOW
A00107,B00045,3.2649843785302265e-07,0.7,0,Multiple conflicting identity signals,3 strong conflict(s),LOW
A00604,B00415,2.4200389568218235e-07,0.7,0,ML probability below threshold,2 strong conflict(s),LOW
A00509,B00823,8.824653079130601e-08,0.7,0,Insufficient identity evidence,1 strong conflict(s),LOW
A00335,B00239,2.955083811050135e-07,0.7,0,ML probability below threshold,2 strong conflict(s),LOW
A00191,B00776,6.039474813297299e-06,0.7,0,ML probability below threshold,same state; 2 strong conflict(s),LOW
A00697,B00197,0.9874355246561554,0.7,1,ML probability above threshold,same city; 1 strong conflict(s),HIGH
A00194,B00044,1.9961510324692472e-07,0.7,0,Multiple conflicting identity signals,3 strong conflict(s),LOW
A00719,B00981,2.8078164832674656e-07,0.7,0,ML probability below threshold,2 strong conflict(s),LOW
A00996,B00216,0.050976007982119376,0.7,0,Geographic similarity without identity evidence,same city; same state; geographic-only evidence; 3 strong conflict(s),LOW
A00832,B00820,1.7506324910177584e-09,0.7,0,ML probability below threshold,1 strong conflict(s),LOW
A00903,B00152,1.7386911766250187e-09,0.7,0,ML probability below threshold,2 strong conflict(s),LOW
A00763,B00801,6.251290489102989e-09,0.7,0,Multiple conflicting identity signals,3 strong conflict(s),LOW
A00273,B00231,5.259261929524929e-06,0.7,0,ML probability below threshold,1 strong conflict(s),LOW
A00803,B00883,0.2384243173961729,0.7,0,Geographic similarity without identity evidence,same city; same state; geographic-only evidence,LOW
A00648,B00261,4.314715477046568e-05,0.7,0,ML probability below threshold,1 strong conflict(s),LOW
A00784,B00052,7.773379704502276e-08,0.7,0,ML probability below threshold,1 strong conflict(s),LOW
A00699,B00327,1.297101185064336e-08,0.7,0,ML probability below threshold,2 strong conflict(s),LOW
A00810,B00910,0.7759227176836363,0.7,0,Geographic similarity without identity evidence,same city; same state; geographic-only evidence; 1 strong conflict(s),MEDIUM
A00389,B00889,0.655855747142248,0.7,0,Geographic similarity without identity evidence,same city; same state; geographic-only evidence; 1 strong conflict(s),LOW
A00699,B00333,4.4895472744300215e-07,0.7,0,ML probability below threshold,2 strong conflict(s),LOW
A00522,B00225,9.676184158425311e-09,0.7,0,ML probability below threshold,1 strong conflict(s),LOW
A00806,B00146,0.2751065175972502,0.7,0,Geographic similarity without identity evidence,same city; same state; geographic-only evidence; 2 strong conflict(s),LOW
A00947,B00189,3.901770551784993e-06,0.7,0,ML probability below threshold,same state; 1 strong conflict(s),LOW
A00954,B00701,3.8714985285395565e-06,0.7,0,ML probability below threshold,1 strong conflict(s),LOW
A00223,B00480,9.73095484940412e-10,0.7,0,ML probability below threshold,2 strong conflict(s),LOW
A00378,B00586,1.4076035630063422e-08,0.7,0,ML probability below threshold,2 strong conflict(s),LOW
A00156,B00663,2.011657960805109e-10,0.7,0,Multiple conflicting identity signals,3 strong conflict(s),LOW
A00524,B00224,0.3075818254991675,0.7,0,Geographic similarity without identity evidence,same city; same state; geographic-only evidence,LOW
A00795,B00135,0.02310416549302954,0.7,0,Geographic similarity without identity evidence,same city; same state; geographic-only evidence; 1 strong conflict(s),LOW
A00318,B00073,3.697744858903037e-06,0.7,0,ML probability below threshold,2 strong conflict(s),LOW
A00484,B00084,0.3233375595693976,0.7,0,Geographic similarity without identity evidence,same city; same state; geographic-only evidence; 2 strong conflict(s),LOW
A00960,B00520,0.5584884082411421,0.7,0,Geographic similarity without identity evidence,same city; same state; geographic-only evidence; 2 strong conflict(s),LOW
A00652,B00392,0.45509120663517216,0.7,0,Geographic similarity without identity evidence,same city; same state; geographic-only evidence; 2 strong conflict(s),LOW
A00254,B00074,0.019723335998390434,0.7,0,Geographic similarity without identity evidence,same city; same state; geographic-only evidence; 2 strong conflict(s),LOW
A00336,B00976,0.3661368009778677,0.7,0,Geographic similarity without identity evidence,same city; same state; geographic-only evidence; 1 strong conflict(s),LOW
A00813,B00856,4.601681997024516e-09,0.7,0,ML probability below threshold,1 strong conflict(s),LOW
A00023,B00468,2.7306351125436156e-05,0.7,0,Insufficient identity evidence,same state; 1 strong conflict(s),LOW
A00699,B00219,0.8466739752314874,0.7,0,Geographic similarity without identity evidence,same city; same state; geographic-only evidence; 1 strong conflict(s),MEDIUM
A00184,B00204,0.057603875971135005,0.7,0,Geographic similarity without identity evidence,same city; same state; geographic-only evidence; 2 strong conflict(s),LOW
A00619,B00523,4.918293423806889e-09,0.7,0,ML probability below threshold,2 strong conflict(s),LOW
A00660,B00114,2.036720840295276e-08,0.7,0,ML probability below threshold,2 strong conflict(s),LOW
A00134,B00014,0.019881834497986722,0.7,0,Geographic similarity without identity evidence,same city; same state; geographic-only evidence; 2 strong conflict(s),LOW
A00396,B00138,3.8154147150686013e-10,0.7,0,Multiple conflicting identity signals,3 strong conflict(s),LOW
A00543,B00673,1.6928130659692506e-08,0.7,0,ML probability below threshold,2 strong conflict(s),LOW
A00856,B00031,2.6277216566893574e-06,0.7,0,Multiple conflicting identity signals,same state; 3 strong conflict(s),LOW
A00728,B00951,4.1522127475018464e-09,0.7,0,Multiple conflicting identity signals,3 strong conflict(s),LOW
A00819,B00667,2.323568725715732e-07,0.7,0,ML probability below threshold,2 strong conflict(s),LOW
A00825,B00527,6.830497093075824e-09,0.7,0,ML probability below threshold,2 strong conflict(s),LOW
A00738,B00222,8.246616848388816e-05,0.7,0,ML probability below threshold,2 strong conflict(s),LOW
A00346,B00298,1.2862593271756054e-08,0.7,0,ML probability below threshold,2 strong conflict(s),LOW
A00344,B00946,4.598184598814734e-08,0.7,0,ML probability below threshold,2 strong conflict(s),LOW
A00315,B00135,0.02021394427206353,0.7,0,Geographic similarity without identity evidence,same city; same state; geographic-only evidence; 1 strong conflict(s),LOW
A00175,B00801,9.009881029433146e-08,0.7,0,Multiple conflicting identity signals,3 strong conflict(s),LOW
A00091,B00067,1.1983004916883602e-05,0.7,0,ML probability below threshold,1 strong conflict(s),LOW
A00931,B00811,0.13240127866007886,0.7,0,Geographic similarity without identity evidence,same city; same state; geographic-only evidence; 1 strong conflict(s),LOW
A00793,B00997,4.976546921294074e-09,0.7,0,ML probability below threshold,2 strong conflict(s),LOW
A00583,B00586,5.630761946166904e-06,0.7,0,ML probability below threshold,same state; 2 strong conflict(s),LOW
A00473,B00170,1.0399162620922859e-08,0.7,0,Multiple conflicting identity signals,3 strong conflict(s),LOW
A00166,B00346,0.1450043309416286,0.7,0,Geographic similarity without identity evidence,same city; same state; geographic-only evidence; 1 strong conflict(s),LOW
A00520,B00091,2.2126548344263626e-08,0.7,0,ML probability below threshold,2 strong conflict(s),LOW
A00748,B00559,1.5480296545730172e-07,0.7,0,ML probability below threshold,1 strong conflict(s),LOW
A00409,B00849,0.06936441295109495,0.7,0,Geographic similarity without identity evidence,same city; same state; geographic-only evidence; 3 strong conflict(s),LOW
A00570,B00891,0.00013664845658469194,0.7,0,Insufficient identity evidence,1 strong conflict(s),LOW
A00970,B00278,4.699459936066613e-09,0.7,0,ML probability below threshold,2 strong conflict(s),LOW
A00273,B00353,0.12782210401259245,0.7,0,Geographic similarity without identity evidence,same city; same state; geographic-only evidence,LOW
A00749,B00509,0.15840799323107793,0.7,0,Geographic similarity without identity evidence,same city; same state; geographic-only evidence; 1 strong conflict(s),LOW
A00504,B00879,4.171301642404288e-08,0.7,0,Multiple conflicting identity signals,3 strong conflict(s),LOW
A00680,B00620,0.8550682424693321,0.7,0,Geographic similarity without identity evidence,same city; same state; geographic-only evidence; 2 strong conflict(s),MEDIUM
A00605,B00455,7.958764186115695e-09,0.7,0,ML probability below threshold,1 strong conflict(s),LOW
A00421,B00206,5.305027675682305e-08,0.7,0,ML probability below threshold,2 strong conflict(s),LOW
A00036,B00214,2.3697942282110966e-09,0.7,0,ML probability below threshold,2 strong conflict(s),LOW
A00992,B00277,1.769407133939238e-07,0.7,0,ML probability below threshold,2 strong conflict(s),LOW
A00162,B00513,2.3579902413267316e-10,0.7,0,ML probability below threshold,1 strong conflict(s),LOW
A00621,B00321,0.7265658952543401,0.7,0,Geographic similarity without identity evidence,same city; same state; geographic-only evidence; 2 strong conflict(s),MEDIUM
A00187,B00687,0.5798450236678683,0.7,0,Geographic similarity without identity evidence,same city; same state; geographic-only evidence; 2 strong conflict(s),LOW
A00923,B00581,5.968666533904749e-10,0.7,0,ML probability below threshold,1 strong conflict(s),LOW
A00162,B00342,0.014391186036964944,0.7,0,Geographic similarity without identity evidence,same city; same state; geographic-only evidence; 2 strong conflict(s),LOW
A00819,B00019,0.48890015113926216,0.7,0,Geographic similarity without identity evidence,same city; same state; geographic-only evidence; 1 strong conflict(s),LOW
A00894,B00341,0.0003049656316325066,0.7,0,ML probability below threshold,2 strong conflict(s),LOW
A00578,B00458,0.17132559552982382,0.7,0,Geographic similarity without identity evidence,same city; same state; geographic-only evidence; 2 strong conflict(s),LOW
A00011,B00591,0.9785005157710553,0.7,0,Geographic similarity without identity evidence,same city; same state; geographic-only evidence; 2 strong conflict(s),HIGH
A00353,B00973,0.250782924526912,0.7,0,Geographic similarity without identity evidence,same city; same state; geographic-only evidence; 2 strong conflict(s),LOW
A00180,B00340,0.9389382378943177,0.7,0,Geographic similarity without identity evidence,same city; same state; geographic-only evidence; 1 strong conflict(s),HIGH
A00085,B00660,2.736569237579157e-07,0.7,0,ML probability below threshold,2 strong conflict(s),LOW
A00145,B00783,2.1578156138812193e-08,0.7,0,ML probability below threshold,2 strong conflict(s),LOW
A00135,B00677,7.629262847637157e-06,0.7,0,ML probability below threshold,2 strong conflict(s),LOW
A00887,B00467,0.9315138827741194,0.7,0,Geographic similarity without identity evidence,same city; same state; geographic-only evidence; 2 strong conflict(s),HIGH
A00887,B00294,6.043513734031488e-07,0.7,0,ML probability below threshold,1 strong conflict(s),LOW
A00227,B00645,8.15455698887436e-08,0.7,0,Multiple conflicting identity signals,3 strong conflict(s),LOW
A00705,B00586,3.085069676728835e-08,0.7,0,ML probability below threshold,2 strong conflict(s),LOW
A00838,B00098,0.6326888565393253,0.7,0,Geographic similarity without identity evidence,same city; same state; geographic-only evidence; 3 strong conflict(s),LOW
A00307,B00459,3.799380432830292e-05,0.7,0,ML probability below threshold,2 strong conflict(s),LOW
A00559,B00350,4.2616189469055e-08,0.7,0,ML probability below threshold,2 strong conflict(s),LOW
A00026,B00706,0.8555583417478314,0.7,0,Geographic similarity without identity evidence,same city; same state; geographic-only evidence; 1 strong conflict(s),MEDIUM
A00267,B00107,0.22776651906733142,0.7,0,Geographic similarity without identity evidence,same city; same state; geographic-only evidence; 2 strong conflict(s),LOW
A00422,B00210,2.1597603644109523e-06,0.7,0,ML probability below threshold,2 strong conflict(s),LOW
A00152,B00539,2.6295490662756233e-08,0.7,0,ML probability below threshold,1 strong conflict(s),LOW
A00782,B00732,8.686656865654945e-09,0.7,0,ML probability below threshold,1 strong conflict(s),LOW
A00965,B00283,1.2949079609929191e-08,0.7,0,ML probability below threshold,1 strong conflict(s),LOW
A00347,B00328,1.2675808625507419e-09,0.7,0,ML probability below threshold,1 strong conflict(s),LOW
A00132,B00472,0.12913957768374185,0.7,0,Geographic similarity without identity evidence,same city; same state; geographic-only evidence; 2 strong conflict(s),LOW
A00825,B00867,2.1408781193875756e-06,0.7,0,ML probability below threshold,1 strong conflict(s),LOW
A00063,B00272,1.3614837621344361e-09,0.7,0,ML probability below threshold,2 strong conflict(s),LOW
A00788,B00597,0.0009145507253023393,0.7,0,ML probability below threshold,1 strong conflict(s),LOW
A00091,B00176,3.2166400513662314e-07,0.7,0,ML probability below threshold,same state; 2 strong conflict(s),LOW
A00878,B00138,0.530100840168986,0.7,0,Geographic similarity without identity evidence,same city; same state; geographic-only evidence; 3 strong conflict(s),LOW
A00859,B00741,2.27603571644559e-07,0.7,0,ML probability below threshold,2 strong conflict(s),LOW
A00783,B00951,1.0889139648136881e-08,0.7,0,ML probability below threshold,2 strong conflict(s),LOW
A00980,B00559,5.004844415729598e-07,0.7,0,ML probability below threshold,1 strong conflict(s),LOW
A00903,B00009,1.707074675525618e-08,0.7,0,ML probability below threshold,2 strong conflict(s),LOW
A00728,B00870,0.0015885313204961652,0.7,0,ML probability below threshold,same state; 1 strong conflict(s),LOW
A00014,B00341,3.194320495994214e-05,0.7,0,ML probability below threshold,2 strong conflict(s),LOW
A00345,B00464,1.1488048993661948e-08,0.7,0,ML probability below threshold,2 strong conflict(s),LOW
A00529,B00689,0.16168455279790933,0.7,0,Geographic similarity without identity evidence,same city; same state; geographic-only evidence; 1 strong conflict(s),LOW
A00965,B00605,0.2359331921661278,0.7,0,Geographic similarity without identity evidence,same city; same state; geographic-only evidence; 2 strong conflict(s),LOW
A00912,B00227,3.180304708068392e-06,0.7,0,ML probability below threshold,1 strong conflict(s),LOW
A00120,B00263,0.0001599377584148895,0.7,0,ML probability below threshold,2 strong conflict(s),LOW
A00584,B00624,0.652837890741222,0.7,0,Geographic similarity without identity evidence,same city; same state; geographic-only evidence; 2 strong conflict(s),LOW
A00868,B00650,4.392900281191932e-05,0.7,0,Multiple conflicting identity signals,same state; 3 strong conflict(s),LOW
A00292,B00809,1.879853837768919e-05,0.7,0,ML probability below threshold,2 strong conflict(s),LOW
A00731,B00279,5.7788491573958e-10,0.7,0,Multiple conflicting identity signals,3 strong conflict(s),LOW
A00487,B00547,0.014307373110331234,0.7,0,Geographic similarity without identity evidence,same city; same state; geographic-only evidence; 2 strong conflict(s),LOW
A00592,B00712,0.39839587388700715,0.7,0,Geographic similarity without identity evidence,same city; same state; geographic-only evidence; 1 strong conflict(s),LOW
A00055,B00000,0.000430608031469344,0.7,0,ML probability below threshold,limited evidence,LOW
A00457,B00097,0.028391048852716885,0.7,0,Geographic similarity without identity evidence,same city; same state; geographic-only evidence; 2 strong conflict(s),LOW
A00941,B00163,7.845450494381802e-10,0.7,0,ML probability below threshold,1 strong conflict(s),LOW
A00696,B00649,8.245797146244644e-07,0.7,0,ML probability below threshold,1 strong conflict(s),LOW
A00821,B00704,7.322011686258782e-07,0.7,0,ML probability below threshold,2 strong conflict(s),LOW
A00514,B00990,8.643635514435579e-08,0.7,0,ML probability below threshold,2 strong conflict(s),LOW
A00355,B00770,0.0011478968186181963,0.7,0,ML probability below threshold,1 strong conflict(s),LOW
A00670,B00680,6.823125065067358e-09,0.7,0,ML probability below threshold,2 strong conflict(s),LOW
A00235,B00993,2.2294963138998837e-09,0.7,0,ML probability below threshold,2 strong conflict(s),LOW
A00830,B00218,9.638469471192078e-08,0.7,0,ML probability below threshold,2 strong conflict(s),LOW
A00401,B00081,0.03983310786590741,0.7,0,Geographic similarity without identity evidence,same city; same state; geographic-only evidence; 2 strong conflict(s),LOW
A00003,B00170,0.0004673906457738698,0.7,0,ML probability below threshold,same state; 2 strong conflict(s),LOW
A00538,B00598,0.24169926252276133,0.7,0,Geographic similarity without identity evidence,same city; same state; geographic-only evidence; 2 strong conflict(s),LOW
A00207,B00960,5.4833692688492475e-08,0.7,0,Multiple conflicting identity signals,3 strong conflict(s),LOW
A00092,B00872,0.7011461031069222,0.7,0,Geographic similarity without identity evidence,same city; same state; geographic-only evidence; 1 strong conflict(s),MEDIUM
A00348,B00129,1.94602464131525e-05,0.7,0,ML probability below threshold,1 strong conflict(s),LOW
A00315,B00915,0.501640427219589,0.7,0,Geographic similarity without identity evidence,same city; same state; geographic-only evidence; 2 strong conflict(s),LOW
A00998,B00960,1.8187544840286869e-09,0.7,0,Multiple conflicting identity signals,3 strong conflict(s),LOW
A00250,B00173,3.0413094441670034e-07,0.7,0,ML probability below threshold,2 strong conflict(s),LOW
A00260,B00370,1.1661142104330836e-07,0.7,0,ML probability below threshold,2 strong conflict(s),LOW
A00176,B00712,1.808203658180258e-06,0.7,0,ML probability below threshold,1 strong conflict(s),LOW
A00507,B00866,1.215852028322297e-07,0.7,0,ML probability below threshold,2 strong conflict(s),LOW
A00503,B00003,0.9421733159380782,0.7,0,Geographic similarity without identity evidence,same city; same state; geographic-only evidence; 2 strong conflict(s),HIGH
A00179,B00382,9.070533981800496e-09,0.7,0,ML probability below threshold,2 strong conflict(s),LOW
A00031,B00588,1.0918348899323145e-07,0.7,0,ML probability below threshold,2 strong conflict(s),LOW
A00649,B00015,2.2828439217581794e-07,0.7,0,Insufficient identity evidence,2 strong conflict(s),LOW
A00689,B00669,0.046749199407293884,0.7,0,Geographic similarity without identity evidence,same city; same state; geographic-only evidence; 2 strong conflict(s),LOW
A00227,B00270,5.7260455540700915e-08,0.7,0,Multiple conflicting identity signals,3 strong conflict(s),LOW
A00366,B00550,0.0015804384920024915,0.7,0,ML probability below threshold,1 strong conflict(s),LOW
A00253,B00363,2.3352784570063916e-09,0.7,0,ML probability below threshold,2 strong conflict(s),LOW
A00021,B00372,0.0008350931514938659,0.7,0,ML probability below threshold,2 strong conflict(s),LOW
A00982,B00444,2.581204983218864e-09,0.7,0,ML probability below threshold,2 strong conflict(s),LOW
A00457,B00390,2.31609235186269e-06,0.7,0,ML probability below threshold,2 strong conflict(s),LOW
A00908,B00868,0.16380507060872632,0.7,0,Geographic similarity without identity evidence,same city; same state; geographic-only evidence; 2 strong conflict(s),LOW
A00165,B00265,0.19822245937102556,0.7,0,Geographic similarity without identity evidence,same city; same state; geographic-only evidence; 1 strong conflict(s),LOW
A00045,B00257,1.626846402623432e-07,0.7,0,ML probability below threshold,1 strong conflict(s),LOW
A00065,B00745,0.19905864573230495,0.7,0,Geographic similarity without identity evidence,same city; same state; geographic-only evidence; 2 strong conflict(s),LOW
A00609,B00625,3.1147902368171166e-08,0.7,0,ML probability below threshold,2 strong conflict(s),LOW
A00395,B00357,9.375732381987931e-08,0.7,0,ML probability below threshold,2 strong conflict(s),LOW
A00281,B00245,2.3060019954959295e-07,0.7,0,ML probability below threshold,2 strong conflict(s),LOW
A00612,B00371,3.63956337277126e-08,0.7,0,ML probability below threshold,2 strong conflict(s),LOW
A00275,B00675,0.21319273049707424,0.7,0,Geographic similarity without identity evidence,same city; same state; geographic-only evidence; 2 strong conflict(s),LOW
A00098,B00250,6.208174932597077e-09,0.7,0,ML probability below threshold,2 strong conflict(s),LOW
A00985,B00837,3.2963413474702785e-08,0.7,0,ML probability below threshold,1 strong conflict(s),LOW
A00279,B00899,0.07899359996089603,0.7,0,Geographic similarity without identity evidence,same city; same state; geographic-only evidence; 2 strong conflict(s),LOW
A00049,B00331,6.87892369731863e-08,0.7,0,ML probability below threshold,2 strong conflict(s),LOW
A00394,B00286,6.530762350235553e-07,0.7,0,ML probability below threshold,2 strong conflict(s),LOW
A00666,B00739,2.8379475453572456e-08,0.7,0,ML probability below threshold,1 strong conflict(s),LOW
A00087,B00547,0.030987402287091955,0.7,0,Geographic similarity without identity evidence,same city; same state; geographic-only evidence; 2 strong conflict(s),LOW
A00132,B00201,1.4949845738842464e-06,0.7,0,ML probability below threshold,2 strong conflict(s),LOW
A00769,B00538,0.0051803053068261405,0.7,0,ML probability below threshold,2 strong conflict(s),LOW
A00043,B00383,0.30041288274736816,0.7,0,Geographic similarity without identity evidence,same city; same state; geographic-only evidence; 2 strong conflict(s),LOW
A00432,B00052,0.05615697534761258,0.7,0,Geographic similarity without identity evidence,same city; same state; geographic-only evidence; 1 strong conflict(s),LOW
A00035,B00815,0.4394764349728349,0.7,0,Geographic similarity without identity evidence,same city; same state; geographic-only evidence; 2 strong conflict(s),LOW
A00967,B00575,1.5565479268775614e-07,0.7,0,Multiple conflicting identity signals,3 strong conflict(s),LOW
A00622,B00602,0.5487350185162664,0.7,0,Geographic similarity without identity evidence,same city; same state; geographic-only evidence; 2 strong conflict(s),LOW
A00067,B00675,2.413479879210391e-06,0.7,0,ML probability below threshold,2 strong conflict(s),LOW
A00459,B00219,0.003339645529926287,0.7,0,Geographic similarity without identity evidence,same city; same state; geographic-only evidence; 1 strong conflict(s),LOW
A00643,B00123,0.034898941687399564,0.7,0,Geographic similarity without identity evidence,same city; same state; geographic-only evidence; 1 strong conflict(s),LOW
A00527,B00265,1.9354714464240055e-06,0.7,0,ML probability below threshold,1 strong conflict(s),LOW
A00832,B00784,2.685918652899288e-07,0.7,0,ML probability below threshold,2 strong conflict(s),LOW
A00322,B00353,3.941518413114074e-09,0.7,0,ML probability below threshold,limited evidence,LOW
A00728,B00808,0.05595631469575709,0.7,0,Geographic similarity without identity evidence,same city; same state; geographic-only evidence; 2 strong conflict(s),LOW
A00490,B00230,0.0746267256234564,0.7,0,Geographic similarity without identity evidence,same city; same state; geographic-only evidence; 2 strong conflict(s),LOW
A00830,B00552,1.5281469109561178e-08,0.7,0,ML probability below threshold,1 strong conflict(s),LOW
A00488,B00948,0.03173581373098945,0.7,0,Geographic similarity without identity evidence,same city; same state; geographic-only evidence; 2 strong conflict(s),LOW
A00289,B00249,0.14753728710002206,0.7,0,Geographic similarity without identity evidence,same city; same state; geographic-only evidence; 2 strong conflict(s),LOW
A00757,B00279,1.3169005282899568e-08,0.7,0,ML probability below threshold,2 strong conflict(s),LOW
A00647,B00147,0.3242270408344477,0.7,0,Geographic similarity without identity evidence,same city; same state; geographic-only evidence; 2 strong conflict(s),LOW
A00667,B00364,1.6035635760198796e-07,0.7,0,ML probability below threshold,1 strong conflict(s),LOW
A00171,B00411,0.04495951337400928,0.7,0,Geographic similarity without identity evidence,same city; same state; geographic-only evidence; 2 strong conflict(s),LOW
A00040,B00414,4.9641730950066105e-09,0.7,0,ML probability below threshold,2 strong conflict(s),LOW
A00044,B00524,0.1989673349151905,0.7,0,Geographic similarity without identity evidence,same city; same state; geographic-only evidence; 2 strong conflict(s),LOW
A00855,B00055,0.21384998660589696,0.7,0,Geographic similarity without identity evidence,same city; same state; geographic-only evidence; 1 strong conflict(s),LOW
A00358,B00104,5.39712031063797e-07,0.7,0,ML probability below threshold,2 strong conflict(s),LOW
A00912,B00357,1.7270284493409165e-06,0.7,0,ML probability below threshold,2 strong conflict(s),LOW
A00852,B00700,5.723826347817772e-06,0.7,0,ML probability below threshold,2 strong conflict(s),LOW
A00139,B00684,0.0002692553435432944,0.7,0,ML probability below threshold,2 strong conflict(s),LOW
A00300,B00525,1.4533928148700065e-08,0.7,0,ML probability below threshold,2 strong conflict(s),LOW
A00321,B00270,4.808395570012704e-08,0.7,0,ML probability below threshold,2 strong conflict(s),LOW
A00673,B00313,0.07292856556596827,0.7,0,Geographic similarity without identity evidence,same city; same state; geographic-only evidence; 3 strong conflict(s),LOW
A00081,B00614,3.038112774496661e-08,0.7,0,ML probability below threshold,2 strong conflict(s),LOW
A00064,B00468,5.144417928264095e-08,0.7,0,Insufficient identity evidence,1 strong conflict(s),LOW
A00822,B00239,7.206903628543037e-07,0.7,0,ML probability below threshold,2 strong conflict(s),LOW
A00985,B00969,2.8641006498383495e-06,0.7,0,ML probability below threshold,2 strong conflict(s),LOW
A00079,B00739,0.14798263468868503,0.7,0,Geographic similarity without identity evidence,same city; same state; geographic-only evidence; 1 strong conflict(s),LOW
A00951,B00248,2.412987363553887e-09,0.7,0,Multiple conflicting identity signals,3 strong conflict(s),LOW
A00545,B00473,9.311150616493465e-07,0.7,0,ML probability below threshold,2 strong conflict(s),LOW
A00362,B00140,3.575639977498138e-08,0.7,0,Multiple conflicting identity signals,3 strong conflict(s),LOW
A00613,B00133,0.009882266488742922,0.7,0,Geographic similarity without identity evidence,same city; same state; geographic-only evidence; 2 strong conflict(s),LOW
A00109,B00389,0.32776505887554375,0.7,0,Geographic similarity without identity evidence,same city; same state; geographic-only evidence; 2 strong conflict(s),LOW
A00485,B00125,0.13396363286408997,0.7,0,Geographic similarity without identity evidence,same city; same state; geographic-only evidence; 3 strong conflict(s),LOW
A00337,B00757,0.018416311367729046,0.7,0,Geographic similarity without identity evidence,same city; same state; geographic-only evidence; 2 strong conflict(s),LOW
A00566,B00666,0.47646326260703986,0.7,0,Geographic similarity without identity evidence,same city; same state; geographic-only evidence; 2 strong conflict(s),LOW
A00471,B00910,3.0338951436078825e-08,0.7,0,ML probability below threshold,1 strong conflict(s),LOW
A00951,B00135,4.213360007620113e-06,0.7,0,ML probability below threshold,2 strong conflict(s),LOW
A00791,B00144,2.2880554720228246e-09,0.7,0,ML probability below threshold,1 strong conflict(s),LOW
A00801,B00501,0.6586566492064521,0.7,0,Geographic similarity without identity evidence,same city; same state; geographic-only evidence; 1 strong conflict(s),LOW
A00997,B00659,0.00010780571988448394,0.7,0,ML probability below threshold,2 strong conflict(s),LOW
A00397,B00416,1.404800545954885e-07,0.7,0,ML probability below threshold,2 strong conflict(s),LOW
A00591,B00021,6.798866154805764e-08,0.7,0,ML probability below threshold,2 strong conflict(s),LOW
A00877,B00489,0.0013805323335965853,0.7,0,ML probability below threshold,2 strong conflict(s),LOW
A00217,B00566,1.4699695412029572e-07,0.7,0,ML probability below threshold,2 strong conflict(s),LOW
A00315,B00064,6.700292199584099e-09,0.7,0,ML probability below threshold,2 strong conflict(s),LOW
A00698,B00561,1.8494391786582805e-08,0.7,0,ML probability below threshold,2 strong conflict(s),LOW
A00801,B00041,0.8182832451235049,0.7,0,Geographic similarity without identity evidence,same city; same state; geographic-only evidence; 2 strong conflict(s),MEDIUM
A00945,B00585,0.5201522701823273,0.7,0,Geographic similarity without identity evidence,same city; same state; geographic-only evidence; 2 strong conflict(s),LOW
A00375,B00039,0.0001018926219043164,0.7,0,ML probability below threshold,2 strong conflict(s),LOW
A00476,B00016,0.5938586454493561,0.7,0,Geographic similarity without identity evidence,same city; same state; geographic-only evidence; 3 strong conflict(s),LOW
A00796,B00136,0.3831375684198398,0.7,0,Geographic similarity without identity evidence,same city; same state; geographic-only evidence; 2 strong conflict(s),LOW
A00039,B00295,1.1264749752056404e-06,0.7,0,ML probability below threshold,1 strong conflict(s),LOW
A00319,B00465,1.5088135869455594e-06,0.7,0,ML probability below threshold,1 strong conflict(s),LOW
A00282,B00629,1.1805600024563738e-07,0.7,0,ML probability below threshold,2 strong conflict(s),LOW
A00229,B00793,0.016798467905052305,0.7,0,ML probability below threshold,2 strong conflict(s),LOW
A00143,B00740,1.061396493399296e-09,0.7,0,Multiple conflicting identity signals,3 strong conflict(s),LOW
A00692,B00512,0.02346678667499188,0.7,0,Geographic similarity without identity evidence,same city; same state; geographic-only evidence; 1 strong conflict(s),LOW
A00007,B00941,0.0007895629200700833,0.7,0,ML probability below threshold,same state; 2 strong conflict(s),LOW
A00824,B00978,6.639860007701748e-07,0.7,0,ML probability below threshold,limited evidence,LOW
A00217,B00808,1.5693518647152038e-08,0.7,0,ML probability below threshold,2 strong conflict(s),LOW
A00000,B00738,0.011269383629788087,0.7,0,ML probability below threshold,1 strong conflict(s),LOW
A00815,B00497,8.269360948886001e-08,0.7,0,ML probability below threshold,2 strong conflict(s),LOW
A00694,B00079,6.6502076480116415e-09,0.7,0,ML probability below threshold,2 strong conflict(s),LOW
A00185,B00822,4.418468827765251e-09,0.7,0,ML probability below threshold,2 strong conflict(s),LOW
A00786,B00383,3.3161511237508123e-07,0.7,0,ML probability below threshold,same state; 2 strong conflict(s),LOW
A00744,B00133,2.7040792122485494e-08,0.7,0,ML probability below threshold,2 strong conflict(s),LOW
A00547,B00827,0.801574933547542,0.7,0,Geographic similarity without identity evidence,same city; same state; geographic-only evidence; 2 strong conflict(s),MEDIUM
A00643,B00363,0.0429572416437179,0.7,0,Geographic similarity without identity evidence,same city; same state; geographic-only evidence; 2 strong conflict(s),LOW
A00227,B00195,2.9835118781652417e-06,0.7,0,ML probability below threshold,2 strong conflict(s),LOW
A00724,B00032,2.750992878149552e-07,0.7,0,ML probability below threshold,2 strong conflict(s),LOW
A00291,B00513,1.1075189988630113e-07,0.7,0,ML probability below threshold,1 strong conflict(s),LOW
A00922,B00624,6.467819508540411e-09,0.7,0,ML probability below threshold,1 strong conflict(s),LOW
A00744,B00088,2.921785439534986e-09,0.7,0,ML probability below threshold,2 strong conflict(s),LOW
A00952,B00441,6.795626320730547e-06,0.7,0,ML probability below threshold,2 strong conflict(s),LOW
A00457,B00636,1.4693167070186292e-09,0.7,0,ML probability below threshold,2 strong conflict(s),LOW
A00732,B00585,2.7687230885602735e-07,0.7,0,Insufficient identity evidence,2 strong conflict(s),LOW
A00041,B00881,0.623754009244943,0.7,0,Geographic similarity without identity evidence,same city; same state; geographic-only evidence; 2 strong conflict(s),LOW
A00631,B00111,0.024040538823911096,0.7,0,Geographic similarity without identity evidence,same city; same state; geographic-only evidence; 3 strong conflict(s),LOW
A00487,B00876,4.06163715237352e-07,0.7,0,ML probability below threshold,2 strong conflict(s),LOW
A00891,B00177,5.475693305155645e-08,0.7,0,Multiple conflicting identity signals,3 strong conflict(s),LOW
A00885,B00270,1.2766445273956347e-08,0.7,0,ML probability below threshold,2 strong conflict(s),LOW
A00464,B00628,4.998656496813109e-10,0.7,0,ML probability below threshold,limited evidence,LOW
A00372,B00385,6.2472451311356375e-06,0.7,0,ML probability below threshold,2 strong conflict(s),LOW
A00218,B00798,0.05427860026712606,0.7,0,Geographic similarity without identity evidence,same city; same state; geographic-only evidence; 2 strong conflict(s),LOW
A00520,B00180,0.28077137381797884,0.7,0,Geographic similarity without identity evidence,same city; same state; geographic-only evidence; 2 strong conflict(s),LOW
A00795,B00519,1.6052312704167967e-08,0.7,0,ML probability below threshold,2 strong conflict(s),LOW
A00937,B00737,0.6693819613303528,0.7,0,Geographic similarity without identity evidence,same city; same state; geographic-only evidence; 2 strong conflict(s),LOW
A00453,B00473,0.6861074544329048,0.7,0,Geographic similarity without identity evidence,same city; same state; geographic-only evidence; 2 strong conflict(s),LOW
A00088,B00588,0.9060873255870344,0.7,0,Geographic similarity without identity evidence,same city; same state; geographic-only evidence; 2 strong conflict(s),HIGH
A00137,B00556,1.5317726385397877e-07,0.7,0,ML probability below threshold,1 strong conflict(s),LOW
A00826,B00706,0.9432385223172965,0.7,0,Geographic similarity without identity evidence,same city; same state; geographic-only evidence; 1 strong conflict(s),HIGH
A00820,B00173,2.9702671831715275e-05,0.7,0,ML probability below threshold,2 strong conflict(s),LOW
A00062,B00202,0.10106127232387961,0.7,0,Geographic similarity without identity evidence,same city; same state; geographic-only evidence; 1 strong conflict(s),LOW
A00540,B00400,0.16017786059633224,0.7,0,Geographic similarity without identity evidence,same city; same state; geographic-only evidence; 2 strong conflict(s),LOW
A00800,B00322,2.2524345024856286e-08,0.7,0,ML probability below threshold,2 strong conflict(s),LOW
A00223,B00543,0.019700203929838546,0.7,0,Geographic similarity without identity evidence,same city; same state; geographic-only evidence,LOW
A00718,B00576,5.0103735514612414e-06,0.7,0,ML probability below threshold,1 strong conflict(s),LOW
A00537,B00899,2.884191110814013e-07,0.7,0,ML probability below threshold,2 strong conflict(s),LOW
A00767,B00211,1.0938209328467983e-07,0.7,0,ML probability below threshold,1 strong conflict(s),LOW
A00539,B00899,0.08397376542847228,0.7,0,Geographic similarity without identity evidence,same city; same state; geographic-only evidence; 2 strong conflict(s),LOW
A00153,B00719,4.1115130319851264e-08,0.7,0,ML probability below threshold,2 strong conflict(s),LOW
A00252,B00533,1.7263519646132136e-09,0.7,0,ML probability below threshold,2 strong conflict(s),LOW
A00959,B00601,1.1169015369632602e-08,0.7,0,ML probability below threshold,limited evidence,LOW
A00240,B00370,2.645349588265352e-07,0.7,0,ML probability below threshold,2 strong conflict(s),LOW
A00532,B00752,0.18256321216849536,0.7,0,Geographic similarity without identity evidence,same city; same state; geographic-only evidence; 2 strong conflict(s),LOW
A00668,B00792,1.988972293068168e-09,0.7,0,ML probability below threshold,2 strong conflict(s),LOW
A00666,B00142,2.1437371647013013e-09,0.7,0,ML probability below threshold,2 strong conflict(s),LOW
A00624,B00743,5.895022085688636e-07,0.7,0,ML probability below threshold,1 strong conflict(s),LOW
A00652,B00952,0.2248786349711265,0.7,0,Geographic similarity without identity evidence,same city; same state; geographic-only evidence; 3 strong conflict(s),LOW
A00678,B00504,3.427198326101684e-07,0.7,0,ML probability below threshold,2 strong conflict(s),LOW
A00547,B00354,2.9483962269164114e-06,0.7,0,ML probability below threshold,2 strong conflict(s),LOW
A00219,B00084,9.984216675068935e-07,0.7,0,Multiple conflicting identity signals,3 strong conflict(s),LOW
A00360,B00137,1.0026559276226236e-08,0.7,0,ML probability below threshold,2 strong conflict(s),LOW
A00568,B00139,0.00013669954547916363,0.7,0,ML probability below threshold,2 strong conflict(s),LOW
A00243,B00398,2.1784118919772778e-08,0.7,0,ML probability below threshold,2 strong conflict(s),LOW
A00962,B00335,5.130761185086069e-05,0.7,0,ML probability below threshold,2 strong conflict(s),LOW
A00310,B00014,3.0636416274365287e-06,0.7,0,ML probability below threshold,2 strong conflict(s),LOW
A00320,B00450,0.0001369729903592309,0.7,0,ML probability below threshold,1 strong conflict(s),LOW
A00793,B00214,8.778710127076329e-09,0.7,0,Multiple conflicting identity signals,3 strong conflict(s),LOW
A00583,B00939,1.4652749979052505e-09,0.7,0,Multiple conflicting identity signals,3 strong conflict(s),LOW
A00938,B00804,5.124523979929952e-09,0.7,0,ML probability below threshold,2 strong conflict(s),LOW
A00174,B00144,1.854317457992952e-08,0.7,0,ML probability below threshold,1 strong conflict(s),LOW
A00490,B00010,0.02311967136058317,0.7,0,Geographic similarity without identity evidence,same city; same state; geographic-only evidence; 1 strong conflict(s),LOW
A00368,B00308,0.06787330345006024,0.7,0,Geographic similarity without identity evidence,same city; same state; geographic-only evidence; 1 strong conflict(s),LOW
A00923,B00382,1.0430154397356558e-08,0.7,0,ML probability below threshold,2 strong conflict(s),LOW
A00550,B00695,5.4118938556686834e-06,0.7,0,ML probability below threshold,2 strong conflict(s),LOW
A00221,B00061,0.4158948417218557,0.7,0,Geographic similarity without identity evidence,same city; same state; geographic-only evidence; 2 strong conflict(s),LOW
A00550,B00128,0.00010573708488397242,0.7,0,ML probability below threshold,same state; 1 strong conflict(s),LOW
A00675,B00073,7.890264394418283e-10,0.7,0,ML probability below threshold,2 strong conflict(s),LOW
A00929,B00543,2.411211035812483e-09,0.7,0,Insufficient identity evidence,1 strong conflict(s),LOW
A00482,B00042,0.0049981855871176145,0.7,0,Geographic similarity without identity evidence,same city; same state; geographic-only evidence; 3 strong conflict(s),LOW
A00247,B00447,0.9027518006519208,0.7,0,Geographic similarity without identity evidence,same city; same state; geographic-only evidence; 1 strong conflict(s),HIGH
A00888,B00830,2.130892020994321e-05,0.7,0,ML probability below threshold,same state; 2 strong conflict(s),LOW
A00410,B00595,1.0026365028577237e-05,0.7,0,ML probability below threshold,2 strong conflict(s),LOW
A00188,B00127,2.644633886967202e-10,0.7,0,ML probability below threshold,1 strong conflict(s),LOW
A00733,B00513,0.11120323151462888,0.7,0,Geographic similarity without identity evidence,same city; same state; geographic-only evidence; 1 strong conflict(s),LOW
A00465,B00207,9.333225510648299e-08,0.7,0,ML probability below threshold,2 strong conflict(s),LOW
A00269,B00009,0.10251212142563088,0.7,0,Geographic similarity without identity evidence,same city; same state; geographic-only evidence; 2 strong conflict(s),LOW
A00318,B00198,0.2424826283786674,0.7,0,ML probability below threshold,same city; same state; 2 strong conflict(s),LOW
A00791,B00171,0.015133187509054236,0.7,0,Geographic similarity without identity evidence,same city; same state; geographic-only evidence; 2 strong conflict(s),LOW
A00541,B00101,0.9661141381220366,0.7,0,Geographic similarity without identity evidence,same city; same state; geographic-only evidence; 2 strong conflict(s),HIGH
A00103,B00623,0.08956158075348769,0.7,0,Geographic similarity without identity evidence,same city; same state; geographic-only evidence; 1 strong conflict(s),LOW
A00384,B00011,2.9581408755404547e-06,0.7,0,ML probability below threshold,2 strong conflict(s),LOW
A00847,B00162,3.86054553315499e-07,0.7,0,Multiple conflicting identity signals,3 strong conflict(s),LOW
A00181,B00172,1.344537253001564e-07,0.7,0,Multiple conflicting identity signals,3 strong conflict(s),LOW
A00062,B00647,2.4267771497907746e-07,0.7,0,ML probability below threshold,limited evidence,LOW
A00527,B00409,4.1109368650291184e-05,0.7,0,ML probability below threshold,same state; 2 strong conflict(s),LOW
A00533,B00613,0.2713125607717059,0.7,0,Geographic similarity without identity evidence,same city; same state; geographic-only evidence; 1 strong conflict(s),LOW
A00414,B00323,2.06230522181242e-07,0.7,0,ML probability below threshold,2 strong conflict(s),LOW
A00728,B00745,1.2440597371060141e-08,0.7,0,ML probability below threshold,2 strong conflict(s),LOW
A00530,B00315,5.0678646242653185e-06,0.7,0,ML probability below threshold,1 strong conflict(s),LOW
A00902,B00644,4.893786544983181e-09,0.7,0,ML probability below threshold,1 strong conflict(s),LOW
A00274,B00807,3.7051121380736296e-07,0.7,0,ML probability below threshold,2 strong conflict(s),LOW
A00930,B00330,0.06036539253189172,0.7,0,Geographic similarity without identity evidence,same city; same state; geographic-only evidence; 1 strong conflict(s),LOW
A00856,B00195,9.347228359543221e-09,0.7,0,Multiple conflicting identity signals,3 strong conflict(s),LOW
A00857,B00288,4.4232217586444584e-07,0.7,0,Multiple conflicting identity signals,3 strong conflict(s),LOW
A00856,B00036,0.052950266834088544,0.7,0,Geographic similarity without identity evidence,same city; same state; geographic-only evidence; 3 strong conflict(s),LOW
A00467,B00442,7.349845781537892e-08,0.7,0,ML probability below threshold,1 strong conflict(s),LOW
A00271,B00610,5.461222070793394e-07,0.7,0,ML probability below threshold,2 strong conflict(s),LOW
A00461,B00701,0.037975070799739385,0.7,0,Geographic similarity without identity evidence,same city; same state; geographic-only evidence; 1 strong conflict(s),LOW
A00932,B00032,0.9584294573194858,0.7,0,Geographic similarity without identity evidence,same city; same state; geographic-only evidence; 2 strong conflict(s),HIGH
A00501,B00941,0.03484835590535938,0.7,0,Geographic similarity without identity evidence,same city; same state; geographic-only evidence; 3 strong conflict(s),LOW
A00420,B00705,9.871289277586699e-07,0.7,0,ML probability below threshold,1 strong conflict(s),LOW
A00803,B00920,9.981005160821437e-10,0.7,0,ML probability below threshold,2 strong conflict(s),LOW
A00996,B00676,0.00818210307029581,0.7,0,Geographic similarity without identity evidence,same city; same state; geographic-only evidence; 2 strong conflict(s),LOW
A00860,B00846,6.284816281937777e-09,0.7,0,ML probability below threshold,2 strong conflict(s),LOW
A00065,B00091,2.4064361417484904e-07,0.7,0,ML probability below threshold,2 strong conflict(s),LOW
A00503,B00124,0.0001980948822671028,0.7,0,ML probability below threshold,2 strong conflict(s),LOW
A00211,B00890,2.3822456674209138e-09,0.7,0,ML probability below threshold,2 strong conflict(s),LOW
A00145,B00336,1.5214719139207655e-08,0.7,0,ML probability below threshold,2 strong conflict(s),LOW
A00542,B00650,6.118986000896401e-10,0.7,0,ML probability below threshold,2 strong conflict(s),LOW
A00112,B00593,0.0006696204463699683,0.7,0,ML probability below threshold,2 strong conflict(s),LOW
A00859,B00759,0.9768714764270128,0.7,0,Geographic similarity without identity evidence,same city; same state; geographic-only evidence; 1 strong conflict(s),HIGH
A00793,B00519,2.3813191388694967e-08,0.7,0,Multiple conflicting identity signals,3 strong conflict(s),LOW
A00066,B00183,0.0019976127053980284,0.7,0,ML probability below threshold,same state; 2 strong conflict(s),LOW
A00527,B00857,1.0162929673986352e-05,0.7,0,ML probability below threshold,2 strong conflict(s),LOW
A00886,B00121,4.45469206301914e-09,0.7,0,ML probability below threshold,2 strong conflict(s),LOW
A00530,B00424,4.342164076779037e-09,0.7,0,ML probability below threshold,2 strong conflict(s),LOW
A00944,B00419,5.283836550451079e-08,0.7,0,ML probability below threshold,1 strong conflict(s),LOW
A00481,B00870,1.2650593814876543e-06,0.7,0,ML probability below threshold,1 strong conflict(s),LOW
A00071,B00000,5.365810426527233e-05,0.7,0,ML probability below threshold,limited evidence,LOW
A00181,B00601,0.5777265329216166,0.7,0,Geographic similarity without identity evidence,same city; same state; geographic-only evidence,LOW
A00306,B00865,4.6970520135640134e-07,0.7,0,ML probability below threshold,2 strong conflict(s),LOW
A00552,B00734,6.953372687621815e-07,0.7,0,ML probability below threshold,2 strong conflict(s),LOW
A00705,B00685,0.014082254765038963,0.7,0,Geographic similarity without identity evidence,same city; same state; geographic-only evidence; 2 strong conflict(s),LOW
A00396,B00936,0.5857700515252053,0.7,0,Geographic similarity without identity evidence,same city; same state; geographic-only evidence; 2 strong conflict(s),LOW
A00918,B00122,2.4291174976821724e-06,0.7,0,Multiple conflicting identity signals,3 strong conflict(s),LOW
A00230,B00742,2.9067534861564085e-08,0.7,0,ML probability below threshold,2 strong conflict(s),LOW
A00150,B00486,7.63463987318135e-06,0.7,0,ML probability below threshold,same state; 2 strong conflict(s),LOW
A00639,B00349,3.2946730933378256e-05,0.7,0,ML probability below threshold,limited evidence,LOW
A00570,B00830,0.362045357870215,0.7,0,Geographic similarity without identity evidence,same city; same state; geographic-only evidence; 2 strong conflict(s),LOW
A00118,B00313,3.3015719911224244e-07,0.7,0,ML probability below threshold,2 strong conflict(s),LOW
A00918,B00931,5.711595723301745e-09,0.7,0,ML probability below threshold,2 strong conflict(s),LOW
A00450,B00218,3.354286918667788e-07,0.7,0,ML probability below threshold,1 strong conflict(s),LOW
A00726,B00698,7.144781863616725e-06,0.7,0,ML probability below threshold,2 strong conflict(s),LOW
A00368,B00060,9.3566665121687e-11,0.7,0,ML probability below threshold,1 strong conflict(s),LOW
A00356,B00676,0.26410577063186685,0.7,0,Geographic similarity without identity evidence,same city; same state; geographic-only evidence; 2 strong conflict(s),LOW
A00930,B00695,3.500518748427467e-07,0.7,0,ML probability below threshold,1 strong conflict(s),LOW
A00313,B00267,7.252859850585215e-07,0.7,0,ML probability below threshold,2 strong conflict(s),LOW
A00393,B00133,0.009249135220480062,0.7,0,Geographic similarity without identity evidence,same city; same state; geographic-only evidence; 2 strong conflict(s),LOW
A00562,B00046,2.1645782457966584e-06,0.7,0,ML probability below threshold,2 strong conflict(s),LOW
A00947,B00207,0.6132856905677824,0.7,0,Geographic similarity without identity evidence,same city; same state; geographic-only evidence; 1 strong conflict(s),LOW
A00744,B00699,0.00011883835976748737,0.7,0,ML probability below threshold,1 strong conflict(s),LOW
A00681,B00994,2.5166994793301185e-08,0.7,0,Multiple conflicting identity signals,3 strong conflict(s),LOW
A00073,B00121,1.6206130750012963e-06,0.7,0,ML probability below threshold,2 strong conflict(s),LOW
A00011,B00930,1.3093589353375406e-06,0.7,0,ML probability below threshold,2 strong conflict(s),LOW
A00958,B00566,1.3615410934042934e-08,0.7,0,ML probability below threshold,1 strong conflict(s),LOW
A00566,B00472,6.410365547024402e-08,0.7,0,ML probability below threshold,2 strong conflict(s),LOW
A00103,B00315,1.7034694373208824e-07,0.7,0,ML probability below threshold,1 strong conflict(s),LOW
A00911,B00635,1.0820078430329707e-06,0.7,0,ML probability below threshold,1 strong conflict(s),LOW
A00769,B00416,1.6778406366092925e-07,0.7,0,ML probability below threshold,2 strong conflict(s),LOW
A00516,B00323,4.7902426258631855e-09,0.7,0,ML probability below threshold,2 strong conflict(s),LOW
A00825,B00327,1.618859658683848e-08,0.7,0,ML probability below threshold,1 strong conflict(s),LOW
A00002,B00556,1.3519692110902646e-06,0.7,0,ML probability below threshold,1 strong conflict(s),LOW
A00631,B00591,0.9318607812589336,0.7,0,Geographic similarity without identity evidence,same city; same state; geographic-only evidence; 2 strong conflict(s),HIGH
A00074,B00374,0.9419673168970967,0.7,0,Geographic similarity without identity evidence,same city; same state; geographic-only evidence; 2 strong conflict(s),HIGH
A00641,B00907,0.0004924279895389457,0.7,0,ML probability below threshold,same state; 2 strong conflict(s),LOW
A00271,B00871,0.8244282919646143,0.7,1,ML probability above threshold,same city; 2 strong conflict(s),MEDIUM
A00471,B00987,1.6011024435167204e-05,0.7,0,ML probability below threshold,2 strong conflict(s),LOW
A00024,B00447,6.079301567423082e-06,0.7,0,Insufficient identity evidence,1 strong conflict(s),LOW
A00007,B00315,4.0744576178643514e-07,0.7,0,ML probability below threshold,1 strong conflict(s),LOW
A00347,B00950,9.256548125123512e-07,0.7,0,ML probability below threshold,2 strong conflict(s),LOW
A00176,B00816,0.022345992173549125,0.7,0,Geographic similarity without identity evidence,same city; same state; geographic-only evidence; 2 strong conflict(s),LOW
A00143,B00213,3.159848687719059e-05,0.7,0,ML probability below threshold,1 strong conflict(s),LOW
A00524,B00209,6.165768666352779e-08,0.7,0,ML probability below threshold,limited evidence,LOW
A00255,B00516,4.124918027503532e-08,0.7,0,ML probability below threshold,2 strong conflict(s),LOW
A00592,B00152,0.08197645068573854,0.7,0,Geographic similarity without identity evidence,same city; same state; geographic-only evidence; 2 strong conflict(s),LOW
A00895,B00991,1.1210806291070117e-06,0.7,0,ML probability below threshold,2 strong conflict(s),LOW
A00510,B00650,0.07162251797245803,0.7,0,Geographic similarity without identity evidence,same city; same state; geographic-only evidence; 2 strong conflict(s),LOW
A00902,B00906,8.017785817710696e-08,0.7,0,ML probability below threshold,1 strong conflict(s),LOW
A00365,B00965,0.3336918394859771,0.7,0,Geographic similarity without identity evidence,same city; same state; geographic-only evidence; 2 strong conflict(s),LOW
A00957,B00217,0.29843918925911084,0.7,0,Geographic similarity without identity evidence,same city; same state; geographic-only evidence; 1 strong conflict(s),LOW
A00646,B00527,1.7420910276102375e-08,0.7,0,Multiple conflicting identity signals,3 strong conflict(s),LOW
A00577,B00395,1.7354263504964048e-05,0.7,0,ML probability below threshold,2 strong conflict(s),LOW
A00539,B00068,2.4908047336230775e-06,0.7,0,ML probability below threshold,2 strong conflict(s),LOW
A00288,B00316,3.5456855047414483e-09,0.7,0,ML probability below threshold,2 strong conflict(s),LOW
A00616,B00816,0.4087012494605237,0.7,0,Geographic similarity without identity evidence,same city; same state; geographic-only evidence; 2 strong conflict(s),LOW
A00544,B00784,0.072770138897645,0.7,0,Geographic similarity without identity evidence,same city; same state; geographic-only evidence; 1 strong conflict(s),LOW
A00804,B00564,0.12157701889081388,0.7,0,Geographic similarity without identity evidence,same city; same state; geographic-only evidence; 3 strong conflict(s),LOW
A00085,B00258,6.895725936938157e-09,0.7,0,ML probability below threshold,2 strong conflict(s),LOW
A00239,B00041,2.9536421024101496e-07,0.7,0,ML probability below threshold,2 strong conflict(s),LOW
A00188,B00827,1.2639021474997726e-10,0.7,0,ML probability below threshold,2 strong conflict(s),LOW
A00229,B00269,0.023187307458294813,0.7,0,Geographic similarity without identity evidence,same city; same state; geographic-only evidence; 1 strong conflict(s),LOW
A00995,B00214,9.922313897807742e-09,0.7,0,ML probability below threshold,2 strong conflict(s),LOW
A00062,B00802,0.8195401805059882,0.7,0,Geographic similarity without identity evidence,same city; same state; geographic-only evidence; 1 strong conflict(s),MEDIUM
A00303,B00609,1.0633976821186716e-06,0.7,0,ML probability below threshold,1 strong conflict(s),LOW
A00743,B00912,3.937916434805313e-06,0.7,0,ML probability below threshold,2 strong conflict(s),LOW
A00722,B00002,0.011615014879023269,0.7,0,Geographic similarity without identity evidence,same city; same state; geographic-only evidence; 1 strong conflict(s),LOW
A00502,B00716,1.5714750307058545e-07,0.7,0,Multiple conflicting identity signals,3 strong conflict(s),LOW
A00760,B00038,3.071091042694146e-09,0.7,0,ML probability below threshold,2 strong conflict(s),LOW
A00210,B00310,0.15312016838329873,0.7,0,Geographic similarity without identity evidence,same city; same state; geographic-only evidence; 2 strong conflict(s),LOW
A00015,B00976,6.058542329750769e-08,0.7,0,ML probability below threshold,1 strong conflict(s),LOW
A00956,B00016,0.7324420364728482,0.7,0,Geographic similarity without identity evidence,same city; same state; geographic-only evidence; 2 strong conflict(s),MEDIUM
A00613,B00273,0.13056673714109976,0.7,0,Geographic similarity without identity evidence,same city; same state; geographic-only evidence; 2 strong conflict(s),LOW
A00975,B00414,8.582342461952629e-09,0.7,0,ML probability below threshold,2 strong conflict(s),LOW
A00905,B00842,0.15107776293904046,0.7,0,Insufficient identity evidence,1 strong conflict(s),LOW
A00792,B00112,0.04549765386444957,0.7,0,Geographic similarity without identity evidence,same city; same state; geographic-only evidence,LOW
A00161,B00403,9.196113861433592e-09,0.7,0,Multiple conflicting identity signals,3 strong conflict(s),LOW
A00733,B00636,2.301642597282562e-09,0.7,0,ML probability below threshold,2 strong conflict(s),LOW
A00698,B00939,5.578181670952172e-07,0.7,0,ML probability below threshold,2 strong conflict(s),LOW
A00612,B00243,3.319692842063059e-06,0.7,0,Multiple conflicting identity signals,3 strong conflict(s),LOW
A00460,B00363,1.2688183346576224e-09,0.7,0,ML probability below threshold,1 strong conflict(s),LOW
A00515,B00915,0.9332577965302332,0.7,0,Geographic similarity without identity evidence,same city; same state; geographic-only evidence; 2 strong conflict(s),HIGH
A00310,B00318,6.435761281099185e-06,0.7,0,ML probability below threshold,2 strong conflict(s),LOW
A00493,B00434,2.0932138575733002e-08,0.7,0,ML probability below threshold,2 strong conflict(s),LOW
A00043,B00439,1.822853118077704e-08,0.7,0,Multiple conflicting identity signals,3 strong conflict(s),LOW
A00573,B00453,0.18632512281806562,0.7,0,Geographic similarity without identity evidence,same city; same state; geographic-only evidence; 2 strong conflict(s),LOW
A00315,B00135,0.02021394427206353,0.7,0,Geographic similarity without identity evidence,same city; same state; geographic-only evidence; 1 strong conflict(s),LOW
A00657,B00617,0.3924199980701227,0.7,0,Geographic similarity without identity evidence,same city; same state; geographic-only evidence; 2 strong conflict(s),LOW
A00198,B00778,0.27258650611614627,0.7,0,Geographic similarity without identity evidence,same city; same state; geographic-only evidence; 1 strong conflict(s),LOW
A00267,B00059,5.374526457900642e-08,0.7,0,ML probability below threshold,2 strong conflict(s),LOW
A00696,B00496,0.8331563458522763,0.7,0,Geographic similarity without identity evidence,same city; same state; geographic-only evidence; 2 strong conflict(s),MEDIUM
A00788,B00990,5.169384153640064e-06,0.7,0,ML probability below threshold,same state; 2 strong conflict(s),LOW
A00142,B00302,0.7646475036752162,0.7,0,Geographic similarity without identity evidence,same city; same state; geographic-only evidence; 1 strong conflict(s),MEDIUM
A00277,B00540,6.762930411064725e-08,0.7,0,ML probability below threshold,2 strong conflict(s),LOW
A00947,B00199,6.148784807794316e-08,0.7,0,ML probability below threshold,1 strong conflict(s),LOW
A00330,B00265,3.846957436387518e-09,0.7,0,ML probability below threshold,1 strong conflict(s),LOW
A00699,B00028,1.4351568435262304e-08,0.7,0,ML probability below threshold,1 strong conflict(s),LOW
A00013,B00750,3.493476093783395e-09,0.7,0,ML probability below threshold,2 strong conflict(s),LOW
A00488,B00365,1.0052175691656384e-08,0.7,0,ML probability below threshold,2 strong conflict(s),LOW
A00390,B00436,1.681422593811748e-06,0.7,0,ML probability below threshold,2 strong conflict(s),LOW
A00926,B00372,4.259393707560069e-06,0.7,0,ML probability below threshold,2 strong conflict(s),LOW
A00275,B00296,1.513732594879284e-07,0.7,0,ML probability below threshold,2 strong conflict(s),LOW
A00263,B00103,0.5696523949095477,0.7,0,Geographic similarity without identity evidence,same city; same state; geographic-only evidence; 2 strong conflict(s),LOW
A00177,B00457,0.02543337338914339,0.7,0,Geographic similarity without identity evidence,same city; same state; geographic-only evidence; 2 strong conflict(s),LOW
A00894,B00431,3.586200909537368e-05,0.7,0,ML probability below threshold,2 strong conflict(s),LOW
A00032,B00182,1.3101529841384567e-06,0.7,0,ML probability below threshold,1 strong conflict(s),LOW
A00684,B00164,0.6864860318252901,0.7,0,Geographic similarity without identity evidence,same city; same state; geographic-only evidence; 2 strong conflict(s),LOW
A00625,B00709,1.2184719278177828e-06,0.7,0,ML probability below threshold,1 strong conflict(s),LOW
A00604,B00473,7.196173766179398e-08,0.7,0,ML probability below threshold,2 strong conflict(s),LOW
A00252,B00524,1.7195015054857832e-08,0.7,0,ML probability below threshold,2 strong conflict(s),LOW
A00950,B00443,4.3795345980069614e-06,0.7,0,ML probability below threshold,same state; 2 strong conflict(s),LOW
A00461,B00104,1.677573972933723e-07,0.7,0,ML probability below threshold,2 strong conflict(s),LOW
A00110,B00030,0.20428810822568075,0.7,0,Geographic similarity without identity evidence,same city; same state; geographic-only evidence; 1 strong conflict(s),LOW
A00588,B00465,4.145974533665068e-08,0.7,0,ML probability below threshold,2 strong conflict(s),LOW
A00333,B00930,8.749655061676907e-09,0.7,0,ML probability below threshold,2 strong conflict(s),LOW
A00764,B00326,1.091951892879868e-06,0.7,0,ML probability below threshold,1 strong conflict(s),LOW
A00313,B00221,3.740418756354757e-07,0.7,0,ML probability below threshold,1 strong conflict(s),LOW
A00981,B00087,9.577821194074014e-06,0.7,0,ML probability below threshold,same state; 2 strong conflict(s),LOW
A00388,B00505,1.0401843341984686e-07,0.7,0,ML probability below threshold,2 strong conflict(s),LOW
A00354,B00214,0.0060632291665469774,0.7,0,Geographic similarity without identity evidence,same city; same state; geographic-only evidence; 2 strong conflict(s),LOW
A00921,B00004,0.0002683928355299941,0.7,0,Multiple conflicting identity signals,3 strong conflict(s),LOW
A00392,B00652,0.1641719279588117,0.7,0,Geographic similarity without identity evidence,same city; same state; geographic-only evidence; 2 strong conflict(s),LOW
A00509,B00324,4.232425906513607e-08,0.7,0,ML probability below threshold,2 strong conflict(s),LOW
A00171,B00222,0.0001285366925128179,0.7,0,ML probability below threshold,2 strong conflict(s),LOW
A00456,B00395,1.1488059005654168e-07,0.7,0,ML probability below threshold,1 strong conflict(s),LOW
A00258,B00878,0.49451359383240767,0.7,0,Geographic similarity without identity evidence,same city; same state; geographic-only evidence; 2 strong conflict(s),LOW
A00115,B00242,2.325142883681434e-09,0.7,0,ML probability below threshold,2 strong conflict(s),LOW
A00438,B00418,0.019065354008103684,0.7,0,Geographic similarity without identity evidence,same city; same state; geographic-only evidence; 2 strong conflict(s),LOW
A00951,B00837,1.7754511693516002e-09,0.7,0,ML probability below threshold,1 strong conflict(s),LOW
A00845,B00448,4.1949685851233995e-05,0.7,0,Multiple conflicting identity signals,3 strong conflict(s),LOW
A00309,B00789,0.20540117424136878,0.7,0,Geographic similarity without identity evidence,same city; same state; geographic-only evidence; 2 strong conflict(s),LOW
A00977,B00457,0.04896773409353831,0.7,0,Geographic similarity without identity evidence,same city; same state; geographic-only evidence; 3 strong conflict(s),LOW
A00222,B00342,0.06454038489139753,0.7,0,Geographic similarity without identity evidence,same city; same state; geographic-only evidence; 2 strong conflict(s),LOW
A00336,B00499,1.406777730071142e-08,0.7,0,ML probability below threshold,2 strong conflict(s),LOW
A00524,B00637,1.421241453782114e-08,0.7,0,ML probability below threshold,1 strong conflict(s),LOW
A00686,B00303,1.7023054956079183e-05,0.7,0,ML probability below threshold,same state; 1 strong conflict(s),LOW
A00691,B00924,8.182780666165041e-08,0.7,0,ML probability below threshold,1 strong conflict(s),LOW
A00711,B00087,6.0481724411109895e-06,0.7,0,ML probability below threshold,2 strong conflict(s),LOW
A00971,B00576,0.00038517245568160945,0.7,0,ML probability below threshold,same state; 1 strong conflict(s),LOW
A00888,B00598,1.3024244146429229e-08,0.7,0,ML probability below threshold,2 strong conflict(s),LOW
A00020,B00387,0.0003932927331983073,0.7,0,ML probability below threshold,2 strong conflict(s),LOW
A00576,B00956,0.11259826307883122,0.7,0,Geographic similarity without identity evidence,same city; same state; geographic-only evidence; 2 strong conflict(s),LOW
A00955,B00719,8.090501775365069e-08,0.7,0,ML probability below threshold,2 strong conflict(s),LOW
A00133,B00497,6.5134338654742575e-09,0.7,0,ML probability below threshold,2 strong conflict(s),LOW
A00390,B00794,1.3080132527900473e-06,0.7,0,ML probability below threshold,2 strong conflict(s),LOW
A00108,B00612,3.977895792292552e-08,0.7,0,ML probability below threshold,1 strong conflict(s),LOW
A00943,B00886,9.488558681859811e-06,0.7,0,Multiple conflicting identity signals,same state; 3 strong conflict(s),LOW
A00370,B00760,1.4042531349024272e-08,0.7,0,ML probability below threshold,2 strong conflict(s),LOW
A00917,B00103,5.806276525559352e-08,0.7,0,Multiple conflicting identity signals,3 strong conflict(s),LOW
A00439,B00602,2.9506069994300552e-05,0.7,0,ML probability below threshold,2 strong conflict(s),LOW
A00470,B00938,2.1231362651207682e-05,0.7,0,ML probability below threshold,1 strong conflict(s),LOW
A00607,B00245,3.595092425026577e-06,0.7,0,ML probability below threshold,2 strong conflict(s),LOW
A00900,B00540,0.19177276423612247,0.7,0,Geographic similarity without identity evidence,same city; same state; geographic-only evidence; 1 strong conflict(s),LOW
A00608,B00968,0.018697667618943797,0.7,0,Geographic similarity without identity evidence,same city; same state; geographic-only evidence; 2 strong conflict(s),LOW
A00540,B00660,0.6908880498953779,0.7,0,Geographic similarity without identity evidence,same city; same state; geographic-only evidence; 2 strong conflict(s),LOW
A00717,B00943,1.4756733881782028e-08,0.7,0,ML probability below threshold,2 strong conflict(s),LOW
A00366,B00793,0.014483890193430481,0.7,0,ML probability below threshold,2 strong conflict(s),LOW
A00070,B00290,0.7093523985769394,0.7,0,Geographic similarity without identity evidence,same city; same state; geographic-only evidence; 2 strong conflict(s),MEDIUM
A00536,B00258,1.3585254177669451e-08,0.7,0,Multiple conflicting identity signals,3 strong conflict(s),LOW
A00403,B00421,2.3418149471649948e-08,0.7,0,Insufficient identity evidence,1 strong conflict(s),LOW
A00705,B00245,0.0650602256220596,0.7,0,Geographic similarity without identity evidence,same city; same state; geographic-only evidence; 2 strong conflict(s),LOW
A00594,B00646,1.0504119264169775e-07,0.7,0,ML probability below threshold,2 strong conflict(s),LOW
A00764,B00906,9.783079335788745e-08,0.7,0,ML probability below threshold,1 strong conflict(s),LOW
A00529,B00109,0.9687058926964172,0.7,0,Geographic similarity without identity evidence,same city; same state; geographic-only evidence; 2 strong conflict(s),HIGH
A00412,B00712,0.7188094608949349,0.7,0,Geographic similarity without identity evidence,same city; same state; geographic-only evidence; 2 strong conflict(s),MEDIUM
A00197,B00294,8.819063354440548e-09,0.7,0,ML probability below threshold,1 strong conflict(s),LOW
A00625,B00065,0.017690113999098943,0.7,0,Geographic similarity without identity evidence,same city; same state; geographic-only evidence; 2 strong conflict(s),LOW
A00374,B00967,8.963150747891066e-10,0.7,0,ML probability below threshold,2 strong conflict(s),LOW
A00071,B00917,0.0011440484405105026,0.7,0,ML probability below threshold,2 strong conflict(s),LOW
A00864,B00844,0.7948851398307635,0.7,0,Geographic similarity without identity evidence,same city; same state; geographic-only evidence; 2 strong conflict(s),MEDIUM
A00800,B00052,1.984507065080319e-09,0.7,0,ML probability below threshold,1 strong conflict(s),LOW
A00520,B00820,0.36772584319266277,0.7,0,Geographic similarity without identity evidence,same city; same state; geographic-only evidence; 1 strong conflict(s),LOW
A00648,B00385,6.301858240824937e-05,0.7,0,ML probability below threshold,2 strong conflict(s),LOW
A00387,B00989,6.06115129149266e-05,0.7,0,ML probability below threshold,same state; 2 strong conflict(s),LOW
A00360,B00024,3.482342464533403e-09,0.7,0,ML probability below threshold,1 strong conflict(s),LOW
A00414,B00571,5.498282541458682e-06,0.7,0,ML probability below threshold,2 strong conflict(s),LOW
A00479,B00126,1.4567055758568598e-07,0.7,0,ML probability below threshold,2 strong conflict(s),LOW
A00486,B00900,1.0118385430077069e-09,0.7,0,Multiple conflicting identity signals,3 strong conflict(s),LOW
A00548,B00976,1.8296507724234279e-10,0.7,0,ML probability below threshold,2 strong conflict(s),LOW
A00797,B00647,5.308832357560469e-07,0.7,0,ML probability below threshold,limited evidence,LOW
A00139,B00939,0.1201833209780962,0.7,0,Geographic similarity without identity evidence,same city; same state; geographic-only evidence; 2 strong conflict(s),LOW
A00860,B00979,0.00014141268471959544,0.7,0,ML probability below threshold,2 strong conflict(s),LOW
A00329,B00349,0.5592044583783046,0.7,0,Geographic similarity without identity evidence,same city; same state; geographic-only evidence,LOW
A00140,B00444,2.8099930464519828e-09,0.7,0,ML probability below threshold,2 strong conflict(s),LOW
A00939,B00073,1.9890288082738152e-08,0.7,0,ML probability below threshold,2 strong conflict(s),LOW
A00176,B00428,1.4293205654933768e-08,0.7,0,Multiple conflicting identity signals,3 strong conflict(s),LOW
A00478,B00449,7.38527722578367e-11,0.7,0,ML probability below threshold,limited evidence,LOW
A00152,B00101,4.802490943373953e-05,0.7,0,ML probability below threshold,2 strong conflict(s),LOW
A00315,B00875,0.0022678982784803143,0.7,0,Geographic similarity without identity evidence,same city; same state; geographic-only evidence; 2 strong conflict(s),LOW
A00243,B00443,0.3467144795629539,0.7,0,Geographic similarity without identity evidence,same city; same state; geographic-only evidence; 2 strong conflict(s),LOW
A00029,B00409,0.8036600928988771,0.7,0,Geographic similarity without identity evidence,same city; same state; geographic-only evidence; 2 strong conflict(s),MEDIUM
A00895,B00146,0.00032404843915668667,0.7,0,ML probability below threshold,2 strong conflict(s),LOW
A00706,B00996,2.3308708292077875e-08,0.7,0,ML probability below threshold,2 strong conflict(s),LOW
A00826,B00732,6.218044135093242e-07,0.7,0,ML probability below threshold,1 strong conflict(s),LOW
A00648,B00769,2.8439119312958202e-08,0.7,0,ML probability below threshold,2 strong conflict(s),LOW
A00660,B00120,0.9497802600974835,0.7,0,Geographic similarity without identity evidence,same city; same state; geographic-only evidence; 1 strong conflict(s),HIGH
A00564,B00882,3.4695629310298648e-06,0.7,0,ML probability below threshold,2 strong conflict(s),LOW
A00970,B00490,0.3045398659254667,0.7,0,Geographic similarity without identity evidence,same city; same state; geographic-only evidence; 1 strong conflict(s),LOW
A00237,B00639,3.034123234603768e-08,0.7,0,ML probability below threshold,1 strong conflict(s),LOW
A00067,B00283,7.937735649524221e-08,0.7,0,ML probability below threshold,1 strong conflict(s),LOW
A00925,B00894,2.0604370066946504e-10,0.7,0,ML probability below threshold,1 strong conflict(s),LOW
A00981,B00908,9.614771959877994e-09,0.7,0,Multiple conflicting identity signals,3 strong conflict(s),LOW
A00860,B00105,4.578483172221816e-06,0.7,0,ML probability below threshold,1 strong conflict(s),LOW
A00490,B00043,5.404481359604167e-05,0.7,0,ML probability below threshold,same state; 2 strong conflict(s),LOW
A00904,B00416,3.2954544725224894e-06,0.7,0,ML probability below threshold,2 strong conflict(s),LOW
A00735,B00189,1.0316355508560914e-07,0.7,0,ML probability below threshold,2 strong conflict(s),LOW
A00121,B00761,0.01845196639703453,0.7,0,Geographic similarity without identity evidence,same city; same state; geographic-only evidence; 2 strong conflict(s),LOW
A00069,B00797,0.00028654857364637576,0.7,0,ML probability below threshold,2 strong conflict(s),LOW
A00189,B00613,1.1081711507398454e-08,0.7,0,ML probability below threshold,2 strong conflict(s),LOW
A00303,B00154,3.745504428731637e-08,0.7,0,ML probability below threshold,2 strong conflict(s),LOW
A00180,B00928,6.939905919157874e-09,0.7,0,ML probability below threshold,1 strong conflict(s),LOW
A00341,B00248,3.2896740699876233e-09,0.7,0,ML probability below threshold,2 strong conflict(s),LOW
A00559,B00546,5.248615288222126e-09,0.7,0,ML probability below threshold,1 strong conflict(s),LOW
A00472,B00452,0.015213061346847181,0.7,0,Geographic similarity without identity evidence,same city; same state; geographic-only evidence; 2 strong conflict(s),LOW
A00744,B00002,2.286673198316741e-08,0.7,0,ML probability below threshold,1 strong conflict(s),LOW
A00203,B00113,2.525835432346134e-09,0.7,0,ML probability below threshold,limited evidence,LOW
A00849,B00109,0.9714167826834561,0.7,0,Geographic similarity without identity evidence,same city; same state; geographic-only evidence; 2 strong conflict(s),HIGH
A00145,B00280,2.222230783300601e-08,0.7,0,ML probability below threshold,2 strong conflict(s),LOW
A00082,B00711,3.6156463147945867e-08,0.7,0,ML probability below threshold,2 strong conflict(s),LOW
A00353,B00411,1.7613337242353817e-06,0.7,0,ML probability below threshold,2 strong conflict(s),LOW
A00056,B00377,1.3342074620650665e-07,0.7,0,ML probability below threshold,1 strong conflict(s),LOW
A00991,B00475,3.760496549450632e-06,0.7,0,Multiple conflicting identity signals,3 strong conflict(s),LOW
A00748,B00291,2.6509821611831144e-08,0.7,0,ML probability below threshold,2 strong conflict(s),LOW
A00442,B00562,0.06809548023081255,0.7,0,Geographic similarity without identity evidence,same city; same state; geographic-only evidence; 1 strong conflict(s),LOW
A00901,B00738,0.0016665979916730945,0.7,0,ML probability below threshold,1 strong conflict(s),LOW
A00739,B00082,7.377072328749764e-05,0.7,0,ML probability below threshold,1 strong conflict(s),LOW
A00183,B00083,0.13833979893590642,0.7,0,Geographic similarity without identity evidence,same city; same state; geographic-only evidence; 2 strong conflict(s),LOW
A00145,B00884,3.1996637567611644e-05,0.7,0,ML probability below threshold,2 strong conflict(s),LOW
A00410,B00631,3.477547899616314e-05,0.7,0,ML probability below threshold,2 strong conflict(s),LOW
A00282,B00542,0.35952185962644256,0.7,0,Geographic similarity without identity evidence,same city; same state; geographic-only evidence; 2 strong conflict(s),LOW
A00367,B00833,2.3680221439768556e-06,0.7,0,ML probability below threshold,1 strong conflict(s),LOW
A00207,B00646,9.98585817124285e-09,0.7,0,Multiple conflicting identity signals,3 strong conflict(s),LOW
A00499,B00679,0.01934119776346261,0.7,0,Geographic similarity without identity evidence,same city; same state; geographic-only evidence; 1 strong conflict(s),LOW
A00545,B00674,2.8875441362868786e-10,0.7,0,ML probability below threshold,2 strong conflict(s),LOW
A00691,B00186,2.359877740555407e-08,0.7,0,ML probability below threshold,2 strong conflict(s),LOW
A00489,B00335,1.1086464128481455e-05,0.7,0,ML probability below threshold,2 strong conflict(s),LOW
A00373,B00784,6.004390706228384e-08,0.7,0,ML probability below threshold,2 strong conflict(s),LOW
A00765,B00555,0.07147300975974791,0.7,0,ML probability below threshold,limited evidence,LOW
A00888,B00068,0.4872571095625666,0.7,0,Geographic similarity without identity evidence,same city; same state; geographic-only evidence; 2 strong conflict(s),LOW
A00887,B00647,0.7729686582147289,0.7,0,Geographic similarity without identity evidence,same city; same state; geographic-only evidence,MEDIUM
A00345,B00202,1.4148090042532148e-07,0.7,0,Insufficient identity evidence,1 strong conflict(s),LOW
A00381,B00967,5.6314428992003045e-06,0.7,0,Multiple conflicting identity signals,same state; 3 strong conflict(s),LOW
A00195,B00023,5.532022473496067e-07,0.7,0,ML probability below threshold,1 strong conflict(s),LOW
A00348,B00338,7.061325623032532e-08,0.7,0,ML probability below threshold,1 strong conflict(s),LOW
A00575,B00075,0.5240760094398621,0.7,0,Geographic similarity without identity evidence,same city; same state; geographic-only evidence; 2 strong conflict(s),LOW
A00044,B00964,0.5055246667067754,0.7,0,Geographic similarity without identity evidence,same city; same state; geographic-only evidence; 1 strong conflict(s),LOW
A00064,B00266,1.6758176582424438e-05,0.7,0,ML probability below threshold,2 strong conflict(s),LOW
A00991,B00207,1.3249604832339173e-08,0.7,0,ML probability below threshold,2 strong conflict(s),LOW
A00899,B00611,9.312281293733343e-08,0.7,0,Multiple conflicting identity signals,3 strong conflict(s),LOW
A00410,B00370,0.4497148322588829,0.7,0,Geographic similarity without identity evidence,same city; same state; geographic-only evidence; 2 strong conflict(s),LOW
A00468,B00974,9.096610958005752e-06,0.7,0,ML probability below threshold,2 strong conflict(s),LOW
A00242,B00822,0.07900334619504563,0.7,0,Geographic similarity without identity evidence,same city; same state; geographic-only evidence; 3 strong conflict(s),LOW
A00143,B00943,0.5518019303957498,0.7,0,Geographic similarity without identity evidence,same city; same state; geographic-only evidence; 2 strong conflict(s),LOW
A00566,B00833,1.878149379090151e-07,0.7,0,ML probability below threshold,1 strong conflict(s),LOW
A00537,B00712,0.00028079600520380726,0.7,0,ML probability below threshold,1 strong conflict(s),LOW
A00200,B00840,0.4686077497650458,0.7,0,Geographic similarity without identity evidence,same city; same state; geographic-only evidence; 1 strong conflict(s),LOW
A00508,B00644,1.08213527747339e-09,0.7,0,ML probability below threshold,1 strong conflict(s),LOW
A00013,B00415,1.2446329691665742e-07,0.7,0,ML probability below threshold,2 strong conflict(s),LOW
A00033,B00072,1.0430224514185277e-05,0.7,0,ML probability below threshold,2 strong conflict(s),LOW
A00052,B00649,2.431211009336609e-06,0.7,0,ML probability below threshold,1 strong conflict(s),LOW
A00266,B00095,1.0615505359015748e-07,0.7,0,ML probability below threshold,limited evidence,LOW
A00962,B00702,0.0399289144453616,0.7,0,Geographic similarity without identity evidence,same city; same state; geographic-only evidence; 2 strong conflict(s),LOW
A00182,B00235,3.695028922670175e-08,0.7,0,ML probability below threshold,2 strong conflict(s),LOW
A00967,B00998,8.404654389122288e-08,0.7,0,ML probability below threshold,2 strong conflict(s),LOW
A00649,B00369,0.05696246181306577,0.7,0,Geographic similarity without identity evidence,same city; same state; geographic-only evidence; 2 strong conflict(s),LOW
A00099,B00219,0.00324723361647147,0.7,0,Geographic similarity without identity evidence,same city; same state; geographic-only evidence; 1 strong conflict(s),LOW
A00499,B00426,7.882605261336247e-05,0.7,0,ML probability below threshold,1 strong conflict(s),LOW
A00554,B00983,6.881150527991386e-05,0.7,0,ML probability below threshold,2 strong conflict(s),LOW
A00585,B00245,0.022680462351634696,0.7,0,Geographic similarity without identity evidence,same city; same state; geographic-only evidence; 2 strong conflict(s),LOW
A00096,B00436,0.803963720339228,0.7,0,Geographic similarity without identity evidence,same city; same state; geographic-only evidence; 2 strong conflict(s),MEDIUM
A00254,B00647,1.7939122264900226e-08,0.7,0,ML probability below threshold,limited evidence,LOW
A00907,B00081,2.6834126397369484e-05,0.7,0,ML probability below threshold,same state; 2 strong conflict(s),LOW
A00622,B00737,5.623821158932259e-10,0.7,0,Multiple conflicting identity signals,3 strong conflict(s),LOW
A00920,B00772,4.608536389253537e-09,0.7,0,ML probability below threshold,limited evidence,LOW
A00821,B00341,0.5946225476378668,0.7,0,ML probability below threshold,same state; 2 strong conflict(s),LOW
A00595,B00701,5.576420438725858e-07,0.7,0,ML probability below threshold,1 strong conflict(s),LOW
A00261,B00599,1.6625658375801718e-08,0.7,0,ML probability below threshold,2 strong conflict(s),LOW
A00521,B00927,0.001298971377969281,0.7,0,ML probability below threshold,same state; 2 strong conflict(s),LOW
A00797,B00048,1.7807448245565925e-08,0.7,0,Multiple conflicting identity signals,3 strong conflict(s),LOW
A00823,B00026,0.004648999746316356,0.7,0,Multiple conflicting identity signals,same state; 3 strong conflict(s),LOW
A00572,B00072,0.44477252611062035,0.7,0,Geographic similarity without identity evidence,same city; same state; geographic-only evidence; 2 strong conflict(s),LOW
A00134,B00378,1.4987778656442536e-07,0.7,0,ML probability below threshold,1 strong conflict(s),LOW
A00938,B00490,1.6799035263041066e-05,0.7,0,ML probability below threshold,1 strong conflict(s),LOW
A00387,B00847,0.08679846376150682,0.7,0,Geographic similarity without identity evidence,same city; same state; geographic-only evidence; 2 strong conflict(s),LOW
A00527,B00474,5.531840535234923e-06,0.7,0,ML probability below threshold,2 strong conflict(s),LOW
A00947,B00097,1.131837938557893e-05,0.7,0,ML probability below threshold,1 strong conflict(s),LOW
A00568,B00948,0.029141220484633374,0.7,0,Geographic similarity without identity evidence,same city; same state; geographic-only evidence; 2 strong conflict(s),LOW
A00759,B00496,1.4609736316679075e-07,0.7,0,ML probability below threshold,2 strong conflict(s),LOW
A00136,B00496,0.026835533467619053,0.7,0,Geographic similarity without identity evidence,same city; same state; geographic-only evidence; 2 strong conflict(s),LOW
A00809,B00879,1.5732706648356212e-06,0.7,0,ML probability below threshold,2 strong conflict(s),LOW
A00202,B00668,1.0139451771967391e-09,0.7,0,ML probability below threshold,1 strong conflict(s),LOW
A00678,B00911,9.43736792066091e-09,0.7,0,ML probability below threshold,2 strong conflict(s),LOW
A00972,B00438,1.4096745980180645e-06,0.7,0,Multiple conflicting identity signals,3 strong conflict(s),LOW
A00208,B00172,2.0540453536131343e-08,0.7,0,ML probability below threshold,2 strong conflict(s),LOW
A00412,B00465,6.377575492882508e-09,0.7,0,Insufficient identity evidence,2 strong conflict(s),LOW
A00991,B00713,2.3613420740216778e-08,0.7,0,Multiple conflicting identity signals,3 strong conflict(s),LOW
A00450,B00991,2.5001653798825552e-08,0.7,0,ML probability below threshold,1 strong conflict(s),LOW
A00576,B00136,0.07931745666370636,0.7,0,Geographic similarity without identity evidence,same city; same state; geographic-only evidence; 3 strong conflict(s),LOW
A00192,B00442,7.358252622694921e-08,0.7,0,ML probability below threshold,1 strong conflict(s),LOW
A00921,B00672,2.521397798098018e-07,0.7,0,ML probability below threshold,2 strong conflict(s),LOW
A00378,B00941,3.7889845592521025e-10,0.7,0,ML probability below threshold,2 strong conflict(s),LOW
A00246,B00395,7.476780224039971e-08,0.7,0,ML probability below threshold,1 strong conflict(s),LOW
A00663,B00446,9.935893861211583e-07,0.7,0,ML probability below threshold,same state; 2 strong conflict(s),LOW
A00349,B00530,1.4305834155457327e-09,0.7,0,ML probability below threshold,1 strong conflict(s),LOW
A00735,B00391,4.348045666105199e-07,0.7,0,ML probability below threshold,2 strong conflict(s),LOW
A00712,B00175,2.063443661580127e-07,0.7,0,ML probability below threshold,2 strong conflict(s),LOW
A00704,B00638,2.7709819091129927e-06,0.7,0,ML probability below threshold,2 strong conflict(s),LOW
A00301,B00820,1.7728681257044315e-07,0.7,0,ML probability below threshold,2 strong conflict(s),LOW
A00413,B00023,4.375569075274294e-08,0.7,0,ML probability below threshold,1 strong conflict(s),LOW
A00988,B00648,0.017127741955510305,0.7,0,Geographic similarity without identity evidence,same city; same state; geographic-only evidence; 2 strong conflict(s),LOW
A00989,B00170,2.628802424054233e-08,0.7,0,Multiple conflicting identity signals,3 strong conflict(s),LOW
A00423,B00241,4.463086602393666e-10,0.7,0,ML probability below threshold,1 strong conflict(s),LOW
A00107,B00201,7.342051487499305e-05,0.7,0,ML probability below threshold,same state; 2 strong conflict(s),LOW
A00571,B00525,1.758812203560223e-08,0.7,0,ML probability below threshold,2 strong conflict(s),LOW
A00461,B00516,6.069171366974796e-09,0.7,0,ML probability below threshold,2 strong conflict(s),LOW
A00601,B00801,0.6114510597130131,0.7,0,Geographic similarity without identity evidence,same city; same state; geographic-only evidence; 3 strong conflict(s),LOW
A00570,B00829,3.446258426207229e-08,0.7,0,ML probability below threshold,1 strong conflict(s),LOW
A00388,B00883,9.804149572498955e-06,0.7,0,ML probability below threshold,same state,LOW
A00926,B00247,3.3399851142519496e-09,0.7,0,ML probability below threshold,2 strong conflict(s),LOW
A00630,B00850,0.0016529395084445436,0.7,0,Geographic similarity without identity evidence,same city; same state; geographic-only evidence; 2 strong conflict(s),LOW
A00677,B00737,0.006944687510363393,0.7,0,Geographic similarity without identity evidence,same city; same state; geographic-only evidence; 2 strong conflict(s),LOW
A00269,B00222,4.466308863236151e-05,0.7,0,ML probability below threshold,2 strong conflict(s),LOW
A00687,B00477,4.052417234749804e-06,0.7,0,ML probability below threshold,limited evidence,LOW
A00640,B00878,3.6680114745847473e-06,0.7,0,ML probability below threshold,2 strong conflict(s),LOW
A00717,B00363,4.604732700529022e-08,0.7,0,ML probability below threshold,2 strong conflict(s),LOW
A00529,B00689,0.16168455279790933,0.7,0,Geographic similarity without identity evidence,same city; same state; geographic-only evidence; 1 strong conflict(s),LOW
A00509,B00859,3.687726951840839e-07,0.7,0,ML probability below threshold,2 strong conflict(s),LOW
A00802,B00642,0.8403731780911762,0.7,0,Geographic similarity without identity evidence,same city; same state; geographic-only evidence; 2 strong conflict(s),MEDIUM
A00390,B00747,8.712642092670455e-10,0.7,0,Multiple conflicting identity signals,3 strong conflict(s),LOW
A00685,B00745,0.7446030468362805,0.7,0,Geographic similarity without identity evidence,same city; same state; geographic-only evidence; 2 strong conflict(s),MEDIUM
A00683,B00563,0.07137813038456264,0.7,0,Geographic similarity without identity evidence,same city; same state; geographic-only evidence; 2 strong conflict(s),LOW
A00994,B00062,4.208368986392202e-10,0.7,0,ML probability below threshold,2 strong conflict(s),LOW
A00479,B00113,4.1857876548207217e-10,0.7,0,ML probability below threshold,1 strong conflict(s),LOW
A00867,B00727,0.29290865468615934,0.7,0,Geographic similarity without identity evidence,same city; same state; geographic-only evidence; 2 strong conflict(s),LOW
A00040,B00496,1.1471491691093768e-08,0.7,0,ML probability below threshold,2 strong conflict(s),LOW
A00632,B00570,3.3408639990019634e-06,0.7,0,ML probability below threshold,2 strong conflict(s),LOW
A00434,B00534,0.1404541426326884,0.7,0,Geographic similarity without identity evidence,same city; same state; geographic-only evidence; 2 strong conflict(s),LOW
A00955,B00237,8.315446206431558e-07,0.7,0,ML probability below threshold,2 strong conflict(s),LOW
A00212,B00972,0.039966641999968,0.7,0,Geographic similarity without identity evidence,same city; same state; geographic-only evidence; 2 strong conflict(s),LOW
A00421,B00961,0.00734585000663314,0.7,0,Geographic similarity without identity evidence,same city; same state; geographic-only evidence; 3 strong conflict(s),LOW
A00933,B00298,2.587186756128308e-06,0.7,0,Multiple conflicting identity signals,3 strong conflict(s),LOW
A00480,B00067,2.0569902456034332e-07,0.7,0,ML probability below threshold,1 strong conflict(s),LOW
A00746,B00026,0.7755834982754803,0.7,0,Geographic similarity without identity evidence,same city; same state; geographic-only evidence; 2 strong conflict(s),MEDIUM
A00895,B00710,0.000682012719449323,0.7,0,ML probability below threshold,2 strong conflict(s),LOW
A00199,B00591,1.0684171519478964e-06,0.7,0,ML probability below threshold,2 strong conflict(s),LOW
A00847,B00764,9.52468941271491e-07,0.7,0,ML probability below threshold,1 strong conflict(s),LOW
A00951,B00351,0.15431598755702133,0.7,0,Geographic similarity without identity evidence,same city; same state; geographic-only evidence; 1 strong conflict(s),LOW
A00196,B00508,8.750854423569751e-08,0.7,0,ML probability below threshold,2 strong conflict(s),LOW
A00246,B00986,0.507434985913489,0.7,0,Geographic similarity without identity evidence,same city; same state; geographic-only evidence; 2 strong conflict(s),LOW
A00352,B00432,0.023074615475021126,0.7,0,Geographic similarity without identity evidence,same city; same state; geographic-only evidence; 2 strong conflict(s),LOW
A00879,B00982,1.9560089396528922e-08,0.7,0,ML probability below threshold,2 strong conflict(s),LOW
A00214,B00546,1.0942522449136281e-08,0.7,0,ML probability below threshold,2 strong conflict(s),LOW
A00459,B00639,0.02557281450370493,0.7,0,Geographic similarity without identity evidence,same city; same state; geographic-only evidence; 1 strong conflict(s),LOW
A00171,B00224,5.51301951594508e-07,0.7,0,ML probability below threshold,limited evidence,LOW
A00303,B00603,0.7351009388966383,0.7,1,ML probability above threshold,same city; 2 strong conflict(s),MEDIUM
A00171,B00451,0.06471096629053621,0.7,0,Geographic similarity without identity evidence,same city; same state; geographic-only evidence; 2 strong conflict(s),LOW
A00679,B00991,3.823022002389045e-09,0.7,0,ML probability below threshold,2 strong conflict(s),LOW
A00546,B00001,1.3078832504876987e-09,0.7,0,ML probability below threshold,2 strong conflict(s),LOW
A00106,B00703,0.00016341439885474686,0.7,0,ML probability below threshold,same state; 1 strong conflict(s),LOW
A00942,B00850,1.5764173419453363e-08,0.7,0,Multiple conflicting identity signals,3 strong conflict(s),LOW
A00326,B00125,5.991354006631581e-08,0.7,0,ML probability below threshold,2 strong conflict(s),LOW
A00554,B00962,4.2997842925351404e-10,0.7,0,ML probability below threshold,2 strong conflict(s),LOW
A00499,B00049,2.1536810440941068e-07,0.7,0,Multiple conflicting identity signals,3 strong conflict(s),LOW
A00039,B00418,9.798016230155976e-08,0.7,0,ML probability below threshold,2 strong conflict(s),LOW
A00042,B00532,4.1268154002269094e-08,0.7,0,ML probability below threshold,2 strong conflict(s),LOW
A00581,B00616,1.5544345541738372e-08,0.7,0,ML probability below threshold,2 strong conflict(s),LOW
A00364,B00124,0.9623833899141774,0.7,0,Geographic similarity without identity evidence,same city; same state; geographic-only evidence; 2 strong conflict(s),HIGH
A00346,B00013,8.523010162586124e-09,0.7,0,ML probability below threshold,2 strong conflict(s),LOW
A00698,B00255,2.0110482134476884e-06,0.7,0,ML probability below threshold,1 strong conflict(s),LOW
A00234,B00214,0.4364184104417905,0.7,0,Geographic similarity without identity evidence,same city; same state; geographic-only evidence; 2 strong conflict(s),LOW
A00312,B00986,4.6702751979160885e-07,0.7,0,ML probability below threshold,2 strong conflict(s),LOW
A00587,B00237,1.1007086100611681e-07,0.7,0,ML probability below threshold,2 strong conflict(s),LOW
A00651,B00749,5.108377720107741e-05,0.7,0,ML probability below threshold,2 strong conflict(s),LOW
A00993,B00122,1.3170072968651552e-09,0.7,0,Multiple conflicting identity signals,3 strong conflict(s),LOW
A00718,B00356,5.408503436245852e-07,0.7,0,ML probability below threshold,2 strong conflict(s),LOW
A00915,B00180,1.253414942620283e-07,0.7,0,ML probability below threshold,2 strong conflict(s),LOW
A00759,B00623,1.309465045542059e-06,0.7,0,ML probability below threshold,1 strong conflict(s),LOW
A00334,B00379,9.551842413216528e-09,0.7,0,ML probability below threshold,1 strong conflict(s),LOW
A00873,B00598,4.904881026928726e-08,0.7,0,ML probability below threshold,2 strong conflict(s),LOW
A00351,B00851,0.6977661291831379,0.7,0,Geographic similarity without identity evidence,same city; same state; geographic-only evidence,LOW
A00021,B00278,8.604569797850274e-10,0.7,0,ML probability below threshold,2 strong conflict(s),LOW
A00240,B00806,2.5478552113401878e-08,0.7,0,ML probability below threshold,2 strong conflict(s),LOW
A00128,B00984,7.886449657013879e-10,0.7,0,ML probability below threshold,1 strong conflict(s),LOW
A00378,B00171,5.106369682543485e-09,0.7,0,ML probability below threshold,2 strong conflict(s),LOW
A00986,B00126,0.07401014559732452,0.7,0,Geographic similarity without identity evidence,same city; same state; geographic-only evidence; 2 strong conflict(s),LOW
A00777,B00757,0.027713168712263706,0.7,0,Geographic similarity without identity evidence,same city; same state; geographic-only evidence; 2 strong conflict(s),LOW
A00729,B00409,0.515744452289642,0.7,0,Geographic similarity without identity evidence,same city; same state; geographic-only evidence; 2 strong conflict(s),LOW
A00380,B00829,2.9984980057207276e-08,0.7,0,ML probability below threshold,1 strong conflict(s),LOW
A00301,B00141,0.5872812049826461,0.7,0,Geographic similarity without identity evidence,same city; same state; geographic-only evidence; 3 strong conflict(s),LOW
A00145,B00559,7.2229427780758e-07,0.7,0,ML probability below threshold,1 strong conflict(s),LOW
A00295,B00555,0.9588053095673973,0.7,1,ML probability above threshold,same city,HIGH
A00937,B00077,0.10729330414557298,0.7,0,Geographic similarity without identity evidence,same city; same state; geographic-only evidence; 1 strong conflict(s),LOW
A00723,B00843,0.05620302101790009,0.7,0,Geographic similarity without identity evidence,same city; same state; geographic-only evidence; 2 strong conflict(s),LOW
A00919,B00579,0.2323276168221319,0.7,0,Geographic similarity without identity evidence,same city; same state; geographic-only evidence; 1 strong conflict(s),LOW
A00582,B00462,0.11630670887373398,0.7,0,Geographic similarity without identity evidence,same city; same state; geographic-only evidence; 1 strong conflict(s),LOW
A00623,B00083,0.05661815980993432,0.7,0,Geographic similarity without identity evidence,same city; same state; geographic-only evidence; 2 strong conflict(s),LOW
A00502,B00800,6.269668163878969e-08,0.7,0,Insufficient identity evidence,1 strong conflict(s),LOW
A00617,B00879,2.580407204106461e-08,0.7,0,ML probability below threshold,2 strong conflict(s),LOW
A00297,B00508,3.5247873358776227e-06,0.7,0,ML probability below threshold,2 strong conflict(s),LOW
A00810,B00020,7.080097053562444e-09,0.7,0,ML probability below threshold,2 strong conflict(s),LOW
A00503,B00046,0.0031421961516577895,0.7,0,ML probability below threshold,same state; 2 strong conflict(s),LOW
A00289,B00329,0.12779719573944562,0.7,0,Geographic similarity without identity evidence,same city; same state; geographic-only evidence; 1 strong conflict(s),LOW
A00110,B00114,8.789132462382087e-09,0.7,0,Multiple conflicting identity signals,3 strong conflict(s),LOW
A00006,B00004,0.005339182911511396,0.7,0,ML probability below threshold,2 strong conflict(s),LOW
A00157,B00141,2.9268765983306065e-05,0.7,0,Multiple conflicting identity signals,3 strong conflict(s),LOW
A00932,B00172,0.016786667967332317,0.7,0,Geographic similarity without identity evidence,same city; same state; geographic-only evidence; 1 strong conflict(s),LOW
A00106,B00006,0.4682722614124788,0.7,0,Geographic similarity without identity evidence,same city; same state; geographic-only evidence; 2 strong conflict(s),LOW
A00349,B00636,3.428705082477118e-09,0.7,0,ML probability below threshold,2 strong conflict(s),LOW
A00999,B00134,6.996211846868708e-08,0.7,0,ML probability below threshold,1 strong conflict(s),LOW
A00340,B00890,1.3370287308338727e-06,0.7,0,ML probability below threshold,2 strong conflict(s),LOW
A00288,B00920,2.380199592969582e-10,0.7,0,Multiple conflicting identity signals,3 strong conflict(s),LOW
A00581,B00864,0.0004039380974123781,0.7,0,ML probability below threshold,1 strong conflict(s),LOW
A00573,B00008,2.0003501052820119e-10,0.7,0,ML probability below threshold,2 strong conflict(s),LOW
A00893,B00250,2.818460410441561e-10,0.7,0,ML probability below threshold,2 strong conflict(s),LOW
A00102,B00762,0.0020784314319826705,0.7,0,Geographic similarity without identity evidence,same city; same state; geographic-only evidence; 2 strong conflict(s),LOW
A00888,B00194,2.1277023204904494e-09,0.7,0,ML probability below threshold,2 strong conflict(s),LOW
A00831,B00058,2.778695488006097e-08,0.7,0,ML probability below threshold,1 strong conflict(s),LOW
A00281,B00161,0.01170803550920585,0.7,0,Geographic similarity without identity evidence,same city; same state; geographic-only evidence; 2 strong conflict(s),LOW
A00841,B00403,1.3833447718225663e-08,0.7,0,Multiple conflicting identity signals,3 strong conflict(s),LOW
A00948,B00489,9.82740426844895e-06,0.7,0,ML probability below threshold,2 strong conflict(s),LOW
A00131,B00111,0.09777842538078718,0.7,0,Geographic similarity without identity evidence,same city; same state; geographic-only evidence; 2 strong conflict(s),LOW
A00628,B00308,0.6230295023472636,0.7,0,Geographic similarity without identity evidence,same city; same state; geographic-only evidence; 2 strong conflict(s),LOW
A00594,B00593,4.320231340720216e-05,0.7,0,ML probability below threshold,2 strong conflict(s),LOW
A00541,B00081,0.20057719591742115,0.7,0,Geographic similarity without identity evidence,same city; same state; geographic-only evidence; 2 strong conflict(s),LOW
A00596,B00116,0.4858043736523285,0.7,0,Geographic similarity without identity evidence,same city; same state; geographic-only evidence; 1 strong conflict(s),LOW
A00899,B00639,0.061007313768816754,0.7,0,Geographic similarity without identity evidence,same city; same state; geographic-only evidence; 2 strong conflict(s),LOW
A00837,B00407,1.2491123135245974e-05,0.7,0,ML probability below threshold,2 strong conflict(s),LOW
A00980,B00180,0.7139529069934165,0.7,0,Geographic similarity without identity evidence,same city; same state; geographic-only evidence; 2 strong conflict(s),MEDIUM
A00999,B00759,0.01108645230893374,0.7,0,Geographic similarity without identity evidence,same city; same state; geographic-only evidence; 2 strong conflict(s),LOW
A00222,B00542,0.016627445477810254,0.7,0,Geographic similarity without identity evidence,same city; same state; geographic-only evidence; 2 strong conflict(s),LOW
A00575,B00855,0.1678829177025255,0.7,0,Geographic similarity without identity evidence,same city; same state; geographic-only evidence; 2 strong conflict(s),LOW
A00621,B00941,0.13071306899452564,0.7,0,Geographic similarity without identity evidence,same city; same state; geographic-only evidence; 2 strong conflict(s),LOW
A00520,B00408,1.7461668775951053e-09,0.7,0,ML probability below threshold,2 strong conflict(s),LOW
A00987,B00978,6.527763786540846e-08,0.7,0,Insufficient identity evidence,limited evidence,LOW
A00055,B00776,1.2688980495754125e-05,0.7,0,ML probability below threshold,2 strong conflict(s),LOW
A00681,B00806,9.488813193165228e-07,0.7,0,ML probability below threshold,2 strong conflict(s),LOW
A00878,B00778,0.2638657456741036,0.7,0,Geographic similarity without identity evidence,same city; same state; geographic-only evidence; 1 strong conflict(s),LOW
A00663,B00243,0.46940002274289394,0.7,0,Geographic similarity without identity evidence,same city; same state; geographic-only evidence; 2 strong conflict(s),LOW
A00618,B00199,1.5663787288874052e-07,0.7,0,ML probability below threshold,2 strong conflict(s),LOW
A00831,B00713,1.074047398138948e-06,0.7,0,ML probability below threshold,2 strong conflict(s),LOW
A00625,B00313,2.479052835155917e-09,0.7,0,Multiple conflicting identity signals,3 strong conflict(s),LOW
A00771,B00329,3.073393608001922e-06,0.7,0,ML probability below threshold,1 strong conflict(s),LOW
A00270,B00450,0.8131862066103933,0.7,0,Geographic similarity without identity evidence,same city; same state; geographic-only evidence; 1 strong conflict(s),MEDIUM
A00658,B00546,2.9280819332547606e-07,0.7,0,ML probability below threshold,1 strong conflict(s),LOW
A00737,B00601,2.9578588435545262e-05,0.7,0,ML probability below threshold,limited evidence,LOW
A00988,B00968,0.024621006434302727,0.7,0,Geographic similarity without identity evidence,same city; same state; geographic-only evidence; 2 strong conflict(s),LOW
A00993,B00053,0.018209710150187696,0.7,0,Geographic similarity without identity evidence,same city; same state; geographic-only evidence; 3 strong conflict(s),LOW
A00683,B00700,0.00012332401571297407,0.7,0,ML probability below threshold,2 strong conflict(s),LOW
A00946,B00818,1.517495951725835e-05,0.7,0,Multiple conflicting identity signals,3 strong conflict(s),LOW
A00996,B00876,0.008081083101496757,0.7,0,Geographic similarity without identity evidence,same city; same state; geographic-only evidence; 2 strong conflict(s),LOW
A00153,B00478,1.1553619019434087e-07,0.7,0,ML probability below threshold,limited evidence,LOW
A00862,B00959,6.156501454673296e-08,0.7,0,ML probability below threshold,2 strong conflict(s),LOW
A00084,B00696,6.540353500047688e-08,0.7,0,ML probability below threshold,2 strong conflict(s),LOW
A00173,B00553,0.020098485863333227,0.7,0,Geographic similarity without identity evidence,same city; same state; geographic-only evidence; 3 strong conflict(s),LOW
A00194,B00702,8.116794938369885e-10,0.7,0,Multiple conflicting identity signals,3 strong conflict(s),LOW
A00556,B00846,7.355734563954344e-09,0.7,0,ML probability below threshold,2 strong conflict(s),LOW
A00200,B00271,2.232099309776275e-08,0.7,0,ML probability below threshold,2 strong conflict(s),LOW
A00191,B00842,0.0094064950766044,0.7,0,Insufficient identity evidence,1 strong conflict(s),LOW
A00962,B00528,1.4091546486893303e-06,0.7,0,ML probability below threshold,2 strong conflict(s),LOW
A00549,B00404,0.00014623921430897797,0.7,0,ML probability below threshold,2 strong conflict(s),LOW
A00138,B00277,1.6662013212367195e-08,0.7,0,ML probability below threshold,2 strong conflict(s),LOW
A00827,B00503,0.00022531112023301724,0.7,0,ML probability below threshold,2 strong conflict(s),LOW
A00907,B00607,0.9613769275583608,0.7,0,Geographic similarity without identity evidence,same city; same state; geographic-only evidence; 1 strong conflict(s),HIGH
A00654,B00858,1.626974723301859e-09,0.7,0,ML probability below threshold,2 strong conflict(s),LOW
A00171,B00638,4.2189686651024827e-08,0.7,0,ML probability below threshold,2 strong conflict(s),LOW
A00850,B00208,3.6678916423811407e-06,0.7,0,ML probability below threshold,same state; 2 strong conflict(s),LOW
A00797,B00247,8.479972445644653e-07,0.7,0,ML probability below threshold,2 strong conflict(s),LOW
A00031,B00349,2.8716528436129818e-06,0.7,0,ML probability below threshold,limited evidence,LOW
A00655,B00715,0.01851869407338392,0.7,0,Geographic similarity without identity evidence,same city; same state; geographic-only evidence; 2 strong conflict(s),LOW
A00645,B00126,2.1993136914959445e-08,0.7,0,ML probability below threshold,2 strong conflict(s),LOW
A00946,B00527,6.601869383771453e-09,0.7,0,ML probability below threshold,1 strong conflict(s),LOW
A00478,B00398,0.10904094408228704,0.7,0,Geographic similarity without identity evidence,same city; same state; geographic-only evidence,LOW
A00613,B00517,1.1722004274563529e-07,0.7,0,ML probability below threshold,1 strong conflict(s),LOW
A00748,B00608,0.7974293716060818,0.7,0,Geographic similarity without identity evidence,same city; same state; geographic-only evidence; 2 strong conflict(s),MEDIUM
A00449,B00789,0.2318858464916645,0.7,0,Geographic similarity without identity evidence,same city; same state; geographic-only evidence; 2 strong conflict(s),LOW
A00640,B00149,2.897960529032584e-08,0.7,0,ML probability below threshold,2 strong conflict(s),LOW
A00222,B00712,8.30771434120159e-06,0.7,0,ML probability below threshold,1 strong conflict(s),LOW
A00891,B00053,1.0040639989204973e-06,0.7,0,ML probability below threshold,2 strong conflict(s),LOW
A00572,B00326,3.0039441733922535e-07,0.7,0,Insufficient identity evidence,1 strong conflict(s),LOW
A00947,B00371,5.925584421184931e-06,0.7,0,ML probability below threshold,2 strong conflict(s),LOW
A00159,B00907,1.027430556481215e-08,0.7,0,ML probability below threshold,2 strong conflict(s),LOW
A00530,B00290,0.9350671734521128,0.7,0,Geographic similarity without identity evidence,same city; same state; geographic-only evidence; 2 strong conflict(s),HIGH
A00052,B00637,1.0050390832704502e-08,0.7,0,ML probability below threshold,2 strong conflict(s),LOW
A00616,B00335,0.00013721199893753,0.7,0,ML probability below threshold,2 strong conflict(s),LOW
A00487,B00818,0.00015916482294413883,0.7,0,ML probability below threshold,2 strong conflict(s),LOW
A00489,B00747,7.129919654111654e-07,0.7,0,ML probability below threshold,same state; 2 strong conflict(s),LOW
A00208,B00543,3.7227869997554595e-06,0.7,0,Insufficient identity evidence,same state,LOW
A00897,B00437,0.7425524226815496,0.7,0,Geographic similarity without identity evidence,same city; same state; geographic-only evidence; 2 strong conflict(s),MEDIUM
A00622,B00845,8.431701711950888e-05,0.7,0,ML probability below threshold,1 strong conflict(s),LOW
A00341,B00496,2.692977564265597e-08,0.7,0,ML probability below threshold,2 strong conflict(s),LOW
A00770,B00005,7.834345055092538e-09,0.7,0,ML probability below threshold,2 strong conflict(s),LOW
A00155,B00939,6.1375622213060926e-09,0.7,0,ML probability below threshold,2 strong conflict(s),LOW
A00680,B00609,1.2710259433624462e-05,0.7,0,ML probability below threshold,1 strong conflict(s),LOW
A00341,B00890,1.451313704165774e-08,0.7,0,ML probability below threshold,2 strong conflict(s),LOW
A00005,B00065,0.5889204970377956,0.7,0,Geographic similarity without identity evidence,same city; same state; geographic-only evidence; 2 strong conflict(s),LOW
A00767,B00245,2.856686961477295e-05,0.7,0,ML probability below threshold,2 strong conflict(s),LOW
A00485,B00908,8.569428282454528e-09,0.7,0,Multiple conflicting identity signals,4 strong conflict(s),LOW
A00320,B00503,2.5302716385242495e-05,0.7,0,ML probability below threshold,2 strong conflict(s),LOW
A00458,B00662,1.3822934474454248e-09,0.7,0,Multiple conflicting identity signals,3 strong conflict(s),LOW
A00155,B00720,0.0009636051748095303,0.7,0,ML probability below threshold,1 strong conflict(s),LOW
A00753,B00493,0.8544379762199507,0.7,0,Geographic similarity without identity evidence,same city; same state; geographic-only evidence; 2 strong conflict(s),MEDIUM
A00625,B00293,3.3367806972296177e-10,0.7,0,Multiple conflicting identity signals,3 strong conflict(s),LOW
A00113,B00373,0.28608154495943205,0.7,0,Geographic similarity without identity evidence,same city; same state; geographic-only evidence; 1 strong conflict(s),LOW
A00850,B00423,6.009258547361231e-06,0.7,0,ML probability below threshold,same state; 2 strong conflict(s),LOW
A00432,B00812,0.918661720586701,0.7,0,Geographic similarity without identity evidence,same city; same state; geographic-only evidence; 2 strong conflict(s),HIGH
A00634,B00868,8.051546184857392e-10,0.7,0,Multiple conflicting identity signals,3 strong conflict(s),LOW
A00325,B00093,2.697857322281253e-09,0.7,0,Multiple conflicting identity signals,3 strong conflict(s),LOW
A00810,B00530,0.13297634437627615,0.7,0,Geographic similarity without identity evidence,same city; same state; geographic-only evidence; 1 strong conflict(s),LOW
A00962,B00391,2.7286355375851575e-08,0.7,0,ML probability below threshold,2 strong conflict(s),LOW
A00394,B00307,3.573037419584023e-08,0.7,0,ML probability below threshold,limited evidence,LOW
A00916,B00178,1.918013784529452e-09,0.7,0,ML probability below threshold,2 strong conflict(s),LOW
A00213,B00149,4.027450035659489e-06,0.7,0,ML probability below threshold,2 strong conflict(s),LOW
A00158,B00658,0.11302134637168491,0.7,0,ML probability below threshold,same city; same state; 2 strong conflict(s),LOW
A00795,B00235,0.10690063943339626,0.7,0,ML probability below threshold,same city; same state; 2 strong conflict(s),LOW
A00324,B00509,2.7036280763509343e-06,0.7,0,ML probability below threshold,1 strong conflict(s),LOW
A00166,B00386,0.13218178198092587,0.7,0,Geographic similarity without identity evidence,same city; same state; geographic-only evidence; 2 strong conflict(s),LOW
A00186,B00520,3.700420063116778e-10,0.7,0,ML probability below threshold,2 strong conflict(s),LOW
A00846,B00012,8.150139677172679e-07,0.7,0,ML probability below threshold,1 strong conflict(s),LOW
A00884,B00630,1.8641697171205874e-05,0.7,0,ML probability below threshold,2 strong conflict(s),LOW
A00399,B00736,1.5540191746602282e-08,0.7,0,Multiple conflicting identity signals,3 strong conflict(s),LOW
A00076,B00514,1.427174211298487e-09,0.7,0,ML probability below threshold,2 strong conflict(s),LOW
A00427,B00345,0.000994596218703967,0.7,0,Multiple conflicting identity signals,3 strong conflict(s),LOW
A00002,B00702,0.6995141873127989,0.7,0,Geographic similarity without identity evidence,same city; same state; geographic-only evidence; 2 strong conflict(s),LOW
A00740,B00559,7.883457531122287e-08,0.7,0,ML probability below threshold,1 strong conflict(s),LOW
A00125,B00765,0.8689551574614416,0.7,0,Geographic similarity without identity evidence,same city; same state; geographic-only evidence; 3 strong conflict(s),MEDIUM
A00764,B00224,0.13576747054589364,0.7,0,Geographic similarity without identity evidence,same city; same state; geographic-only evidence,LOW
A00968,B00914,2.580613113218683e-09,0.7,0,ML probability below threshold,1 strong conflict(s),LOW
A00042,B00693,5.522721676598265e-09,0.7,0,ML probability below threshold,2 strong conflict(s),LOW
A00506,B00291,1.4778677705837628e-07,0.7,0,ML probability below threshold,2 strong conflict(s),LOW
A00040,B00886,2.6105441815181924e-09,0.7,0,ML probability below threshold,2 strong conflict(s),LOW
A00373,B00070,3.4046722022794025e-10,0.7,0,ML probability below threshold,1 strong conflict(s),LOW
A00561,B00123,1.401641472504452e-07,0.7,0,ML probability below threshold,1 strong conflict(s),LOW
A00281,B00061,0.056631816290526625,0.7,0,Geographic similarity without identity evidence,same city; same state; geographic-only evidence; 2 strong conflict(s),LOW
A00486,B00546,0.018198086268401352,0.7,0,Geographic similarity without identity evidence,same city; same state; geographic-only evidence; 1 strong conflict(s),LOW
A00135,B00318,2.1542760914247602e-07,0.7,0,ML probability below threshold,2 strong conflict(s),LOW
A00025,B00565,0.040425179385822164,0.7,0,Geographic similarity without identity evidence,same city; same state; geographic-only evidence; 2 strong conflict(s),LOW
A00241,B00094,3.488368396109813e-09,0.7,0,ML probability below threshold,2 strong conflict(s),LOW
A00025,B00036,6.12506307734795e-09,0.7,0,ML probability below threshold,2 strong conflict(s),LOW
A00557,B00129,1.134023079152304e-05,0.7,0,ML probability below threshold,1 strong conflict(s),LOW
A00381,B00958,6.808430577065421e-10,0.7,0,Multiple conflicting identity signals,3 strong conflict(s),LOW
A00215,B00782,9.89558623709833e-09,0.7,0,ML probability below threshold,2 strong conflict(s),LOW
A00994,B00314,0.004688545002024518,0.7,0,Geographic similarity without identity evidence,same city; same state; geographic-only evidence; 1 strong conflict(s),LOW
A00251,B00136,3.5991112961864407e-06,0.7,0,Multiple conflicting identity signals,same state; 3 strong conflict(s),LOW
A00221,B00003,4.4197642639782797e-07,0.7,0,ML probability below threshold,2 strong conflict(s),LOW
A00263,B00766,0.004217114601589123,0.7,0,ML probability below threshold,same state; 1 strong conflict(s),LOW
A00467,B00865,2.1927568342017043e-06,0.7,0,ML probability below threshold,2 strong conflict(s),LOW
A00335,B00532,1.159660027713779e-08,0.7,0,ML probability below threshold,2 strong conflict(s),LOW
A00128,B00454,1.024360160848655e-09,0.7,0,Multiple conflicting identity signals,3 strong conflict(s),LOW
A00104,B00275,3.360293016657991e-07,0.7,0,ML probability below threshold,1 strong conflict(s),LOW
A00394,B00359,1.4207641170602877e-07,0.7,0,ML probability below threshold,limited evidence,LOW
A00677,B00897,0.013324214222104598,0.7,0,Geographic similarity without identity evidence,same city; same state; geographic-only evidence; 2 strong conflict(s),LOW
A00211,B00248,3.1607877683544755e-09,0.7,0,ML probability below threshold,2 strong conflict(s),LOW
A00434,B00083,5.2988020461301234e-08,0.7,0,ML probability below threshold,2 strong conflict(s),LOW
A00239,B00466,2.71327027893195e-08,0.7,0,ML probability below threshold,1 strong conflict(s),LOW
A00782,B00448,1.1647801692102099e-06,0.7,0,ML probability below threshold,2 strong conflict(s),LOW
A00344,B00833,2.4169113879581107e-08,0.7,0,ML probability below threshold,1 strong conflict(s),LOW
A00665,B00188,7.402480304178135e-09,0.7,0,Multiple conflicting identity signals,3 strong conflict(s),LOW
A00758,B00231,1.4815058491459667e-08,0.7,0,ML probability below threshold,1 strong conflict(s),LOW
A00708,B00508,0.2387237903767162,0.7,0,Geographic similarity without identity evidence,same city; same state; geographic-only evidence; 2 strong conflict(s),LOW
A00834,B00394,0.09533107229266422,0.7,0,Geographic similarity without identity evidence,same city; same state; geographic-only evidence; 1 strong conflict(s),LOW
A00538,B00305,8.782344639714234e-09,0.7,0,Multiple conflicting identity signals,3 strong conflict(s),LOW
A00962,B00623,4.315216637731821e-08,0.7,0,ML probability below threshold,1 strong conflict(s),LOW
A00744,B00777,1.0977073527195591e-05,0.7,0,ML probability below threshold,2 strong conflict(s),LOW
A00617,B00335,0.0029062482424821495,0.7,0,ML probability below threshold,2 strong conflict(s),LOW
A00287,B00836,4.407921235584642e-06,0.7,0,ML probability below threshold,2 strong conflict(s),LOW
A00404,B00715,1.2674100535579318e-08,0.7,0,ML probability below threshold,1 strong conflict(s),LOW
A00782,B00818,1.8328378283638478e-05,0.7,0,ML probability below threshold,2 strong conflict(s),LOW
A00315,B00850,1.0530616540534216e-07,0.7,0,ML probability below threshold,2 strong conflict(s),LOW
A00575,B00739,2.001529497404999e-08,0.7,0,ML probability below threshold,1 strong conflict(s),LOW
A00069,B00209,0.6801610493442917,0.7,0,Geographic similarity without identity evidence,same city; same state; geographic-only evidence,LOW
A00825,B00045,0.20478990626100882,0.7,0,Geographic similarity without identity evidence,same city; same state; geographic-only evidence; 3 strong conflict(s),LOW
A00634,B00494,0.06972128050228518,0.7,0,Geographic similarity without identity evidence,same city; same state; geographic-only evidence; 2 strong conflict(s),LOW
A00052,B00568,1.3474985183514614e-07,0.7,0,ML probability below threshold,1 strong conflict(s),LOW
A00305,B00797,1.279268031501666e-05,0.7,0,ML probability below threshold,2 strong conflict(s),LOW
A00776,B00116,0.37655557986950194,0.7,0,Geographic similarity without identity evidence,same city; same state; geographic-only evidence; 1 strong conflict(s),LOW
A00776,B00384,2.1734187688405627e-09,0.7,0,ML probability below threshold,2 strong conflict(s),LOW
A00940,B00043,2.3991945004805905e-10,0.7,0,ML probability below threshold,1 strong conflict(s),LOW
A00982,B00782,0.28803537641261223,0.7,0,Geographic similarity without identity evidence,same city; same state; geographic-only evidence; 2 strong conflict(s),LOW
A00183,B00743,0.015951434351964708,0.7,0,Geographic similarity without identity evidence,same city; same state; geographic-only evidence; 1 strong conflict(s),LOW
A00229,B00974,1.0790523588964742e-05,0.7,0,Multiple conflicting identity signals,3 strong conflict(s),LOW
A00425,B00705,0.37240960825936825,0.7,0,Geographic similarity without identity evidence,same city; same state; geographic-only evidence; 2 strong conflict(s),LOW
A00208,B00688,0.5692865679867665,0.7,0,Geographic similarity without identity evidence,same city; same state; geographic-only evidence; 2 strong conflict(s),LOW
A00816,B00596,0.22268737259656102,0.7,0,Geographic similarity without identity evidence,same city; same state; geographic-only evidence; 1 strong conflict(s),LOW
A00749,B00985,4.373193688256151e-07,0.7,0,Multiple conflicting identity signals,3 strong conflict(s),LOW
A00639,B00913,6.882087733764457e-08,0.7,0,ML probability below threshold,2 strong conflict(s),LOW
A00107,B00833,8.628109540548453e-07,0.7,0,ML probability below threshold,1 strong conflict(s),LOW
A00940,B00741,2.32233564506412e-08,0.7,0,ML probability below threshold,1 strong conflict(s),LOW
A00474,B00388,1.4025433426871515e-08,0.7,0,ML probability below threshold,2 strong conflict(s),LOW
A00020,B00971,9.347685839708323e-08,0.7,0,ML probability below threshold,1 strong conflict(s),LOW
A00918,B00887,6.779906953932943e-05,0.7,0,ML probability below threshold,2 strong conflict(s),LOW
A00925,B00067,4.890755538574281e-07,0.7,0,ML probability below threshold,1 strong conflict(s),LOW
A00754,B00613,4.67740106684906e-09,0.7,0,ML probability below threshold,1 strong conflict(s),LOW
A00463,B00743,0.047295304083318196,0.7,0,Geographic similarity without identity evidence,same city; same state; geographic-only evidence; 2 strong conflict(s),LOW
A00676,B00036,0.45827153163087386,0.7,0,Geographic similarity without identity evidence,same city; same state; geographic-only evidence; 2 strong conflict(s),LOW
A00977,B00170,3.512626301285304e-07,0.7,0,Multiple conflicting identity signals,3 strong conflict(s),LOW
A00085,B00365,0.27028924400342097,0.7,0,Geographic similarity without identity evidence,same city; same state; geographic-only evidence; 1 strong conflict(s),LOW
A00679,B00789,2.958754368786506e-06,0.7,0,ML probability below threshold,2 strong conflict(s),LOW
A00369,B00228,4.9810804751384925e-06,0.7,0,ML probability below threshold,2 strong conflict(s),LOW
A00975,B00915,0.7963453009550246,0.7,0,Geographic similarity without identity evidence,same city; same state; geographic-only evidence; 2 strong conflict(s),MEDIUM
A00594,B00438,8.760303798174546e-09,0.7,0,Multiple conflicting identity signals,3 strong conflict(s),LOW
A00402,B00357,2.909817986850611e-10,0.7,0,Multiple conflicting identity signals,4 strong conflict(s),LOW
A00790,B00496,2.0097211883685795e-07,0.7,0,ML probability below threshold,2 strong conflict(s),LOW
A00947,B00073,4.4871771010644864e-08,0.7,0,ML probability below threshold,1 strong conflict(s),LOW
A00360,B00420,0.1821213943053892,0.7,0,Geographic similarity without identity evidence,same city; same state; geographic-only evidence; 1 strong conflict(s),LOW
A00222,B00415,8.344099253810074e-08,0.7,0,ML probability below threshold,2 strong conflict(s),LOW
A00020,B00736,8.909899896718438e-09,0.7,0,ML probability below threshold,2 strong conflict(s),LOW
A00606,B00221,8.336932761577357e-09,0.7,0,ML probability below threshold,1 strong conflict(s),LOW
A00982,B00527,3.840597522451107e-07,0.7,0,Multiple conflicting identity signals,3 strong conflict(s),LOW
A00373,B00306,1.1463901474554383e-08,0.7,0,Multiple conflicting identity signals,3 strong conflict(s),LOW
A00425,B00225,0.4480790797400505,0.7,0,Geographic similarity without identity evidence,same city; same state; geographic-only evidence; 1 strong conflict(s),LOW
A00610,B00030,0.6730781586350073,0.7,0,Geographic similarity without identity evidence,same city; same state; geographic-only evidence; 1 strong conflict(s),LOW
A00664,B00340,3.7177435497897157e-09,0.7,0,ML probability below threshold,1 strong conflict(s),LOW
A00535,B00235,0.5939625167916109,0.7,0,Geographic similarity without identity evidence,same city; same state; geographic-only evidence; 2 strong conflict(s),LOW
A00675,B00715,0.20702434994616611,0.7,0,Geographic similarity without identity evidence,same city; same state; geographic-only evidence; 2 strong conflict(s),LOW
A00547,B00588,4.847512773445074e-07,0.7,0,ML probability below threshold,2 strong conflict(s),LOW
A00702,B00820,2.988055844847497e-09,0.7,0,ML probability below threshold,1 strong conflict(s),LOW
A00828,B00323,3.707529953598318e-06,0.7,0,ML probability below threshold,same state; 2 strong conflict(s),LOW
A00595,B00123,2.532171365379249e-09,0.7,0,ML probability below threshold,1 strong conflict(s),LOW
A00546,B00866,0.05368824979927122,0.7,0,Geographic similarity without identity evidence,same city; same state; geographic-only evidence; 2 strong conflict(s),LOW
A00241,B00361,0.021539196835996463,0.7,0,Geographic similarity without identity evidence,same city; same state; geographic-only evidence; 2 strong conflict(s),LOW
A00434,B00667,3.681386274448342e-08,0.7,0,Multiple conflicting identity signals,3 strong conflict(s),LOW
A00691,B00822,1.721203662520413e-08,0.7,0,ML probability below threshold,2 strong conflict(s),LOW
A00948,B00701,1.0322162771161683e-07,0.7,0,ML probability below threshold,1 strong conflict(s),LOW
A00256,B00055,4.16219083366223e-06,0.7,0,ML probability below threshold,1 strong conflict(s),LOW
A00699,B00759,0.0817118162381073,0.7,0,Geographic similarity without identity evidence,same city; same state; geographic-only evidence; 1 strong conflict(s),LOW
A00998,B00670,5.2311794833535444e-08,0.7,0,ML probability below threshold,2 strong conflict(s),LOW
A00113,B00538,0.37834142181965236,0.7,0,ML probability below threshold,2 strong conflict(s),LOW
A00326,B00755,0.0035252303514551773,0.7,0,ML probability below threshold,2 strong conflict(s),LOW
A00840,B00936,9.474241294050726e-07,0.7,0,ML probability below threshold,2 strong conflict(s),LOW
A00513,B00151,2.4345614037646333e-07,0.7,0,ML probability below threshold,1 strong conflict(s),LOW
A00892,B00450,8.627478283765693e-05,0.7,0,ML probability below threshold,1 strong conflict(s),LOW
A00826,B00570,0.00018145901876848527,0.7,0,ML probability below threshold,same state; 2 strong conflict(s),LOW
A00134,B00494,0.075470585035869,0.7,0,Geographic similarity without identity evidence,same city; same state; geographic-only evidence; 2 strong conflict(s),LOW
A00552,B00717,5.426071859127793e-09,0.7,0,ML probability below threshold,2 strong conflict(s),LOW
A00103,B00726,0.7239922752632343,0.7,1,ML probability above threshold,same state; 1 strong conflict(s),MEDIUM
A00368,B00488,0.3088401968916533,0.7,0,Geographic similarity without identity evidence,same city; same state; geographic-only evidence; 1 strong conflict(s),LOW
A00815,B00769,1.4144601474783079e-08,0.7,0,ML probability below threshold,2 strong conflict(s),LOW
A00385,B00678,1.0589640863424275e-07,0.7,0,ML probability below threshold,2 strong conflict(s),LOW
A00411,B00011,0.8493042176074226,0.7,0,Geographic similarity without identity evidence,same city; same state; geographic-only evidence; 2 strong conflict(s),MEDIUM
A00972,B00709,9.849722764261721e-06,0.7,0,ML probability below threshold,2 strong conflict(s),LOW
A00203,B00123,0.15998311374232654,0.7,0,Geographic similarity without identity evidence,same city; same state; geographic-only evidence; 1 strong conflict(s),LOW
A00221,B00459,1.1571784579100166e-05,0.7,0,ML probability below threshold,2 strong conflict(s),LOW
A00967,B00596,4.784477923500959e-07,0.7,0,ML probability below threshold,2 strong conflict(s),LOW
A00243,B00694,0.00033228198048004896,0.7,0,ML probability below threshold,1 strong conflict(s),LOW
A00188,B00100,1.933192956348606e-09,0.7,0,Multiple conflicting identity signals,3 strong conflict(s),LOW
A00188,B00675,1.4436463444511346e-07,0.7,0,Multiple conflicting identity signals,3 strong conflict(s),LOW
A00211,B00803,1.998103997729221e-09,0.7,0,ML probability below threshold,2 strong conflict(s),LOW
A00895,B00294,1.0918299416069638e-08,0.7,0,ML probability below threshold,1 strong conflict(s),LOW
A00313,B00165,1.1730526054650098e-06,0.7,0,ML probability below threshold,1 strong conflict(s),LOW
A00836,B00319,4.104316560699158e-08,0.7,0,Multiple conflicting identity signals,3 strong conflict(s),LOW
A00191,B00011,0.020658920775092078,0.7,0,Geographic similarity without identity evidence,same city; same state; geographic-only evidence; 2 strong conflict(s),LOW
A00808,B00363,2.852294983111833e-06,0.7,0,ML probability below threshold,same state; 2 strong conflict(s),LOW
A00997,B00430,1.0985506590312777e-08,0.7,0,ML probability below threshold,2 strong conflict(s),LOW
A00570,B00293,6.938048794902465e-10,0.7,0,Multiple conflicting identity signals,3 strong conflict(s),LOW
A00773,B00201,5.049625729864361e-08,0.7,0,ML probability below threshold,2 strong conflict(s),LOW
A00981,B00917,0.0003017263945058705,0.7,0,Multiple conflicting identity signals,3 strong conflict(s),LOW
A00657,B00386,1.4159974096970576e-08,0.7,0,ML probability below threshold,2 strong conflict(s),LOW
A00551,B00667,4.4857651448439254e-07,0.7,0,ML probability below threshold,2 strong conflict(s),LOW
A00331,B00694,8.794733160413625e-06,0.7,0,ML probability below threshold,1 strong conflict(s),LOW
A00996,B00296,0.10692605650395624,0.7,0,Geographic similarity without identity evidence,same city; same state; geographic-only evidence; 2 strong conflict(s),LOW
A00913,B00353,0.012412871941377827,0.7,0,Geographic similarity without identity evidence,same city; same state; geographic-only evidence,LOW
A00079,B00201,1.088326162201506e-07,0.7,0,ML probability below threshold,2 strong conflict(s),LOW
A00048,B00741,6.487583796264255e-09,0.7,0,ML probability below threshold,2 strong conflict(s),LOW
A00068,B00276,1.291231329618059e-09,0.7,0,ML probability below threshold,1 strong conflict(s),LOW
A00653,B00336,1.9434661483041632e-09,0.7,0,ML probability below threshold,2 strong conflict(s),LOW
A00799,B00519,0.005838889204000968,0.7,0,Geographic similarity without identity evidence,same city; same state; geographic-only evidence; 2 strong conflict(s),LOW
A00877,B00377,0.2733036254593536,0.7,0,Geographic similarity without identity evidence,same city; same state; geographic-only evidence; 1 strong conflict(s),LOW
A00319,B00510,9.300389794343276e-05,0.7,0,ML probability below threshold,1 strong conflict(s),LOW
A00986,B00953,2.0713736226348162e-10,0.7,0,ML probability below threshold,2 strong conflict(s),LOW
A00873,B00733,0.32804981292917357,0.7,0,Geographic similarity without identity evidence,same city; same state; geographic-only evidence; 3 strong conflict(s),LOW
A00592,B00852,0.0734872458767309,0.7,0,Geographic similarity without identity evidence,same city; same state; geographic-only evidence; 2 strong conflict(s),LOW
A00753,B00670,4.967110877418094e-09,0.7,0,ML probability below threshold,2 strong conflict(s),LOW
A00130,B00433,5.8486538471303536e-08,0.7,0,ML probability below threshold,2 strong conflict(s),LOW
A00728,B00234,2.194154667478172e-09,0.7,0,ML probability below threshold,1 strong conflict(s),LOW
A00436,B00750,1.323399173201564e-07,0.7,0,Multiple conflicting identity signals,3 strong conflict(s),LOW
A00431,B00839,1.9510044337799892e-09,0.7,0,ML probability below threshold,2 strong conflict(s),LOW
A00022,B00271,8.950445639496342e-07,0.7,0,ML probability below threshold,2 strong conflict(s),LOW
A00139,B00549,3.8713067619726885e-06,0.7,0,ML probability below threshold,1 strong conflict(s),LOW
A00409,B00149,0.6676666739471707,0.7,0,Geographic similarity without identity evidence,same city; same state; geographic-only evidence; 2 strong conflict(s),LOW
A00619,B00452,1.7390928420174628e-07,0.7,0,ML probability below threshold,2 strong conflict(s),LOW
A00863,B00703,0.3283795698368641,0.7,0,Geographic similarity without identity evidence,same city; same state; geographic-only evidence; 1 strong conflict(s),LOW
A00892,B00948,4.2698151894186016e-09,0.7,0,ML probability below threshold,2 strong conflict(s),LOW
A00058,B00778,0.9029868263984129,0.7,0,Geographic similarity without identity evidence,same city; same state; geographic-only evidence; 1 strong conflict(s),HIGH
A00500,B00294,3.2678099817869495e-08,0.7,0,ML probability below threshold,1 strong conflict(s),LOW
A00180,B00391,5.604739214682246e-07,0.7,0,ML probability below threshold,2 strong conflict(s),LOW
A00628,B00731,4.678909123341107e-06,0.7,0,Multiple conflicting identity signals,3 strong conflict(s),LOW
A00728,B00008,0.07433872343076696,0.7,0,Geographic similarity without identity evidence,same city; same state; geographic-only evidence; 2 strong conflict(s),LOW
A00188,B00605,1.8645972150721993e-09,0.7,0,ML probability below threshold,2 strong conflict(s),LOW
A00036,B00726,0.32753730628451616,0.7,0,ML probability below threshold,1 strong conflict(s),LOW
A00275,B00615,0.1246911306962009,0.7,0,Geographic similarity without identity evidence,same city; same state; geographic-only evidence; 1 strong conflict(s),LOW
A00565,B00151,2.0154750540739553e-09,0.7,0,ML probability below threshold,1 strong conflict(s),LOW
A00127,B00624,5.2669296379973366e-06,0.7,0,ML probability below threshold,2 strong conflict(s),LOW
A00382,B00523,7.73296174204564e-07,0.7,0,ML probability below threshold,2 strong conflict(s),LOW
A00038,B00465,1.6162213303058566e-08,0.7,0,ML probability below threshold,1 strong conflict(s),LOW
A00615,B00504,7.490556178607705e-07,0.7,0,ML probability below threshold,2 strong conflict(s),LOW
A00771,B00857,4.904192668018488e-05,0.7,0,ML probability below threshold,2 strong conflict(s),LOW
A00372,B00111,1.2383905818372678e-09,0.7,0,ML probability below threshold,2 strong conflict(s),LOW
A00698,B00366,2.4880656127557083e-08,0.7,0,ML probability below threshold,2 strong conflict(s),LOW
A00242,B00452,4.4851745696535296e-10,0.7,0,ML probability below threshold,2 strong conflict(s),LOW
A00385,B00107,3.978819390725006e-08,0.7,0,ML probability below threshold,2 strong conflict(s),LOW
A00476,B00816,0.05558694639791669,0.7,0,Geographic similarity without identity evidence,same city; same state; geographic-only evidence; 2 strong conflict(s),LOW
A00699,B00399,0.4160033041931939,0.7,0,Geographic similarity without identity evidence,same city; same state; geographic-only evidence; 2 strong conflict(s),LOW
A00007,B00424,2.3874509138673782e-05,0.7,0,ML probability below threshold,1 strong conflict(s),LOW
A00941,B00321,0.5266180491131275,0.7,0,Geographic similarity without identity evidence,same city; same state; geographic-only evidence; 2 strong conflict(s),LOW
A00441,B00141,0.8448905931584055,0.7,0,Geographic similarity without identity evidence,same city; same state; geographic-only evidence; 3 strong conflict(s),MEDIUM
A00846,B00060,7.142591849631851e-10,0.7,0,ML probability below threshold,2 strong conflict(s),LOW
A00621,B00174,1.0933884115630163e-09,0.7,0,ML probability below threshold,2 strong conflict(s),LOW
A00951,B00517,1.6900996878627968e-09,0.7,0,ML probability below threshold,1 strong conflict(s),LOW
A00279,B00090,5.830496047354197e-08,0.7,0,Multiple conflicting identity signals,3 strong conflict(s),LOW
A00141,B00946,2.8253776950682567e-08,0.7,0,Multiple conflicting identity signals,3 strong conflict(s),LOW
A00836,B00512,2.3557703197890257e-09,0.7,0,ML probability below threshold,1 strong conflict(s),LOW
A00425,B00293,9.75607959327974e-10,0.7,0,ML probability below threshold,2 strong conflict(s),LOW
A00876,B00616,0.052009983898163165,0.7,0,Geographic similarity without identity evidence,same city; same state; geographic-only evidence; 2 strong conflict(s),LOW
A00825,B00213,0.0001793433612593117,0.7,0,Insufficient identity evidence,1 strong conflict(s),LOW
A00256,B00399,1.1645366908999418e-07,0.7,0,ML probability below threshold,2 strong conflict(s),LOW
A00409,B00449,0.313737157335167,0.7,0,Geographic similarity without identity evidence,same city; same state; geographic-only evidence; 2 strong conflict(s),LOW
A00749,B00124,0.0011487863762993005,0.7,0,ML probability below threshold,2 strong conflict(s),LOW
A00196,B00381,1.7536129223427572e-08,0.7,0,ML probability below threshold,1 strong conflict(s),LOW
A00885,B00405,0.9268159257818451,0.7,0,Geographic similarity without identity evidence,same city; same state; geographic-only evidence; 1 strong conflict(s),HIGH
A00923,B00806,0.00036856102435269434,0.7,0,ML probability below threshold,same state; 2 strong conflict(s),LOW
A00722,B00532,6.105472015081757e-08,0.7,0,ML probability below threshold,2 strong conflict(s),LOW
A00577,B00905,6.04244045173034e-07,0.7,0,ML probability below threshold,1 strong conflict(s),LOW
A00062,B00848,1.5593655497307386e-08,0.7,0,ML probability below threshold,2 strong conflict(s),LOW
A00559,B00847,2.503422453408662e-07,0.7,0,ML probability below threshold,2 strong conflict(s),LOW
A00126,B00026,0.09682033947545739,0.7,0,Geographic similarity without identity evidence,same city; same state; geographic-only evidence; 2 strong conflict(s),LOW
A00836,B00488,2.5667725807618976e-09,0.7,0,ML probability below threshold,1 strong conflict(s),LOW
A00807,B00727,0.26526284293622115,0.7,0,Geographic similarity without identity evidence,same city; same state; geographic-only evidence; 1 strong conflict(s),LOW
A00360,B00320,0.2706491585372865,0.7,0,Geographic similarity without identity evidence,same city; same state; geographic-only evidence; 2 strong conflict(s),LOW
A00702,B00336,1.7277956306308425e-08,0.7,0,ML probability below threshold,2 strong conflict(s),LOW
A00843,B00164,3.7100232689121995e-09,0.7,0,ML probability below threshold,2 strong conflict(s),LOW
A00135,B00721,9.227014143901174e-08,0.7,0,ML probability below threshold,1 strong conflict(s),LOW
A00280,B00315,4.509584661573222e-08,0.7,0,ML probability below threshold,1 strong conflict(s),LOW
A00077,B00617,0.03687375181737693,0.7,0,Geographic similarity without identity evidence,same city; same state; geographic-only evidence; 2 strong conflict(s),LOW
A00022,B00156,6.620063814732271e-07,0.7,0,ML probability below threshold,2 strong conflict(s),LOW
A00865,B00191,7.008828658227104e-07,0.7,0,Multiple conflicting identity signals,3 strong conflict(s),LOW
A00346,B00326,0.6020907139135572,0.7,0,Geographic similarity without identity evidence,same city; same state; geographic-only evidence; 1 strong conflict(s),LOW
A00645,B00441,1.6876235472681192e-07,0.7,0,ML probability below threshold,1 strong conflict(s),LOW
A00951,B00049,2.9353222728014994e-08,0.7,0,ML probability below threshold,2 strong conflict(s),LOW
A00097,B00201,1.1804980110660076e-06,0.7,0,ML probability below threshold,2 strong conflict(s),LOW
A00060,B00300,0.8856632078692239,0.7,0,Geographic similarity without identity evidence,same city; same state; geographic-only evidence; 2 strong conflict(s),MEDIUM
A00139,B00779,0.10245594870861392,0.7,0,Geographic similarity without identity evidence,same city; same state; geographic-only evidence; 2 strong conflict(s),LOW
A00720,B00672,6.884820255774228e-09,0.7,0,ML probability below threshold,2 strong conflict(s),LOW
A00231,B00247,2.850936959182667e-08,0.7,0,Multiple conflicting identity signals,3 strong conflict(s),LOW
A00664,B00708,4.3556177544995595e-10,0.7,0,ML probability below threshold,1 strong conflict(s),LOW
A00672,B00529,0.0019079257871183924,0.7,0,ML probability below threshold,2 strong conflict(s),LOW
A00472,B00152,0.01732395309344116,0.7,0,Geographic similarity without identity evidence,same city; same state; geographic-only evidence; 2 strong conflict(s),LOW
A00220,B00691,1.2594482428165363e-07,0.7,0,ML probability below threshold,2 strong conflict(s),LOW
A00575,B00553,4.349275663552939e-08,0.7,0,ML probability below threshold,2 strong conflict(s),LOW
A00660,B00519,3.472024049661618e-06,0.7,0,ML probability below threshold,2 strong conflict(s),LOW
A00908,B00803,3.820169690579596e-06,0.7,0,ML probability below threshold,same state; 2 strong conflict(s),LOW
A00846,B00966,0.016544531560445497,0.7,0,Geographic similarity without identity evidence,same city; same state; geographic-only evidence; 2 strong conflict(s),LOW
A00160,B00540,0.13853458045647743,0.7,0,Geographic similarity without identity evidence,same city; same state; geographic-only evidence; 2 strong conflict(s),LOW
A00275,B00015,0.4519646251494573,0.7,0,Geographic similarity without identity evidence,same city; same state; geographic-only evidence; 2 strong conflict(s),LOW
A00936,B00302,2.3814446782078582e-07,0.7,0,ML probability below threshold,1 strong conflict(s),LOW
A00579,B00116,8.190545506043257e-07,0.7,0,Insufficient identity evidence,1 strong conflict(s),LOW
A00004,B00678,1.5831157836819154e-07,0.7,0,ML probability below threshold,2 strong conflict(s),LOW
A00132,B00407,4.335043897399841e-08,0.7,0,ML probability below threshold,2 strong conflict(s),LOW
A00816,B00736,0.5598938252898198,0.7,0,Geographic similarity without identity evidence,same city; same state; geographic-only evidence; 2 strong conflict(s),LOW
A00078,B00858,0.037258524714512284,0.7,0,Geographic similarity without identity evidence,same city; same state; geographic-only evidence; 2 strong conflict(s),LOW
A00942,B00897,2.0585019712970276e-09,0.7,0,ML probability below threshold,2 strong conflict(s),LOW
A00365,B00861,2.898349259989394e-07,0.7,0,ML probability below threshold,2 strong conflict(s),LOW
A00173,B00993,0.01679756851595331,0.7,0,Geographic similarity without identity evidence,same city; same state; geographic-only evidence; 3 strong conflict(s),LOW
A00000,B00693,2.3453367276739373e-05,0.7,0,ML probability below threshold,1 strong conflict(s),LOW
A00727,B00982,1.3647243372287572e-07,0.7,0,ML probability below threshold,2 strong conflict(s),LOW
A00324,B00187,5.1738699040500535e-06,0.7,0,ML probability below threshold,2 strong conflict(s),LOW
A00101,B00829,1.3112567796483437e-05,0.7,0,ML probability below threshold,same state; 1 strong conflict(s),LOW
A00124,B00430,1.1678404257764838e-08,0.7,0,ML probability below threshold,2 strong conflict(s),LOW
A00470,B00050,0.19112280055594685,0.7,0,Geographic similarity without identity evidence,same city; same state; geographic-only evidence; 1 strong conflict(s),LOW
A00738,B00038,0.016602849703783073,0.7,0,Geographic similarity without identity evidence,same city; same state; geographic-only evidence; 2 strong conflict(s),LOW
A00525,B00772,4.934318366593447e-09,0.7,0,ML probability below threshold,1 strong conflict(s),LOW
A00484,B00184,0.2733941459742481,0.7,0,Geographic similarity without identity evidence,same city; same state; geographic-only evidence; 2 strong conflict(s),LOW
A00102,B00422,0.724423197812143,0.7,0,Geographic similarity without identity evidence,same city; same state; geographic-only evidence; 1 strong conflict(s),MEDIUM
A00464,B00033,3.6454944936343294e-08,0.7,0,ML probability below threshold,2 strong conflict(s),LOW
A00310,B00714,4.005274574822022e-06,0.7,0,ML probability below threshold,2 strong conflict(s),LOW
A00232,B00972,0.2994094359976256,0.7,0,Geographic similarity without identity evidence,same city; same state; geographic-only evidence; 1 strong conflict(s),LOW
A00897,B00097,0.020572679151979755,0.7,0,Geographic similarity without identity evidence,same city; same state; geographic-only evidence; 1 strong conflict(s),LOW
A00966,B00546,0.18365270416395577,0.7,0,Geographic similarity without identity evidence,same city; same state; geographic-only evidence; 1 strong conflict(s),LOW
A00476,B00390,5.751285747024762e-06,0.7,0,ML probability below threshold,2 strong conflict(s),LOW
A00880,B00960,0.019585272218301527,0.7,0,Geographic similarity without identity evidence,same city; same state; geographic-only evidence; 1 strong conflict(s),LOW
A00928,B00248,0.02613898635279739,0.7,0,Geographic similarity without identity evidence,same city; same state; geographic-only evidence; 2 strong conflict(s),LOW
A00197,B00112,9.892457989177825e-05,0.7,0,ML probability below threshold,limited evidence,LOW
A00456,B00462,2.1225652770597925e-07,0.7,0,ML probability below threshold,1 strong conflict(s),LOW
A00748,B00375,6.241423783192008e-07,0.7,0,ML probability below threshold,2 strong conflict(s),LOW
A00052,B00834,6.78789682897197e-08,0.7,0,ML probability below threshold,2 strong conflict(s),LOW
A00999,B00431,3.101400754220867e-06,0.7,0,ML probability below threshold,2 strong conflict(s),LOW
A00477,B00863,1.796080958570458e-06,0.7,0,Multiple conflicting identity signals,3 strong conflict(s),LOW
A00027,B00135,1.1874642220692193e-05,0.7,0,ML probability below threshold,1 strong conflict(s),LOW
A00774,B00014,0.005140956491426315,0.7,0,Geographic similarity without identity evidence,same city; same state; geographic-only evidence; 2 strong conflict(s),LOW
A00111,B00751,0.08766177085717801,0.7,0,Geographic similarity without identity evidence,same city; same state; geographic-only evidence; 2 strong conflict(s),LOW
A00200,B00750,4.801717994558629e-09,0.7,0,ML probability below threshold,2 strong conflict(s),LOW
A00238,B00045,2.977636613969849e-07,0.7,0,Multiple conflicting identity signals,3 strong conflict(s),LOW
A00097,B00257,0.7178906432026536,0.7,0,Geographic similarity without identity evidence,same city; same state; geographic-only evidence; 1 strong conflict(s),MEDIUM
A00111,B00963,5.1492856044928046e-09,0.7,0,ML probability below threshold,1 strong conflict(s),LOW
A00764,B00404,0.7695830007487123,0.7,0,Geographic similarity without identity evidence,same city; same state; geographic-only evidence; 1 strong conflict(s),MEDIUM
A00198,B00025,6.366832311821205e-09,0.7,0,Multiple conflicting identity signals,3 strong conflict(s),LOW
A00820,B00160,0.7899515541309469,0.7,0,Geographic similarity without identity evidence,same city; same state; geographic-only evidence; 2 strong conflict(s),MEDIUM
A00210,B00546,2.45287016040038e-06,0.7,0,ML probability below threshold,same state; 1 strong conflict(s),LOW
A00685,B00855,8.987108883098074e-09,0.7,0,ML probability below threshold,2 strong conflict(s),LOW
A00635,B00288,1.19337633965293e-07,0.7,0,ML probability below threshold,2 strong conflict(s),LOW
A00082,B00182,0.8771678386950134,0.7,0,Geographic similarity without identity evidence,same city; same state; geographic-only evidence; 2 strong conflict(s),MEDIUM
A00326,B00366,0.00938586555351054,0.7,0,Geographic similarity without identity evidence,same city; same state; geographic-only evidence; 2 strong conflict(s),LOW
A00966,B00706,0.281550368524459,0.7,0,Geographic similarity without identity evidence,same city; same state; geographic-only evidence; 1 strong conflict(s),LOW
A00945,B00185,0.6176315264211996,0.7,0,Geographic similarity without identity evidence,same city; same state; geographic-only evidence; 2 strong conflict(s),LOW
A00147,B00728,1.3273113911403274e-07,0.7,0,Insufficient identity evidence,1 strong conflict(s),LOW
A00362,B00141,3.084978664013123e-05,0.7,0,Multiple conflicting identity signals,3 strong conflict(s),LOW
A00417,B00377,0.07670864857207524,0.7,0,Geographic similarity without identity evidence,same city; same state; geographic-only evidence; 1 strong conflict(s),LOW
A00550,B00430,0.11564332027160755,0.7,0,ML probability below threshold,same city; same state; 2 strong conflict(s),LOW
A00194,B00454,0.019302900439021994,0.7,0,Geographic similarity without identity evidence,same city; same state; geographic-only evidence; 2 strong conflict(s),LOW
A00355,B00111,9.674507027727218e-08,0.7,0,ML probability below threshold,2 strong conflict(s),LOW
A00391,B00103,1.3075530661835118e-09,0.7,0,ML probability below threshold,2 strong conflict(s),LOW
A00898,B00410,1.617043781126135e-08,0.7,0,ML probability below threshold,1 strong conflict(s),LOW
A00320,B00570,6.30424642292696e-07,0.7,0,ML probability below threshold,2 strong conflict(s),LOW
A00192,B00368,2.677454535656115e-08,0.7,0,ML probability below threshold,2 strong conflict(s),LOW
A00374,B00988,1.1215929392242908e-09,0.7,0,Multiple conflicting identity signals,3 strong conflict(s),LOW
A00935,B00145,0.00037472625475325373,0.7,0,ML probability below threshold,1 strong conflict(s),LOW
A00303,B00930,9.774617527065088e-07,0.7,0,ML probability below threshold,same state; 2 strong conflict(s),LOW
A00417,B00251,5.678771544588733e-08,0.7,0,ML probability below threshold,2 strong conflict(s),LOW
A00991,B00296,5.910041745588877e-07,0.7,0,ML probability below threshold,same state; 2 strong conflict(s),LOW
A00042,B00442,0.44936531400061247,0.7,0,Geographic similarity without identity evidence,same city; same state; geographic-only evidence; 1 strong conflict(s),LOW
A00748,B00720,0.0003484613801444524,0.7,0,ML probability below threshold,1 strong conflict(s),LOW
A00407,B00567,0.6101974726852787,0.7,0,Geographic similarity without identity evidence,same city; same state; geographic-only evidence; 2 strong conflict(s),LOW
A00197,B00897,0.8648046599668657,0.7,0,Geographic similarity without identity evidence,same city; same state; geographic-only evidence; 1 strong conflict(s),MEDIUM
A00254,B00619,2.843507799091239e-06,0.7,0,ML probability below threshold,2 strong conflict(s),LOW
A00491,B00946,1.754807140885986e-09,0.7,0,ML probability below threshold,2 strong conflict(s),LOW
A00750,B00903,0.0005280268126523876,0.7,0,ML probability below threshold,same state,LOW
A00488,B00408,0.5202939626420352,0.7,0,Geographic similarity without identity evidence,same city; same state; geographic-only evidence; 2 strong conflict(s),LOW
A00983,B00755,1.0362365737655539e-05,0.7,0,Multiple conflicting identity signals,3 strong conflict(s),LOW
A00593,B00273,0.495100879300086,0.7,0,Geographic similarity without identity evidence,same city; same state; geographic-only evidence; 3 strong conflict(s),LOW
A00321,B00993,1.8103615369379858e-07,0.7,0,ML probability below threshold,2 strong conflict(s),LOW
A00260,B00228,4.072432141972195e-06,0.7,0,ML probability below threshold,2 strong conflict(s),LOW
A00831,B00438,8.506375803132292e-09,0.7,0,ML probability below threshold,2 strong conflict(s),LOW
A00791,B00057,6.175731649484996e-10,0.7,0,ML probability below threshold,2 strong conflict(s),LOW
A00892,B00421,0.00021821940198465416,0.7,0,Insufficient identity evidence,1 strong conflict(s),LOW
A00926,B00234,3.774984649506711e-08,0.7,0,ML probability below threshold,1 strong conflict(s),LOW
A00371,B00431,0.15522699592012193,0.7,0,Geographic similarity without identity evidence,same city; same state; geographic-only evidence; 2 strong conflict(s),LOW
A00862,B00318,2.112222017939896e-08,0.7,0,ML probability below threshold,2 strong conflict(s),LOW
A00499,B00281,2.395792832371457e-06,0.7,0,Insufficient identity evidence,limited evidence,LOW
A00745,B00025,0.11190744452132909,0.7,0,Geographic similarity without identity evidence,same city; same state; geographic-only evidence; 2 strong conflict(s),LOW
A00915,B00517,2.1077715605237728e-07,0.7,0,ML probability below threshold,1 strong conflict(s),LOW
A00877,B00172,2.183158623965968e-07,0.7,0,Multiple conflicting identity signals,3 strong conflict(s),LOW
A00485,B00031,7.58098673079756e-09,0.7,0,ML probability below threshold,2 strong conflict(s),LOW
A00830,B00307,1.2966597712343813e-09,0.7,0,Insufficient identity evidence,limited evidence,LOW
A00279,B00647,6.178857363666942e-09,0.7,0,ML probability below threshold,1 strong conflict(s),LOW
A00050,B00086,5.705574588679619e-06,0.7,0,ML probability below threshold,same state; 2 strong conflict(s),LOW
A00609,B00726,0.004202870616843179,0.7,0,ML probability below threshold,1 strong conflict(s),LOW
A00826,B00966,0.7352109948173636,0.7,0,Geographic similarity without identity evidence,same city; same state; geographic-only evidence; 2 strong conflict(s),MEDIUM
A00890,B00570,0.6434896197331242,0.7,0,Geographic similarity without identity evidence,same city; same state; geographic-only evidence; 2 strong conflict(s),LOW
A00037,B00537,0.8146390774585593,0.7,0,Geographic similarity without identity evidence,same city; same state; geographic-only evidence; 2 strong conflict(s),MEDIUM
A00208,B00888,0.0013513340656418024,0.7,0,Geographic similarity without identity evidence,same city; same state; geographic-only evidence; 2 strong conflict(s),LOW
A00024,B00739,3.968834557614505e-05,0.7,0,ML probability below threshold,1 strong conflict(s),LOW
A00580,B00660,0.7768385698130368,0.7,0,Geographic similarity without identity evidence,same city; same state; geographic-only evidence; 2 strong conflict(s),MEDIUM
A00505,B00570,1.3861584320157124e-08,0.7,0,ML probability below threshold,2 strong conflict(s),LOW
A00589,B00969,0.10971738356605941,0.7,0,Geographic similarity without identity evidence,same city; same state; geographic-only evidence; 3 strong conflict(s),LOW
A00864,B00502,4.452134373619532e-09,0.7,0,ML probability below threshold,2 strong conflict(s),LOW
A00543,B00003,0.7082373728587334,0.7,0,Geographic similarity without identity evidence,same city; same state; geographic-only evidence; 2 strong conflict(s),MEDIUM
A00711,B00431,0.6693494165771189,0.7,0,Geographic similarity without identity evidence,same city; same state; geographic-only evidence; 2 strong conflict(s),LOW
A00868,B00928,0.07655974276444474,0.7,0,Geographic similarity without identity evidence,same city; same state; geographic-only evidence; 1 strong conflict(s),LOW
A00334,B00964,5.865982946607254e-08,0.7,0,Insufficient identity evidence,1 strong conflict(s),LOW
A00128,B00227,1.617940657940612e-09,0.7,0,ML probability below threshold,2 strong conflict(s),LOW
A00500,B00081,1.646538790999067e-05,0.7,0,ML probability below threshold,2 strong conflict(s),LOW
A00988,B00083,4.501387313226839e-07,0.7,0,ML probability below threshold,same state; 2 strong conflict(s),LOW
A00800,B00580,0.675221257549108,0.7,0,Geographic similarity without identity evidence,same city; same state; geographic-only evidence; 1 strong conflict(s),LOW
A00961,B00950,2.466678462307986e-06,0.7,0,ML probability below threshold,2 strong conflict(s),LOW
A00990,B00372,2.1015530157658087e-06,0.7,0,ML probability below threshold,2 strong conflict(s),LOW
A00225,B00259,7.107131984150728e-08,0.7,0,Multiple conflicting identity signals,3 strong conflict(s),LOW
A00502,B00627,1.5982686688054547e-07,0.7,0,ML probability below threshold,2 strong conflict(s),LOW
A00476,B00823,3.1811256255478723e-09,0.7,0,ML probability below threshold,1 strong conflict(s),LOW
A00145,B00650,4.885722150024001e-09,0.7,0,ML probability below threshold,2 strong conflict(s),LOW
A00180,B00400,0.5012345882044967,0.7,0,Geographic similarity without identity evidence,same city; same state; geographic-only evidence; 2 strong conflict(s),LOW
A00511,B00351,0.8740327218788937,0.7,0,Geographic similarity without identity evidence,same city; same state; geographic-only evidence; 1 strong conflict(s),MEDIUM
A00731,B00831,0.25332778873423695,0.7,0,Geographic similarity without identity evidence,same city; same state; geographic-only evidence; 1 strong conflict(s),LOW
A00022,B00696,2.912112413455059e-07,0.7,0,ML probability below threshold,2 strong conflict(s),LOW
A00880,B00675,1.806976455699523e-08,0.7,0,ML probability below threshold,1 strong conflict(s),LOW
A00233,B00733,0.16863925774734514,0.7,0,Geographic similarity without identity evidence,same city; same state; geographic-only evidence; 2 strong conflict(s),LOW
A00568,B00226,1.2292920112567608e-06,0.7,0,Multiple conflicting identity signals,same state; 3 strong conflict(s),LOW
A00548,B00204,9.130076734288585e-09,0.7,0,ML probability below threshold,2 strong conflict(s),LOW
A00707,B00331,1.71130824975562e-05,0.7,0,ML probability below threshold,2 strong conflict(s),LOW
A00592,B00312,0.44245102310018314,0.7,0,Geographic similarity without identity evidence,same city; same state; geographic-only evidence; 2 strong conflict(s),LOW
A00097,B00406,4.56778661786651e-08,0.7,0,ML probability below threshold,2 strong conflict(s),LOW
A00023,B00776,6.1749022680735756e-09,0.7,0,Multiple conflicting identity signals,3 strong conflict(s),LOW
A00488,B00668,0.13673169159471463,0.7,0,Geographic similarity without identity evidence,same city; same state; geographic-only evidence; 2 strong conflict(s),LOW
A00013,B00575,1.9022821436447146e-07,0.7,0,ML probability below threshold,2 strong conflict(s),LOW
A00073,B00853,0.020713228720047674,0.7,0,Geographic similarity without identity evidence,same city; same state; geographic-only evidence; 1 strong conflict(s),LOW
A00222,B00642,0.5497419227581466,0.7,0,Geographic similarity without identity evidence,same city; same state; geographic-only evidence; 2 strong conflict(s),LOW
A00360,B00660,0.8290182001252787,0.7,0,Geographic similarity without identity evidence,same city; same state; geographic-only evidence; 2 strong conflict(s),MEDIUM
A00993,B00470,2.0387179082299208e-10,0.7,0,ML probability below threshold,2 strong conflict(s),LOW
A00035,B00835,0.6894685436457858,0.7,0,Geographic similarity without identity evidence,same city; same state; geographic-only evidence; 2 strong conflict(s),LOW
A00280,B00480,0.9261700787012209,0.7,0,Geographic similarity without identity evidence,same city; same state; geographic-only evidence; 2 strong conflict(s),HIGH
A00601,B00451,1.859430185059725e-08,0.7,0,ML probability below threshold,2 strong conflict(s),LOW
A00952,B00072,0.20631212913650296,0.7,0,Geographic similarity without identity evidence,same city; same state; geographic-only evidence; 2 strong conflict(s),LOW
A00711,B00128,8.598656249411559e-09,0.7,0,ML probability below threshold,2 strong conflict(s),LOW
A00923,B00523,0.24470164725536028,0.7,0,Geographic similarity without identity evidence,same city; same state; geographic-only evidence; 1 strong conflict(s),LOW
A00504,B00284,0.07158339493761422,0.7,0,Geographic similarity without identity evidence,same city; same state; geographic-only evidence; 3 strong conflict(s),LOW
A00789,B00437,2.7488972287382054e-05,0.7,0,ML probability below threshold,1 strong conflict(s),LOW
A00499,B00671,6.063982374486193e-09,0.7,0,ML probability below threshold,2 strong conflict(s),LOW
A00034,B00174,0.276600800431462,0.7,0,Geographic similarity without identity evidence,same city; same state; geographic-only evidence; 2 strong conflict(s),LOW
A00366,B00606,0.18217387031710752,0.7,0,Geographic similarity without identity evidence,same city; same state; geographic-only evidence,LOW
A00399,B00936,2.5493530193240133e-05,0.7,0,Multiple conflicting identity signals,3 strong conflict(s),LOW
A00722,B00547,2.6922938658916375e-08,0.7,0,Multiple conflicting identity signals,3 strong conflict(s),LOW
A00801,B00840,1.3915817724014505e-07,0.7,0,ML probability below threshold,2 strong conflict(s),LOW
A00677,B00710,1.1757731219195922e-06,0.7,0,ML probability below threshold,2 strong conflict(s),LOW
A00799,B00794,8.494810414427473e-09,0.7,0,Multiple conflicting identity signals,3 strong conflict(s),LOW
A00345,B00903,5.80520450388686e-09,0.7,0,ML probability below threshold,1 strong conflict(s),LOW
A00127,B00751,2.7264916610076877e-05,0.7,0,ML probability below threshold,2 strong conflict(s),LOW
A00369,B00518,1.794967232718576e-06,0.7,0,ML probability below threshold,2 strong conflict(s),LOW
A00399,B00299,0.2849910761207857,0.7,0,Geographic similarity without identity evidence,same city; same state; geographic-only evidence; 2 strong conflict(s),LOW
A00338,B00158,0.034262404227635095,0.7,0,Geographic similarity without identity evidence,same city; same state; geographic-only evidence; 3 strong conflict(s),LOW
A00543,B00756,1.8052274619493872e-09,0.7,0,ML probability below threshold,1 strong conflict(s),LOW
A00478,B00458,0.048171669667519915,0.7,0,Geographic similarity without identity evidence,same city; same state; geographic-only evidence; 1 strong conflict(s),LOW
A00939,B00996,3.515572777654441e-08,0.7,0,ML probability below threshold,2 strong conflict(s),LOW
A00290,B00570,0.43625180617016185,0.7,0,Geographic similarity without identity evidence,same city; same state; geographic-only evidence; 2 strong conflict(s),LOW
A00728,B00752,5.239622098794074e-09,0.7,0,ML probability below threshold,2 strong conflict(s),LOW
A00338,B00409,1.370194212992423e-08,0.7,0,ML probability below threshold,2 strong conflict(s),LOW
A00248,B00447,1.0872720834683287e-08,0.7,0,Insufficient identity evidence,1 strong conflict(s),LOW
A00062,B00226,2.171428552452599e-09,0.7,0,ML probability below threshold,2 strong conflict(s),LOW
A00211,B00857,1.1291311451904947e-06,0.7,0,ML probability below threshold,2 strong conflict(s),LOW
A00830,B00667,1.3240892865232096e-09,0.7,0,ML probability below threshold,2 strong conflict(s),LOW
A00079,B00864,0.004410970696524785,0.7,0,ML probability below threshold,1 strong conflict(s),LOW
A00093,B00433,0.04976611662448948,0.7,0,Geographic similarity without identity evidence,same city; same state; geographic-only evidence; 2 strong conflict(s),LOW
A00949,B00995,0.0001840628467735362,0.7,0,ML probability below threshold,limited evidence,LOW
A00960,B00325,2.9937385335871916e-07,0.7,0,ML probability below threshold,2 strong conflict(s),LOW
A00841,B00108,5.3582167773833794e-09,0.7,0,ML probability below threshold,2 strong conflict(s),LOW
A00890,B00959,1.8670769146142318e-07,0.7,0,ML probability below threshold,2 strong conflict(s),LOW
A00995,B00515,0.01847277802325209,0.7,0,Geographic similarity without identity evidence,same city; same state; geographic-only evidence; 2 strong conflict(s),LOW
A00989,B00104,3.082914614653027e-08,0.7,0,Multiple conflicting identity signals,3 strong conflict(s),LOW
A00721,B00516,3.838670617689741e-09,0.7,0,ML probability below threshold,2 strong conflict(s),LOW
A00019,B00677,1.4357084365258539e-07,0.7,0,ML probability below threshold,2 strong conflict(s),LOW
A00794,B00602,1.3982244294573158e-06,0.7,0,Multiple conflicting identity signals,3 strong conflict(s),LOW
A00063,B00842,6.246390277164793e-05,0.7,0,ML probability below threshold,1 strong conflict(s),LOW
A00951,B00779,6.691375113203663e-09,0.7,0,ML probability below threshold,2 strong conflict(s),LOW
A00624,B00564,0.17716199304179106,0.7,0,Geographic similarity without identity evidence,same city; same state; geographic-only evidence; 2 strong conflict(s),LOW
A00043,B00441,2.2728379986051365e-08,0.7,0,ML probability below threshold,1 strong conflict(s),LOW
A00651,B00682,4.5266213166446696e-09,0.7,0,ML probability below threshold,2 strong conflict(s),LOW
A00535,B00215,0.5909708482490537,0.7,0,Geographic similarity without identity evidence,same city; same state; geographic-only evidence; 2 strong conflict(s),LOW
A00623,B00701,8.690734913647175e-09,0.7,0,ML probability below threshold,1 strong conflict(s),LOW
A00066,B00324,3.8929639923769466e-08,0.7,0,ML probability below threshold,2 strong conflict(s),LOW
A00959,B00439,0.20636103613519363,0.7,0,Geographic similarity without identity evidence,same city; same state; geographic-only evidence; 2 strong conflict(s),LOW
A00364,B00292,2.8020784140065976e-07,0.7,0,ML probability below threshold,2 strong conflict(s),LOW
A00503,B00557,2.376095541873531e-08,0.7,0,ML probability below threshold,2 strong conflict(s),LOW
A00234,B00331,1.0624439180844781e-07,0.7,0,ML probability below threshold,2 strong conflict(s),LOW
A00239,B00141,3.4872577968286804e-05,0.7,0,ML probability below threshold,2 strong conflict(s),LOW
A00868,B00628,0.06724065099568079,0.7,0,Geographic similarity without identity evidence,same city; same state; geographic-only evidence; 2 strong conflict(s),LOW
A00288,B00612,1.0340169086966624e-08,0.7,0,ML probability below threshold,1 strong conflict(s),LOW
A00805,B00167,2.466653475651094e-06,0.7,0,ML probability below threshold,2 strong conflict(s),LOW
A00248,B00607,1.1017687840831214e-08,0.7,0,Insufficient identity evidence,1 strong conflict(s),LOW
A00859,B00962,2.3048439052881183e-05,0.7,0,ML probability below threshold,2 strong conflict(s),LOW
A00078,B00958,0.36481561171779286,0.7,0,Geographic similarity without identity evidence,same city; same state; geographic-only evidence; 2 strong conflict(s),LOW
A00953,B00071,1.8899457058469802e-06,0.7,0,ML probability below threshold,1 strong conflict(s),LOW
A00854,B00760,3.8860490826869623e-10,0.7,0,ML probability below threshold,2 strong conflict(s),LOW
A00951,B00451,0.2989380664513114,0.7,0,Geographic similarity without identity evidence,same city; same state; geographic-only evidence; 2 strong conflict(s),LOW
A00965,B00205,0.05083876317919554,0.7,0,Geographic similarity without identity evidence,same city; same state; geographic-only evidence; 2 strong conflict(s),LOW
A00340,B00358,1.6925254021799133e-08,0.7,0,ML probability below threshold,2 strong conflict(s),LOW
A00887,B00870,4.9260933503722814e-05,0.7,0,ML probability below threshold,1 strong conflict(s),LOW
A00761,B00322,2.0908266769499022e-08,0.7,0,ML probability below threshold,2 strong conflict(s),LOW
A00737,B00877,0.09569429773412522,0.7,0,Geographic similarity without identity evidence,same city; same state; geographic-only evidence; 2 strong conflict(s),LOW
A00772,B00827,7.237667610917127e-08,0.7,0,ML probability below threshold,2 strong conflict(s),LOW
A00558,B00800,2.636832381049072e-10,0.7,0,ML probability below threshold,1 strong conflict(s),LOW
A00506,B00406,0.865352792238286,0.7,0,Geographic similarity without identity evidence,same city; same state; geographic-only evidence; 2 strong conflict(s),MEDIUM
A00111,B00062,1.1146144196542978e-08,0.7,0,ML probability below threshold,2 strong conflict(s),LOW
A00138,B00878,0.8289380371921892,0.7,0,Geographic similarity without identity evidence,same city; same state; geographic-only evidence; 2 strong conflict(s),MEDIUM
A00316,B00388,6.904579994703797e-08,0.7,0,ML probability below threshold,2 strong conflict(s),LOW
A00606,B00906,0.2536167146865408,0.7,0,Geographic similarity without identity evidence,same city; same state; geographic-only evidence; 1 strong conflict(s),LOW
A00807,B00987,0.7123178437742119,0.7,0,Geographic similarity without identity evidence,same city; same state; geographic-only evidence; 2 strong conflict(s),MEDIUM
A00168,B00182,4.674457712749298e-09,0.7,0,ML probability below threshold,2 strong conflict(s),LOW
A00825,B00309,1.7382491754898602e-05,0.7,0,Insufficient identity evidence,limited evidence,LOW
A00103,B00223,0.404837909448103,0.7,0,Geographic similarity without identity evidence,same city; same state; geographic-only evidence; 2 strong conflict(s),LOW
A00489,B00168,7.5364683746985e-08,0.7,0,Multiple conflicting identity signals,3 strong conflict(s),LOW
A00537,B00523,1.3445190212689006e-06,0.7,0,ML probability below threshold,2 strong conflict(s),LOW
A00463,B00063,0.4609104408202969,0.7,0,Geographic similarity without identity evidence,same city; same state; geographic-only evidence; 2 strong conflict(s),LOW
A00911,B00146,8.787884026475455e-06,0.7,0,ML probability below threshold,2 strong conflict(s),LOW
A00479,B00023,1.46024074485831e-09,0.7,0,ML probability below threshold,2 strong conflict(s),LOW
A00653,B00767,5.537376394014131e-07,0.7,0,ML probability below threshold,2 strong conflict(s),LOW
A00597,B00477,0.08654392451993934,0.7,0,Geographic similarity without identity evidence,same city; same state; geographic-only evidence,LOW
A00006,B00046,0.7118542461560353,0.7,0,Geographic similarity without identity evidence,same city; same state; geographic-only evidence; 2 strong conflict(s),MEDIUM
A00514,B00805,1.0398908557555273e-08,0.7,0,ML probability below threshold,1 strong conflict(s),LOW
A00353,B00625,3.144807334921816e-08,0.7,0,ML probability below threshold,2 strong conflict(s),LOW
A00916,B00756,0.744560257735835,0.7,0,Geographic similarity without identity evidence,same city; same state; geographic-only evidence; 1 strong conflict(s),MEDIUM
A00558,B00612,7.623957178335119e-07,0.7,0,ML probability below threshold,1 strong conflict(s),LOW
A00023,B00810,0.0013919681704674073,0.7,0,ML probability below threshold,same state; 1 strong conflict(s),LOW
A00580,B00292,7.749886956071759e-08,0.7,0,ML probability below threshold,2 strong conflict(s),LOW
A00412,B00972,0.012833649627411951,0.7,0,Geographic similarity without identity evidence,same city; same state; geographic-only evidence; 1 strong conflict(s),LOW
A00048,B00479,7.1666742781090325e-09,0.7,0,ML probability below threshold,2 strong conflict(s),LOW
A00587,B00827,0.08747258787877954,0.7,0,Geographic similarity without identity evidence,same city; same state; geographic-only evidence; 2 strong conflict(s),LOW
A00088,B00428,0.8702849519783357,0.7,0,Geographic similarity without identity evidence,same city; same state; geographic-only evidence; 2 strong conflict(s),MEDIUM
A00340,B00140,0.6010986672315846,0.7,0,Geographic similarity without identity evidence,same city; same state; geographic-only evidence; 2 strong conflict(s),LOW
A00256,B00057,2.2143138378448187e-09,0.7,0,Multiple conflicting identity signals,3 strong conflict(s),LOW
A00156,B00527,3.563796550685447e-07,0.7,0,ML probability below threshold,2 strong conflict(s),LOW
A00856,B00041,1.734481346356526e-07,0.7,0,Multiple conflicting identity signals,3 strong conflict(s),LOW
A00754,B00761,9.882350621676281e-09,0.7,0,ML probability below threshold,2 strong conflict(s),LOW
A00040,B00775,3.20866553304944e-08,0.7,0,ML probability below threshold,1 strong conflict(s),LOW
A00716,B00649,2.6882101553934926e-06,0.7,0,ML probability below threshold,1 strong conflict(s),LOW
A00164,B00629,6.117188274792477e-06,0.7,0,ML probability below threshold,2 strong conflict(s),LOW
A00630,B00810,0.0054052809088274605,0.7,0,Geographic similarity without identity evidence,same city; same state; geographic-only evidence; 1 strong conflict(s),LOW
A00367,B00222,5.234737013039268e-05,0.7,0,ML probability below threshold,2 strong conflict(s),LOW
A00711,B00624,2.1850445919132418e-08,0.7,0,ML probability below threshold,2 strong conflict(s),LOW
A00600,B00320,0.8716501506830927,0.7,0,Geographic similarity without identity evidence,same city; same state; geographic-only evidence; 2 strong conflict(s),MEDIUM
A00261,B00764,2.6499755479917226e-06,0.7,0,ML probability below threshold,1 strong conflict(s),LOW
A00664,B00724,0.29893049945377376,0.7,0,Geographic similarity without identity evidence,same city; same state; geographic-only evidence; 1 strong conflict(s),LOW
A00026,B00106,0.8656908520978961,0.7,0,Geographic similarity without identity evidence,same city; same state; geographic-only evidence; 1 strong conflict(s),MEDIUM
A00743,B00791,6.433040295185527e-08,0.7,0,Multiple conflicting identity signals,3 strong conflict(s),LOW
A00208,B00719,1.3328067882557687e-07,0.7,0,ML probability below threshold,2 strong conflict(s),LOW
A00223,B00003,0.4257911790981021,0.7,0,Geographic similarity without identity evidence,same city; same state; geographic-only evidence; 2 strong conflict(s),LOW
A00469,B00664,3.662964283569292e-07,0.7,0,ML probability below threshold,1 strong conflict(s),LOW
A00772,B00401,1.2158537116846787e-07,0.7,0,ML probability below threshold,2 strong conflict(s),LOW
A00483,B00823,0.6131567846101855,0.7,0,Geographic similarity without identity evidence,same city; same state; geographic-only evidence; 1 strong conflict(s),LOW
A00479,B00670,2.7226249047323166e-09,0.7,0,Multiple conflicting identity signals,3 strong conflict(s),LOW
A00802,B00356,8.185041139867329e-07,0.7,0,ML probability below threshold,2 strong conflict(s),LOW
A00585,B00598,3.798479348330843e-09,0.7,0,ML probability below threshold,2 strong conflict(s),LOW
A00691,B00811,0.21199164526371234,0.7,0,Geographic similarity without identity evidence,same city; same state; geographic-only evidence; 1 strong conflict(s),LOW
A00701,B00041,0.42486419716934565,0.7,0,Geographic similarity without identity evidence,same city; same state; geographic-only evidence; 2 strong conflict(s),LOW
A00994,B00734,0.22694495489657054,0.7,0,Geographic similarity without identity evidence,same city; same state; geographic-only evidence; 2 strong conflict(s),LOW
A00089,B00049,0.11019778198411234,0.7,0,Geographic similarity without identity evidence,same city; same state; geographic-only evidence; 2 strong conflict(s),LOW
A00713,B00493,0.16383830196651974,0.7,0,Geographic similarity without identity evidence,same city; same state; geographic-only evidence; 2 strong conflict(s),LOW
A00394,B00853,2.435671312652409e-08,0.7,0,ML probability below threshold,1 strong conflict(s),LOW
A00042,B00469,5.9042128871472184e-05,0.7,0,ML probability below threshold,2 strong conflict(s),LOW
A00846,B00990,0.0001880315568574998,0.7,0,Multiple conflicting identity signals,same state; 3 strong conflict(s),LOW
A00640,B00909,2.5876496837493003e-05,0.7,0,ML probability below threshold,2 strong conflict(s),LOW
A00801,B00261,0.38723285603103597,0.7,0,Geographic similarity without identity evidence,same city; same state; geographic-only evidence; 1 strong conflict(s),LOW
A00081,B00450,7.523416673869226e-06,0.7,0,ML probability below threshold,1 strong conflict(s),LOW
A00570,B00350,0.07218640190162968,0.7,0,Geographic similarity without identity evidence,same city; same state; geographic-only evidence; 2 strong conflict(s),LOW
A00599,B00945,4.199521574713662e-06,0.7,0,ML probability below threshold,2 strong conflict(s),LOW
A00978,B00523,1.1807803940990042e-09,0.7,0,ML probability below threshold,2 strong conflict(s),LOW
A00465,B00508,5.6908103665116155e-09,0.7,0,ML probability below threshold,2 strong conflict(s),LOW
A00835,B00268,1.609429225838618e-07,0.7,0,Multiple conflicting identity signals,3 strong conflict(s),LOW
A00229,B00929,0.32967152745349293,0.7,0,Geographic similarity without identity evidence,same city; same state; geographic-only evidence; 3 strong conflict(s),LOW
A00228,B00906,2.348924039272356e-06,0.7,0,ML probability below threshold,same state; 1 strong conflict(s),LOW
A00155,B00445,8.655673410782733e-08,0.7,0,ML probability below threshold,1 strong conflict(s),LOW
A00163,B00827,3.4134110924801663e-10,0.7,0,ML probability below threshold,2 strong conflict(s),LOW
A00407,B00670,9.506068918983202e-09,0.7,0,ML probability below threshold,2 strong conflict(s),LOW
A00960,B00831,2.144026708425148e-08,0.7,0,ML probability below threshold,1 strong conflict(s),LOW
A00111,B00218,2.6148536448440053e-08,0.7,0,ML probability below threshold,2 strong conflict(s),LOW
A00749,B00129,0.6226690275535796,0.7,0,Geographic similarity without identity evidence,same city; same state; geographic-only evidence; 1 strong conflict(s),LOW
A00875,B00407,4.484120249991193e-08,0.7,0,Multiple conflicting identity signals,3 strong conflict(s),LOW
A00811,B00291,0.29786705679805847,0.7,0,Geographic similarity without identity evidence,same city; same state; geographic-only evidence; 2 strong conflict(s),LOW
A00817,B00121,3.950215569320217e-06,0.7,0,ML probability below threshold,2 strong conflict(s),LOW
A00830,B00111,5.050617226673988e-08,0.7,0,ML probability below threshold,2 strong conflict(s),LOW
A00797,B00592,4.950482225900061e-06,0.7,0,ML probability below threshold,1 strong conflict(s),LOW
A00457,B00818,0.0009265005217307511,0.7,0,Multiple conflicting identity signals,3 strong conflict(s),LOW
A00515,B00444,4.4428628487869984e-07,0.7,0,ML probability below threshold,2 strong conflict(s),LOW
A00571,B00594,1.428313966249161e-05,0.7,0,Insufficient identity evidence,1 strong conflict(s),LOW
A00570,B00199,1.8609160243835602e-09,0.7,0,Multiple conflicting identity signals,3 strong conflict(s),LOW
A00871,B00571,0.3302397798139828,0.7,0,Geographic similarity without identity evidence,same city; same state; geographic-only evidence; 3 strong conflict(s),LOW
A00094,B00403,3.6406804873551e-06,0.7,0,ML probability below threshold,2 strong conflict(s),LOW
A00237,B00164,1.5172940001602617e-06,0.7,0,ML probability below threshold,2 strong conflict(s),LOW
A00367,B00389,0.00014883475053751054,0.7,0,ML probability below threshold,same state; 2 strong conflict(s),LOW
A00940,B00080,0.32374895461646597,0.7,0,Geographic similarity without identity evidence,same city; same state; geographic-only evidence; 1 strong conflict(s),LOW
A00750,B00301,4.659965077115999e-09,0.7,0,ML probability below threshold,1 strong conflict(s),LOW
A00731,B00291,0.021854362505758194,0.7,0,Geographic similarity without identity evidence,same city; same state; geographic-only evidence; 3 strong conflict(s),LOW
A00120,B00323,1.5993860500211264e-07,0.7,0,ML probability below threshold,2 strong conflict(s),LOW
A00448,B00288,0.5840194414839702,0.7,0,Geographic similarity without identity evidence,same city; same state; geographic-only evidence; 2 strong conflict(s),LOW
A00431,B00450,3.322948877222575e-05,0.7,0,ML probability below threshold,1 strong conflict(s),LOW
A00223,B00661,6.912293224913935e-10,0.7,0,ML probability below threshold,1 strong conflict(s),LOW
A00213,B00200,2.9656420591123113e-09,0.7,0,ML probability below threshold,2 strong conflict(s),LOW
A00347,B00587,0.27637788058981705,0.7,0,Geographic similarity without identity evidence,same city; same state; geographic-only evidence; 2 strong conflict(s),LOW
A00975,B00747,5.787050090593057e-08,0.7,0,ML probability below threshold,2 strong conflict(s),LOW
A00740,B00460,0.6486597158891662,0.7,0,Geographic similarity without identity evidence,same city; same state; geographic-only evidence; 1 strong conflict(s),LOW
A00674,B00495,8.799795080786238e-08,0.7,0,ML probability below threshold,2 strong conflict(s),LOW
A00198,B00545,5.28943269054435e-09,0.7,0,Multiple conflicting identity signals,3 strong conflict(s),LOW
A00105,B00525,0.08123578271600837,0.7,0,Geographic similarity without identity evidence,same city; same state; geographic-only evidence; 2 strong conflict(s),LOW
A00976,B00316,0.25217957504807326,0.7,0,Geographic similarity without identity evidence,same city; same state; geographic-only evidence; 2 strong conflict(s),LOW
A00641,B00061,0.1487452835782444,0.7,0,Geographic similarity without identity evidence,same city; same state; geographic-only evidence; 2 strong conflict(s),LOW
A00406,B00524,4.946073211268705e-06,0.7,0,ML probability below threshold,2 strong conflict(s),LOW
A00252,B00196,1.158220445595095e-05,0.7,0,ML probability below threshold,2 strong conflict(s),LOW
A00296,B00113,1.1950326282709954e-08,0.7,0,ML probability below threshold,limited evidence,LOW
A00323,B00343,0.284074862634363,0.7,0,Geographic similarity without identity evidence,same city; same state; geographic-only evidence; 2 strong conflict(s),LOW
A00849,B00844,8.418820008334593e-07,0.7,0,ML probability below threshold,2 strong conflict(s),LOW
A00211,B00368,2.003299352748218e-08,0.7,0,ML probability below threshold,2 strong conflict(s),LOW
A00895,B00298,4.57481201374661e-08,0.7,0,ML probability below threshold,2 strong conflict(s),LOW
A00142,B00584,5.408532672762236e-09,0.7,0,ML probability below threshold,2 strong conflict(s),LOW
A00249,B00722,4.792133519437508e-09,0.7,0,ML probability below threshold,2 strong conflict(s),LOW
A00352,B00392,0.9326798268403019,0.7,0,Geographic similarity without identity evidence,same city; same state; geographic-only evidence; 2 strong conflict(s),HIGH
A00605,B00648,2.5285452904929975e-08,0.7,0,ML probability below threshold,2 strong conflict(s),LOW
A00659,B00660,2.106995224648342e-06,0.7,0,Insufficient identity evidence,2 strong conflict(s),LOW
A00976,B00495,1.985933994144824e-08,0.7,0,ML probability below threshold,2 strong conflict(s),LOW
A00038,B00981,8.795109824230064e-07,0.7,0,ML probability below threshold,2 strong conflict(s),LOW
A00926,B00406,0.01060018997618646,0.7,0,Geographic similarity without identity evidence,same city; same state; geographic-only evidence; 2 strong conflict(s),LOW
A00601,B00319,1.1352077849475432e-08,0.7,0,ML probability below threshold,2 strong conflict(s),LOW
A00644,B00924,0.5134974197008589,0.7,0,Geographic similarity without identity evidence,same city; same state; geographic-only evidence; 1 strong conflict(s),LOW
A00762,B00188,3.44144055703382e-08,0.7,0,ML probability below threshold,2 strong conflict(s),LOW
A00941,B00307,4.070710370702642e-06,0.7,0,Insufficient identity evidence,same state,LOW
A00520,B00577,1.509107089231869e-07,0.7,0,ML probability below threshold,2 strong conflict(s),LOW
A00764,B00249,8.016773740879509e-06,0.7,0,ML probability below threshold,2 strong conflict(s),LOW
A00887,B00539,2.8045123623932994e-07,0.7,0,ML probability below threshold,1 strong conflict(s),LOW
A00672,B00732,0.02165592661043379,0.7,0,Geographic similarity without identity evidence,same city; same state; geographic-only evidence; 1 strong conflict(s),LOW
A00651,B00251,0.4010531425899194,0.7,0,Geographic similarity without identity evidence,same city; same state; geographic-only evidence; 2 strong conflict(s),LOW
A00376,B00306,2.4058155536948806e-08,0.7,0,ML probability below threshold,2 strong conflict(s),LOW
A00287,B00578,0.0009103579611344465,0.7,0,ML probability below threshold,2 strong conflict(s),LOW
A00244,B00484,0.10480045073911305,0.7,0,Geographic similarity without identity evidence,same city; same state; geographic-only evidence; 1 strong conflict(s),LOW
A00327,B00747,0.4493551336821183,0.7,0,Geographic similarity without identity evidence,same city; same state; geographic-only evidence; 2 strong conflict(s),LOW
A00380,B00804,1.4056431159728065e-07,0.7,0,ML probability below threshold,2 strong conflict(s),LOW
A00142,B00408,4.4736104953504826e-10,0.7,0,ML probability below threshold,2 strong conflict(s),LOW
A00153,B00993,0.0821215820890094,0.7,0,Geographic similarity without identity evidence,same city; same state; geographic-only evidence; 2 strong conflict(s),LOW
A00284,B00035,1.8788850258468202e-08,0.7,0,ML probability below threshold,1 strong conflict(s),LOW
A00966,B00604,2.2932344850822077e-08,0.7,0,ML probability below threshold,2 strong conflict(s),LOW
A00037,B00177,0.4492473191568931,0.7,0,Geographic similarity without identity evidence,same city; same state; geographic-only evidence; 2 strong conflict(s),LOW
A00885,B00124,0.003072218705379498,0.7,0,ML probability below threshold,2 strong conflict(s),LOW
A00854,B00083,8.361597574759741e-08,0.7,0,ML probability below threshold,2 strong conflict(s),LOW
A00621,B00057,2.2620370172055052e-08,0.7,0,ML probability below threshold,2 strong conflict(s),LOW
A00535,B00617,5.0440620516616174e-08,0.7,0,ML probability below threshold,2 strong conflict(s),LOW
A00040,B00180,0.9606469557582215,0.7,0,Geographic similarity without identity evidence,same city; same state; geographic-only evidence; 2 strong conflict(s),HIGH
A00020,B00986,2.6520729808486022e-08,0.7,0,ML probability below threshold,2 strong conflict(s),LOW
A00743,B00764,1.239108956687419e-08,0.7,0,ML probability below threshold,2 strong conflict(s),LOW
A00206,B00503,0.0318735622499643,0.7,0,ML probability below threshold,same state; 2 strong conflict(s),LOW
A00575,B00570,1.777455656011344e-05,0.7,0,ML probability below threshold,2 strong conflict(s),LOW
A00313,B00556,3.190733504024201e-09,0.7,0,ML probability below threshold,1 strong conflict(s),LOW
A00903,B00050,0.0015324593075029852,0.7,0,ML probability below threshold,same state; 2 strong conflict(s),LOW
A00432,B00099,3.0937045289333774e-06,0.7,0,ML probability below threshold,2 strong conflict(s),LOW
A00449,B00561,0.0009203588408959244,0.7,0,ML probability below threshold,same state; 2 strong conflict(s),LOW
A00921,B00986,1.6241883995888222e-09,0.7,0,Multiple conflicting identity signals,3 strong conflict(s),LOW
A00102,B00216,1.3783764303816116e-07,0.7,0,ML probability below threshold,2 strong conflict(s),LOW
A00367,B00201,2.8961123989238276e-05,0.7,0,ML probability below threshold,same state; 2 strong conflict(s),LOW
A00442,B00971,9.559704891123187e-09,0.7,0,ML probability below threshold,limited evidence,LOW
A00885,B00045,0.3070292712051619,0.7,0,Geographic similarity without identity evidence,same city; same state; geographic-only evidence; 2 strong conflict(s),LOW
A00594,B00498,3.193479479802506e-05,0.7,0,ML probability below threshold,1 strong conflict(s),LOW
A00765,B00018,7.380957924085553e-05,0.7,0,ML probability below threshold,2 strong conflict(s),LOW
A00270,B00959,2.6449584662859405e-10,0.7,0,Multiple conflicting identity signals,3 strong conflict(s),LOW
A00010,B00411,4.118355464545916e-07,0.7,0,ML probability below threshold,2 strong conflict(s),LOW
A00753,B00673,0.6333387141376727,0.7,0,Geographic similarity without identity evidence,same city; same state; geographic-only evidence; 2 strong conflict(s),LOW
A00558,B00736,5.835565102924508e-09,0.7,0,Multiple conflicting identity signals,3 strong conflict(s),LOW
A00487,B00996,5.195388702508248e-07,0.7,0,Multiple conflicting identity signals,3 strong conflict(s),LOW
A00520,B00584,2.503872964120826e-09,0.7,0,ML probability below threshold,2 strong conflict(s),LOW
A00474,B00793,0.020779795687413546,0.7,0,ML probability below threshold,2 strong conflict(s),LOW
A00880,B00260,0.017552177081572834,0.7,0,Geographic similarity without identity evidence,same city; same state; geographic-only evidence; 1 strong conflict(s),LOW
A00000,B00253,0.16772820895874127,0.7,0,ML probability below threshold,2 strong conflict(s),LOW
A00841,B00913,3.3911474655788774e-08,0.7,0,Multiple conflicting identity signals,3 strong conflict(s),LOW
A00468,B00707,4.2759432867544535e-09,0.7,0,ML probability below threshold,2 strong conflict(s),LOW
A00189,B00089,0.2111254806581518,0.7,0,Geographic similarity without identity evidence,same city; same state; geographic-only evidence; 3 strong conflict(s),LOW
A00963,B00545,2.034168242575362e-09,0.7,0,ML probability below threshold,2 strong conflict(s),LOW
A00142,B00167,6.803122365632345e-08,0.7,0,ML probability below threshold,1 strong conflict(s),LOW
A00109,B00723,2.3364470387571597e-06,0.7,0,ML probability below threshold,2 strong conflict(s),LOW
A00241,B00350,7.352020452606785e-10,0.7,0,ML probability below threshold,2 strong conflict(s),LOW
A00344,B00244,0.7899462667310149,0.7,0,Geographic similarity without identity evidence,same city; same state; geographic-only evidence; 2 strong conflict(s),MEDIUM
A00252,B00784,6.110119994148106e-08,0.7,0,ML probability below threshold,2 strong conflict(s),LOW
A00343,B00859,8.216642021808948e-10,0.7,0,ML probability below threshold,2 strong conflict(s),LOW
A00328,B00266,0.000568765546694724,0.7,0,ML probability below threshold,same state; 2 strong conflict(s),LOW
A00553,B00754,1.4764353620986213e-08,0.7,0,ML probability below threshold,2 strong conflict(s),LOW
A00869,B00380,6.234698812908221e-10,0.7,0,Multiple conflicting identity signals,3 strong conflict(s),LOW
A00826,B00067,2.1056043126264092e-08,0.7,0,ML probability below threshold,1 strong conflict(s),LOW
A00549,B00425,2.3567751243490746e-06,0.7,0,ML probability below threshold,2 strong conflict(s),LOW
A00512,B00712,0.8409601953188195,0.7,0,Geographic similarity without identity evidence,same city; same state; geographic-only evidence; 1 strong conflict(s),MEDIUM
A00353,B00773,0.33108501937191026,0.7,0,Geographic similarity without identity evidence,same city; same state; geographic-only evidence; 2 strong conflict(s),LOW
A00359,B00059,0.03604167566450005,0.7,0,Geographic similarity without identity evidence,same city; same state; geographic-only evidence; 2 strong conflict(s),LOW
A00564,B00032,5.8134663381637364e-08,0.7,0,Multiple conflicting identity signals,3 strong conflict(s),LOW
A00352,B00871,2.2375908353716692e-05,0.7,0,ML probability below threshold,2 strong conflict(s),LOW
A00615,B00693,1.530617858597461e-07,0.7,0,ML probability below threshold,1 strong conflict(s),LOW
A00610,B00070,0.11145584183870398,0.7,0,Geographic similarity without identity evidence,same city; same state; geographic-only evidence; 1 strong conflict(s),LOW
A00565,B00295,4.871148924372246e-08,0.7,0,ML probability below threshold,1 strong conflict(s),LOW
A00878,B00941,1.5767691605203798e-09,0.7,0,ML probability below threshold,2 strong conflict(s),LOW
A00873,B00823,7.426924635064335e-08,0.7,0,Insufficient identity evidence,1 strong conflict(s),LOW
A00538,B00638,0.7379886909409443,0.7,0,Geographic similarity without identity evidence,same city; same state; geographic-only evidence; 2 strong conflict(s),MEDIUM
A00949,B00201,8.163465078455828e-07,0.7,0,ML probability below threshold,same state; 1 strong conflict(s),LOW
A00534,B00223,5.453405457709806e-06,0.7,0,ML probability below threshold,2 strong conflict(s),LOW
A00859,B00688,1.3654796494623663e-06,0.7,0,ML probability below threshold,2 strong conflict(s),LOW
A00324,B00404,0.9201380134324896,0.7,0,Geographic similarity without identity evidence,same city; same state; geographic-only evidence; 1 strong conflict(s),HIGH
A00958,B00003,7.609792382491606e-09,0.7,0,ML probability below threshold,1 strong conflict(s),LOW
A00235,B00264,1.3818010792912897e-07,0.7,0,ML probability below threshold,2 strong conflict(s),LOW
A00656,B00567,1.751061792983502e-08,0.7,0,ML probability below threshold,2 strong conflict(s),LOW
A00801,B00419,5.034077432761047e-08,0.7,0,ML probability below threshold,2 strong conflict(s),LOW
A00813,B00262,1.1692260865526852e-09,0.7,0,ML probability below threshold,2 strong conflict(s),LOW
A00756,B00416,0.4661293547010699,0.7,0,Geographic similarity without identity evidence,same city; same state; geographic-only evidence; 2 strong conflict(s),LOW
A00072,B00659,0.0004458941722969185,0.7,0,ML probability below threshold,2 strong conflict(s),LOW
A00555,B00255,0.5354023482108741,0.7,0,Geographic similarity without identity evidence,same city; same state; geographic-only evidence; 1 strong conflict(s),LOW
A00299,B00684,2.0606050710389012e-05,0.7,0,ML probability below threshold,2 strong conflict(s),LOW
A00485,B00385,0.2809419911066037,0.7,0,Geographic similarity without identity evidence,same city; same state; geographic-only evidence; 2 strong conflict(s),LOW
A00406,B00816,1.2400156824845662e-07,0.7,0,ML probability below threshold,2 strong conflict(s),LOW
A00221,B00399,3.666385944720962e-07,0.7,0,ML probability below threshold,2 strong conflict(s),LOW
A00894,B00199,7.984495525249104e-09,0.7,0,ML probability below threshold,2 strong conflict(s),LOW
A00267,B00887,0.5070846310092985,0.7,0,Geographic similarity without identity evidence,same city; same state; geographic-only evidence; 2 strong conflict(s),LOW
A00258,B00042,6.566176792001787e-09,0.7,0,Multiple conflicting identity signals,3 strong conflict(s),LOW
A00889,B00632,3.3951743654725654e-06,0.7,0,ML probability below threshold,2 strong conflict(s),LOW
A00658,B00765,6.791375284395453e-09,0.7,0,ML probability below threshold,2 strong conflict(s),LOW
A00058,B00287,4.346569785807847e-06,0.7,0,Insufficient identity evidence,1 strong conflict(s),LOW
A00054,B00214,0.1036924897132573,0.7,0,Geographic similarity without identity evidence,same city; same state; geographic-only evidence; 2 strong conflict(s),LOW
A00922,B00211,1.603792450936273e-07,0.7,0,ML probability below threshold,1 strong conflict(s),LOW
A00136,B00453,9.166838036419576e-10,0.7,0,Multiple conflicting identity signals,3 strong conflict(s),LOW
A00212,B00092,0.1850259494332265,0.7,0,Geographic similarity without identity evidence,same city; same state; geographic-only evidence; 2 strong conflict(s),LOW
A00213,B00332,1.2259350291568689e-08,0.7,0,ML probability below threshold,2 strong conflict(s),LOW
A00734,B00623,1.1880600502637985e-06,0.7,0,ML probability below threshold,1 strong conflict(s),LOW
A00596,B00456,0.05531630439243559,0.7,0,Geographic similarity without identity evidence,same city; same state; geographic-only evidence; 2 strong conflict(s),LOW
A00559,B00568,8.225195851935092e-07,0.7,0,ML probability below threshold,1 strong conflict(s),LOW
A00396,B00444,3.815895642391956e-08,0.7,0,ML probability below threshold,2 strong conflict(s),LOW
A00511,B00667,8.923803510276061e-07,0.7,0,ML probability below threshold,2 strong conflict(s),LOW
A00791,B00436,3.2363740959915355e-07,0.7,0,Multiple conflicting identity signals,same state; 3 strong conflict(s),LOW
A00417,B00057,0.02053248522377473,0.7,0,Geographic similarity without identity evidence,same city; same state; geographic-only evidence; 2 strong conflict(s),LOW
A00556,B00922,0.00011535721040809758,0.7,0,ML probability below threshold,2 strong conflict(s),LOW
A00930,B00155,0.00034950047509704855,0.7,0,ML probability below threshold,1 strong conflict(s),LOW
A00569,B00475,1.180314817097954e-08,0.7,0,ML probability below threshold,2 strong conflict(s),LOW
A00050,B00427,0.00013862679534507112,0.7,0,ML probability below threshold,2 strong conflict(s),LOW
A00595,B00824,5.7712057453484866e-09,0.7,0,ML probability below threshold,2 strong conflict(s),LOW
A00497,B00085,0.03489048032529407,0.7,0,ML probability below threshold,2 strong conflict(s),LOW
A00802,B00550,0.008038156676866953,0.7,0,ML probability below threshold,1 strong conflict(s),LOW
A00287,B00204,2.1450376946309844e-07,0.7,0,ML probability below threshold,2 strong conflict(s),LOW
A00040,B00820,0.3138311007898784,0.7,0,Geographic similarity without identity evidence,same city; same state; geographic-only evidence; 1 strong conflict(s),LOW
A00829,B00251,1.0215666640910999e-07,0.7,0,ML probability below threshold,2 strong conflict(s),LOW
A00423,B00495,8.568827944490149e-10,0.7,0,Multiple conflicting identity signals,3 strong conflict(s),LOW
A00434,B00067,6.673169981158259e-10,0.7,0,ML probability below threshold,1 strong conflict(s),LOW
A00042,B00618,0.03454597158293487,0.7,0,ML probability below threshold,1 strong conflict(s),LOW
A00307,B00267,0.17002064347622234,0.7,0,Geographic similarity without identity evidence,same city; same state; geographic-only evidence; 2 strong conflict(s),LOW
A00626,B00879,4.079510085686207e-08,0.7,0,ML probability below threshold,2 strong conflict(s),LOW
A00925,B00205,0.2909516769095398,0.7,0,Geographic similarity without identity evidence,same city; same state; geographic-only evidence; 2 strong conflict(s),LOW
A00682,B00575,2.2878446050189755e-09,0.7,0,ML probability below threshold,2 strong conflict(s),LOW
A00346,B00446,0.15380922870344052,0.7,0,Geographic similarity without identity evidence,same city; same state; geographic-only evidence; 2 strong conflict(s),LOW
A00932,B00362,0.0001095002308395491,0.7,0,ML probability below threshold,limited evidence,LOW
A00605,B00149,2.008579505926951e-05,0.7,0,Insufficient identity evidence,2 strong conflict(s),LOW
A00439,B00345,0.00023530981321593253,0.7,0,Multiple conflicting identity signals,3 strong conflict(s),LOW
A00199,B00739,0.32426976434251525,0.7,0,Geographic similarity without identity evidence,same city; same state; geographic-only evidence; 1 strong conflict(s),LOW
A00362,B00747,5.0071509869326704e-09,0.7,0,Multiple conflicting identity signals,3 strong conflict(s),LOW
A00304,B00655,3.1278088526579445e-07,0.7,0,ML probability below threshold,2 strong conflict(s),LOW
A00312,B00921,0.00010573459541462424,0.7,0,Insufficient identity evidence,1 strong conflict(s),LOW
A00558,B00897,2.2182331724083367e-09,0.7,0,ML probability below threshold,1 strong conflict(s),LOW
A00301,B00236,1.9921285939446447e-08,0.7,0,ML probability below threshold,1 strong conflict(s),LOW
A00387,B00501,0.00031041648268106535,0.7,0,ML probability below threshold,same state; 2 strong conflict(s),LOW
A00616,B00286,2.9778333697076793e-08,0.7,0,ML probability below threshold,2 strong conflict(s),LOW
A00525,B00535,5.162034571451539e-09,0.7,0,ML probability below threshold,1 strong conflict(s),LOW
A00970,B00810,0.49685059590612984,0.7,0,Geographic similarity without identity evidence,same city; same state; geographic-only evidence; 1 strong conflict(s),LOW
A00533,B00853,0.27834642231838,0.7,0,Geographic similarity without identity evidence,same city; same state; geographic-only evidence; 1 strong conflict(s),LOW
A00459,B00419,0.32953232901359014,0.7,0,Geographic similarity without identity evidence,same city; same state; geographic-only evidence; 3 strong conflict(s),LOW
A00094,B00072,3.1093402528160125e-05,0.7,0,ML probability below threshold,2 strong conflict(s),LOW
A00255,B00415,0.466399213009585,0.7,0,Geographic similarity without identity evidence,same city; same state; geographic-only evidence; 2 strong conflict(s),LOW
A00195,B00129,2.6025144833081813e-05,0.7,0,ML probability below threshold,1 strong conflict(s),LOW
A00803,B00965,2.4688813766068254e-08,0.7,0,ML probability below threshold,2 strong conflict(s),LOW
A00013,B00933,0.423689346751257,0.7,0,Geographic similarity without identity evidence,same city; same state; geographic-only evidence; 1 strong conflict(s),LOW
A00351,B00471,0.557635694506316,0.7,0,Geographic similarity without identity evidence,same city; same state; geographic-only evidence; 1 strong conflict(s),LOW
A00749,B00255,5.687604660515214e-08,0.7,0,ML probability below threshold,1 strong conflict(s),LOW
A00254,B00982,3.365657082917848e-09,0.7,0,ML probability below threshold,2 strong conflict(s),LOW
A00051,B00621,0.0002700673546402396,0.7,0,ML probability below threshold,2 strong conflict(s),LOW
A00241,B00931,6.908407195748476e-08,0.7,0,ML probability below threshold,2 strong conflict(s),LOW
A00451,B00863,2.037441619280785e-09,0.7,0,ML probability below threshold,2 strong conflict(s),LOW
A00768,B00628,0.04427424248836471,0.7,0,Geographic similarity without identity evidence,same city; same state; geographic-only evidence; 1 strong conflict(s),LOW
A00498,B00810,8.962408386768702e-09,0.7,0,ML probability below threshold,1 strong conflict(s),LOW
A00785,B00080,3.4027383054007533e-09,0.7,0,ML probability below threshold,2 strong conflict(s),LOW
A00298,B00698,0.6660363882835575,0.7,0,Geographic similarity without identity evidence,same city; same state; geographic-only evidence; 2 strong conflict(s),LOW
A00294,B00210,4.280051960262587e-05,0.7,0,ML probability below threshold,1 strong conflict(s),LOW
A00136,B00916,0.05004179534526547,0.7,0,Geographic similarity without identity evidence,same city; same state; geographic-only evidence; 3 strong conflict(s),LOW
A00249,B00536,6.5777352355679005e-09,0.7,0,Multiple conflicting identity signals,3 strong conflict(s),LOW
A00232,B00382,1.2172353583443006e-08,0.7,0,ML probability below threshold,2 strong conflict(s),LOW
A00620,B00160,0.7227671349645947,0.7,0,Geographic similarity without identity evidence,same city; same state; geographic-only evidence; 2 strong conflict(s),MEDIUM
A00700,B00560,0.9642843611852766,0.7,0,Geographic similarity without identity evidence,same city; same state; geographic-only evidence; 2 strong conflict(s),HIGH
A00923,B00063,0.10974903926893127,0.7,0,Geographic similarity without identity evidence,same city; same state; geographic-only evidence; 2 strong conflict(s),LOW
A00313,B00322,4.506321860981774e-09,0.7,0,ML probability below threshold,2 strong conflict(s),LOW
A00066,B00618,0.37496164631827594,0.7,0,ML probability below threshold,1 strong conflict(s),LOW
A00522,B00202,0.9377251777189572,0.7,0,Geographic similarity without identity evidence,same city; same state; geographic-only evidence; 1 strong conflict(s),HIGH
A00328,B00288,0.1851275446469451,0.7,0,Geographic similarity without identity evidence,same city; same state; geographic-only evidence; 2 strong conflict(s),LOW
A00390,B00780,1.2909963113316317e-08,0.7,0,ML probability below threshold,2 strong conflict(s),LOW
A00734,B00336,4.828309172198435e-10,0.7,0,Multiple conflicting identity signals,3 strong conflict(s),LOW
A00881,B00660,1.051766262353887e-07,0.7,0,ML probability below threshold,2 strong conflict(s),LOW
A00827,B00087,0.9769648423871524,0.7,0,Geographic similarity without identity evidence,same city; same state; geographic-only evidence; 2 strong conflict(s),HIGH
A00213,B00878,1.3099401124871721e-05,0.7,0,Multiple conflicting identity signals,3 strong conflict(s),LOW
A00284,B00112,1.2317915380917332e-07,0.7,0,ML probability below threshold,limited evidence,LOW
A00974,B00564,1.1160303242867827e-08,0.7,0,Multiple conflicting identity signals,3 strong conflict(s),LOW
A00580,B00708,3.2887224463469373e-09,0.7,0,ML probability below threshold,1 strong conflict(s),LOW
A00974,B00201,2.866272494569033e-09,0.7,0,Multiple conflicting identity signals,3 strong conflict(s),LOW
A00247,B00447,0.9027518006519208,0.7,0,Geographic similarity without identity evidence,same city; same state; geographic-only evidence; 1 strong conflict(s),HIGH
A00042,B00708,1.9116614935520432e-09,0.7,0,ML probability below threshold,1 strong conflict(s),LOW
A00250,B00274,1.66858227575298e-05,0.7,0,Multiple conflicting identity signals,3 strong conflict(s),LOW
A00988,B00608,0.060877106583634134,0.7,0,Geographic similarity without identity evidence,same city; same state; geographic-only evidence; 3 strong conflict(s),LOW
A00926,B00222,1.5228947781603172e-05,0.7,0,Multiple conflicting identity signals,3 strong conflict(s),LOW
A00292,B00212,0.21212359744583367,0.7,0,Geographic similarity without identity evidence,same city; same state; geographic-only evidence; 1 strong conflict(s),LOW
A00559,B00144,3.123201528505417e-07,0.7,0,ML probability below threshold,1 strong conflict(s),LOW
A00915,B00295,0.1762478593807123,0.7,0,Geographic similarity without identity evidence,same city; same state; geographic-only evidence; 1 strong conflict(s),LOW
A00273,B00024,1.691632921615855e-08,0.7,0,ML probability below threshold,2 strong conflict(s),LOW
A00393,B00033,0.019495398940245816,0.7,0,Geographic similarity without identity evidence,same city; same state; geographic-only evidence; 3 strong conflict(s),LOW
A00351,B00863,7.63415424197292e-10,0.7,0,ML probability below threshold,2 strong conflict(s),LOW
A00995,B00489,0.001898264946715504,0.7,0,ML probability below threshold,2 strong conflict(s),LOW
A00192,B00725,9.258770219357933e-08,0.7,0,ML probability below threshold,1 strong conflict(s),LOW
A00672,B00738,0.00029138877037917864,0.7,0,ML probability below threshold,1 strong conflict(s),LOW
A00624,B00209,3.565042216927643e-07,0.7,0,ML probability below threshold,limited evidence,LOW
A00164,B00850,2.356518101254028e-08,0.7,0,Multiple conflicting identity signals,3 strong conflict(s),LOW
A00859,B00741,2.27603571644559e-07,0.7,0,ML probability below threshold,2 strong conflict(s),LOW
A00362,B00522,0.2984514294527877,0.7,0,Geographic similarity without identity evidence,same city; same state; geographic-only evidence; 3 strong conflict(s),LOW
A00272,B00461,7.139727630303468e-07,0.7,0,ML probability below threshold,2 strong conflict(s),LOW
A00805,B00125,0.3465528999705081,0.7,0,Geographic similarity without identity evidence,same city; same state; geographic-only evidence; 3 strong conflict(s),LOW
A00527,B00400,1.4058615944960046e-08,0.7,0,ML probability below threshold,2 strong conflict(s),LOW
A00627,B00536,4.6114193957533104e-07,0.7,0,ML probability below threshold,2 strong conflict(s),LOW
A00140,B00514,2.251748923794426e-09,0.7,0,ML probability below threshold,2 strong conflict(s),LOW
A00339,B00162,7.667404467649484e-07,0.7,0,ML probability below threshold,2 strong conflict(s),LOW
A00319,B00235,2.499409891665975e-08,0.7,0,Multiple conflicting identity signals,3 strong conflict(s),LOW
A00356,B00845,1.0774368415278515e-05,0.7,0,Multiple conflicting identity signals,3 strong conflict(s),LOW
A00157,B00004,0.0028805650325503538,0.7,0,ML probability below threshold,2 strong conflict(s),LOW
A00888,B00567,6.882544153032391e-08,0.7,0,ML probability below threshold,2 strong conflict(s),LOW
A00724,B00258,1.5798937999923156e-08,0.7,0,ML probability below threshold,2 strong conflict(s),LOW
A00684,B00044,0.11181622252793036,0.7,0,Geographic similarity without identity evidence,same city; same state; geographic-only evidence; 2 strong conflict(s),LOW
A00615,B00803,7.198862978065343e-09,0.7,0,Multiple conflicting identity signals,3 strong conflict(s),LOW
A00384,B00044,0.3678453495223192,0.7,0,Geographic similarity without identity evidence,same city; same state; geographic-only evidence; 2 strong conflict(s),LOW
A00260,B00905,6.7774907255295e-08,0.7,0,ML probability below threshold,1 strong conflict(s),LOW
A00095,B00471,0.00014115314308038715,0.7,0,ML probability below threshold,1 strong conflict(s),LOW
A00315,B00436,5.905274130834262e-07,0.7,0,ML probability below threshold,2 strong conflict(s),LOW
A00014,B00070,1.9333044809861455e-07,0.7,0,ML probability below threshold,1 strong conflict(s),LOW
A00381,B00030,4.233918601234882e-09,0.7,0,ML probability below threshold,1 strong conflict(s),LOW
A00309,B00449,0.6589712570741745,0.7,0,Geographic similarity without identity evidence,same city; same state; geographic-only evidence; 2 strong conflict(s),LOW
A00421,B00387,0.000523366944519961,0.7,0,ML probability below threshold,same state; 2 strong conflict(s),LOW
A00988,B00882,2.3041334808540646e-06,0.7,0,ML probability below threshold,2 strong conflict(s),LOW
A00939,B00779,0.10790892099278535,0.7,0,Geographic similarity without identity evidence,same city; same state; geographic-only evidence; 1 strong conflict(s),LOW
